{
  "id": "GHSA-38r5-34mr-mvm7",
  "summary": "\"catalog's registry v2 api exposed on unauthenticated path in Harbor\"",
  "details": "### **Impact**\nJavier Provecho, member of the TCCT (Telefonica Cloud & Cybersecurity Tech better known as ElevenPaths) SRE team discovered a vulnerability regarding Harbor\u2019s v2 API.\n\nThe catalog\u2019s registry v2 api is exposed on an unauthenticated path. The current catalog API path is served at the following path and it requires to be authenticated as an admin.\n\n\"GET /v2/_catalog\"\n\nHowever, the authorization can be bypassed by using the following path\n\n\"GET /v2/_catalog/\"\n\n### **Patches**\nIf your product uses the affected releases of Harbor, update to either version v2.1.2 or v2.0.5 to fix this issue immediately\n\nhttps://github.com/goharbor/harbor/releases/tag/v2.1.2\nhttps://github.com/goharbor/harbor/releases/tag/v2.0.5\n\n### **Workarounds**\nIf you cannot access a patched release, it can be mitigated by disabling that API. For example, redirecting it to a 404 sink hole in the ingress.\n\n### **For more information**\nIf you have any questions or comments about this advisory, contact cncf-harbor-security@lists.cncf.io\nView our security policy at https://github.com/goharbor/harbor/security/policy\nhttps://cve.mitre.org/cgi-bin/cvename.cgi?name=CVE-2020-29662",
  "aliases": [
    "CVE-2020-29662"
  ],
  "modified": "2022-02-12T00:01:51Z",
  "published": "2022-02-12T00:01:51Z",
  "database_specific": {
    "cwe_ids": [
      "CWE-287",
      "CWE-319"
    ],
    "github_reviewed": true,
    "severity": "MODERATE"
  },
  "references": [
    {
      "type": "WEB",
      "url": "https://github.com/goharbor/harbor/security/advisories/GHSA-38r5-34mr-mvm7"
    },
    {
      "type": "ADVISORY",
      "url": "https://nvd.nist.gov/vuln/detail/CVE-2020-29662"
    },
    {
      "type": "WEB",
      "url": "https://github.com/goharbor/harbor/pull/13676"
    },
    {
      "type": "WEB",
      "url": "https://github.com/goharbor/harbor/commit/3481722f140e1fdf6e6d290b0cd5c86e509feed4"
    },
    {
      "type": "WEB",
      "url": "https://github.com/goharbor/harbor/commit/c7c409a8e5a8b3fd42841dda84759c9d77977853"
    },
    {
      "type": "WEB",
      "url": "https://github.com/goharbor/harbor/releases/tag/v2.0.5"
    },
    {
      "type": "WEB",
      "url": "https://github.com/goharbor/harbor/releases/tag/v2.1.2"
    }
  ],
  "affected": [
    {
      "package": {
        "name": "github.com/goharbor/harbor",
        "ecosystem": "Go",
        "purl": "pkg:golang/github.com/goharbor/harbor"
      },
      "ranges": [
        {
          "type": "SEMVER",
          "events": [
            {
              "introduced": "0"
            },
            {
              "fixed": "2.0.5"
            }
          ]
        }
      ],
      "database_specific": {
        "source": "https://github.com/github/advisory-database/blob/main/advisories/github-reviewed/2022/02/GHSA-38r5-34mr-mvm7/GHSA-38r5-34mr-mvm7.json"
      }
    },
    {
      "package": {
        "name": "github.com/goharbor/harbor",
        "ecosystem": "Go",
        "purl": "pkg:golang/github.com/goharbor/harbor"
      },
      "ranges": [
        {
          "type": "SEMVER",
          "events": [
            {
              "introduced": "2.1.0"
            },
            {
              "fixed": "2.1.2"
            }
          ]
        }
      ],
      "database_specific": {
        "source": "https://github.com/github/advisory-database/blob/main/advisories/github-reviewed/2022/02/GHSA-38r5-34mr-mvm7/GHSA-38r5-34mr-mvm7.json"
      }
    }
  ],
  "schema_version": "1.2.0",
  "severity": [
    {
      "type": "CVSS_V3",
      "score": "CVSS:3.1/AV:N/AC:L/PR:N/UI:N/S:U/C:L/I:N/A:N"
    }
  ]
}