{
  "id": "GHSA-pmqp-h87c-mr78",
  "summary": "XML Entity Expansion and Improper Input Validation in Kubernetes API server",
  "details": "Improper input validation in the Kubernetes API server in versions v1.0-1.12 and versions prior to v1.13.12, v1.14.8, v1.15.5, and v1.16.2 allows authorized users to send malicious YAML or JSON payloads, causing the API server to consume excessive CPU or memory, potentially crashing and becoming unavailable. Prior to v1.14.0, default RBAC policy authorized anonymous users to submit requests that could trigger this vulnerability. Clusters upgraded from a version prior to v1.14.0 keep the more permissive policy by default for backwards compatibility.",
  "aliases": [
    "CVE-2019-11253"
  ],
  "modified": "2021-05-17T21:06:33Z",
  "published": "2021-05-18T15:38:48Z",
  "database_specific": {
    "cwe_ids": [
      "CWE-20",
      "CWE-776"
    ],
    "severity": "HIGH",
    "github_reviewed": true
  },
  "references": [
    {
      "type": "ADVISORY",
      "url": "https://nvd.nist.gov/vuln/detail/CVE-2019-11253"
    },
    {
      "type": "WEB",
      "url": "https://github.com/kubernetes/kubernetes/issues/83253"
    },
    {
      "type": "WEB",
      "url": "https://github.com/kubernetes/kubernetes/pull/83261"
    },
    {
      "type": "WEB",
      "url": "https://access.redhat.com/errata/RHSA-2019:3239"
    },
    {
      "type": "WEB",
      "url": "https://access.redhat.com/errata/RHSA-2019:3811"
    },
    {
      "type": "WEB",
      "url": "https://access.redhat.com/errata/RHSA-2019:3905"
    },
    {
      "type": "WEB",
      "url": "https://gist.github.com/bgeesaman/0e0349e94cd22c48bf14d8a9b7d6b8f2"
    },
    {
      "type": "WEB",
      "url": "https://groups.google.com/forum/#!topic/kubernetes-security-announce/jk8polzSUxs"
    },
    {
      "type": "WEB",
      "url": "https://security.netapp.com/advisory/ntap-20191031-0006/"
    }
  ],
  "affected": [
    {
      "package": {
        "name": "k8s.io/kubernetes/pkg/apiserver",
        "ecosystem": "Go",
        "purl": "pkg:golang/k8s.io/kubernetes/pkg/apiserver"
      },
      "ranges": [
        {
          "type": "SEMVER",
          "events": [
            {
              "introduced": "1.0.0"
            },
            {
              "fixed": "1.13.12"
            }
          ]
        }
      ],
      "database_specific": {
        "source": "https://github.com/github/advisory-database/blob/main/advisories/github-reviewed/2021/05/GHSA-pmqp-h87c-mr78/GHSA-pmqp-h87c-mr78.json"
      }
    },
    {
      "package": {
        "name": "k8s.io/kubernetes/pkg/apiserver",
        "ecosystem": "Go",
        "purl": "pkg:golang/k8s.io/kubernetes/pkg/apiserver"
      },
      "ranges": [
        {
          "type": "SEMVER",
          "events": [
            {
              "introduced": "1.14.0"
            },
            {
              "fixed": "1.14.8"
            }
          ]
        }
      ],
      "database_specific": {
        "source": "https://github.com/github/advisory-database/blob/main/advisories/github-reviewed/2021/05/GHSA-pmqp-h87c-mr78/GHSA-pmqp-h87c-mr78.json"
      }
    },
    {
      "package": {
        "name": "k8s.io/kubernetes/pkg/apiserver",
        "ecosystem": "Go",
        "purl": "pkg:golang/k8s.io/kubernetes/pkg/apiserver"
      },
      "ranges": [
        {
          "type": "SEMVER",
          "events": [
            {
              "introduced": "1.15.0"
            },
            {
              "fixed": "1.15.5"
            }
          ]
        }
      ],
      "database_specific": {
        "source": "https://github.com/github/advisory-database/blob/main/advisories/github-reviewed/2021/05/GHSA-pmqp-h87c-mr78/GHSA-pmqp-h87c-mr78.json"
      }
    },
    {
      "package": {
        "name": "k8s.io/kubernetes/pkg/apiserver",
        "ecosystem": "Go",
        "purl": "pkg:golang/k8s.io/kubernetes/pkg/apiserver"
      },
      "ranges": [
        {
          "type": "SEMVER",
          "events": [
            {
              "introduced": "1.16.0"
            },
            {
              "fixed": "1.16.2"
            }
          ]
        }
      ],
      "database_specific": {
        "source": "https://github.com/github/advisory-database/blob/main/advisories/github-reviewed/2021/05/GHSA-pmqp-h87c-mr78/GHSA-pmqp-h87c-mr78.json"
      }
    }
  ],
  "schema_version": "1.2.0",
  "severity": [
    {
      "type": "CVSS_V3",
      "score": "CVSS:3.1/AV:N/AC:L/PR:N/UI:N/S:U/C:N/I:N/A:H"
    }
  ]
}