{
  "id": "GHSA-733f-44f3-3frw",
  "summary": "Open redirect",
  "details": "macaron before 1.3.7 has an open redirect in the static handler, as demonstrated by the http://127.0.0.1:4000//example.com/ URL.",
  "aliases": [
    "CVE-2020-12666"
  ],
  "modified": "2021-05-18T20:50:16Z",
  "published": "2021-05-18T21:08:35Z",
  "database_specific": {
    "cwe_ids": [
      "CWE-601"
    ],
    "severity": "MODERATE",
    "github_reviewed": true
  },
  "references": [
    {
      "type": "ADVISORY",
      "url": "https://nvd.nist.gov/vuln/detail/CVE-2020-12666"
    },
    {
      "type": "WEB",
      "url": "https://github.com/go-macaron/macaron/issues/198"
    },
    {
      "type": "WEB",
      "url": "https://github.com/go-macaron/macaron/issues/198#issuecomment-622885959"
    },
    {
      "type": "WEB",
      "url": "https://github.com/go-macaron/macaron/pull/199/commits/6bd9385542f7133467ab7d09a5f28f7d5dc52af7"
    },
    {
      "type": "WEB",
      "url": "https://github.com/go-macaron/macaron/releases/tag/v1.3.7"
    },
    {
      "type": "WEB",
      "url": "https://lists.fedoraproject.org/archives/list/package-announce@lists.fedoraproject.org/message/3QEUOHRC4EN4WZ66EVFML2UCV7ZQ63XZ/"
    }
  ],
  "affected": [
    {
      "package": {
        "name": "gopkg.in/macaron.v1",
        "ecosystem": "Go",
        "purl": "pkg:golang/gopkg.in/macaron.v1"
      },
      "ranges": [
        {
          "type": "SEMVER",
          "events": [
            {
              "introduced": "0"
            },
            {
              "fixed": "1.3.7"
            }
          ]
        }
      ],
      "database_specific": {
        "source": "https://github.com/github/advisory-database/blob/main/advisories/github-reviewed/2021/05/GHSA-733f-44f3-3frw/GHSA-733f-44f3-3frw.json"
      }
    }
  ],
  "schema_version": "1.2.0",
  "severity": [
    {
      "type": "CVSS_V3",
      "score": "CVSS:3.1/AV:N/AC:L/PR:N/UI:R/S:C/C:L/I:L/A:N"
    }
  ]
}