{
  "id": "GHSA-h8jc-jmrf-9h8f",
  "summary": "Improper Authentication and Insecure Default Initialization of Resource in Argo API",
  "details": "As of v1.5.0, the default admin password is set to the argocd-server pod name. For insiders with access to the cluster or logs, this issue could be abused for privilege escalation, as Argo has privileged roles. A malicious insider is the most realistic threat, but pod names are not meant to be kept secret and could wind up just about anywhere.",
  "aliases": [
    "CVE-2020-8828"
  ],
  "modified": "2021-07-26T21:14:45Z",
  "published": "2021-07-26T21:19:27Z",
  "database_specific": {
    "severity": "HIGH",
    "cwe_ids": [
      "CWE-1188",
      "CWE-287"
    ],
    "github_reviewed": true
  },
  "references": [
    {
      "type": "ADVISORY",
      "url": "https://nvd.nist.gov/vuln/detail/CVE-2020-8828"
    },
    {
      "type": "WEB",
      "url": "https://argoproj.github.io/argo-cd/security_considerations/"
    },
    {
      "type": "WEB",
      "url": "https://github.com/argoproj/argo/releases"
    },
    {
      "type": "WEB",
      "url": "https://www.soluble.ai/blog/argo-cves-2020"
    }
  ],
  "affected": [
    {
      "package": {
        "name": "github.com/argoproj/argo",
        "ecosystem": "Go",
        "purl": "pkg:golang/github.com/argoproj/argo"
      },
      "ranges": [
        {
          "type": "SEMVER",
          "events": [
            {
              "introduced": "0"
            }
          ]
        }
      ],
      "database_specific": {
        "last_known_affected_version_range": "<= 1.5.0",
        "source": "https://github.com/github/advisory-database/blob/main/advisories/github-reviewed/2021/07/GHSA-h8jc-jmrf-9h8f/GHSA-h8jc-jmrf-9h8f.json"
      }
    }
  ],
  "schema_version": "1.2.0",
  "severity": [
    {
      "type": "CVSS_V3",
      "score": "CVSS:3.1/AV:N/AC:L/PR:L/UI:N/S:U/C:H/I:H/A:H"
    }
  ]
}