{
  "id": "GHSA-g6w6-r76c-28j7",
  "summary": "Incorrect Authorization in NATS nats-server",
  "details": "(This advisory is canonically <https://advisories.nats.io/CVE/CVE-2022-24450.txt>)\n\n## Problem Description\n\nNATS nats-server through 2022-02-04 has Incorrect Access Control, with unchecked ability for clients to authorize into any account, because of a coding error in a long-extant experimental feature.\n\nA client crafting the initial protocol-level handshake could, with valid credentials for any account, specify a target account and switch into it immediately.  This includes any other tenant, and includes the System account which controls nats-server core operations.\n\nFor deployments not using multi-tenancy through NATS Accounts, there is still a vulnerability: normal users are able to choose to be in the System account.\n\nAn experimental feature to provide dynamically provisioned sandbox accounts was designed to allow a server administrator to turn on an option to allow clients to dynamically request a brand new account inline at connection time.  This feature went nowhere, but lived on in the code and was used by a number of tests; support was never added to any client libraries or to the documentation.\n\nA bug in handling the feature meant that if someone did in fact have valid account credentials, then they could specify any other existing account and they would be assigned into that account.\n\nRelease 2.7.2 of nats-server removes the feature.\nBecause of the lack of client support and absence from protocol documentation, we feel this is safe operationally as well as the safest fix for the code.\n\n\n## Affected versions\n\n#### NATS Server\n * All 2.x versions up to and including 2.7.1.\n * Fixed with nats-io/nats-server: 2.7.2\n * NATS Server 1.x did not have accounts.\n * Docker image:  nats <https://hub.docker.com/_/nats>\n\n#### NATS Streaming Server\n * All versions embedding affected NATS Server:\n   + Affected: v0.15.0 up to and including v0.24.0\n   + Fixed with nats-io/nats-streaming-server: 0.24.1\n * Docker image:  nats-streaming <https://hub.docker.com/_/nats-streaming>\n\n\n## Impact\n\nExisting users could act in any account, including the System account.\n\n## Workaround\n\nNone.\n\n## Solution\n\nUpgrade the NATS server.",
  "aliases": [
    "CVE-2022-24450"
  ],
  "modified": "2022-02-08T17:23:16Z",
  "published": "2022-02-08T17:23:16Z",
  "database_specific": {
    "cwe_ids": [
      "CWE-863"
    ],
    "severity": "CRITICAL",
    "github_reviewed": true
  },
  "references": [
    {
      "type": "WEB",
      "url": "https://github.com/nats-io/nats-server/security/advisories/GHSA-g6w6-r76c-28j7"
    },
    {
      "type": "ADVISORY",
      "url": "https://nvd.nist.gov/vuln/detail/CVE-2022-24450"
    },
    {
      "type": "WEB",
      "url": "https://advisories.nats.io/CVE/CVE-2022-24450.txt"
    },
    {
      "type": "WEB",
      "url": "https://github.com/nats-io/nats-server/releases/tag/v2.7.2"
    },
    {
      "type": "PACKAGE",
      "url": "https://github.com/nats-io/nats-server"
    }
  ],
  "affected": [
    {
      "package": {
        "name": "github.com/nats-io/nats-server/v2",
        "ecosystem": "Go",
        "purl": "pkg:golang/github.com/nats-io/nats-server/v2"
      },
      "ranges": [
        {
          "type": "SEMVER",
          "events": [
            {
              "introduced": "2.0"
            },
            {
              "fixed": "2.7.2"
            }
          ]
        }
      ],
      "database_specific": {
        "source": "https://github.com/github/advisory-database/blob/main/advisories/github-reviewed/2022/02/GHSA-g6w6-r76c-28j7/GHSA-g6w6-r76c-28j7.json"
      }
    },
    {
      "package": {
        "name": "github.com/nats-io/nats-streaming-server",
        "ecosystem": "Go",
        "purl": "pkg:golang/github.com/nats-io/nats-streaming-server"
      },
      "ranges": [
        {
          "type": "SEMVER",
          "events": [
            {
              "introduced": "0.15.0"
            },
            {
              "fixed": "0.24.1"
            }
          ]
        }
      ],
      "database_specific": {
        "source": "https://github.com/github/advisory-database/blob/main/advisories/github-reviewed/2022/02/GHSA-g6w6-r76c-28j7/GHSA-g6w6-r76c-28j7.json"
      }
    }
  ],
  "schema_version": "1.2.0"
}