{
  "id": "GHSA-mv55-23xp-3wp8",
  "summary": "Access control flaw in Kiali",
  "details": "An incorrect access control flaw was found in the kiali-operator in versions before 1.33.0. This flaw allows an attacker with a basic level of access to the cluster (to deploy a kiali operand) to use this vulnerability and deploy a given image to anywhere in the cluster, potentially gaining access to privileged service account tokens. The highest threat from this vulnerability is to data confidentiality and integrity as well as system availability.",
  "aliases": [
    "CVE-2021-3495"
  ],
  "modified": "2021-06-15T19:56:20Z",
  "published": "2021-06-08T20:09:36Z",
  "database_specific": {
    "github_reviewed": true,
    "severity": "HIGH",
    "cwe_ids": [
      "CWE-281"
    ]
  },
  "references": [
    {
      "type": "ADVISORY",
      "url": "https://nvd.nist.gov/vuln/detail/CVE-2021-3495"
    },
    {
      "type": "WEB",
      "url": "https://github.com/kiali/kiali-operator/pull/278"
    },
    {
      "type": "WEB",
      "url": "https://bugzilla.redhat.com/show_bug.cgi?id=1947361"
    },
    {
      "type": "WEB",
      "url": "https://kiali.io/news/security-bulletins/kiali-security-003/"
    }
  ],
  "affected": [
    {
      "package": {
        "name": "github.com/kiali/kiali",
        "ecosystem": "Go",
        "purl": "pkg:golang/github.com/kiali/kiali"
      },
      "ranges": [
        {
          "type": "SEMVER",
          "events": [
            {
              "introduced": "0"
            },
            {
              "fixed": "1.33.0"
            }
          ]
        }
      ],
      "database_specific": {
        "source": "https://github.com/github/advisory-database/blob/main/advisories/github-reviewed/2021/06/GHSA-mv55-23xp-3wp8/GHSA-mv55-23xp-3wp8.json"
      }
    }
  ],
  "schema_version": "1.2.0",
  "severity": [
    {
      "type": "CVSS_V3",
      "score": "CVSS:3.1/AV:N/AC:L/PR:L/UI:N/S:U/C:H/I:H/A:H"
    }
  ]
}