{
  "id": "GHSA-7mqr-2v3q-v2wm",
  "summary": "Ignored errors on token revokation in github.com/ory/fosite",
  "details": "### Impact\nThe `TokenRevocationHandler` ignores errors coming from the storage. This can lead to unexpected 200 status codes indicating successful revocation while the token is still valid. Whether an attacker can use this for her advantage depends on the ability to trigger errors in the store.\n\n### References\n[RFC 7009](https://tools.ietf.org/html/rfc7009#section-2.2.1) states that a 503 HTTP code must be returned when the server has a problem.",
  "aliases": [
    "CVE-2020-15223"
  ],
  "modified": "2021-05-24T12:53:07Z",
  "published": "2021-05-24T16:57:39Z",
  "database_specific": {
    "cwe_ids": [
      "CWE-755"
    ],
    "severity": "HIGH",
    "github_reviewed": true
  },
  "references": [
    {
      "type": "WEB",
      "url": "https://github.com/ory/fosite/security/advisories/GHSA-7mqr-2v3q-v2wm"
    },
    {
      "type": "ADVISORY",
      "url": "https://nvd.nist.gov/vuln/detail/CVE-2020-15223"
    },
    {
      "type": "WEB",
      "url": "https://github.com/ory/fosite/commit/03dd55813f5521985f7dd64277b7ba0cf1441319"
    },
    {
      "type": "WEB",
      "url": "https://tools.ietf.org/html/rfc7009#section-2.2.1"
    }
  ],
  "affected": [
    {
      "package": {
        "name": "github.com/ory/fosite",
        "ecosystem": "Go",
        "purl": "pkg:golang/github.com/ory/fosite"
      },
      "ranges": [
        {
          "type": "SEMVER",
          "events": [
            {
              "introduced": "0"
            },
            {
              "fixed": "0.34.0"
            }
          ]
        }
      ],
      "database_specific": {
        "source": "https://github.com/github/advisory-database/blob/main/advisories/github-reviewed/2021/05/GHSA-7mqr-2v3q-v2wm/GHSA-7mqr-2v3q-v2wm.json"
      }
    },
    {
      "package": {
        "name": "github.com/ory/fosite/handler/oauth2",
        "ecosystem": "Go",
        "purl": "pkg:golang/github.com/ory/fosite/handler/oauth2"
      },
      "ranges": [
        {
          "type": "SEMVER",
          "events": [
            {
              "introduced": "0"
            },
            {
              "fixed": "0.34.0"
            }
          ]
        }
      ],
      "database_specific": {
        "source": "https://github.com/github/advisory-database/blob/main/advisories/github-reviewed/2021/05/GHSA-7mqr-2v3q-v2wm/GHSA-7mqr-2v3q-v2wm.json"
      }
    }
  ],
  "schema_version": "1.2.0",
  "severity": [
    {
      "type": "CVSS_V3",
      "score": "CVSS:3.1/AV:N/AC:H/PR:N/UI:R/S:C/C:H/I:H/A:N"
    }
  ]
}