{
  "id": "GHSA-hgwp-4vp4-qmm2",
  "summary": "Local Privilege Escalation in cloudflared",
  "details": "In `cloudflared` versions < 2020.8.1 on Windows, if an administrator has started `cloudflared` and set it to read configuration files from a certain directory, an unprivileged user can exploit a misconfiguration in order to escalate privileges and execute system-level commands. The misconfiguration was due to the way that `cloudflared` reads its configuration file. One of the locations that `cloudflared` reads from (C:\\etc\\) is not a secure by default directory due to the fact that Windows does not enforce access controls on this directory without further controls applied. A malformed config.yaml file can be written by any user. Upon reading this config, `cloudflared` would output an error message to a log file defined in the malformed config. The user-controlled log file location could be set to a specific location that Windows will execute when any user logs in.",
  "aliases": [
    "CVE-2020-24356"
  ],
  "modified": "2021-08-02T15:19:49Z",
  "published": "2021-05-24T16:56:35Z",
  "database_specific": {
    "github_reviewed": true,
    "severity": "HIGH",
    "cwe_ids": [
      "CWE-427"
    ]
  },
  "references": [
    {
      "type": "WEB",
      "url": "https://github.com/cloudflare/cloudflared/security/advisories/GHSA-hgwp-4vp4-qmm2"
    },
    {
      "type": "ADVISORY",
      "url": "https://nvd.nist.gov/vuln/detail/CVE-2020-24356"
    }
  ],
  "affected": [
    {
      "package": {
        "name": "github.com/cloudflare/cloudflared",
        "ecosystem": "Go",
        "purl": "pkg:golang/github.com/cloudflare/cloudflared"
      },
      "ranges": [
        {
          "type": "SEMVER",
          "events": [
            {
              "introduced": "0"
            },
            {
              "fixed": "2020.8.1"
            }
          ]
        }
      ],
      "database_specific": {
        "source": "https://github.com/github/advisory-database/blob/main/advisories/github-reviewed/2021/05/GHSA-hgwp-4vp4-qmm2/GHSA-hgwp-4vp4-qmm2.json"
      }
    }
  ],
  "schema_version": "1.2.0",
  "severity": [
    {
      "type": "CVSS_V3",
      "score": "CVSS:3.1/AV:L/AC:L/PR:L/UI:N/S:U/C:H/I:H/A:H"
    }
  ]
}