{
  "id": "GHSA-8h2g-r292-j8xh",
  "summary": "L7 deny intention results in an allow action",
  "details": "In HashiCorp Consul before 1.10.1 (and Consul Enterprise), xds can generate a situation where a single L7 deny intention (with a default deny policy) results in an allow action.",
  "aliases": [
    "CVE-2021-36213"
  ],
  "modified": "2021-10-05T17:30:52Z",
  "published": "2021-07-19T21:21:12Z",
  "database_specific": {
    "severity": "HIGH",
    "cwe_ids": [],
    "github_reviewed": true
  },
  "references": [
    {
      "type": "ADVISORY",
      "url": "https://nvd.nist.gov/vuln/detail/CVE-2021-36213"
    },
    {
      "type": "WEB",
      "url": "https://discuss.hashicorp.com/t/hcsec-2021-16-consul-s-application-aware-intentions-deny-action-fails-open-when-combined-with-default-deny-policy/26855"
    },
    {
      "type": "WEB",
      "url": "https://github.com/hashicorp/consul/releases/tag/v1.10.1"
    },
    {
      "type": "WEB",
      "url": "https://www.hashicorp.com/blog/category/consul"
    },
    {
      "type": "PACKAGE",
      "url": "https://github.com/hashicorp/consul/"
    }
  ],
  "affected": [
    {
      "package": {
        "name": "github.com/hashicorp/consul",
        "ecosystem": "Go",
        "purl": "pkg:golang/github.com/hashicorp/consul"
      },
      "ranges": [
        {
          "type": "SEMVER",
          "events": [
            {
              "introduced": "0"
            },
            {
              "fixed": "1.10.1"
            }
          ]
        }
      ],
      "database_specific": {
        "source": "https://github.com/github/advisory-database/blob/main/advisories/github-reviewed/2021/07/GHSA-8h2g-r292-j8xh/GHSA-8h2g-r292-j8xh.json"
      }
    }
  ],
  "schema_version": "1.2.0",
  "severity": [
    {
      "type": "CVSS_V3",
      "score": "CVSS:3.1/AV:N/AC:L/PR:N/UI:N/S:U/C:N/I:H/A:N"
    }
  ]
}