{
  "id": "GHSA-4w5x-x539-ppf5",
  "summary": "Incorrect handling of credential expiry by NATS Server",
  "details": "\n## Problem Description\n\nNATS nats-server through 2020-10-07 has Incorrect Access Control because of how expired credentials are handled.\n\nThe NATS accounts system has expiration timestamps on credentials; the <https://github.com/nats-io/jwt> library had an API which encouraged misuse and an `IsRevoked()` method which misused its own API.\n\nA new `IsClaimRevoked()` method has correct handling and the nats-server has been updated to use this.  The old `IsRevoked()` method now always returns true and other client code will have to be updated to avoid calling it.\n\nThe CVE identifier should cover any application using the old JWT API, where the nats-server is one of those applications.\n\n\n## Affected versions\n\n#### JWT library\n\n * all versions prior to 1.1.0\n * fixed after nats-io/jwt PR 103 landed (2020-10-06)\n\n#### NATS Server\n\n * Version 2 prior to 2.1.9\n   + 2.0.0 through and including 2.1.8 are vulnerable.\n * fixed with nats-io/nats-server PRs 1632, 1635, 1645\n\n\n## Impact\n\nTime-based credential expiry did not work.\n\n\n## Workaround\n\nHave credentials which only expire after fixes can be deployed.\n\n\n## Solution\n\nUpgrade the JWT dependency in any application using it.\n\nUpgrade the NATS server if using NATS Accounts.",
  "aliases": [
    "CVE-2020-26892"
  ],
  "modified": "2022-02-11T23:42:20Z",
  "published": "2022-02-11T23:42:20Z",
  "database_specific": {
    "severity": "HIGH",
    "github_reviewed": true,
    "cwe_ids": [
      "CWE-798"
    ]
  },
  "references": [
    {
      "type": "WEB",
      "url": "https://github.com/nats-io/jwt/security/advisories/GHSA-4w5x-x539-ppf5"
    },
    {
      "type": "ADVISORY",
      "url": "https://nvd.nist.gov/vuln/detail/CVE-2020-26892"
    },
    {
      "type": "WEB",
      "url": "https://github.com/nats-io/nats-server/commit/1e08b67f08e18cd844dce833a265aaa72500a12f"
    },
    {
      "type": "WEB",
      "url": "https://advisories.nats.io/CVE/CVE-2020-26892.txt"
    },
    {
      "type": "WEB",
      "url": "https://github.com/nats-io/nats-server/commits/master"
    },
    {
      "type": "WEB",
      "url": "https://lists.fedoraproject.org/archives/list/package-announce@lists.fedoraproject.org/message/VT67XCLIIBYRT762SVFBYFFTQFVSM3SI/"
    },
    {
      "type": "WEB",
      "url": "https://www.openwall.com/lists/oss-security/2020/11/02/2"
    }
  ],
  "affected": [
    {
      "package": {
        "name": "github.com/nats-io/jwt",
        "ecosystem": "Go",
        "purl": "pkg:golang/github.com/nats-io/jwt"
      },
      "ranges": [
        {
          "type": "SEMVER",
          "events": [
            {
              "introduced": "0"
            },
            {
              "fixed": "1.1.0"
            }
          ]
        }
      ],
      "database_specific": {
        "source": "https://github.com/github/advisory-database/blob/main/advisories/github-reviewed/2022/02/GHSA-4w5x-x539-ppf5/GHSA-4w5x-x539-ppf5.json"
      }
    },
    {
      "package": {
        "name": "github.com/nats-io/nats-server/v2",
        "ecosystem": "Go",
        "purl": "pkg:golang/github.com/nats-io/nats-server/v2"
      },
      "ranges": [
        {
          "type": "SEMVER",
          "events": [
            {
              "introduced": "0"
            },
            {
              "fixed": "2.1.9"
            }
          ]
        }
      ],
      "database_specific": {
        "source": "https://github.com/github/advisory-database/blob/main/advisories/github-reviewed/2022/02/GHSA-4w5x-x539-ppf5/GHSA-4w5x-x539-ppf5.json"
      }
    }
  ],
  "schema_version": "1.2.0",
  "severity": [
    {
      "type": "CVSS_V3",
      "score": "CVSS:3.1/AV:N/AC:H/PR:N/UI:N/S:U/C:N/I:N/A:H"
    }
  ]
}