{
  "id": "GHSA-gq5r-cc4w-g8xf",
  "summary": "Denial of Service (DoS)",
  "details": "This affects all versions up to and including 0.6.0 of package github.com/russellhaering/gosaml2. There is a crash on nil-pointer dereference caused by sending malformed XML signatures.",
  "aliases": [
    "CVE-2020-7731"
  ],
  "modified": "2021-05-20T21:39:22Z",
  "published": "2021-06-23T17:25:08Z",
  "database_specific": {
    "cwe_ids": [
      "CWE-476"
    ],
    "severity": "HIGH",
    "github_reviewed": true
  },
  "references": [
    {
      "type": "ADVISORY",
      "url": "https://nvd.nist.gov/vuln/detail/CVE-2020-7731"
    },
    {
      "type": "WEB",
      "url": "https://github.com/russellhaering/gosaml2/issues/59"
    },
    {
      "type": "WEB",
      "url": "https://snyk.io/vuln/SNYK-GOLANG-GITHUBCOMRUSSELLHAERINGGOSAML2-608302"
    }
  ],
  "affected": [
    {
      "package": {
        "name": "github.com/russellhaering/gosaml2",
        "ecosystem": "Go",
        "purl": "pkg:golang/github.com/russellhaering/gosaml2"
      },
      "ranges": [
        {
          "type": "SEMVER",
          "events": [
            {
              "introduced": "0"
            }
          ]
        }
      ],
      "database_specific": {
        "last_known_affected_version_range": "<= 0.6.0",
        "source": "https://github.com/github/advisory-database/blob/main/advisories/github-reviewed/2021/06/GHSA-gq5r-cc4w-g8xf/GHSA-gq5r-cc4w-g8xf.json"
      }
    }
  ],
  "schema_version": "1.2.0",
  "severity": [
    {
      "type": "CVSS_V3",
      "score": "CVSS:3.1/AV:N/AC:L/PR:N/UI:N/S:U/C:N/I:N/A:H"
    }
  ]
}