{
  "id": "GHSA-57v4-m9jx-mh8r",
  "summary": "Improper Input Validation",
  "details": "A vulnerability was found in OVN Kubernetes in versions up to and including 0.3.0 where the Egress Firewall does not reliably apply firewall rules when there is multiple DNS rules. It could lead to potentially lose of confidentiality, integrity or availability of a service.",
  "aliases": [
    "CVE-2021-3499"
  ],
  "modified": "2021-06-08T23:05:09Z",
  "published": "2021-06-08T23:05:19Z",
  "database_specific": {
    "severity": "MODERATE",
    "github_reviewed": true,
    "cwe_ids": [
      "CWE-863"
    ]
  },
  "references": [
    {
      "type": "ADVISORY",
      "url": "https://nvd.nist.gov/vuln/detail/CVE-2021-3499"
    },
    {
      "type": "WEB",
      "url": "https://github.com/ovn-org/ovn-kubernetes/pull/2169"
    },
    {
      "type": "WEB",
      "url": "https://bugzilla.redhat.com/show_bug.cgi?id=1949188"
    }
  ],
  "affected": [
    {
      "package": {
        "name": "github.com/ovn-org/ovn-kubernetes",
        "ecosystem": "Go",
        "purl": "pkg:golang/github.com/ovn-org/ovn-kubernetes"
      },
      "ranges": [
        {
          "type": "SEMVER",
          "events": [
            {
              "introduced": "0"
            }
          ]
        }
      ],
      "database_specific": {
        "last_known_affected_version_range": "<= 0.3.0",
        "source": "https://github.com/github/advisory-database/blob/main/advisories/github-reviewed/2021/06/GHSA-57v4-m9jx-mh8r/GHSA-57v4-m9jx-mh8r.json"
      }
    }
  ],
  "schema_version": "1.2.0",
  "severity": [
    {
      "type": "CVSS_V3",
      "score": "CVSS:3.1/AV:N/AC:H/PR:N/UI:N/S:U/C:L/I:L/A:L"
    }
  ]
}