{
  "id": "GHSA-r9w6-rhh9-7v53",
  "summary": "Incorrect Authorization in HashiCorp Consul",
  "details": "HashiCorp Consul and Consul Enterprise 1.4.1 through 1.6.2 did not uniformly enforce ACLs across all API endpoints, resulting in potential unintended information disclosure. Fixed in 1.6.3.",
  "aliases": [
    "CVE-2020-7955"
  ],
  "modified": "2021-07-27T15:08:01Z",
  "published": "2021-07-28T17:57:57Z",
  "database_specific": {
    "severity": "MODERATE",
    "github_reviewed": true,
    "cwe_ids": [
      "CWE-863"
    ]
  },
  "references": [
    {
      "type": "ADVISORY",
      "url": "https://nvd.nist.gov/vuln/detail/CVE-2020-7955"
    },
    {
      "type": "WEB",
      "url": "https://github.com/hashicorp/consul/issues/7160"
    },
    {
      "type": "WEB",
      "url": "https://www.hashicorp.com/blog/category/consul/"
    }
  ],
  "affected": [
    {
      "package": {
        "name": "github.com/hashicorp/consul",
        "ecosystem": "Go",
        "purl": "pkg:golang/github.com/hashicorp/consul"
      },
      "ranges": [
        {
          "type": "SEMVER",
          "events": [
            {
              "introduced": "1.4.1"
            },
            {
              "fixed": "1.6.3"
            }
          ]
        }
      ],
      "database_specific": {
        "source": "https://github.com/github/advisory-database/blob/main/advisories/github-reviewed/2021/07/GHSA-r9w6-rhh9-7v53/GHSA-r9w6-rhh9-7v53.json",
        "last_known_affected_version_range": "<= 1.6.2"
      }
    }
  ],
  "schema_version": "1.2.0",
  "severity": [
    {
      "type": "CVSS_V3",
      "score": "CVSS:3.1/AV:N/AC:L/PR:N/UI:N/S:U/C:L/I:N/A:N"
    }
  ]
}