{
  "id": "GHSA-8459-6rc9-8vf8",
  "summary": "Path traversal in github.com/cloudflare/cfrpki/cmd/octorpki",
  "details": "### Impact\n\nIn the case that a malicious TAL file is parsed pointing to a repository that provides a malicious ROA file which octorpki downloads, it is possible to bypass the current directory traversal mitigation to allow writing outside of the current directory. \n\n### Patches\n\nNo patch release has been made",
  "modified": "2022-02-14T22:52:15Z",
  "published": "2022-02-14T22:52:15Z",
  "database_specific": {
    "cwe_ids": [
      "CWE-22"
    ],
    "severity": "LOW",
    "github_reviewed": true
  },
  "references": [
    {
      "type": "WEB",
      "url": "https://github.com/cloudflare/cfrpki/security/advisories/GHSA-8459-6rc9-8vf8"
    }
  ],
  "affected": [
    {
      "package": {
        "name": "github.com/cloudflare/cfrpki/cmd/octorpki",
        "ecosystem": "Go",
        "purl": "pkg:golang/github.com/cloudflare/cfrpki/cmd/octorpki"
      },
      "ranges": [
        {
          "type": "SEMVER",
          "events": [
            {
              "introduced": "0"
            }
          ]
        }
      ],
      "database_specific": {
        "last_known_affected_version_range": "<= 1.4.2",
        "source": "https://github.com/github/advisory-database/blob/main/advisories/github-reviewed/2022/02/GHSA-8459-6rc9-8vf8/GHSA-8459-6rc9-8vf8.json"
      }
    }
  ],
  "schema_version": "1.2.0"
}