{
  "id": "GHSA-ccw8-7688-vqx4",
  "summary": "Privilege Escalation in HashiCorp Consul",
  "details": "HashiCorp Consul and Consul Enterprise 1.10.1 Raft RPC layer allows non-server agents with a valid certificate signed by the same CA to access server-only functionality, enabling privilege escalation. Fixed in 1.8.15, 1.9.9 and 1.10.2.",
  "aliases": [
    "CVE-2021-37219"
  ],
  "modified": "2021-09-14T18:47:09Z",
  "published": "2021-09-08T20:14:48Z",
  "database_specific": {
    "github_reviewed": true,
    "severity": "HIGH",
    "cwe_ids": [
      "CWE-295"
    ]
  },
  "references": [
    {
      "type": "ADVISORY",
      "url": "https://nvd.nist.gov/vuln/detail/CVE-2021-37219"
    },
    {
      "type": "WEB",
      "url": "https://discuss.hashicorp.com/t/hcsec-2021-22-consul-raft-rpc-privilege-escalation/29024"
    },
    {
      "type": "WEB",
      "url": "https://www.hashicorp.com/blog/category/consul"
    },
    {
      "type": "PACKAGE",
      "url": "https://github.com/hashicorp/consul"
    }
  ],
  "affected": [
    {
      "package": {
        "name": "github.com/hashicorp/consul",
        "ecosystem": "Go",
        "purl": "pkg:golang/github.com/hashicorp/consul"
      },
      "ranges": [
        {
          "type": "SEMVER",
          "events": [
            {
              "introduced": "1.10.1"
            },
            {
              "fixed": "1.10.2"
            }
          ]
        }
      ],
      "versions": [
        "1.10.1"
      ],
      "database_specific": {
        "source": "https://github.com/github/advisory-database/blob/main/advisories/github-reviewed/2021/09/GHSA-ccw8-7688-vqx4/GHSA-ccw8-7688-vqx4.json"
      }
    },
    {
      "package": {
        "name": "github.com/hashicorp/consul",
        "ecosystem": "Go",
        "purl": "pkg:golang/github.com/hashicorp/consul"
      },
      "ranges": [
        {
          "type": "SEMVER",
          "events": [
            {
              "introduced": "1.9.0"
            },
            {
              "fixed": "1.9.9"
            }
          ]
        }
      ],
      "database_specific": {
        "source": "https://github.com/github/advisory-database/blob/main/advisories/github-reviewed/2021/09/GHSA-ccw8-7688-vqx4/GHSA-ccw8-7688-vqx4.json"
      }
    },
    {
      "package": {
        "name": "github.com/hashicorp/consul",
        "ecosystem": "Go",
        "purl": "pkg:golang/github.com/hashicorp/consul"
      },
      "ranges": [
        {
          "type": "SEMVER",
          "events": [
            {
              "introduced": "0"
            },
            {
              "fixed": "1.8.15"
            }
          ]
        }
      ],
      "database_specific": {
        "source": "https://github.com/github/advisory-database/blob/main/advisories/github-reviewed/2021/09/GHSA-ccw8-7688-vqx4/GHSA-ccw8-7688-vqx4.json"
      }
    }
  ],
  "schema_version": "1.2.0",
  "severity": [
    {
      "type": "CVSS_V3",
      "score": "CVSS:3.1/AV:N/AC:L/PR:L/UI:N/S:U/C:H/I:H/A:H"
    }
  ]
}