{
  "id": "GHSA-5qgp-p5jc-w2rm",
  "summary": "Arbitrary Code Execution in Docker",
  "details": "Docker before 1.3.2 allows remote attackers to write to arbitrary files and execute arbitrary code via a (1) symlink or (2) hard link attack in an image archive in a (a) pull or (b) load operation.",
  "aliases": [
    "CVE-2014-6407"
  ],
  "modified": "2021-05-20T21:03:55Z",
  "published": "2022-02-15T00:41:12Z",
  "database_specific": {
    "github_reviewed": true,
    "severity": "HIGH",
    "cwe_ids": [
      "CWE-59"
    ]
  },
  "references": [
    {
      "type": "ADVISORY",
      "url": "https://nvd.nist.gov/vuln/detail/CVE-2014-6407"
    },
    {
      "type": "WEB",
      "url": "https://github.com/docker/docker/commit/3ac6394b8082d4700483d52fbfe54914be537d9e"
    },
    {
      "type": "WEB",
      "url": "https://docs.docker.com/v1.3/release-notes/"
    },
    {
      "type": "WEB",
      "url": "https://lists.fedoraproject.org/pipermail/package-announce/2014-December/145154.html"
    },
    {
      "type": "WEB",
      "url": "https://lists.opensuse.org/opensuse-security-announce/2014-12/msg00009.html"
    },
    {
      "type": "WEB",
      "url": "https://secunia.com/advisories/60171"
    },
    {
      "type": "WEB",
      "url": "https://secunia.com/advisories/60241"
    },
    {
      "type": "WEB",
      "url": "https://web.nvd.nist.gov/view/vuln/detail?vulnId=CVE-2014-6407"
    },
    {
      "type": "WEB",
      "url": "https://www.openwall.com/lists/oss-security/2014/11/24/5"
    }
  ],
  "affected": [
    {
      "package": {
        "name": "github.com/docker/docker",
        "ecosystem": "Go",
        "purl": "pkg:golang/github.com/docker/docker"
      },
      "ranges": [
        {
          "type": "SEMVER",
          "events": [
            {
              "introduced": "0"
            },
            {
              "fixed": "1.3.2"
            }
          ]
        }
      ],
      "database_specific": {
        "source": "https://github.com/github/advisory-database/blob/main/advisories/github-reviewed/2022/02/GHSA-5qgp-p5jc-w2rm/GHSA-5qgp-p5jc-w2rm.json"
      }
    }
  ],
  "schema_version": "1.2.0",
  "severity": [
    {
      "type": "CVSS_V3",
      "score": "CVSS:3.1/AV:N/AC:L/PR:N/UI:N/S:U/C:L/I:L/A:L"
    }
  ]
}