{
  "id": "GHSA-25gf-8qrr-g78r",
  "summary": "Missing SSL Certificate Validation in Hashicorp Consul",
  "details": "HashiCorp Consul before 1.10.1 (and Consul Enterprise) has Missing SSL Certificate Validation. xds does not ensure that the Subject Alternative Name of an upstream is validated.",
  "aliases": [
    "CVE-2021-32574"
  ],
  "modified": "2021-07-29T14:53:57Z",
  "published": "2021-07-19T21:21:03Z",
  "database_specific": {
    "cwe_ids": [
      "CWE-295"
    ],
    "github_reviewed": true,
    "severity": "HIGH"
  },
  "references": [
    {
      "type": "ADVISORY",
      "url": "https://nvd.nist.gov/vuln/detail/CVE-2021-32574"
    },
    {
      "type": "WEB",
      "url": "https://discuss.hashicorp.com/t/hcsec-2021-17-consul-s-envoy-tls-configuration-did-not-validate-destination-service-subject-alternative-names/26856"
    },
    {
      "type": "WEB",
      "url": "https://github.com/hashicorp/consul/releases/tag/v1.10.1"
    },
    {
      "type": "WEB",
      "url": "https://www.hashicorp.com/blog/category/consul"
    }
  ],
  "affected": [
    {
      "package": {
        "name": "github.com/hashicorp/consul",
        "ecosystem": "Go",
        "purl": "pkg:golang/github.com/hashicorp/consul"
      },
      "ranges": [
        {
          "type": "SEMVER",
          "events": [
            {
              "introduced": "0"
            },
            {
              "fixed": "1.10.1"
            }
          ]
        }
      ],
      "database_specific": {
        "source": "https://github.com/github/advisory-database/blob/main/advisories/github-reviewed/2021/07/GHSA-25gf-8qrr-g78r/GHSA-25gf-8qrr-g78r.json"
      }
    }
  ],
  "schema_version": "1.2.0",
  "severity": [
    {
      "type": "CVSS_V3",
      "score": "CVSS:3.1/AV:N/AC:L/PR:N/UI:N/S:U/C:N/I:H/A:N"
    }
  ]
}