{
  "id": "GHSA-m6m5-pp4g-fcc8",
  "summary": "S3 storage write is not aborted on errors leading to unbounded memory usage",
  "details": "### Impact\n\nAnyone using storage.blob.s3 introduced in 0.5.0 with storage.imapsql.\n```\nstorage.imapsql local_mailboxes {\n  ...\n  msg_store s3 {\n    ...\n  }\n}\n```\n\n### Patches\n\nThe relevant commit is pushed to master and will be included in the 0.5.1 release.\n\nNo special handling of the issue has been done due to the small amount of affected users.\n\n### Workarounds\n\nNone.\n\n### References\n\n* Original report: https://github.com/foxcpp/maddy/issues/395\n* Fix: https://github.com/foxcpp/maddy/commit/07c8495ee4394fabbf5aac4df8aebeafb2fb29d8",
  "modified": "2021-10-06T16:48:49Z",
  "published": "2021-10-06T17:47:35Z",
  "database_specific": {
    "cwe_ids": [
      "CWE-772"
    ],
    "github_reviewed": true,
    "severity": "HIGH"
  },
  "references": [
    {
      "type": "WEB",
      "url": "https://github.com/foxcpp/maddy/security/advisories/GHSA-m6m5-pp4g-fcc8"
    },
    {
      "type": "PACKAGE",
      "url": "https://github.com/foxcpp/maddy"
    }
  ],
  "affected": [
    {
      "package": {
        "name": "github.com/foxcpp/maddy",
        "ecosystem": "Go",
        "purl": "pkg:golang/github.com/foxcpp/maddy"
      },
      "ranges": [
        {
          "type": "SEMVER",
          "events": [
            {
              "introduced": "0"
            },
            {
              "fixed": "0.5.1"
            }
          ]
        }
      ],
      "database_specific": {
        "source": "https://github.com/github/advisory-database/blob/main/advisories/github-reviewed/2021/10/GHSA-m6m5-pp4g-fcc8/GHSA-m6m5-pp4g-fcc8.json"
      }
    }
  ],
  "schema_version": "1.2.0",
  "severity": [
    {
      "type": "CVSS_V3",
      "score": "CVSS:3.1/AV:N/AC:L/PR:N/UI:N/S:U/C:N/I:N/A:H"
    }
  ]
}