{
  "id": "GHSA-f6mq-5m25-4r72",
  "summary": "Improper Validation of Specified Type of Input",
  "details": "Specific cstrings input may not be properly validated in the MongoDB Go Driver when marshalling Go objects into BSON. A malicious user could use a Go object with specific string to potentially inject additional fields into marshalled documents. This issue affects all MongoDB GO Drivers up to (and including) 1.5.0.",
  "aliases": [
    "CVE-2021-20329"
  ],
  "modified": "2021-06-14T19:11:50Z",
  "published": "2021-06-15T16:08:16Z",
  "database_specific": {
    "cwe_ids": [
      "CWE-1287",
      "CWE-20"
    ],
    "github_reviewed": true,
    "severity": "MODERATE"
  },
  "references": [
    {
      "type": "ADVISORY",
      "url": "https://nvd.nist.gov/vuln/detail/CVE-2021-20329"
    },
    {
      "type": "WEB",
      "url": "https://github.com/mongodb/mongo-go-driver/releases/tag/v1.5.1"
    }
  ],
  "affected": [
    {
      "package": {
        "name": "go.mongodb.org/mongo-driver",
        "ecosystem": "Go",
        "purl": "pkg:golang/go.mongodb.org/mongo-driver"
      },
      "ranges": [
        {
          "type": "SEMVER",
          "events": [
            {
              "introduced": "0"
            },
            {
              "fixed": "1.5.1"
            }
          ]
        }
      ],
      "database_specific": {
        "source": "https://github.com/github/advisory-database/blob/main/advisories/github-reviewed/2021/06/GHSA-f6mq-5m25-4r72/GHSA-f6mq-5m25-4r72.json"
      }
    }
  ],
  "schema_version": "1.2.0",
  "severity": [
    {
      "type": "CVSS_V3",
      "score": "CVSS:3.1/AV:N/AC:H/PR:L/UI:N/S:U/C:H/I:H/A:N"
    }
  ]
}