{
  "id": "GHSA-q8q8-93cv-v6h8",
  "summary": "Lookup function information discolosure in helm",
  "details": "The Helm core maintainers have identified an information disclosure vulnerability in Helm 3.0.0-3.1.2. \n\n### Impact\n\n`lookup` is a Helm template function introduced in Helm v3. It is able to lookup resources in the cluster to check for the existence of specific resources and get details about them. This can be used as part of the process to render templates.\n\nThe documented behavior of `helm template` states that it does not attach to a remote cluster. However, as the recently added `lookup` template function circumvents this restriction and connects to the cluster even during `helm template` and `helm install|update|delete|rollback --dry-run`. The user is not notified of this behavior.\n\nRunning `helm template` should not make calls to a cluster. This is different from `install`, which is presumed to have access to a cluster in order to load resources into Kubernetes. Helm 2 is unaffected by this vulnerability.\n\nA malicious chart author could inject a `lookup` into a chart that, when rendered through `helm template`, performs unannounced lookups against the cluster a user's `KUBECONFIG` file points to. This information can then be disclosed via the output of `helm template`.\n\n### Patches\n\nThis issue has been fixed in Helm 3.2.0\n\n### Workarounds\n\nDue to another bug (also fixed in Helm 3.2.0), the command `helm lint` will fail with an error if the `lookup` function is used in a chart. Therefore, run `helm lint` on an untrusted chart before running `helm template`.\n\nAlternately, setting the `KUBECONFIG` environment variable to point to an empty Kubernetes configuration file will prevent unintended network connections.\n\nFinally, a chart may be manually analyzed for the presence of a `lookup` function in any file in the `templates/` directory.  \n\n### For more information\nIf you have any questions or comments about this advisory:\n* Open an issue in [the Helm repository](https://github.com/helm/helm/issues)\n* For security-specific issues, email us at [cncf-helm-security@lists.cncf.io](mailto:cncf-helm-security@lists.cncf.io)",
  "aliases": [
    "CVE-2020-11013"
  ],
  "modified": "2021-05-24T21:15:16Z",
  "published": "2021-05-27T18:44:56Z",
  "database_specific": {
    "cwe_ids": [
      "CWE-200"
    ],
    "github_reviewed": true,
    "severity": "HIGH"
  },
  "references": [
    {
      "type": "WEB",
      "url": "https://github.com/helm/helm/security/advisories/GHSA-q8q8-93cv-v6h8"
    },
    {
      "type": "ADVISORY",
      "url": "https://nvd.nist.gov/vuln/detail/CVE-2020-11013"
    },
    {
      "type": "WEB",
      "url": "https://github.com/helm/helm/pull/7969"
    },
    {
      "type": "WEB",
      "url": "https://github.com/helm/helm/pull/7969/commits/c67b644a791a8fa61c760a3a0474533e63e74008"
    },
    {
      "type": "WEB",
      "url": "https://github.com/helm/helm/releases/tag/v3.2.0"
    }
  ],
  "affected": [
    {
      "package": {
        "name": "helm.sh/helm/v3",
        "ecosystem": "Go",
        "purl": "pkg:golang/helm.sh/helm/v3"
      },
      "ranges": [
        {
          "type": "SEMVER",
          "events": [
            {
              "introduced": "3.0.0"
            },
            {
              "fixed": "3.1.3"
            }
          ]
        }
      ],
      "database_specific": {
        "source": "https://github.com/github/advisory-database/blob/main/advisories/github-reviewed/2021/05/GHSA-q8q8-93cv-v6h8/GHSA-q8q8-93cv-v6h8.json"
      }
    }
  ],
  "schema_version": "1.2.0",
  "severity": [
    {
      "type": "CVSS_V3",
      "score": "CVSS:3.1/AV:N/AC:L/PR:L/UI:N/S:C/C:H/I:L/A:N"
    }
  ]
}