{
  "id": "GHSA-9vh5-r4qw-v3vv",
  "summary": "Improper Resource Shutdown or Release in HashiCorp Vault",
  "details": "HashiCorp Vault Enterprise 0.11.0 through 1.3.1 fails, in certain circumstances, to revoke dynamic secrets for a mount in a deleted namespace. Fixed in 1.3.2.",
  "aliases": [
    "CVE-2020-7220"
  ],
  "modified": "2021-07-27T15:15:57Z",
  "published": "2021-07-28T17:57:46Z",
  "database_specific": {
    "cwe_ids": [
      "CWE-404"
    ],
    "github_reviewed": true,
    "severity": "HIGH"
  },
  "references": [
    {
      "type": "ADVISORY",
      "url": "https://nvd.nist.gov/vuln/detail/CVE-2020-7220"
    },
    {
      "type": "WEB",
      "url": "https://github.com/hashicorp/vault/blob/master/CHANGELOG.md#132-january-22nd-2020"
    },
    {
      "type": "WEB",
      "url": "https://www.hashicorp.com/blog/category/vault/"
    }
  ],
  "affected": [
    {
      "package": {
        "name": "github.com/hashicorp/vault",
        "ecosystem": "Go",
        "purl": "pkg:golang/github.com/hashicorp/vault"
      },
      "ranges": [
        {
          "type": "SEMVER",
          "events": [
            {
              "introduced": "0.11.0"
            },
            {
              "fixed": "1.3.2"
            }
          ]
        }
      ],
      "database_specific": {
        "source": "https://github.com/github/advisory-database/blob/main/advisories/github-reviewed/2021/07/GHSA-9vh5-r4qw-v3vv/GHSA-9vh5-r4qw-v3vv.json"
      }
    }
  ],
  "schema_version": "1.2.0",
  "severity": [
    {
      "type": "CVSS_V3",
      "score": "CVSS:3.1/AV:N/AC:L/PR:N/UI:N/S:U/C:H/I:N/A:N"
    }
  ]
}