{
  "id": "GHSA-6w87-g839-9wv7",
  "summary": "Helm OCI credentials leaked into Argo CD logs",
  "details": "### Impact\n\nWhen Argo CD was connected to a Helm OCI repository with authentication enabled, the credentials used for accessing the remote repository were logged.\n\nAnyone with access to the pod logs - either via access with appropriate permissions to the Kubernetes control plane or a third party log management system where the logs from Argo CD were aggregated - could have potentially obtained the credentials to the Helm OCI repository.\n\nIf you are using Helm OCI repositories with Argo CD, it is strongly recommended to upgrade Argo CD to the latest patch version and to change the credentials used to access the repositories.\n\n### Patches\n\nA patch for this vulnerability is available with the v1.8.7 and v1.7.14 releases of Argo CD.\n\n### Workarounds\n\nNo workaround available\n\n### References\n\nN/A\n\n### For more information\n\nIf you have any questions or comments about this advisory:\n\n* Open an issue in [the Argo CD issue tracker](https://github.com/argoproj/argo-cd/issues) or [discussions](https://github.com/argoproj/argo-cd/discussions)\n* Join us on [Slack](https://argoproj.github.io/community/join-slack) in channel `#argo-cd`\n\n### Credits\n\nThis vulnerability was found and reported by a third-party who wishes to stay anonymous. We want to thank this third-party for disclosing this vulnerability to us in a responsible manner.",
  "modified": "2021-10-05T16:35:57Z",
  "published": "2021-05-21T14:31:28Z",
  "database_specific": {
    "cwe_ids": [
      "CWE-532"
    ],
    "github_reviewed": true,
    "severity": "MODERATE"
  },
  "references": [
    {
      "type": "WEB",
      "url": "https://github.com/argoproj/argo-cd/security/advisories/GHSA-6w87-g839-9wv7"
    },
    {
      "type": "PACKAGE",
      "url": "https://github.com/argoproj/argo-cd"
    }
  ],
  "affected": [
    {
      "package": {
        "name": "github.com/argoproj/argo-cd",
        "ecosystem": "Go",
        "purl": "pkg:golang/github.com/argoproj/argo-cd"
      },
      "ranges": [
        {
          "type": "SEMVER",
          "events": [
            {
              "introduced": "0"
            },
            {
              "fixed": "1.7.14"
            }
          ]
        }
      ],
      "database_specific": {
        "source": "https://github.com/github/advisory-database/blob/main/advisories/github-reviewed/2021/05/GHSA-6w87-g839-9wv7/GHSA-6w87-g839-9wv7.json"
      }
    },
    {
      "package": {
        "name": "github.com/argoproj/argo-cd",
        "ecosystem": "Go",
        "purl": "pkg:golang/github.com/argoproj/argo-cd"
      },
      "ranges": [
        {
          "type": "SEMVER",
          "events": [
            {
              "introduced": "1.8.0"
            },
            {
              "fixed": "1.8.7"
            }
          ]
        }
      ],
      "database_specific": {
        "source": "https://github.com/github/advisory-database/blob/main/advisories/github-reviewed/2021/05/GHSA-6w87-g839-9wv7/GHSA-6w87-g839-9wv7.json"
      }
    }
  ],
  "schema_version": "1.2.0",
  "severity": [
    {
      "type": "CVSS_V3",
      "score": "CVSS:3.1/AV:L/AC:L/PR:L/UI:R/S:U/C:H/I:H/A:N"
    }
  ]
}