{
  "id": "GHSA-742w-89gc-8m9c",
  "summary": "containerd v1.2.x can be coerced into leaking credentials during image pull",
  "details": "## Impact\n\nIf a container image manifest in the OCI Image format or Docker Image V2 Schema 2 format includes a URL for the location of a specific image layer (otherwise known as a \u201cforeign layer\u201d), the default containerd resolver will follow that URL to attempt to download it. In v1.2.x but not 1.3.0 or later, the default containerd resolver will provide its authentication credentials if the server where the URL is located presents an HTTP 401 status code along with registry-specific HTTP headers.\n\nIf an attacker publishes a public image with a manifest that directs one of the layers to be fetched from a web server they control and they trick a user or system into pulling the image, they can obtain the credentials used for pulling that image. In some cases, this may be the user's username and password for the registry. In other cases, this may be the credentials attached to the cloud virtual instance which can grant access to other cloud resources in the account.\n\nThe default containerd resolver is used by the cri-containerd plugin (which can be used by Kubernetes), the ctr development tool, and other client programs that have explicitly linked against it.\n\nThis vulnerability has been rated by the containerd maintainers as medium, with a CVSS score of 6.1 and a vector string of CVSS:3.1/AV:N/AC:H/PR:N/UI:R/S:C/C:H/I:N/A:N.\n\n## Patches\n\nThis vulnerability has been fixed in containerd 1.2.14.  containerd 1.3 and later are not affected.\n\n## Workarounds\n\nIf you are using containerd 1.3 or later, you are not affected.  If you are using cri-containerd in the 1.2 series or prior, you should ensure you only pull images from trusted sources.  Other container runtimes built on top of containerd but not using the default resolver (such as Docker) are not affected.\n\n## Credits\n\nThe containerd maintainers would like to thank Brad Geesaman, Josh Larsen, Ian Coldwater, Duffie Cooley, and Rory McCune for responsibly disclosing this issue in accordance with the [containerd security policy](https://github.com/containerd/project/blob/master/SECURITY.md).",
  "aliases": [
    "CVE-2020-15157"
  ],
  "modified": "2022-02-11T23:27:39Z",
  "published": "2022-02-11T23:27:39Z",
  "database_specific": {
    "severity": "MODERATE",
    "github_reviewed": true,
    "cwe_ids": [
      "CWE-522"
    ]
  },
  "references": [
    {
      "type": "WEB",
      "url": "https://github.com/containerd/containerd/security/advisories/GHSA-742w-89gc-8m9c"
    },
    {
      "type": "ADVISORY",
      "url": "https://nvd.nist.gov/vuln/detail/CVE-2020-15157"
    },
    {
      "type": "WEB",
      "url": "https://github.com/containerd/containerd/commit/1ead8d9deb3b175bf40413b8c47b3d19c2262726"
    },
    {
      "type": "WEB",
      "url": "https://darkbit.io/blog/cve-2020-15157-containerdrip"
    },
    {
      "type": "WEB",
      "url": "https://github.com/containerd/containerd/releases/tag/v1.2.14"
    },
    {
      "type": "WEB",
      "url": "https://usn.ubuntu.com/4589-1/"
    },
    {
      "type": "WEB",
      "url": "https://usn.ubuntu.com/4589-2/"
    },
    {
      "type": "WEB",
      "url": "https://www.debian.org/security/2021/dsa-4865"
    },
    {
      "type": "PACKAGE",
      "url": "https://github.com/containerd/containerd"
    }
  ],
  "affected": [
    {
      "package": {
        "name": "github.com/containerd/containerd",
        "ecosystem": "Go",
        "purl": "pkg:golang/github.com/containerd/containerd"
      },
      "ranges": [
        {
          "type": "SEMVER",
          "events": [
            {
              "introduced": "0"
            },
            {
              "fixed": "1.2.14"
            }
          ]
        }
      ],
      "database_specific": {
        "source": "https://github.com/github/advisory-database/blob/main/advisories/github-reviewed/2022/02/GHSA-742w-89gc-8m9c/GHSA-742w-89gc-8m9c.json"
      }
    }
  ],
  "schema_version": "1.2.0",
  "severity": [
    {
      "type": "CVSS_V3",
      "score": "CVSS:3.1/AV:N/AC:H/PR:N/UI:R/S:C/C:H/I:N/A:N"
    }
  ]
}