{
  "id": "GHSA-v24h-pjjv-mcp6",
  "summary": "Denial of service in Tendermint",
  "details": "### Description\n\n**Denial of Service 1**\n\nTendermint 0.33.2 and earlier does not limit the number of P2P connection requests. For each p2p connection, Tendermint allocates XXX bytes. Even though this memory is garbage collected once the connection is terminated (due to duplicate IP or reaching a maximum number of inbound peers), temporary memory spikes can lead to OOM (Out-Of-Memory) exceptions. \n\nTendermint 0.33.3 (and 0.32.10) limits the total number of P2P incoming connection requests to to `p2p.max_num_inbound_peers + len(p2p.unconditional_peer_ids)`.\n\nNotes:\n\n- Tendermint does not rate limit P2P connection requests per IP (an attacker can saturate all the inbound slots);\n- Tendermint does not rate limit HTTP(S) requests. If you expose any RPC endpoints to the public, please make sure to put in place some protection (https://www.nginx.com/blog/rate-limiting-nginx/). We may implement this in the future (https://github.com/tendermint/tendermint/issues/1696).\n\n**Denial of Service 2**\n\nTendermint 0.33.2 and earlier does not reclaim `activeID` of a peer after it's removed in `Mempool` reactor. This does not happen all the time. It only happens when a connection fails (for any reason) before the `Peer` is created and added to all reactors. `RemovePeer` is therefore called before `AddPeer`, which leads to always growing memory (`activeIDs` map). The `activeIDs` map has a maximum size of 65535 and the node will panic if this map reaches the maximum. An attacker can create a lot of connection attempts (exploiting Denial of Service 1), which ultimately will lead to the node panicking.\n\nTendermint 0.33.3 (and 0.32.10) claims `activeID` for a peer in `InitPeer`, which is executed before `MConnection` is started.\n\nNotes: \n\n- `InitPeer` function was added to all reactors to combat a similar issue - https://github.com/tendermint/tendermint/issues/3338;\n- Denial of Service 2 is independent of Denial of Service 1 and can be executed without it.\n\n### Impact\n\n- All full nodes (except for validators who are behind closed networks)\n- Node's memory usage increases, then it panics either in the mempool or due to OOM.\n\n### Patches\n\n- v0.33.3\n- v0.32.10\n- v0.31.12\n\n### Workarounds\n\nNo workarounds.\n\n### References\n\n- https://hackerone.com/reports/820317 (not disclosed yet)\n- https://github.com/tendermint/tendermint/issues/3338\n- https://github.com/tendermint/tendermint/issues/1696\n\n### For more information\n\nIf you have any questions or comments about this advisory:\n* Open an issue in [tendermint/tendermint](https://github.com/tendermint/tendermint)\n* Email us at [security@tendermint.com](mailto:security@tendermint.com)\n\nMore information can be found [here](https://tendermint.com/security/).\n\n### Credits\n\n- [fudongbai](https://hackerone.com/fudongbai) for discovering and reporting Denial of Service 2\n- Ethan Buchman (@ebuchman) for writing a test case for Denial of Service 2 and Tess Rinearson (@tessr) for fixing it\n- Anton Kaliaev (@melekes) for fixing Denial of Service 1",
  "aliases": [
    "CVE-2020-5303"
  ],
  "modified": "2021-05-24T21:16:50Z",
  "published": "2021-05-27T18:44:09Z",
  "database_specific": {
    "github_reviewed": true,
    "cwe_ids": [
      "CWE-787",
      "CWE-789"
    ],
    "severity": "LOW"
  },
  "references": [
    {
      "type": "WEB",
      "url": "https://github.com/tendermint/tendermint/security/advisories/GHSA-v24h-pjjv-mcp6"
    },
    {
      "type": "ADVISORY",
      "url": "https://nvd.nist.gov/vuln/detail/CVE-2020-5303"
    },
    {
      "type": "WEB",
      "url": "https://github.com/tendermint/tendermint/issues/1696"
    },
    {
      "type": "WEB",
      "url": "https://github.com/tendermint/tendermint/issues/3338"
    },
    {
      "type": "WEB",
      "url": "https://github.com/tendermint/tendermint/commit/e2d6859afd7dba4cf97c7f7d412e7d8fc908d1cd"
    },
    {
      "type": "WEB",
      "url": "https://hackerone.com/reports/820317"
    },
    {
      "type": "WEB",
      "url": "https://github.com/tendermint/tendermint/blob/master/CHANGELOG.md#denial-of-service-1"
    }
  ],
  "affected": [
    {
      "package": {
        "name": "github.com/tendermint/tendermint/p2p",
        "ecosystem": "Go",
        "purl": "pkg:golang/github.com/tendermint/tendermint/p2p"
      },
      "ranges": [
        {
          "type": "SEMVER",
          "events": [
            {
              "introduced": "0.33.0"
            },
            {
              "fixed": "0.33.3"
            }
          ]
        }
      ],
      "database_specific": {
        "source": "https://github.com/github/advisory-database/blob/main/advisories/github-reviewed/2021/05/GHSA-v24h-pjjv-mcp6/GHSA-v24h-pjjv-mcp6.json"
      }
    },
    {
      "package": {
        "name": "github.com/tendermint/tendermint/p2p",
        "ecosystem": "Go",
        "purl": "pkg:golang/github.com/tendermint/tendermint/p2p"
      },
      "ranges": [
        {
          "type": "SEMVER",
          "events": [
            {
              "introduced": "0"
            },
            {
              "fixed": "0.31.12"
            }
          ]
        }
      ],
      "database_specific": {
        "source": "https://github.com/github/advisory-database/blob/main/advisories/github-reviewed/2021/05/GHSA-v24h-pjjv-mcp6/GHSA-v24h-pjjv-mcp6.json"
      }
    },
    {
      "package": {
        "name": "github.com/tendermint/tendermint/p2p",
        "ecosystem": "Go",
        "purl": "pkg:golang/github.com/tendermint/tendermint/p2p"
      },
      "ranges": [
        {
          "type": "SEMVER",
          "events": [
            {
              "introduced": "0.32.0"
            },
            {
              "fixed": "0.32.10"
            }
          ]
        }
      ],
      "database_specific": {
        "source": "https://github.com/github/advisory-database/blob/main/advisories/github-reviewed/2021/05/GHSA-v24h-pjjv-mcp6/GHSA-v24h-pjjv-mcp6.json"
      }
    }
  ],
  "schema_version": "1.2.0",
  "severity": [
    {
      "type": "CVSS_V3",
      "score": "CVSS:3.1/AV:N/AC:H/PR:N/UI:R/S:U/C:N/I:N/A:L"
    }
  ]
}