{
  "id": "GHSA-rf3m-mhv7-x39f",
  "summary": "Denial of Service in OpenShift Origin",
  "details": "The API server in OpenShift Origin 1.0.5 allows remote attackers to cause a denial of service (master process crash) via crafted JSON data.",
  "aliases": [
    "CVE-2015-5250"
  ],
  "modified": "2021-05-19T22:21:13Z",
  "published": "2021-12-20T16:58:22Z",
  "database_specific": {
    "severity": "MODERATE",
    "github_reviewed": true,
    "cwe_ids": [
      "CWE-20"
    ]
  },
  "references": [
    {
      "type": "ADVISORY",
      "url": "https://nvd.nist.gov/vuln/detail/CVE-2015-5250"
    },
    {
      "type": "WEB",
      "url": "https://github.com/openshift/origin/issues/4374"
    },
    {
      "type": "WEB",
      "url": "https://github.com/openshift/origin/commit/dace5075e31b74703e944b6b3ebe8836be8d1b9a"
    },
    {
      "type": "WEB",
      "url": "https://access.redhat.com/errata/RHSA-2015:1736"
    },
    {
      "type": "WEB",
      "url": "https://bugzilla.redhat.com/show_bug.cgi?id=1259867"
    },
    {
      "type": "WEB",
      "url": "https://web.nvd.nist.gov/view/vuln/detail?vulnId=CVE-2015-5250"
    }
  ],
  "affected": [
    {
      "package": {
        "name": "github.com/openshift/origin",
        "ecosystem": "Go",
        "purl": "pkg:golang/github.com/openshift/origin"
      },
      "ranges": [
        {
          "type": "SEMVER",
          "events": [
            {
              "introduced": "0"
            },
            {
              "fixed": "1.0.6"
            }
          ]
        }
      ],
      "database_specific": {
        "source": "https://github.com/github/advisory-database/blob/main/advisories/github-reviewed/2021/12/GHSA-rf3m-mhv7-x39f/GHSA-rf3m-mhv7-x39f.json"
      }
    }
  ],
  "schema_version": "1.2.0",
  "severity": [
    {
      "type": "CVSS_V3",
      "score": "CVSS:3.1/AV:N/AC:L/PR:L/UI:N/S:U/C:N/I:N/A:L"
    }
  ]
}