{
  "id": "GHSA-wx8q-rgfr-cf6v",
  "summary": "Insufficient Granularity of Access Control in github.com/google/exposure-notifications-verification-server",
  "details": "### Impact\nUsers or API keys with permission to expire verification codes could have expired codes that belonged to another realm if they guessed the UUID.\n\n### Patches\nv1.1.2+\n\n### Workarounds\nThere are no workarounds, and there are no indications this has been exploited in the wild. Verification codes can only be expired by providing their 64-bit UUID, and verification codes are already valid for a very short period of time (thus the UUID rotates frequently).\n\n### For more information\nContact exposure-notifications-feedback@google.com",
  "aliases": [
    "CVE-2021-22565"
  ],
  "modified": "2021-12-10T18:30:24Z",
  "published": "2021-11-10T18:20:11Z",
  "database_specific": {
    "github_reviewed": true,
    "cwe_ids": [
      "CWE-1220",
      "CWE-732"
    ],
    "severity": "MODERATE"
  },
  "references": [
    {
      "type": "WEB",
      "url": "https://github.com/google/exposure-notifications-verification-server/security/advisories/GHSA-wx8q-rgfr-cf6v"
    },
    {
      "type": "ADVISORY",
      "url": "https://nvd.nist.gov/vuln/detail/CVE-2021-22565"
    },
    {
      "type": "WEB",
      "url": "https://github.com/google/exposure-notifications-verification-server/releases/tag/v1.1.2"
    },
    {
      "type": "PACKAGE",
      "url": "https://github.com/google/exposure-notifications-verification-server/"
    }
  ],
  "affected": [
    {
      "package": {
        "name": "github.com/google/exposure-notifications-verification-server",
        "ecosystem": "Go",
        "purl": "pkg:golang/github.com/google/exposure-notifications-verification-server"
      },
      "ranges": [
        {
          "type": "SEMVER",
          "events": [
            {
              "introduced": "0"
            },
            {
              "fixed": "1.1.2"
            }
          ]
        }
      ],
      "database_specific": {
        "source": "https://github.com/github/advisory-database/blob/main/advisories/github-reviewed/2021/11/GHSA-wx8q-rgfr-cf6v/GHSA-wx8q-rgfr-cf6v.json"
      }
    }
  ],
  "schema_version": "1.2.0",
  "severity": [
    {
      "type": "CVSS_V3",
      "score": "CVSS:3.1/AV:N/AC:L/PR:N/UI:N/S:U/C:N/I:L/A:L"
    }
  ]
}