{
  "id": "GHSA-86f3-hf24-76q4",
  "summary": "Use of Hard-coded Cryptographic Key in Netmaker",
  "details": "### Impact\nThere is a hard-coded cryptographic key in the code base which can be exploited to run admin commands on a remote server, if you know the address and username of the admin. This effects the server (netmaker) component, and not clients.\n\n### Patches\nThis has been patched in Netmaker v0.8.5, v0.9.4, and v0.10.0. If you are running these versions, the fix is to perform the following:\n\n1. docker-compose down\n2. docker pull gravitl/netmaker:( version )\n3. docker-compose up -d\n\n#### Additional Information\nIf you are running **any other version**, you will need to upgrade to one of these three versions. If you have a special circumstance that requires running a different version, let us know and we may be able to build a custom patch.\n\n### For more information\nIf you have any questions or comments about this advisory:\n* Email us at [info@gravitl.com](mailto:info@gravitl.com)\n",
  "aliases": [
    "CVE-2022-23650"
  ],
  "modified": "2022-02-22T19:40:23Z",
  "published": "2022-02-22T19:40:23Z",
  "database_specific": {
    "github_reviewed": true,
    "cwe_ids": [
      "CWE-321"
    ],
    "severity": "HIGH"
  },
  "references": [
    {
      "type": "WEB",
      "url": "https://github.com/gravitl/netmaker/security/advisories/GHSA-86f3-hf24-76q4"
    },
    {
      "type": "ADVISORY",
      "url": "https://nvd.nist.gov/vuln/detail/CVE-2022-23650"
    },
    {
      "type": "WEB",
      "url": "https://github.com/gravitl/netmaker/pull/781/commits/1bec97c662670dfdab804343fc42ae4b1d050a87"
    },
    {
      "type": "WEB",
      "url": "https://github.com/gravitl/netmaker/commit/3d4f44ecfe8be4ca38920556ba3b90502ffb4fee"
    },
    {
      "type": "WEB",
      "url": "https://github.com/gravitl/netmaker/commit/e9bce264719f88c30e252ecc754d08f422f4c080"
    },
    {
      "type": "PACKAGE",
      "url": "https://github.com/gravitl/netmaker"
    }
  ],
  "affected": [
    {
      "package": {
        "name": "github.com/gravitl/netmaker",
        "ecosystem": "Go",
        "purl": "pkg:golang/github.com/gravitl/netmaker"
      },
      "ranges": [
        {
          "type": "SEMVER",
          "events": [
            {
              "introduced": "0"
            },
            {
              "fixed": "0.8.5"
            }
          ]
        }
      ],
      "database_specific": {
        "source": "https://github.com/github/advisory-database/blob/main/advisories/github-reviewed/2022/02/GHSA-86f3-hf24-76q4/GHSA-86f3-hf24-76q4.json"
      }
    },
    {
      "package": {
        "name": "github.com/gravitl/netmaker",
        "ecosystem": "Go",
        "purl": "pkg:golang/github.com/gravitl/netmaker"
      },
      "ranges": [
        {
          "type": "SEMVER",
          "events": [
            {
              "introduced": "0.9.0"
            },
            {
              "fixed": "0.9.4"
            }
          ]
        }
      ],
      "database_specific": {
        "source": "https://github.com/github/advisory-database/blob/main/advisories/github-reviewed/2022/02/GHSA-86f3-hf24-76q4/GHSA-86f3-hf24-76q4.json"
      }
    }
  ],
  "schema_version": "1.2.0",
  "severity": [
    {
      "type": "CVSS_V3",
      "score": "CVSS:3.1/AV:N/AC:L/PR:H/UI:N/S:U/C:H/I:H/A:H"
    }
  ]
}