{
  "id": "GHSA-gwj5-3vfq-q992",
  "summary": "Import loops in account imports, nats-server DoS",
  "details": "(This advisory is canonically <https://advisories.nats.io/CVE/CVE-2020-28466.txt>)\n\n## Problem Description\n\nAn export/import cycle between accounts could crash the nats-server, after consuming CPU and memory.\n\nThis issue was fixed publicly in <https://github.com/nats-io/nats-server/pull/1731> in November 2020.\n\nThe need to call this out as a security issue was highlighted by `snyk.io` and we are grateful for their assistance in doing so.\n\nOrganizations which run a NATS service providing access to accounts run by untrusted third parties are affected.\nSee below for an important caveat if running such a service.\n\n\n## Affected versions\n\n#### NATS Server\n\n * Version 2 prior to 2.2.0\n   + 2.0.0 through and including 2.1.9 are vulnerable.\n * fixed with nats-io/nats-server PR 1731, commit 2e3c226729\n\n\n## Impact\n\nThe nats-server could be killed, after consuming resources.\n\n\n## Workaround\n\nThe import cycle requires at least two accounts to work; if you have open account sign-up, then restricting new account sign-up might hinder an attacker.\n\n\n## Solution\n\nUpgrade the nats-server.\n\n\n## Caveat on NATS with untrusted users\n\nRunning a NATS service which is exposed to untrusted users presents a heightened risk.\n\nAny remote execution flaw or equivalent seriousness, or denial-of-service by unauthenticated users, will lead to prompt releases by the NATS maintainers.\n\nFixes for denial of service issues with no threat of remote execution, when limited to account holders, are likely to just be committed to the main development branch with no special attention.\n\nThose who are running such services are encouraged to build regularly from git.",
  "modified": "2021-05-20T21:07:16Z",
  "published": "2021-05-21T16:22:16Z",
  "database_specific": {
    "github_reviewed": true,
    "cwe_ids": [
      "CWE-400"
    ],
    "severity": "LOW"
  },
  "references": [
    {
      "type": "WEB",
      "url": "https://github.com/nats-io/nats-server/security/advisories/GHSA-gwj5-3vfq-q992"
    }
  ],
  "affected": [
    {
      "package": {
        "name": "github.com/nats-io/nats-server/v2",
        "ecosystem": "Go",
        "purl": "pkg:golang/github.com/nats-io/nats-server/v2"
      },
      "ranges": [
        {
          "type": "SEMVER",
          "events": [
            {
              "introduced": "0"
            },
            {
              "fixed": "2.2.0"
            }
          ]
        }
      ],
      "database_specific": {
        "source": "https://github.com/github/advisory-database/blob/main/advisories/github-reviewed/2021/05/GHSA-gwj5-3vfq-q992/GHSA-gwj5-3vfq-q992.json"
      }
    }
  ],
  "schema_version": "1.2.0",
  "severity": [
    {
      "type": "CVSS_V3",
      "score": "CVSS:3.1/AV:N/AC:L/PR:N/UI:N/S:U/C:N/I:N/A:H"
    }
  ]
}