{
  "id": "GHSA-5mv9-q7fq-9394",
  "summary": "Action Commands (run/shell/exec) Against Library URIs Ignore Configured Remote Endpoint",
  "details": "### Impact\n\nDue to incorrect use of a default URL, `singularity` action commands (`run`/`shell`/`exec`) specifying a container using a `library://` URI will always attempt to retrieve the container from the default remote endpoint (`cloud.sylabs.io`) rather than the configured remote endpoint.\n\nAn attacker may be able to push a malicious container to the default remote endpoint with a URI that is identical to the URI used by a victim with a non-default remote endpoint, thus executing the malicious container.\n\nOnly action commands (`run`/`shell`/`exec`) against `library://` URIs are affected. Other commands such as `pull` / `push` respect the configured remote endpoint.\n\n### Patches\n\nAll users should upgrade to Singularity 3.7.4 or later.\n\n### Workarounds\n\nUsers who only interact with the default remote endpoint are not affected.\n\nInstallations with an execution control list configured to restrict execution to containers signed with specific secure keys are not affected.\n\n### For more information\n\nGeneral questions about the impact of the advisory can be asked in the:\n\n- [SingularityCE Slack Channel](https://singularityce.slack.com)\n- [SingularityCE Mailing List](https://groups.google.com/g/singularity-ce)\n\nAny sensitive security concerns should be directed to: security@sylabs.io\n\nSee our Security Policy here: https://sylabs.io/security-policy",
  "aliases": [
    "CVE-2021-32635"
  ],
  "modified": "2021-05-28T20:04:35Z",
  "published": "2021-06-01T21:21:01Z",
  "database_specific": {
    "severity": "MODERATE",
    "github_reviewed": true,
    "cwe_ids": [
      "CWE-20"
    ]
  },
  "references": [
    {
      "type": "WEB",
      "url": "https://github.com/hpcng/singularity/security/advisories/GHSA-jq42-hfch-42f3"
    },
    {
      "type": "WEB",
      "url": "https://github.com/sylabs/singularity/security/advisories/GHSA-5mv9-q7fq-9394"
    },
    {
      "type": "ADVISORY",
      "url": "https://nvd.nist.gov/vuln/detail/CVE-2021-32635"
    },
    {
      "type": "WEB",
      "url": "https://github.com/sylabs/singularity/releases/tag/v3.7.4"
    }
  ],
  "affected": [
    {
      "package": {
        "name": "github.com/sylabs/singularity",
        "ecosystem": "Go",
        "purl": "pkg:golang/github.com/sylabs/singularity"
      },
      "ranges": [
        {
          "type": "SEMVER",
          "events": [
            {
              "introduced": "3.7.2"
            },
            {
              "fixed": "3.7.4"
            }
          ]
        }
      ],
      "database_specific": {
        "source": "https://github.com/github/advisory-database/blob/main/advisories/github-reviewed/2021/06/GHSA-5mv9-q7fq-9394/GHSA-5mv9-q7fq-9394.json"
      }
    }
  ],
  "schema_version": "1.2.0",
  "severity": [
    {
      "type": "CVSS_V3",
      "score": "CVSS:3.1/AV:N/AC:L/PR:N/UI:R/S:U/C:L/I:L/A:L"
    }
  ]
}