{
  "id": "GHSA-5684-g483-2249",
  "summary": "Signature Validation Bypass",
  "details": "### Impact\nGiven a valid SAML Response, an attacker can potentially modify the document, bypassing signature validation in order to pass off the altered document as a signed one.\n\nThis enables a variety of attacks, including users accessing accounts other than the one to which they authenticated in the identity provider, or full authentication bypass if an external attacker can obtain an expired, signed SAML Response.\n\n### Patches\nA patch is available, users of gosaml2 should upgrade to v0.5.0 or higher.\n\n### References\nSee the [underlying advisory on goxmldsig](https://github.com/russellhaering/goxmldsig/security/advisories/GHSA-q547-gmf8-8jr7) for more details.",
  "modified": "2021-10-05T17:07:09Z",
  "published": "2021-05-24T16:59:47Z",
  "database_specific": {
    "severity": "CRITICAL",
    "cwe_ids": [
      "CWE-347"
    ],
    "github_reviewed": true
  },
  "references": [
    {
      "type": "WEB",
      "url": "https://github.com/russellhaering/gosaml2/security/advisories/GHSA-5684-g483-2249"
    },
    {
      "type": "PACKAGE",
      "url": "https://github.com/russellhaering/gosaml2"
    }
  ],
  "affected": [
    {
      "package": {
        "name": "github.com/russellhaering/gosaml2",
        "ecosystem": "Go",
        "purl": "pkg:golang/github.com/russellhaering/gosaml2"
      },
      "ranges": [
        {
          "type": "SEMVER",
          "events": [
            {
              "introduced": "0"
            },
            {
              "fixed": "0.5.0"
            }
          ]
        }
      ],
      "database_specific": {
        "source": "https://github.com/github/advisory-database/blob/main/advisories/github-reviewed/2021/05/GHSA-5684-g483-2249/GHSA-5684-g483-2249.json"
      }
    }
  ],
  "schema_version": "1.2.0"
}