{
  "id": "GHSA-5r2v-6gm6-vpvh",
  "summary": "Insecure Permissions in Gogs",
  "details": "routes/api/v1/api.go in Gogs 0.11.86 lacks permission checks for routes: deploy keys, collaborators, and hooks.",
  "aliases": [
    "CVE-2019-14544"
  ],
  "modified": "2021-05-17T16:36:54Z",
  "published": "2021-05-18T17:33:58Z",
  "database_specific": {
    "cwe_ids": [
      "CWE-200"
    ],
    "severity": "CRITICAL",
    "github_reviewed": true
  },
  "references": [
    {
      "type": "ADVISORY",
      "url": "https://nvd.nist.gov/vuln/detail/CVE-2019-14544"
    },
    {
      "type": "WEB",
      "url": "https://github.com/gogs/gogs/issues/5764"
    },
    {
      "type": "WEB",
      "url": "https://github.com/gogs/gogs/commit/c3af3ff1d0484de3bd789ee6c6e47f35d590e945"
    }
  ],
  "affected": [
    {
      "package": {
        "name": "gogs.io/gogs",
        "ecosystem": "Go",
        "purl": "pkg:golang/gogs.io/gogs"
      },
      "ranges": [
        {
          "type": "SEMVER",
          "events": [
            {
              "introduced": "0"
            },
            {
              "fixed": "0.11.91"
            }
          ]
        }
      ],
      "database_specific": {
        "source": "https://github.com/github/advisory-database/blob/main/advisories/github-reviewed/2021/05/GHSA-5r2v-6gm6-vpvh/GHSA-5r2v-6gm6-vpvh.json"
      }
    }
  ],
  "schema_version": "1.2.0",
  "severity": [
    {
      "type": "CVSS_V3",
      "score": "CVSS:3.1/AV:N/AC:L/PR:N/UI:N/S:U/C:H/I:H/A:H"
    }
  ]
}