{
  "id": "GHSA-mvff-h3cj-wj9c",
  "summary": "Unprivileged pod using `hostPath` can side-step active LSM when it is SELinux",
  "details": "### Impact\n\nContainers launched through containerd\u2019s CRI implementation on Linux systems which use the SELinux security module and containerd versions since v1.5.0 can cause arbitrary files and directories on the host to be relabeled to match the container process label through the use of specially-configured bind mounts in a hostPath volume. This relabeling elevates permissions for the container, granting full read/write access over the affected files and directories. Kubernetes and crictl can both be configured to use containerd\u2019s CRI implementation.\n\nIf you are not using containerd\u2019s CRI implementation (through one of the mechanisms described above), you are not affected by this issue.\n\n### Patches\n\nThis bug has been fixed in containerd 1.5.9.  Because file labels persist independently of containerd, users should both update to these versions as soon as they are released and validate that all files on their host are correctly labeled.\n\n### Workarounds\n\nEnsure that no sensitive files or directories are used as a hostPath volume source location.  Policy enforcement mechanisms such a Kubernetes Pod Security Policy [AllowedHostPaths](https://kubernetes.io/docs/concepts/policy/pod-security-policy/#volumes-and-file-systems) may be specified to limit the files and directories that can be bind-mounted to containers.\n\n### For more information\n\nIf you have any questions or comments about this advisory:\n\n* Open an issue in [containerd](https://github.com/containerd/containerd/issues/new/choose)\n* Email us at [security@containerd.io](mailto:security@containerd.io)",
  "aliases": [
    "CVE-2021-43816"
  ],
  "modified": "2022-02-16T22:03:34Z",
  "published": "2022-01-06T17:36:59Z",
  "database_specific": {
    "severity": "HIGH",
    "cwe_ids": [
      "CWE-281"
    ],
    "github_reviewed": true
  },
  "references": [
    {
      "type": "WEB",
      "url": "https://github.com/containerd/containerd/security/advisories/GHSA-mvff-h3cj-wj9c"
    },
    {
      "type": "ADVISORY",
      "url": "https://nvd.nist.gov/vuln/detail/CVE-2021-43816"
    },
    {
      "type": "WEB",
      "url": "https://github.com/containerd/containerd/issues/6194"
    },
    {
      "type": "WEB",
      "url": "https://github.com/containerd/containerd/commit/a731039238c62be081eb8c31525b988415745eea"
    },
    {
      "type": "WEB",
      "url": "https://github.com/dweomer/containerd/commit/f7f08f0e34fb97392b0d382e58916d6865100299"
    },
    {
      "type": "WEB",
      "url": "https://lists.fedoraproject.org/archives/list/package-announce@lists.fedoraproject.org/message/GD5GH7NMK5VJMA2Y5CYB5O5GTPYMWMLX/"
    },
    {
      "type": "WEB",
      "url": "https://lists.fedoraproject.org/archives/list/package-announce@lists.fedoraproject.org/message/MPDIZMI7ZPERSZE2XO265UCK5IWM7CID/"
    },
    {
      "type": "PACKAGE",
      "url": "https://github.com/containerd/containerd"
    }
  ],
  "affected": [
    {
      "package": {
        "name": "github.com/containerd/containerd",
        "ecosystem": "Go",
        "purl": "pkg:golang/github.com/containerd/containerd"
      },
      "ranges": [
        {
          "type": "SEMVER",
          "events": [
            {
              "introduced": "1.5.0"
            },
            {
              "fixed": "1.5.9"
            }
          ]
        }
      ],
      "database_specific": {
        "source": "https://github.com/github/advisory-database/blob/main/advisories/github-reviewed/2022/01/GHSA-mvff-h3cj-wj9c/GHSA-mvff-h3cj-wj9c.json"
      }
    }
  ],
  "schema_version": "1.2.0",
  "severity": [
    {
      "type": "CVSS_V3",
      "score": "CVSS:3.1/AV:N/AC:H/PR:H/UI:N/S:C/C:H/I:H/A:H"
    }
  ]
}