{
  "id": "GHSA-j9wf-vvm6-4r9w",
  "summary": "Unverified Ownership in Kubernetes",
  "details": "Kubernetes API server in all versions allow an attacker who is able to create a ClusterIP service and set the spec.externalIPs field, to intercept traffic to that IP address. Additionally, an attacker who is able to patch the status (which is considered a privileged operation and should not typically be granted to users) of a LoadBalancer service can set the status.loadBalancer.ingress.ip to similar effect.",
  "aliases": [
    "CVE-2020-8554"
  ],
  "modified": "2022-02-08T21:50:34Z",
  "published": "2022-02-08T21:50:34Z",
  "database_specific": {
    "github_reviewed": true,
    "severity": "MODERATE",
    "cwe_ids": [
      "CWE-283",
      "CWE-863"
    ]
  },
  "references": [
    {
      "type": "ADVISORY",
      "url": "https://nvd.nist.gov/vuln/detail/CVE-2020-8554"
    },
    {
      "type": "WEB",
      "url": "https://github.com/kubernetes/kubernetes/issues/97076"
    },
    {
      "type": "WEB",
      "url": "https://github.com/kubernetes/kubernetes/issues/97110"
    },
    {
      "type": "WEB",
      "url": "https://groups.google.com/g/kubernetes-security-announce/c/iZWsF9nbKE8"
    },
    {
      "type": "WEB",
      "url": "https://lists.apache.org/thread.html/r0c76b3d0be348f788cd947054141de0229af00c540564711e828fd40@%3Ccommits.druid.apache.org%3E"
    },
    {
      "type": "WEB",
      "url": "https://lists.apache.org/thread.html/r1975078e44d96f2a199aa90aa874b57a202eaf7f25f2fde6d1c44942@%3Ccommits.druid.apache.org%3E"
    },
    {
      "type": "WEB",
      "url": "https://lists.apache.org/thread.html/rcafa485d63550657f068775801aeb706b7a07140a8ebbdef822b3bb3@%3Ccommits.druid.apache.org%3E"
    },
    {
      "type": "WEB",
      "url": "https://lists.apache.org/thread.html/rdb223e1b82e3d7d8e4eaddce8dd1ab87252e3935cc41c859f49767b6@%3Ccommits.druid.apache.org%3E"
    },
    {
      "type": "WEB",
      "url": "https://www.oracle.com//security-alerts/cpujul2021.html"
    },
    {
      "type": "WEB",
      "url": "https://www.oracle.com/security-alerts/cpujan2022.html"
    }
  ],
  "affected": [
    {
      "package": {
        "name": "k8s.io/kubernetes",
        "ecosystem": "Go",
        "purl": "pkg:golang/k8s.io/kubernetes"
      },
      "ranges": [
        {
          "type": "SEMVER",
          "events": [
            {
              "introduced": "0"
            }
          ]
        }
      ],
      "database_specific": {
        "source": "https://github.com/github/advisory-database/blob/main/advisories/github-reviewed/2022/02/GHSA-j9wf-vvm6-4r9w/GHSA-j9wf-vvm6-4r9w.json",
        "last_known_affected_version_range": "<= 1.22.0"
      }
    }
  ],
  "schema_version": "1.2.0",
  "severity": [
    {
      "type": "CVSS_V3",
      "score": "CVSS:3.0/AV:N/AC:L/PR:L/UI:N/S:U/C:L/I:L/A:L"
    }
  ]
}