{
  "id": "GHSA-qmmc-jppf-32wv",
  "summary": "Directory Traversal in Docker",
  "details": "Docker before 1.3.3 does not properly validate image IDs, which allows remote attackers to conduct path traversal attacks and spoof repositories via a crafted image in a (1) \"docker load\" operation or (2) \"registry communications.\"",
  "aliases": [
    "CVE-2014-9358"
  ],
  "modified": "2021-05-20T21:02:14Z",
  "published": "2022-02-15T00:41:14Z",
  "database_specific": {
    "cwe_ids": [
      "CWE-59"
    ],
    "github_reviewed": true,
    "severity": "MODERATE"
  },
  "references": [
    {
      "type": "ADVISORY",
      "url": "https://nvd.nist.gov/vuln/detail/CVE-2014-9358"
    },
    {
      "type": "WEB",
      "url": "https://access.redhat.com/security/cve/cve-2014-9358"
    },
    {
      "type": "WEB",
      "url": "https://groups.google.com/forum/#!msg/docker-user/nFAz-B-n4Bw/0wr3wvLsnUwJ"
    },
    {
      "type": "WEB",
      "url": "https://groups.google.com/forum/#%21msg/docker-user/nFAz-B-n4Bw/0wr3wvLsnUwJ"
    },
    {
      "type": "WEB",
      "url": "https://web.nvd.nist.gov/view/vuln/detail?vulnId=CVE-2014-9358"
    },
    {
      "type": "WEB",
      "url": "http://www.securityfocus.com/archive/1/534215/100/0/threaded"
    }
  ],
  "affected": [
    {
      "package": {
        "name": "github.com/docker/docker",
        "ecosystem": "Go",
        "purl": "pkg:golang/github.com/docker/docker"
      },
      "ranges": [
        {
          "type": "SEMVER",
          "events": [
            {
              "introduced": "0"
            },
            {
              "fixed": "1.3.2"
            }
          ]
        }
      ],
      "database_specific": {
        "source": "https://github.com/github/advisory-database/blob/main/advisories/github-reviewed/2022/02/GHSA-qmmc-jppf-32wv/GHSA-qmmc-jppf-32wv.json"
      }
    }
  ],
  "schema_version": "1.2.0",
  "severity": [
    {
      "type": "CVSS_V3",
      "score": "CVSS:3.1/AV:N/AC:L/PR:N/UI:N/S:U/C:L/I:L/A:N"
    }
  ]
}