{
  "id": "GHSA-h2x7-2ff6-v32p",
  "summary": "Incorrect routing of some HTTP requests when using httpauth",
  "details": "### Impact\nIncorrect routing of some HTTP requests when using httpauth\n\n### Patches\nUpgrade to version 0.7.2 for fix\n\n### Workarounds\nNone\n\n### References\nNone\n\n### For more information\nIf you have any questions or comments about this advisory:\n* Email us at [nbosscher@blue-giraffe.ca](mailto:nbosscher@blue-giraffe.ca)",
  "modified": "2021-05-21T22:08:26Z",
  "published": "2022-02-11T23:39:57Z",
  "database_specific": {
    "severity": "HIGH",
    "cwe_ids": [],
    "github_reviewed": true
  },
  "references": [
    {
      "type": "WEB",
      "url": "https://github.com/ntbosscher/gobase/security/advisories/GHSA-h2x7-2ff6-v32p"
    }
  ],
  "affected": [
    {
      "package": {
        "name": "github.com/ntbosscher/gobase/auth/httpauth",
        "ecosystem": "Go",
        "purl": "pkg:golang/github.com/ntbosscher/gobase/auth/httpauth"
      },
      "ranges": [
        {
          "type": "SEMVER",
          "events": [
            {
              "introduced": "0"
            },
            {
              "fixed": "0.7.2"
            }
          ]
        }
      ],
      "database_specific": {
        "source": "https://github.com/github/advisory-database/blob/main/advisories/github-reviewed/2022/02/GHSA-h2x7-2ff6-v32p/GHSA-h2x7-2ff6-v32p.json",
        "last_known_affected_version_range": "< 0.7.1"
      }
    }
  ],
  "schema_version": "1.2.0"
}