{
  "id": "GHSA-6jqj-f58p-mrw3",
  "summary": "Denial of Service in TenderMint",
  "details": "### Description\n\n**Denial of Service**\n\nTendermint 0.33.0 and above allow block proposers to include signatures for the wrong block. This may happen naturally if you start a network, have it run for some time and restart it without changing the chainID. (It is a [misconfiguration](https://docs.tendermint.com/master/tendermint-core/using-tendermint.html) to reuse chainIDs.) Correct block proposers will accidentally include signatures for the wrong block if they see these signatures, and then commits won't validate, making all proposed blocks invalid. A malicious validator (even with a minimal amount of stake) can use this vulnerability to completely halt the network.\n\nTendermint 0.33.6 checks all the signatures are for the block with +2/3 majority before creating a commit.\n\n**False Witness**\n\nTendermint 0.33.1 and above are no longer fully verifying commit signatures during block execution - they stop after +2/3. This means proposers can propose blocks that contain valid +2/3 signatures and then the rest of the signatures can be whatever they want. They can claim that all the other validators signed just by including a CommitSig with arbitrary signature data. While this doesn't seem to impact safety of Tendermint per se, it means that Commits may contain a lot of invalid data **.\n\n_** This was already true of blocks, since they could include invalid txs filled with garbage, but in that case the application knew that they are invalid and could punish the proposer. But since applications didn't--and don't-- verify commit signatures directly (they trust Tendermint to do that), they won't be able to detect it._\n\nThis can impact incentivization logic in the application that depends on the LastCommitInfo sent in BeginBlock, which includes which validators signed. For instance, Gaia incentivizes proposers with a bonus for including more than +2/3 of the signatures. But a proposer can now claim that bonus just by including arbitrary data for the final -1/3 of validators without actually waiting for their signatures. There may be other tricks that can be played because of this.\n\nTendermint 0.33.6 verifies all the signatures during block execution ***.\n\n_*** Please note that the light client does not check nil votes and exits as soon as 2/3+ of the signatures are checked._\n\n### Impact\n\n- All nodes\n- The network stops due to having a commit with a wrong signature.\n\n### Patches\n\n- v0.33.6\n\n### Workarounds\n\nNo workarounds.\n\n### References\n\n- https://github.com/tendermint/tendermint/issues/4926\n\n### For more information\n\nIf you have any questions or comments about this advisory:\n* Open an issue in [tendermint/tendermint](https://github.com/tendermint/tendermint)\n* Email us at [security@tendermint.com](mailto:security@tendermint.com)\n\nMore information can be found [here](https://tendermint.com/security/).",
  "aliases": [
    "CVE-2020-15091"
  ],
  "modified": "2021-05-24T20:49:56Z",
  "published": "2021-12-20T18:17:33Z",
  "database_specific": {
    "github_reviewed": true,
    "cwe_ids": [
      "CWE-347"
    ],
    "severity": "MODERATE"
  },
  "references": [
    {
      "type": "WEB",
      "url": "https://github.com/tendermint/tendermint/security/advisories/GHSA-6jqj-f58p-mrw3"
    },
    {
      "type": "ADVISORY",
      "url": "https://nvd.nist.gov/vuln/detail/CVE-2020-15091"
    },
    {
      "type": "WEB",
      "url": "https://github.com/tendermint/tendermint/issues/4926"
    },
    {
      "type": "WEB",
      "url": "https://github.com/tendermint/tendermint/commit/480b995a31727593f58b361af979054d17d84340"
    }
  ],
  "affected": [
    {
      "package": {
        "name": "github.com/tendermint/tendermint",
        "ecosystem": "Go",
        "purl": "pkg:golang/github.com/tendermint/tendermint"
      },
      "ranges": [
        {
          "type": "SEMVER",
          "events": [
            {
              "introduced": "0.33.0"
            },
            {
              "fixed": "0.33.6"
            }
          ]
        }
      ],
      "database_specific": {
        "source": "https://github.com/github/advisory-database/blob/main/advisories/github-reviewed/2021/12/GHSA-6jqj-f58p-mrw3/GHSA-6jqj-f58p-mrw3.json"
      }
    }
  ],
  "schema_version": "1.2.0",
  "severity": [
    {
      "type": "CVSS_V3",
      "score": "CVSS:3.1/AV:N/AC:L/PR:L/UI:N/S:U/C:N/I:N/A:H"
    }
  ]
}