{
  "id": "GHSA-9856-9gg9-qcmq",
  "summary": "Consensus flaw during block processing",
  "details": "### Impact\n\nA vulnerability in the Geth EVM could cause a node to reject the canonical chain. \n\n### Description \n\nA memory-corruption bug within the EVM can cause a consensus error, where vulnerable nodes obtain a different `stateRoot` when processing a maliciously crafted transaction. This, in turn, would lead to the chain being split in two forks.\n\nAll Geth versions supporting the London hard fork are vulnerable (which predates London), so all users should update.\n\nThis bug was exploited on Mainnet at block 13107518, leading to a minority chain split. \n\n### Patches\n\nA patch is included in the `v1.10.8` release.\nThe exact patch to fix the issue is contained within this [commit](https://github.com/ethereum/go-ethereum/pull/23381/commits/4d4879cafd1b3c906fc184a8c4a357137465128f)\n\n### Workarounds\n\nNo workarounds exist, save to update and/or apply the patch commit. \n\n### References. \n\nPost-mortem [write-up](https://github.com/ethereum/go-ethereum/blob/master/docs/postmortems/2021-08-22-split-postmortem.md).\n\n### Credits\n\nThe bug was found by @guidovranken (working for [Sentnl](https://sentnl.io/) during an audit of the [Telos EVM](https://www.telos.net/evm)) and reported via bounty@ethereum.org.\n\n### For more information\nIf you have any questions or comments about this advisory:\n\n* Open an issue in [go-ethereum](https://github.com/ethereum/go-ethereum/)\n* Email us at [security@ethereum.org](mailto:security@ethereum.org)\n",
  "aliases": [
    "CVE-2021-39137"
  ],
  "modified": "2021-09-07T17:41:48Z",
  "published": "2021-08-30T16:15:41Z",
  "database_specific": {
    "severity": "MODERATE",
    "github_reviewed": true,
    "cwe_ids": [
      "CWE-436"
    ]
  },
  "references": [
    {
      "type": "WEB",
      "url": "https://github.com/ethereum/go-ethereum/security/advisories/GHSA-9856-9gg9-qcmq"
    },
    {
      "type": "ADVISORY",
      "url": "https://nvd.nist.gov/vuln/detail/CVE-2021-39137"
    },
    {
      "type": "WEB",
      "url": "https://github.com/ethereum/go-ethereum/releases/tag/v1.10.8"
    },
    {
      "type": "PACKAGE",
      "url": "https://github.com/ethereum/go-ethereum"
    }
  ],
  "affected": [
    {
      "package": {
        "name": "github.com/ethereum/go-ethereum",
        "ecosystem": "Go",
        "purl": "pkg:golang/github.com/ethereum/go-ethereum"
      },
      "ranges": [
        {
          "type": "SEMVER",
          "events": [
            {
              "introduced": "1.10.0"
            },
            {
              "fixed": "1.10.8"
            }
          ]
        }
      ],
      "database_specific": {
        "source": "https://github.com/github/advisory-database/blob/main/advisories/github-reviewed/2021/08/GHSA-9856-9gg9-qcmq/GHSA-9856-9gg9-qcmq.json"
      }
    }
  ],
  "schema_version": "1.2.0",
  "severity": [
    {
      "type": "CVSS_V3",
      "score": "CVSS:3.1/AV:N/AC:L/PR:L/UI:N/S:U/C:N/I:N/A:H"
    }
  ]
}