{
  "id": "GHSA-cf55-rq8x-hm6f",
  "summary": "Path Traversal in Dutchcoders transfer.sh",
  "details": "Dutchcoders transfer.sh before 1.2.4 allows Directory Traversal for deleting files.",
  "aliases": [
    "CVE-2021-33497"
  ],
  "modified": "2021-05-28T18:00:48Z",
  "published": "2021-06-29T21:25:33Z",
  "database_specific": {
    "severity": "CRITICAL",
    "github_reviewed": true,
    "cwe_ids": [
      "CWE-22"
    ]
  },
  "references": [
    {
      "type": "ADVISORY",
      "url": "https://nvd.nist.gov/vuln/detail/CVE-2021-33497"
    },
    {
      "type": "WEB",
      "url": "https://github.com/dutchcoders/transfer.sh/pull/373"
    },
    {
      "type": "WEB",
      "url": "https://github.com/dutchcoders/transfer.sh/releases/tag/v1.2.4"
    },
    {
      "type": "WEB",
      "url": "https://vuln.ryotak.me/advisories/44"
    }
  ],
  "affected": [
    {
      "package": {
        "name": "github.com/dutchcoders/transfer.sh",
        "ecosystem": "Go",
        "purl": "pkg:golang/github.com/dutchcoders/transfer.sh"
      },
      "ranges": [
        {
          "type": "SEMVER",
          "events": [
            {
              "introduced": "0"
            },
            {
              "fixed": "1.2.4"
            }
          ]
        }
      ],
      "database_specific": {
        "source": "https://github.com/github/advisory-database/blob/main/advisories/github-reviewed/2021/06/GHSA-cf55-rq8x-hm6f/GHSA-cf55-rq8x-hm6f.json"
      }
    }
  ],
  "schema_version": "1.2.0",
  "severity": [
    {
      "type": "CVSS_V3",
      "score": "CVSS:3.1/AV:N/AC:L/PR:N/UI:N/S:U/C:N/I:H/A:H"
    }
  ]
}