{
  "id": "GHSA-m358-g4rp-533r",
  "summary": "SQL Injection in Casdoor",
  "details": "The query API in Casdoor before 1.13.1 has a SQL injection vulnerability related to the field and value parameters, as demonstrated by api/get-organizations.",
  "aliases": [
    "CVE-2022-24124"
  ],
  "modified": "2022-02-07T21:15:30Z",
  "published": "2022-02-01T00:49:39Z",
  "database_specific": {
    "severity": "HIGH",
    "cwe_ids": [
      "CWE-89"
    ],
    "github_reviewed": true
  },
  "references": [
    {
      "type": "ADVISORY",
      "url": "https://nvd.nist.gov/vuln/detail/CVE-2022-24124"
    },
    {
      "type": "WEB",
      "url": "https://github.com/casdoor/casdoor/issues/439"
    },
    {
      "type": "WEB",
      "url": "https://github.com/casdoor/casdoor/pull/442"
    },
    {
      "type": "WEB",
      "url": "https://github.com/casdoor/casdoor/commit/5ec0c7a89005819960d8fe07f5ddda13d1371b8c"
    },
    {
      "type": "WEB",
      "url": "https://github.com/casdoor/casdoor/compare/v1.13.0...v1.13.1"
    },
    {
      "type": "PACKAGE",
      "url": "https://github.com/casdoor/casdoor"
    }
  ],
  "affected": [
    {
      "package": {
        "name": "github.com/casdoor/casdoor",
        "ecosystem": "Go",
        "purl": "pkg:golang/github.com/casdoor/casdoor"
      },
      "ranges": [
        {
          "type": "SEMVER",
          "events": [
            {
              "introduced": "0"
            },
            {
              "fixed": "1.13.1"
            }
          ]
        }
      ],
      "database_specific": {
        "source": "https://github.com/github/advisory-database/blob/main/advisories/github-reviewed/2022/02/GHSA-m358-g4rp-533r/GHSA-m358-g4rp-533r.json"
      }
    }
  ],
  "schema_version": "1.2.0",
  "severity": [
    {
      "type": "CVSS_V3",
      "score": "CVSS:3.1/AV:N/AC:L/PR:N/UI:N/S:U/C:H/I:N/A:N"
    }
  ]
}