{
  "id": "GHSA-wmwp-pggc-h4mj",
  "summary": "Cross-site Scripting in Documize",
  "details": "domain/section/markdown/markdown.go in Documize before 3.5.1 mishandles untrusted Markdown content. This was addressed by adding the bluemonday HTML sanitizer to defend against XSS.",
  "aliases": [
    "CVE-2019-19619"
  ],
  "modified": "2021-05-17T21:29:00Z",
  "published": "2021-05-18T15:30:30Z",
  "database_specific": {
    "github_reviewed": true,
    "cwe_ids": [
      "CWE-79"
    ],
    "severity": "MODERATE"
  },
  "references": [
    {
      "type": "ADVISORY",
      "url": "https://nvd.nist.gov/vuln/detail/CVE-2019-19619"
    },
    {
      "type": "WEB",
      "url": "https://github.com/documize/community/commit/a4384210d4d0d6b18e6fdb7e155de96d4a1cf9f3"
    },
    {
      "type": "WEB",
      "url": "https://github.com/documize/community/compare/v3.5.0...v3.5.1"
    },
    {
      "type": "WEB",
      "url": "https://github.com/documize/community/releases/tag/v3.5.1"
    }
  ],
  "affected": [
    {
      "package": {
        "name": "github.com/documize/community",
        "ecosystem": "Go",
        "purl": "pkg:golang/github.com/documize/community"
      },
      "ranges": [
        {
          "type": "SEMVER",
          "events": [
            {
              "introduced": "0"
            },
            {
              "fixed": "3.5.1"
            }
          ]
        }
      ],
      "database_specific": {
        "source": "https://github.com/github/advisory-database/blob/main/advisories/github-reviewed/2021/05/GHSA-wmwp-pggc-h4mj/GHSA-wmwp-pggc-h4mj.json"
      }
    },
    {
      "package": {
        "name": "github.com/documize/community/domain/section/markdown",
        "ecosystem": "Go",
        "purl": "pkg:golang/github.com/documize/community/domain/section/markdown"
      },
      "ranges": [
        {
          "type": "SEMVER",
          "events": [
            {
              "introduced": "0"
            },
            {
              "fixed": "3.5.1"
            }
          ]
        }
      ],
      "database_specific": {
        "source": "https://github.com/github/advisory-database/blob/main/advisories/github-reviewed/2021/05/GHSA-wmwp-pggc-h4mj/GHSA-wmwp-pggc-h4mj.json"
      }
    }
  ],
  "schema_version": "1.2.0",
  "severity": [
    {
      "type": "CVSS_V3",
      "score": "CVSS:3.1/AV:N/AC:L/PR:N/UI:R/S:C/C:L/I:L/A:N"
    }
  ]
}