{
  "id": "GHSA-v9j4-cp63-qv62",
  "summary": "Tarslip in go-unarr",
  "details": "unarr.go in go-unarr (aka Go bindings for unarr) 0.1.1 allows Directory Traversal via ../ in a pathname within a TAR archive.",
  "aliases": [
    "CVE-2021-38197"
  ],
  "modified": "2021-08-30T21:24:59Z",
  "published": "2021-09-01T18:32:02Z",
  "database_specific": {
    "cwe_ids": [
      "CWE-22"
    ],
    "severity": "CRITICAL",
    "github_reviewed": true
  },
  "references": [
    {
      "type": "ADVISORY",
      "url": "https://nvd.nist.gov/vuln/detail/CVE-2021-38197"
    },
    {
      "type": "WEB",
      "url": "https://github.com/gen2brain/go-unarr/issues/21"
    },
    {
      "type": "PACKAGE",
      "url": "github.com/gen2brain/go-unarr"
    }
  ],
  "affected": [
    {
      "package": {
        "name": "github.com/gen2brain/go-unarr",
        "ecosystem": "Go",
        "purl": "pkg:golang/github.com/gen2brain/go-unarr"
      },
      "ranges": [
        {
          "type": "SEMVER",
          "events": [
            {
              "introduced": "0"
            }
          ]
        }
      ],
      "database_specific": {
        "last_known_affected_version_range": "<= 0.1.1",
        "source": "https://github.com/github/advisory-database/blob/main/advisories/github-reviewed/2021/09/GHSA-v9j4-cp63-qv62/GHSA-v9j4-cp63-qv62.json"
      }
    }
  ],
  "schema_version": "1.2.0",
  "severity": [
    {
      "type": "CVSS_V3",
      "score": "CVSS:3.1/AV:N/AC:L/PR:N/UI:N/S:U/C:H/I:H/A:H"
    }
  ]
}