{
  "id": "GHSA-fh74-hm69-rqjw",
  "summary": "procfs race condition with a shared volume mount",
  "details": "### Impact\nBy crafting a malicious root filesystem (with `/proc` being a symlink to a directory which was inside a volume shared with another running container), an attacker in control of both containers can trick `runc` into not correctly configuring the container&amp;amp;amp;amp;#39;s security labels and not correctly masking paths inside `/proc` which contain potentially-sensitive information about the host (or even allow for direct attacks against the host).\n\nIn order to exploit this bug, an untrusted user must be able to spawn custom containers with custom mount configurations (such that a volume is shared between two containers). It should be noted that we consider this to be a fairly high level of access for an untrusted user -- and we do not recommend allowing completely untrusted users to have such degrees of access without further restrictions.\n\n### Patches\nThis vulnerability has been fixed in `1.0.0-rc10`. It should be noted that the current fix is effectively a hot-fix, and there are known ways for it to be worked around (such as making the entire root filesystem a shared volume controlled by another container). We recommend that users review their access policies to ensure that untrusted users do not have such high levels of controls over container mount configuration.\n\n### Workarounds\nIf you are not providing the ability for untrusted users to configure mountpoints for `runc` (or through a higher-level tool such as `docker run -v`) then you are not vulnerable to this issue. This exploit requires fairly complicated levels of access (which are available for some public clouds but are not necessarily available for all deployments).\n\nAdditionally, it appears as though it is not possible to exploit this vulnerability through Docker (due to the order of mounts Docker generates). However you should not depend on this, as it may be possible to work around this roadblock.\n\n### Credits\nThis vulnerability was discovered by Cure53, as part of a third-party security audit.\n\n### For more information\nIf you have any questions or comments about this advisory:\n* [Open an issue](https://github.com/opencontainers/runc/issues/new).\n* Email us at [dev@opencontainers.org](mailto:dev@opencontainers.org), or [security@opencontainers.org](mailto:security@opencontainers.org) if you think you&amp;amp;amp;amp;#39;ve found a security bug.",
  "aliases": [
    "CVE-2019-19921"
  ],
  "modified": "2021-05-24T21:20:41Z",
  "published": "2021-05-27T18:41:17Z",
  "database_specific": {
    "severity": "MODERATE",
    "cwe_ids": [
      "CWE-362"
    ],
    "github_reviewed": true
  },
  "references": [
    {
      "type": "WEB",
      "url": "https://github.com/opencontainers/runc/security/advisories/GHSA-fh74-hm69-rqjw"
    },
    {
      "type": "ADVISORY",
      "url": "https://nvd.nist.gov/vuln/detail/CVE-2019-19921"
    },
    {
      "type": "WEB",
      "url": "https://github.com/opencontainers/runc/issues/2197"
    },
    {
      "type": "WEB",
      "url": "https://github.com/opencontainers/runc/pull/2190"
    },
    {
      "type": "WEB",
      "url": "https://github.com/opencontainers/runc/pull/2207"
    },
    {
      "type": "WEB",
      "url": "https://access.redhat.com/errata/RHSA-2020:0688"
    },
    {
      "type": "WEB",
      "url": "https://access.redhat.com/errata/RHSA-2020:0695"
    },
    {
      "type": "WEB",
      "url": "https://github.com/opencontainers/runc/releases"
    },
    {
      "type": "WEB",
      "url": "https://security-tracker.debian.org/tracker/CVE-2019-19921"
    },
    {
      "type": "WEB",
      "url": "https://security.gentoo.org/glsa/202003-21"
    },
    {
      "type": "WEB",
      "url": "https://usn.ubuntu.com/4297-1/"
    },
    {
      "type": "WEB",
      "url": "http://lists.opensuse.org/opensuse-security-announce/2020-02/msg00018.html"
    }
  ],
  "affected": [
    {
      "package": {
        "name": "github.com/opencontainers/runc/libcontainer",
        "ecosystem": "Go",
        "purl": "pkg:golang/github.com/opencontainers/runc/libcontainer"
      },
      "ranges": [
        {
          "type": "SEMVER",
          "events": [
            {
              "introduced": "0"
            },
            {
              "fixed": "1.0.0"
            }
          ]
        }
      ],
      "database_specific": {
        "source": "https://github.com/github/advisory-database/blob/main/advisories/github-reviewed/2021/05/GHSA-fh74-hm69-rqjw/GHSA-fh74-hm69-rqjw.json"
      }
    }
  ],
  "schema_version": "1.2.0",
  "severity": [
    {
      "type": "CVSS_V3",
      "score": "CVSS:3.1/AV:N/AC:H/PR:N/UI:N/S:U/C:H/I:N/A:N/E:U/RL:U/RC:U"
    }
  ]
}