{
  "id": "GHSA-qqc5-rgcc-cjqh",
  "summary": "Information Disclosure in go.elastic.co/apm",
  "details": "The Elastic APM agent for Go versions before 1.11.0 can leak sensitive HTTP header information when logging the details during an application panic. Normally, the APM agent will sanitize sensitive HTTP header details before sending the information to the APM server. During an application panic it is possible the headers will not be sanitized before being sent.",
  "aliases": [
    "CVE-2021-22133"
  ],
  "modified": "2021-05-07T22:01:55Z",
  "published": "2021-05-18T18:34:18Z",
  "database_specific": {
    "github_reviewed": true,
    "cwe_ids": [
      "CWE-532"
    ],
    "severity": "LOW"
  },
  "references": [
    {
      "type": "ADVISORY",
      "url": "https://nvd.nist.gov/vuln/detail/CVE-2021-22133"
    },
    {
      "type": "WEB",
      "url": "https://github.com/elastic/apm-agent-go/commit/c5c7e21aa26a6def7790f74fbceed792ad47ef35"
    },
    {
      "type": "WEB",
      "url": "https://discuss.elastic.co/t/elastic-apm-agent-for-go-1-11-0-security-update/263252"
    },
    {
      "type": "WEB",
      "url": "https://github.com/elastic/apm-agent-go/compare/v1.10.0...v1.11.0"
    }
  ],
  "affected": [
    {
      "package": {
        "name": "go.elastic.co/apm",
        "ecosystem": "Go",
        "purl": "pkg:golang/go.elastic.co/apm"
      },
      "ranges": [
        {
          "type": "SEMVER",
          "events": [
            {
              "introduced": "0"
            },
            {
              "fixed": "1.11.0"
            }
          ]
        }
      ],
      "database_specific": {
        "source": "https://github.com/github/advisory-database/blob/main/advisories/github-reviewed/2021/05/GHSA-qqc5-rgcc-cjqh/GHSA-qqc5-rgcc-cjqh.json"
      }
    }
  ],
  "schema_version": "1.2.0",
  "severity": [
    {
      "type": "CVSS_V3",
      "score": "CVSS:3.1/AV:A/AC:L/PR:H/UI:N/S:U/C:L/I:N/A:N"
    }
  ]
}