{
  "id": "GHSA-9jcx-pr2f-qvq5",
  "summary": "Denial of Service (DoS)",
  "details": "An issue was discovered in setTA in scan_rr.go in the Miek Gieben DNS library before 1.0.10 for Go. A dns.ParseZone() parsing error causes a segmentation violation, leading to denial of service.",
  "aliases": [
    "CVE-2018-17419"
  ],
  "modified": "2021-05-11T00:44:23Z",
  "published": "2021-05-18T18:34:25Z",
  "database_specific": {
    "github_reviewed": true,
    "cwe_ids": [
      "CWE-400"
    ],
    "severity": "HIGH"
  },
  "references": [
    {
      "type": "ADVISORY",
      "url": "https://nvd.nist.gov/vuln/detail/CVE-2018-17419"
    },
    {
      "type": "WEB",
      "url": "https://github.com/miekg/dns/issues/742"
    },
    {
      "type": "WEB",
      "url": "https://github.com/miekg/dns/commit/501e858f679edecd4a38a86317ce50271014a80d"
    }
  ],
  "affected": [
    {
      "package": {
        "name": "github.com/miekg/dns",
        "ecosystem": "Go",
        "purl": "pkg:golang/github.com/miekg/dns"
      },
      "ranges": [
        {
          "type": "SEMVER",
          "events": [
            {
              "introduced": "0"
            },
            {
              "fixed": "1.0.10"
            }
          ]
        }
      ],
      "database_specific": {
        "source": "https://github.com/github/advisory-database/blob/main/advisories/github-reviewed/2021/05/GHSA-9jcx-pr2f-qvq5/GHSA-9jcx-pr2f-qvq5.json"
      }
    }
  ],
  "schema_version": "1.2.0",
  "severity": [
    {
      "type": "CVSS_V3",
      "score": "CVSS:3.1/AV:N/AC:L/PR:N/UI:N/S:U/C:N/I:N/A:H"
    }
  ]
}