{
  "id": "GHSA-78hj-86cr-6j2v",
  "summary": "Improper Access Control in Lightning Network Daemon",
  "details": "Lightning Network Daemon (lnd) before 0.7 allows attackers to trigger loss of funds because of Incorrect Access Control.",
  "aliases": [
    "CVE-2019-12999"
  ],
  "modified": "2021-05-17T21:56:38Z",
  "published": "2021-05-18T15:30:22Z",
  "database_specific": {
    "github_reviewed": true,
    "cwe_ids": [
      "CWE-284"
    ],
    "severity": "HIGH"
  },
  "references": [
    {
      "type": "ADVISORY",
      "url": "https://nvd.nist.gov/vuln/detail/CVE-2019-12999"
    },
    {
      "type": "WEB",
      "url": "https://github.com/lightninglabs/chanleakcheck"
    },
    {
      "type": "WEB",
      "url": "https://github.com/lightningnetwork/lnd/commits/master"
    },
    {
      "type": "WEB",
      "url": "https://github.com/lightningnetwork/lnd/releases/tag/v0.7.0-beta"
    },
    {
      "type": "WEB",
      "url": "https://lists.linuxfoundation.org/pipermail/lightning-dev/2019-September/002174.html"
    }
  ],
  "affected": [
    {
      "package": {
        "name": "github.com/lightningnetwork/lnd",
        "ecosystem": "Go",
        "purl": "pkg:golang/github.com/lightningnetwork/lnd"
      },
      "ranges": [
        {
          "type": "SEMVER",
          "events": [
            {
              "introduced": "0"
            },
            {
              "fixed": "0.7.1-beta"
            }
          ]
        }
      ],
      "database_specific": {
        "last_known_affected_version_range": "<= 0.7.0",
        "source": "https://github.com/github/advisory-database/blob/main/advisories/github-reviewed/2021/05/GHSA-78hj-86cr-6j2v/GHSA-78hj-86cr-6j2v.json"
      }
    }
  ],
  "schema_version": "1.2.0",
  "severity": [
    {
      "type": "CVSS_V3",
      "score": "CVSS:3.1/AV:N/AC:L/PR:N/UI:N/S:U/C:N/I:H/A:N"
    }
  ]
}