{
  "id": "GHSA-vf6q-9f2f-mwhv",
  "summary": "Improper network isolation in Hashicorp Nomad",
  "details": "HashiCorp Nomad and Nomad Enterprise up to version 1.0.4 bridge networking mode allows ARP spoofing from other bridged tasks on the same node. Fixed in 0.12.12, 1.0.5, and 1.1.0 RC1.",
  "aliases": [
    "CVE-2021-32575"
  ],
  "modified": "2021-06-23T18:01:24Z",
  "published": "2021-06-24T20:28:21Z",
  "database_specific": {
    "severity": "MODERATE",
    "github_reviewed": true,
    "cwe_ids": [
      "CWE-1100"
    ]
  },
  "references": [
    {
      "type": "ADVISORY",
      "url": "https://nvd.nist.gov/vuln/detail/CVE-2021-32575"
    },
    {
      "type": "WEB",
      "url": "https://discuss.hashicorp.com/t/hcsec-2021-14-nomad-bridge-networking-mode-allows-arp-spoofing-from-other-bridged-tasks-on-same-node/24296"
    },
    {
      "type": "WEB",
      "url": "https://www.hashicorp.com/blog/category/nomad"
    }
  ],
  "affected": [
    {
      "package": {
        "name": "github.com/hashicorp/nomad",
        "ecosystem": "Go",
        "purl": "pkg:golang/github.com/hashicorp/nomad"
      },
      "ranges": [
        {
          "type": "SEMVER",
          "events": [
            {
              "introduced": "1.0.0"
            },
            {
              "fixed": "1.0.5"
            }
          ]
        }
      ],
      "database_specific": {
        "source": "https://github.com/github/advisory-database/blob/main/advisories/github-reviewed/2021/06/GHSA-vf6q-9f2f-mwhv/GHSA-vf6q-9f2f-mwhv.json"
      }
    },
    {
      "package": {
        "name": "github.com/hashicorp/nomad",
        "ecosystem": "Go",
        "purl": "pkg:golang/github.com/hashicorp/nomad"
      },
      "ranges": [
        {
          "type": "SEMVER",
          "events": [
            {
              "introduced": "0"
            },
            {
              "fixed": "0.12.12"
            }
          ]
        }
      ],
      "database_specific": {
        "source": "https://github.com/github/advisory-database/blob/main/advisories/github-reviewed/2021/06/GHSA-vf6q-9f2f-mwhv/GHSA-vf6q-9f2f-mwhv.json"
      }
    }
  ],
  "schema_version": "1.2.0",
  "severity": [
    {
      "type": "CVSS_V3",
      "score": "CVSS:3.1/AV:A/AC:L/PR:N/UI:N/S:U/C:N/I:H/A:N"
    }
  ]
}