{
  "id": "GHSA-xcqr-9h24-vrgw",
  "summary": "Improper Restriction of Excessive Authentication Attempts in Argo API",
  "details": "As of v1.5.0, the Argo API does not implement anti-automation measures such as rate limiting, account lockouts, or other anti-bruteforce measures. Attackers can submit an unlimited number of authentication attempts without consequence.",
  "aliases": [
    "CVE-2020-8827"
  ],
  "modified": "2021-07-26T21:13:31Z",
  "published": "2021-07-26T21:19:37Z",
  "database_specific": {
    "github_reviewed": true,
    "severity": "HIGH",
    "cwe_ids": [
      "CWE-307"
    ]
  },
  "references": [
    {
      "type": "ADVISORY",
      "url": "https://nvd.nist.gov/vuln/detail/CVE-2020-8827"
    },
    {
      "type": "WEB",
      "url": "https://github.com/argoproj/argo-cd/pull/3369"
    },
    {
      "type": "WEB",
      "url": "https://github.com/argoproj/argo-cd/pull/3404"
    },
    {
      "type": "WEB",
      "url": "https://github.com/argoproj/argo-cd/commit/35a7350b7444bcaf53ee0bb11b9d8e3ae4b717a1"
    },
    {
      "type": "WEB",
      "url": "https://argoproj.github.io/argo-cd/operator-manual/user-management/#disable-admin-user"
    },
    {
      "type": "WEB",
      "url": "https://argoproj.github.io/argo-cd/security_considerations/"
    },
    {
      "type": "WEB",
      "url": "https://github.com/argoproj/argo/releases"
    },
    {
      "type": "WEB",
      "url": "https://www.soluble.ai/blog/argo-cves-2020"
    }
  ],
  "affected": [
    {
      "package": {
        "name": "github.com/argoproj/argo-cd/util/cache",
        "ecosystem": "Go",
        "purl": "pkg:golang/github.com/argoproj/argo-cd/util/cache"
      },
      "ranges": [
        {
          "type": "SEMVER",
          "events": [
            {
              "introduced": "0"
            },
            {
              "fixed": "1.5.1"
            }
          ]
        }
      ],
      "database_specific": {
        "source": "https://github.com/github/advisory-database/blob/main/advisories/github-reviewed/2021/07/GHSA-xcqr-9h24-vrgw/GHSA-xcqr-9h24-vrgw.json"
      }
    }
  ],
  "schema_version": "1.2.0",
  "severity": [
    {
      "type": "CVSS_V3",
      "score": "CVSS:3.1/AV:N/AC:L/PR:N/UI:N/S:U/C:N/I:H/A:N"
    }
  ]
}