{
  "id": "GHSA-v592-xf75-856p",
  "summary": "Erroneous Proof of Work calculation in geth",
  "details": "### Impact\nAn ethash mining DAG generation flaw in Geth could cause miners to erroneously calculate PoW in an upcoming epoch (estimated early January, 2021). This happened on the ETC chain on 2020-11-06. This issue is relevant only for miners, non-mining nodes are unaffected.\n\n### Patches\nThis issue is also fixed as of 1.9.24. Thanks to @slavikus for bringing the issue to our attention and writing the fix. \n\n### For more information\nIf you have any questions or comments about this advisory:\n* Open an issue in [go-ethereum](https://github.com/ethereum/go-ethereum)\n* Email us at [security@ethereum.org](mailto:security@ethereum.org)",
  "aliases": [
    "CVE-2020-26240"
  ],
  "modified": "2021-05-21T21:52:58Z",
  "published": "2021-06-29T21:12:56Z",
  "database_specific": {
    "cwe_ids": [
      "CWE-682"
    ],
    "github_reviewed": true,
    "severity": "MODERATE"
  },
  "references": [
    {
      "type": "WEB",
      "url": "https://github.com/ethereum/go-ethereum/security/advisories/GHSA-v592-xf75-856p"
    },
    {
      "type": "ADVISORY",
      "url": "https://nvd.nist.gov/vuln/detail/CVE-2020-26240"
    },
    {
      "type": "WEB",
      "url": "https://github.com/ethereum/go-ethereum/pull/21793"
    },
    {
      "type": "WEB",
      "url": "https://github.com/ethereum/go-ethereum/commit/d990df909d7839640143344e79356754384dcdd0"
    },
    {
      "type": "WEB",
      "url": "https://blog.ethereum.org/2020/11/12/geth_security_release/"
    }
  ],
  "affected": [
    {
      "package": {
        "name": "github.com/ethereum/go-ethereum",
        "ecosystem": "Go",
        "purl": "pkg:golang/github.com/ethereum/go-ethereum"
      },
      "ranges": [
        {
          "type": "SEMVER",
          "events": [
            {
              "introduced": "0"
            },
            {
              "fixed": "1.9.24"
            }
          ]
        }
      ],
      "database_specific": {
        "source": "https://github.com/github/advisory-database/blob/main/advisories/github-reviewed/2021/06/GHSA-v592-xf75-856p/GHSA-v592-xf75-856p.json"
      }
    },
    {
      "package": {
        "name": "github.com/ethereum/go-ethereum/consensus",
        "ecosystem": "Go",
        "purl": "pkg:golang/github.com/ethereum/go-ethereum/consensus"
      },
      "ranges": [
        {
          "type": "SEMVER",
          "events": [
            {
              "introduced": "0"
            },
            {
              "fixed": "1.9.24"
            }
          ]
        }
      ],
      "database_specific": {
        "source": "https://github.com/github/advisory-database/blob/main/advisories/github-reviewed/2021/06/GHSA-v592-xf75-856p/GHSA-v592-xf75-856p.json"
      }
    }
  ],
  "schema_version": "1.2.0",
  "severity": [
    {
      "type": "CVSS_V3",
      "score": "CVSS:3.1/AV:N/AC:H/PR:N/UI:R/S:U/C:N/I:H/A:N"
    }
  ]
}