{
  "id": "GHSA-6rg3-8h8x-5xfv",
  "summary": "Unchecked hostname resolution could allow access to local network resources by users outside the local network",
  "details": "### Impact\nA newly implemented route allowing users to download files from remote endpoints was not properly verifying the destination hostname for user provided URLs. This would allow malicious users to potentially access resources on local networks that would otherwise be inaccessible.\n\nThis vulnerability requires valid authentication credentials and is therefore **not exploitable by unauthenticated users**. If you are running an instance for yourself or other trusted individuals this impact is unlikely to be of major concern to you. However, you should still upgrade for security sake.\n\n### Patches\nUsers should upgrade to the latest version of Wings.\n\n### Workarounds\nThere is no workaround available that does not involve modifying Panel or Wings code.\n",
  "modified": "2021-10-05T17:24:11Z",
  "published": "2021-06-23T18:04:50Z",
  "database_specific": {
    "cwe_ids": [
      "CWE-284",
      "CWE-441"
    ],
    "github_reviewed": true,
    "severity": "MODERATE"
  },
  "references": [
    {
      "type": "WEB",
      "url": "https://github.com/pterodactyl/wings/security/advisories/GHSA-6rg3-8h8x-5xfv"
    },
    {
      "type": "PACKAGE",
      "url": "https://github.com/pterodactyl/wings"
    }
  ],
  "affected": [
    {
      "package": {
        "name": "github.com/pterodactyl/wings",
        "ecosystem": "Go",
        "purl": "pkg:golang/github.com/pterodactyl/wings"
      },
      "ranges": [
        {
          "type": "SEMVER",
          "events": [
            {
              "introduced": "1.2.0"
            },
            {
              "fixed": "1.2.1"
            }
          ]
        }
      ],
      "versions": [
        "1.2.0"
      ],
      "database_specific": {
        "source": "https://github.com/github/advisory-database/blob/main/advisories/github-reviewed/2021/06/GHSA-6rg3-8h8x-5xfv/GHSA-6rg3-8h8x-5xfv.json"
      }
    }
  ],
  "schema_version": "1.2.0",
  "severity": [
    {
      "type": "CVSS_V3",
      "score": "CVSS:3.1/AV:N/AC:L/PR:L/UI:N/S:C/C:L/I:L/A:N"
    }
  ]
}