{
  "id": "GHSA-jr34-mff8-pc6f",
  "summary": "SQL Injection in Cloud Native Computing Foundation Harbor",
  "details": "Cloud Native Computing Foundation Harbor prior to 1.8.6 and 1.9.3 allows SQL Injection via user-groups in the VMware Harbor Container Registry for the Pivotal Platform.",
  "aliases": [
    "CVE-2019-19029"
  ],
  "modified": "2021-05-04T22:00:21Z",
  "published": "2021-05-18T18:27:36Z",
  "database_specific": {
    "severity": "MODERATE",
    "cwe_ids": [
      "CWE-89"
    ],
    "github_reviewed": true
  },
  "references": [
    {
      "type": "WEB",
      "url": "https://github.com/goharbor/harbor/security/advisories/GHSA-qcfv-8v29-469w"
    },
    {
      "type": "ADVISORY",
      "url": "https://nvd.nist.gov/vuln/detail/CVE-2019-19029"
    },
    {
      "type": "WEB",
      "url": "https://github.com/goharbor/harbor/security/advisories"
    },
    {
      "type": "WEB",
      "url": "https://tanzu.vmware.com/security/cve-2019-19029"
    }
  ],
  "affected": [
    {
      "package": {
        "name": "github.com/goharbor/harbor",
        "ecosystem": "Go",
        "purl": "pkg:golang/github.com/goharbor/harbor"
      },
      "ranges": [
        {
          "type": "SEMVER",
          "events": [
            {
              "introduced": "1.7.0"
            },
            {
              "fixed": "1.8.6"
            }
          ]
        }
      ],
      "database_specific": {
        "source": "https://github.com/github/advisory-database/blob/main/advisories/github-reviewed/2021/05/GHSA-jr34-mff8-pc6f/GHSA-jr34-mff8-pc6f.json"
      }
    },
    {
      "package": {
        "name": "github.com/goharbor/harbor",
        "ecosystem": "Go",
        "purl": "pkg:golang/github.com/goharbor/harbor"
      },
      "ranges": [
        {
          "type": "SEMVER",
          "events": [
            {
              "introduced": "1.9.0"
            },
            {
              "fixed": "1.9.3"
            }
          ]
        }
      ],
      "database_specific": {
        "source": "https://github.com/github/advisory-database/blob/main/advisories/github-reviewed/2021/05/GHSA-jr34-mff8-pc6f/GHSA-jr34-mff8-pc6f.json"
      }
    }
  ],
  "schema_version": "1.2.0",
  "severity": [
    {
      "type": "CVSS_V3",
      "score": "CVSS:3.1/AV:N/AC:L/PR:H/UI:N/S:U/C:H/I:H/A:H"
    }
  ]
}