{
  "id": "GHSA-grh6-q6m2-rh72",
  "summary": "Origin Validation Error",
  "details": "Rootless containers run with Podman, receive all traffic with a source IP address of 127.0.0.1 (including from remote hosts). This impacts containerized applications that trust localhost (127.0.01) connections by default and do not require authentication. This issue affects Podman versions from 1.8.0 to 3.0.0.",
  "aliases": [
    "CVE-2021-20199"
  ],
  "modified": "2021-05-18T21:02:35Z",
  "published": "2021-05-18T21:07:49Z",
  "database_specific": {
    "github_reviewed": true,
    "severity": "MODERATE",
    "cwe_ids": [
      "CWE-200",
      "CWE-346"
    ]
  },
  "references": [
    {
      "type": "ADVISORY",
      "url": "https://nvd.nist.gov/vuln/detail/CVE-2021-20199"
    },
    {
      "type": "WEB",
      "url": "https://github.com/containers/podman/issues/5138"
    },
    {
      "type": "WEB",
      "url": "https://github.com/containers/podman/pull/9052"
    },
    {
      "type": "WEB",
      "url": "https://github.com/containers/podman/pull/9225"
    },
    {
      "type": "WEB",
      "url": "https://github.com/rootless-containers/rootlesskit/pull/206"
    },
    {
      "type": "WEB",
      "url": "https://bugzilla.redhat.com/show_bug.cgi?id=1919050"
    },
    {
      "type": "WEB",
      "url": "https://github.com/containers/podman/releases/tag/v3.0.0-rc3"
    }
  ],
  "affected": [
    {
      "package": {
        "name": "github.com/containers/podman/v3",
        "ecosystem": "Go",
        "purl": "pkg:golang/github.com/containers/podman/v3"
      },
      "ranges": [
        {
          "type": "SEMVER",
          "events": [
            {
              "introduced": "0"
            },
            {
              "fixed": "3.0.0"
            }
          ]
        }
      ],
      "database_specific": {
        "source": "https://github.com/github/advisory-database/blob/main/advisories/github-reviewed/2021/05/GHSA-grh6-q6m2-rh72/GHSA-grh6-q6m2-rh72.json"
      }
    }
  ],
  "schema_version": "1.2.0",
  "severity": [
    {
      "type": "CVSS_V3",
      "score": "CVSS:3.1/AV:N/AC:H/PR:N/UI:N/S:U/C:N/I:H/A:N"
    }
  ]
}