{
  "id": "GHSA-m6gx-rhvj-fh52",
  "summary": "Denial of service in go-ethereum due to CVE-2020-28362",
  "details": "### Impact\nVersions of Geth built with Go `<1.15.5` or `<1.14.12` are most likely affected by a critical DoS-related security vulnerability. The golang team has registered the underlying flaw as \u2018CVE-2020-28362\u2019.\n\nWe recommend all users to rebuild (ideally `v1.9.24`) with Go `1.15.5` or `1.14.12`, to avoid node crashes. Alternatively, if you are running binaries distributed via one of our official channels, we\u2019re going to release `v1.9.24` ourselves built with Go `1.15.5`.\n\n### Patches\nThis is not an issue in go-ethereum, rebuilding an older version with Go `1.15.5` or `1.14.12` will suffice to address the vulnerability. \n\n### Workarounds\nRebuilding with Go `1.15.5` or `1.14.12` will suffice to address the vulnerability. \n\n### References\n- https://blog.ethereum.org/2020/11/12/geth_security_release/\n- https://groups.google.com/g/golang-announce/c/NpBGTTmKzpM\n\n### For more information\nIf you have any questions or comments about this advisory:\n* Open an issue in [go-ethereum](https://github.com/ethereum/go-ethereum)\n* Email us at [security@ethereum.org](mailto:security@ethereum.org)\n",
  "modified": "2021-10-08T21:25:42Z",
  "published": "2021-06-29T21:13:54Z",
  "database_specific": {
    "github_reviewed": true,
    "cwe_ids": [],
    "severity": "CRITICAL"
  },
  "references": [
    {
      "type": "WEB",
      "url": "https://github.com/ethereum/go-ethereum/security/advisories/GHSA-m6gx-rhvj-fh52"
    },
    {
      "type": "PACKAGE",
      "url": "https://github.com/ethereum/go-ethereum"
    }
  ],
  "affected": [
    {
      "package": {
        "name": "github.com/ethereum/go-ethereum",
        "ecosystem": "Go",
        "purl": "pkg:golang/github.com/ethereum/go-ethereum"
      },
      "ranges": [
        {
          "type": "SEMVER",
          "events": [
            {
              "introduced": "0"
            },
            {
              "fixed": "1.9.24"
            }
          ]
        }
      ],
      "database_specific": {
        "source": "https://github.com/github/advisory-database/blob/main/advisories/github-reviewed/2021/06/GHSA-m6gx-rhvj-fh52/GHSA-m6gx-rhvj-fh52.json"
      }
    }
  ],
  "schema_version": "1.2.0"
}