{
  "id": "GHSA-26cm-qrc6-mfgj",
  "summary": "Improper Neutralization of Special Elements used in an LDAP Query in stevenweathers/thunderdome-planning-poker",
  "details": "### Impact\nLDAP injection vulnerability, only affects instances with LDAP authentication enabled.\n\n### Patches\nPatch for vulnerability released with v1.16.3.\n\n### Workarounds\nDisable LDAP feature if in use\n\n### References\n[OWASP LDAP Injection Prevention Cheat Sheet](https://cheatsheetseries.owasp.org/cheatsheets/LDAP_Injection_Prevention_Cheat_Sheet.html\n)\n\n### For more information\nIf you have any questions or comments about this advisory:\n* Open an issue in [Thunderdome Github Repository](https://github.com/StevenWeathers/thunderdome-planning-poker)\n* Email us at [steven@weathers.me](mailto:steven@weathers.me)\n",
  "aliases": [
    "CVE-2021-41232"
  ],
  "modified": "2021-11-02T18:40:07Z",
  "published": "2021-11-08T18:16:21Z",
  "database_specific": {
    "github_reviewed": true,
    "cwe_ids": [
      "CWE-74",
      "CWE-90"
    ],
    "severity": "HIGH"
  },
  "references": [
    {
      "type": "WEB",
      "url": "https://github.com/StevenWeathers/thunderdome-planning-poker/security/advisories/GHSA-26cm-qrc6-mfgj"
    },
    {
      "type": "ADVISORY",
      "url": "https://nvd.nist.gov/vuln/detail/CVE-2021-41232"
    },
    {
      "type": "WEB",
      "url": "https://github.com/github/securitylab/issues/464#issuecomment-957094994"
    },
    {
      "type": "WEB",
      "url": "https://github.com/StevenWeathers/thunderdome-planning-poker/commit/f1524d01e8a0f2d6c3db5461c742456c692dd8c1"
    },
    {
      "type": "PACKAGE",
      "url": "https://github.com/StevenWeathers/thunderdome-planning-poker"
    }
  ],
  "affected": [
    {
      "package": {
        "name": "github.com/stevenweathers/thunderdome-planning-poker",
        "ecosystem": "Go",
        "purl": "pkg:golang/github.com/stevenweathers/thunderdome-planning-poker"
      },
      "ranges": [
        {
          "type": "SEMVER",
          "events": [
            {
              "introduced": "0"
            },
            {
              "fixed": "1.16.3"
            }
          ]
        }
      ],
      "database_specific": {
        "source": "https://github.com/github/advisory-database/blob/main/advisories/github-reviewed/2021/11/GHSA-26cm-qrc6-mfgj/GHSA-26cm-qrc6-mfgj.json"
      }
    }
  ],
  "schema_version": "1.2.0",
  "severity": [
    {
      "type": "CVSS_V3",
      "score": "CVSS:3.1/AV:N/AC:H/PR:N/UI:N/S:C/C:H/I:L/A:L"
    }
  ]
}