{
  "id": "GHSA-c8xp-8mf3-62h9",
  "summary": "OctoRPKI lacks contextual out-of-bounds check when validating RPKI ROA maxLength values",
  "details": "Any CA issuer in the RPKI can trick OctoRPKI prior to https://github.com/cloudflare/cfrpki/commit/a8db4e009ef217484598ba1fd1c595b54e0f6422 into emitting an invalid VRP \"MaxLength\" value, causing RTR sessions to terminate. \n\n### Impact\n\nAn attacker can use this to disable RPKI Origin Validation in a victim network (for example AS 13335 - Cloudflare) prior to launching a BGP hijack which during normal operations would be rejected as \"RPKI invalid\". Additionally, in certain deployments RTR session flapping in and of itself also could cause BGP routing churn, causing availability issues.\n\n### Patches\nhttps://github.com/cloudflare/cfrpki/commit/a8db4e009ef217484598ba1fd1c595b54e0f6422\n\nhttps://github.com/cloudflare/cfrpki/releases/tag/v1.3.0\n\n### For more information\nIf you have any questions or comments about this advisory:\n* Email us at [security@cloudflare.com](security@cloudflare.com)\n",
  "aliases": [
    "CVE-2021-3761"
  ],
  "modified": "2021-09-03T21:40:39Z",
  "published": "2021-09-07T23:02:18Z",
  "database_specific": {
    "severity": "HIGH",
    "cwe_ids": [
      "CWE-295",
      "CWE-787"
    ],
    "github_reviewed": true
  },
  "references": [
    {
      "type": "WEB",
      "url": "https://github.com/cloudflare/cfrpki/security/advisories/GHSA-c8xp-8mf3-62h9"
    },
    {
      "type": "ADVISORY",
      "url": "https://nvd.nist.gov/vuln/detail/CVE-2021-3761"
    },
    {
      "type": "WEB",
      "url": "https://github.com/cloudflare/cfrpki/commit/a8db4e009ef217484598ba1fd1c595b54e0f6422"
    },
    {
      "type": "WEB",
      "url": "https://github.com/cloudflare/cfrpki/releases/tag/v1.3.0"
    },
    {
      "type": "WEB",
      "url": "https://www.debian.org/security/2022/dsa-5041"
    },
    {
      "type": "PACKAGE",
      "url": "github.com/cloudflare/cfrpki"
    }
  ],
  "affected": [
    {
      "package": {
        "name": "github.com/cloudflare/cfrpki",
        "ecosystem": "Go",
        "purl": "pkg:golang/github.com/cloudflare/cfrpki"
      },
      "ranges": [
        {
          "type": "SEMVER",
          "events": [
            {
              "introduced": "0"
            },
            {
              "fixed": "1.3.0"
            }
          ]
        }
      ],
      "database_specific": {
        "source": "https://github.com/github/advisory-database/blob/main/advisories/github-reviewed/2021/09/GHSA-c8xp-8mf3-62h9/GHSA-c8xp-8mf3-62h9.json"
      }
    }
  ],
  "schema_version": "1.2.0",
  "severity": [
    {
      "type": "CVSS_V3",
      "score": "CVSS:3.1/AV:N/AC:L/PR:N/UI:N/S:U/C:N/I:N/A:H"
    }
  ]
}