{
  "id": "GHSA-5r5w-h76p-m726",
  "summary": "Use of a Broken or Risky Cryptographic Algorithm in Max Mazurov Maddy",
  "details": "A Broken or Risky Cryptographic Algorithm exists in Max Mazurov Maddy before 0.5.2, which is an unnecessary risk that may result in the exposure of sensitive information.",
  "aliases": [
    "CVE-2021-42583"
  ],
  "modified": "2022-01-13T18:32:43Z",
  "published": "2022-01-06T22:20:53Z",
  "database_specific": {
    "github_reviewed": true,
    "cwe_ids": [
      "CWE-327"
    ],
    "severity": "HIGH"
  },
  "references": [
    {
      "type": "ADVISORY",
      "url": "https://nvd.nist.gov/vuln/detail/CVE-2021-42583"
    },
    {
      "type": "WEB",
      "url": "https://github.com/foxcpp/maddy/blob/df40dce1284cd0fd0a9e8e7894029553d653d0a5/internal/auth/shadow/verify.go"
    },
    {
      "type": "WEB",
      "url": "https://github.com/foxcpp/maddy/releases/tag/v0.5.2"
    },
    {
      "type": "PACKAGE",
      "url": "https://github.com/foxcpp/maddy"
    }
  ],
  "affected": [
    {
      "package": {
        "name": "github.com/foxcpp/maddy",
        "ecosystem": "Go",
        "purl": "pkg:golang/github.com/foxcpp/maddy"
      },
      "ranges": [
        {
          "type": "SEMVER",
          "events": [
            {
              "introduced": "0"
            },
            {
              "fixed": "0.5.2"
            }
          ]
        }
      ],
      "database_specific": {
        "source": "https://github.com/github/advisory-database/blob/main/advisories/github-reviewed/2022/01/GHSA-5r5w-h76p-m726/GHSA-5r5w-h76p-m726.json"
      }
    }
  ],
  "schema_version": "1.2.0"
}