{
  "id": "GHSA-3fx4-7f69-5mmg",
  "summary": "Integer Overflow in go-jose",
  "details": "go-jose before 1.0.5 suffers from a CBC-HMAC integer overflow on 32-bit architectures. An integer overflow could lead to authentication bypass for CBC-HMAC encrypted ciphertexts on 32-bit architectures.",
  "aliases": [
    "CVE-2016-9123"
  ],
  "modified": "2021-05-20T16:26:07Z",
  "published": "2021-06-23T17:14:12Z",
  "database_specific": {
    "severity": "HIGH",
    "github_reviewed": true,
    "cwe_ids": [
      "CWE-190"
    ]
  },
  "references": [
    {
      "type": "ADVISORY",
      "url": "https://nvd.nist.gov/vuln/detail/CVE-2016-9123"
    },
    {
      "type": "WEB",
      "url": "https://github.com/square/go-jose/commit/789a4c4bd4c118f7564954f441b29c153ccd6a96"
    },
    {
      "type": "WEB",
      "url": "https://hackerone.com/reports/165170"
    },
    {
      "type": "WEB",
      "url": "https://www.openwall.com/lists/oss-security/2016/11/03/1"
    }
  ],
  "affected": [
    {
      "package": {
        "name": "github.com/square/go-jose",
        "ecosystem": "Go",
        "purl": "pkg:golang/github.com/square/go-jose"
      },
      "ranges": [
        {
          "type": "SEMVER",
          "events": [
            {
              "introduced": "0"
            },
            {
              "fixed": "1.0.5"
            }
          ]
        }
      ],
      "database_specific": {
        "source": "https://github.com/github/advisory-database/blob/main/advisories/github-reviewed/2021/06/GHSA-3fx4-7f69-5mmg/GHSA-3fx4-7f69-5mmg.json"
      }
    }
  ],
  "schema_version": "1.2.0",
  "severity": [
    {
      "type": "CVSS_V3",
      "score": "CVSS:3.0/AV:N/AC:L/PR:N/UI:N/S:U/C:N/I:H/A:N"
    }
  ]
}