{
  "id": "GHSA-h395-qcrw-5vmq",
  "summary": "Inconsistent Interpretation of HTTP Requests in github.com/gin-gonic/gin",
  "details": "This affects all versions of package github.com/gin-gonic/gin under 1.7.0. When gin is exposed directly to the internet, a client's IP can be spoofed by setting the X-Forwarded-For header.",
  "aliases": [
    "CVE-2020-28483"
  ],
  "modified": "2021-05-12T21:46:50Z",
  "published": "2021-06-23T17:53:21Z",
  "database_specific": {
    "cwe_ids": [
      "CWE-113",
      "CWE-444"
    ],
    "severity": "HIGH",
    "github_reviewed": true
  },
  "references": [
    {
      "type": "ADVISORY",
      "url": "https://nvd.nist.gov/vuln/detail/CVE-2020-28483"
    },
    {
      "type": "WEB",
      "url": "https://github.com/gin-gonic/gin/pull/2474%23issuecomment-729696437"
    },
    {
      "type": "WEB",
      "url": "https://github.com/gin-gonic/gin/pull/2632"
    },
    {
      "type": "WEB",
      "url": "https://github.com/gin-gonic/gin/commit/bfc8ca285eb46dad60e037d57c545cd260636711"
    },
    {
      "type": "WEB",
      "url": "https://github.com/gin-gonic/gin/releases/tag/v1.7.0"
    },
    {
      "type": "WEB",
      "url": "https://snyk.io/vuln/SNYK-GOLANG-GITHUBCOMGINGONICGIN-1041736"
    }
  ],
  "affected": [
    {
      "package": {
        "name": "github.com/gin-gonic/gin",
        "ecosystem": "Go",
        "purl": "pkg:golang/github.com/gin-gonic/gin"
      },
      "ranges": [
        {
          "type": "SEMVER",
          "events": [
            {
              "introduced": "0"
            },
            {
              "fixed": "1.7.0"
            }
          ]
        }
      ],
      "database_specific": {
        "source": "https://github.com/github/advisory-database/blob/main/advisories/github-reviewed/2021/06/GHSA-h395-qcrw-5vmq/GHSA-h395-qcrw-5vmq.json"
      }
    }
  ],
  "schema_version": "1.2.0",
  "severity": [
    {
      "type": "CVSS_V3",
      "score": "CVSS:3.1/AV:N/AC:L/PR:N/UI:R/S:U/C:H/I:L/A:N"
    }
  ]
}