{
  "id": "GHSA-m898-h4pm-pqfr",
  "summary": "Arbitrary code execution due to an uncontrolled search path for the git binary",
  "details": "### Impact\n\nThe go language recently addressed a security issue in the way that binaries are found before being executed. Some operating systems like Windows persist to have the current directory being part of the default search path, and having priority over the system-wide path.\n\nThis means that it's possible for a malicious user to craft for example a `git.bat` command, commit it and push it in a repository. Later when git-bug search for the git binary, this malicious executable can take priority  and be executed.\n\n### Who is impacted\n\nThis issue happen on Windows and some other operating systems with a badly configured PATH.\n\nAll version prior to 0.7.2 are vulnerable to this issue.\n\n### Patches\n\nVersion 0.7.2 fix this issue. Users should update as soon as possible.\n\n### References\n\nMore details about this issue can be found [here](https://blog.golang.org/path-security).",
  "aliases": [
    "CVE-2021-28955"
  ],
  "modified": "2021-05-21T21:22:50Z",
  "published": "2021-05-25T18:44:09Z",
  "database_specific": {
    "cwe_ids": [
      "CWE-427"
    ],
    "github_reviewed": true,
    "severity": "HIGH"
  },
  "references": [
    {
      "type": "WEB",
      "url": "https://github.com/MichaelMure/git-bug/security/advisories/GHSA-m898-h4pm-pqfr"
    },
    {
      "type": "ADVISORY",
      "url": "https://nvd.nist.gov/vuln/detail/CVE-2021-28955"
    },
    {
      "type": "WEB",
      "url": "https://github.com/MichaelMure/git-bug/pull/604"
    },
    {
      "type": "WEB",
      "url": "https://vuln.ryotak.me/advisories/18"
    }
  ],
  "affected": [
    {
      "package": {
        "name": "github.com/MichaelMure/git-bug",
        "ecosystem": "Go",
        "purl": "pkg:golang/github.com/MichaelMure/git-bug"
      },
      "ranges": [
        {
          "type": "SEMVER",
          "events": [
            {
              "introduced": "0"
            },
            {
              "fixed": "0.7.2"
            }
          ]
        }
      ],
      "database_specific": {
        "source": "https://github.com/github/advisory-database/blob/main/advisories/github-reviewed/2021/05/GHSA-m898-h4pm-pqfr/GHSA-m898-h4pm-pqfr.json"
      }
    },
    {
      "package": {
        "name": "github.com/MichaelMure/git-bug/repository",
        "ecosystem": "Go",
        "purl": "pkg:golang/github.com/MichaelMure/git-bug/repository"
      },
      "ranges": [
        {
          "type": "SEMVER",
          "events": [
            {
              "introduced": "0"
            },
            {
              "fixed": "0.7.2"
            }
          ]
        }
      ],
      "database_specific": {
        "source": "https://github.com/github/advisory-database/blob/main/advisories/github-reviewed/2021/05/GHSA-m898-h4pm-pqfr/GHSA-m898-h4pm-pqfr.json"
      }
    }
  ],
  "schema_version": "1.2.0",
  "severity": [
    {
      "type": "CVSS_V3",
      "score": "CVSS:3.1/AV:N/AC:L/PR:H/UI:N/S:U/C:H/I:H/A:H"
    }
  ]
}