{
  "id": "GHSA-6rrw-4fm9-rghv",
  "summary": "Use of Hard-coded Cryptographic Key in Netmaker",
  "details": "Netmaker prior to versions 0.8.5, 0.9.4, 0.10.0, and 0.10.1 uses a hard-coded cryptographic key.",
  "aliases": [
    "CVE-2022-0664"
  ],
  "modified": "2022-02-23T15:45:21Z",
  "published": "2022-02-19T00:01:36Z",
  "database_specific": {
    "cwe_ids": [
      "CWE-321"
    ],
    "severity": "HIGH",
    "github_reviewed": true
  },
  "references": [
    {
      "type": "ADVISORY",
      "url": "https://nvd.nist.gov/vuln/detail/CVE-2022-0664"
    },
    {
      "type": "WEB",
      "url": "https://github.com/gravitl/netmaker/commit/9bee12642986cb9534e268447b70e6f0f03c59cf"
    },
    {
      "type": "WEB",
      "url": "https://huntr.dev/bounties/29898a42-fd4f-4b5b-a8e3-ab573cb87eac"
    },
    {
      "type": "PACKAGE",
      "url": "https://github.com/gravitl/netmaker"
    }
  ],
  "affected": [
    {
      "package": {
        "name": "github.com/gravitl/netmaker",
        "ecosystem": "Go",
        "purl": "pkg:golang/github.com/gravitl/netmaker"
      },
      "ranges": [
        {
          "type": "SEMVER",
          "events": [
            {
              "introduced": "0"
            },
            {
              "fixed": "0.8.5"
            }
          ]
        }
      ],
      "database_specific": {
        "source": "https://github.com/github/advisory-database/blob/main/advisories/github-reviewed/2022/02/GHSA-6rrw-4fm9-rghv/GHSA-6rrw-4fm9-rghv.json"
      }
    },
    {
      "package": {
        "name": "github.com/gravitl/netmaker",
        "ecosystem": "Go",
        "purl": "pkg:golang/github.com/gravitl/netmaker"
      },
      "ranges": [
        {
          "type": "SEMVER",
          "events": [
            {
              "introduced": "0.9.0"
            },
            {
              "fixed": "0.9.4"
            }
          ]
        }
      ],
      "database_specific": {
        "source": "https://github.com/github/advisory-database/blob/main/advisories/github-reviewed/2022/02/GHSA-6rrw-4fm9-rghv/GHSA-6rrw-4fm9-rghv.json"
      }
    }
  ],
  "schema_version": "1.2.0",
  "severity": [
    {
      "type": "CVSS_V3",
      "score": "CVSS:3.0/AV:N/AC:L/PR:L/UI:N/S:U/C:H/I:H/A:H"
    }
  ]
}