{
  "id": "GHSA-vpx7-vm66-qx8r",
  "summary": "Path Traversal in github.com/unknwon/cae/zip",
  "details": "The ExtractTo function doesn't securely escape file paths in zip archives which include leading or non-leading \"..\". This allows an attacker to add or replace files system-wide.",
  "aliases": [
    "CVE-2020-7664"
  ],
  "modified": "2022-01-04T19:33:01Z",
  "published": "2021-05-18T20:31:06Z",
  "database_specific": {
    "severity": "HIGH",
    "cwe_ids": [
      "CWE-22"
    ],
    "github_reviewed": true
  },
  "references": [
    {
      "type": "ADVISORY",
      "url": "https://nvd.nist.gov/vuln/detail/CVE-2020-7664"
    },
    {
      "type": "WEB",
      "url": "https://github.com/unknwon/cae/commit/07971c00a1bfd9dc171c3ad0bfab5b67c2287e11"
    },
    {
      "type": "WEB",
      "url": "https://snyk.io/vuln/SNYK-GOLANG-GITHUBCOMUNKNWONCAEZIP-570383"
    },
    {
      "type": "PACKAGE",
      "url": "https://github.com/unknwon/cae/"
    }
  ],
  "affected": [
    {
      "package": {
        "name": "github.com/unknwon/cae/zip",
        "ecosystem": "Go",
        "purl": "pkg:golang/github.com/unknwon/cae/zip"
      },
      "ranges": [
        {
          "type": "SEMVER",
          "events": [
            {
              "introduced": "0"
            },
            {
              "fixed": "1.0.1"
            }
          ]
        }
      ],
      "database_specific": {
        "source": "https://github.com/github/advisory-database/blob/main/advisories/github-reviewed/2021/05/GHSA-vpx7-vm66-qx8r/GHSA-vpx7-vm66-qx8r.json"
      }
    }
  ],
  "schema_version": "1.2.0",
  "severity": [
    {
      "type": "CVSS_V3",
      "score": "CVSS:3.1/AV:N/AC:L/PR:N/UI:N/S:U/C:N/I:H/A:N"
    }
  ]
}