{
  "id": "GHSA-xg2h-wx96-xgxr",
  "summary": "RandomAlphaNumeric and CryptoRandomAlphaNumeric are not as random as they should be",
  "details": "### Impact\n\nA security-sensitive bug was discovered by Open Source Developer *Erik Sundell of Sundell Open Source Consulting AB*.\n\nThe functions `RandomAlphaNumeric(int)` and `CryptoRandomAlphaNumeric(int)` are not as random as they should be. Small values of `int` in the functions above will return a smaller subset of results than they should. For example, `RandomAlphaNumeric(1)` will always return a digit in the 0-9 range, while `RandomAlphaNumeric(4)` will return around ~7 million of the ~13M possible permutations.\n\nThis is considered a security release because programs that rely upon random generators for passwords are at an increased risk of brute force-style password guessing. There is also a higher probability of collision.\n\nThe problem was the result of a mistaken regular expression that only accepted random strings if they contained a digit from `[0-9]`. That restriction has been removed.\n\n### Patches\n\nThis issue has been corrected in v1.0.2.\n\n### Workarounds\n\nIf you cannot upgrade to v1.0.2, you can work around the issue by calling `RandomAlphaNumericCustom(N, true, true)`|`CryptoRandomAlphaNumericCustom(N, true, true)`  instead. (Where `N` is the desired length, and `true` is the literal boolean `true`.)        ",
  "modified": "2021-05-21T14:36:56Z",
  "published": "2021-05-21T16:26:06Z",
  "database_specific": {
    "github_reviewed": true,
    "severity": "LOW",
    "cwe_ids": []
  },
  "references": [
    {
      "type": "WEB",
      "url": "https://github.com/Masterminds/goutils/security/advisories/GHSA-xg2h-wx96-xgxr"
    }
  ],
  "affected": [
    {
      "package": {
        "name": "github.com/Masterminds/goutils",
        "ecosystem": "Go",
        "purl": "pkg:golang/github.com/Masterminds/goutils"
      },
      "ranges": [
        {
          "type": "SEMVER",
          "events": [
            {
              "introduced": "0"
            },
            {
              "fixed": "1.0.2"
            }
          ]
        }
      ],
      "database_specific": {
        "source": "https://github.com/github/advisory-database/blob/main/advisories/github-reviewed/2021/05/GHSA-xg2h-wx96-xgxr/GHSA-xg2h-wx96-xgxr.json"
      }
    }
  ],
  "schema_version": "1.2.0"
}