{
  "id": "GHSA-vj54-cjrx-x696",
  "summary": "Observable Discrepancy in Argo",
  "details": "Fixed in v1.5.1, Argo version v1.5.0 was vulnerable to a user-enumeration vulnerability which allowed attackers to determine the usernames of valid (non-SSO) accounts within Argo.",
  "aliases": [
    "CVE-2020-11576"
  ],
  "modified": "2021-07-29T16:07:15Z",
  "published": "2021-12-09T19:59:24Z",
  "database_specific": {
    "github_reviewed": true,
    "severity": "MODERATE",
    "cwe_ids": [
      "CWE-203"
    ]
  },
  "references": [
    {
      "type": "ADVISORY",
      "url": "https://nvd.nist.gov/vuln/detail/CVE-2020-11576"
    },
    {
      "type": "WEB",
      "url": "https://github.com/argoproj/argo-cd/pull/3215"
    },
    {
      "type": "WEB",
      "url": "https://github.com/argoproj/argo-cd/commit/35a7350b7444bcaf53ee0bb11b9d8e3ae4b717a1"
    },
    {
      "type": "WEB",
      "url": "https://www.soluble.ai/blog/argo-cves-2020"
    }
  ],
  "affected": [
    {
      "package": {
        "name": "github.com/argoproj/argo-cd/util/session",
        "ecosystem": "Go",
        "purl": "pkg:golang/github.com/argoproj/argo-cd/util/session"
      },
      "ranges": [
        {
          "type": "SEMVER",
          "events": [
            {
              "introduced": "1.5.0"
            },
            {
              "fixed": "1.5.1"
            }
          ]
        }
      ],
      "versions": [
        "1.5.0"
      ],
      "database_specific": {
        "source": "https://github.com/github/advisory-database/blob/main/advisories/github-reviewed/2021/12/GHSA-vj54-cjrx-x696/GHSA-vj54-cjrx-x696.json"
      }
    }
  ],
  "schema_version": "1.2.0",
  "severity": [
    {
      "type": "CVSS_V3",
      "score": "CVSS:3.1/AV:N/AC:L/PR:N/UI:N/S:U/C:L/I:N/A:N"
    }
  ]
}