{
  "id": "GHSA-c2h3-6mxw-7mvq",
  "summary": "Insufficiently restricted permissions on plugin directories",
  "details": "### Impact\nA bug was found in containerd where container root directories and some plugins had insufficiently restricted permissions, allowing otherwise unprivileged Linux users to traverse directory contents and execute programs. When containers included executable programs with extended permission bits (such as setuid), unprivileged Linux users could discover and execute those programs. When the UID of an unprivileged Linux user on the host collided with the file owner or group inside a container, the unprivileged Linux user on the host could discover, read, and modify those files.\n\n### Patches\nThis vulnerability has been fixed in containerd 1.4.11 and containerd 1.5.7. Users should update to these version when they are released and may restart containers or update directory permissions to mitigate the vulnerability.\n\n### Workarounds\nLimit access to the host to trusted users. Update directory permission on container bundles directories. \n\n### For more information\nIf you have any questions or comments about this advisory: \n* Open an issue in [github.com/containerd/containerd](https://github.com/containerd/containerd/issues/new/choose)\n* Email us at [security@containerd.io](mailto:security@containerd.io)\n",
  "aliases": [
    "CVE-2021-41103"
  ],
  "modified": "2021-10-15T17:31:03Z",
  "published": "2021-10-04T20:14:47Z",
  "database_specific": {
    "severity": "MODERATE",
    "github_reviewed": true,
    "cwe_ids": [
      "CWE-22"
    ]
  },
  "references": [
    {
      "type": "WEB",
      "url": "https://github.com/containerd/containerd/security/advisories/GHSA-c2h3-6mxw-7mvq"
    },
    {
      "type": "ADVISORY",
      "url": "https://nvd.nist.gov/vuln/detail/CVE-2021-41103"
    },
    {
      "type": "WEB",
      "url": "https://github.com/containerd/containerd/commit/5b46e404f6b9f661a205e28d59c982d3634148f8"
    },
    {
      "type": "WEB",
      "url": "https://github.com/containerd/containerd/releases/tag/v1.4.11"
    },
    {
      "type": "WEB",
      "url": "https://github.com/containerd/containerd/releases/tag/v1.5.7"
    },
    {
      "type": "WEB",
      "url": "https://lists.fedoraproject.org/archives/list/package-announce@lists.fedoraproject.org/message/B5Q6G6I4W5COQE25QMC7FJY3I3PAYFBB/"
    },
    {
      "type": "WEB",
      "url": "https://lists.fedoraproject.org/archives/list/package-announce@lists.fedoraproject.org/message/ZNFADTCHHYWVM6W4NJ6CB4FNFM2VMBIB/"
    },
    {
      "type": "WEB",
      "url": "https://www.debian.org/security/2021/dsa-5002"
    },
    {
      "type": "PACKAGE",
      "url": "https://github.com/containerd/containerd"
    }
  ],
  "affected": [
    {
      "package": {
        "name": "github.com/containerd/containerd",
        "ecosystem": "Go",
        "purl": "pkg:golang/github.com/containerd/containerd"
      },
      "ranges": [
        {
          "type": "SEMVER",
          "events": [
            {
              "introduced": "0"
            },
            {
              "fixed": "1.4.11"
            }
          ]
        }
      ],
      "database_specific": {
        "source": "https://github.com/github/advisory-database/blob/main/advisories/github-reviewed/2021/10/GHSA-c2h3-6mxw-7mvq/GHSA-c2h3-6mxw-7mvq.json"
      }
    },
    {
      "package": {
        "name": "github.com/containerd/containerd",
        "ecosystem": "Go",
        "purl": "pkg:golang/github.com/containerd/containerd"
      },
      "ranges": [
        {
          "type": "SEMVER",
          "events": [
            {
              "introduced": "1.5.0"
            },
            {
              "fixed": "1.5.7"
            }
          ]
        }
      ],
      "database_specific": {
        "source": "https://github.com/github/advisory-database/blob/main/advisories/github-reviewed/2021/10/GHSA-c2h3-6mxw-7mvq/GHSA-c2h3-6mxw-7mvq.json"
      }
    }
  ],
  "schema_version": "1.2.0",
  "severity": [
    {
      "type": "CVSS_V3",
      "score": "CVSS:3.0/AV:L/AC:L/PR:N/UI:N/S:U/C:L/I:L/A:L"
    }
  ]
}