{
  "id": "GHSA-cx3w-xqmc-84g5",
  "summary": "Git LFS can execute a Git binary from the current directory on Windows",
  "details": "### Impact\nOn Windows, if Git LFS operates on a malicious repository with a git.bat or git.exe file in the current directory, that program would be executed, permitting the attacker to execute arbitrary code. This does not affect Unix systems.\n\nThis is the result of an incomplete fix for CVE-2020-27955.\n\nThis issue occurs because on Windows, [Go includes (and prefers) the current directory when the name of a command run does not contain a directory separator](https://github.com/golang/go/issues/38736).\n\n### Patches\nThis version should be patched in v2.13.2, which will be released in coordination with this security advisory.\n\n### Workarounds\nOther than avoiding untrusted repositories or using a different operating system, there is no workaround.\n\n### References\n_Are there any links users can visit to find out more?_\n\n### For more information\nIf you have any questions or comments about this advisory:\n\n- Start a discussion in [the Git LFS discussion page](https://github.com/git-lfs/git-lfs/discussions).\n- If you cannot open a discussion, please email the core team using their usernames at `github.com`.",
  "aliases": [
    "CVE-2021-21237"
  ],
  "modified": "2022-02-15T00:30:37Z",
  "published": "2022-02-15T00:30:37Z",
  "database_specific": {
    "cwe_ids": [
      "CWE-426",
      "CWE-94"
    ],
    "severity": "HIGH",
    "github_reviewed": true
  },
  "references": [
    {
      "type": "WEB",
      "url": "https://github.com/git-lfs/git-lfs/security/advisories/GHSA-cx3w-xqmc-84g5"
    },
    {
      "type": "ADVISORY",
      "url": "https://nvd.nist.gov/vuln/detail/CVE-2021-21237"
    },
    {
      "type": "WEB",
      "url": "https://github.com/git-lfs/git-lfs/commit/fc664697ed2c2081ee9633010de0a7f9debea72a"
    },
    {
      "type": "WEB",
      "url": "https://cve.mitre.org/cgi-bin/cvename.cgi?name=CVE-2020-27955"
    },
    {
      "type": "WEB",
      "url": "https://github.com/git-lfs/git-lfs/releases/tag/v2.13.2"
    }
  ],
  "affected": [
    {
      "package": {
        "name": "github.com/git-lfs/git-lfs",
        "ecosystem": "Go",
        "purl": "pkg:golang/github.com/git-lfs/git-lfs"
      },
      "ranges": [
        {
          "type": "SEMVER",
          "events": [
            {
              "introduced": "0"
            },
            {
              "fixed": "2.13.2"
            }
          ]
        }
      ],
      "database_specific": {
        "source": "https://github.com/github/advisory-database/blob/main/advisories/github-reviewed/2022/02/GHSA-cx3w-xqmc-84g5/GHSA-cx3w-xqmc-84g5.json"
      }
    }
  ],
  "schema_version": "1.2.0",
  "severity": [
    {
      "type": "CVSS_V3",
      "score": "CVSS:3.1/AV:L/AC:H/PR:L/UI:R/S:C/C:H/I:H/A:N"
    }
  ]
}