{
  "id": "GHSA-q6cj-6jvq-jwmh",
  "summary": "Privilege Escalation in Cloud Native Computing Foundation Harbor",
  "details": "Cloud Native Computing Foundation Harbor prior to 1.8.6 and 1.9.3 has a Privilege Escalation Vulnerability in the VMware Harbor Container Registry for the Pivotal Platform.",
  "aliases": [
    "CVE-2019-19023"
  ],
  "modified": "2021-05-04T21:59:38Z",
  "published": "2021-05-18T18:27:28Z",
  "database_specific": {
    "github_reviewed": true,
    "cwe_ids": [
      "CWE-269"
    ],
    "severity": "MODERATE"
  },
  "references": [
    {
      "type": "WEB",
      "url": "https://github.com/goharbor/harbor/security/advisories/GHSA-3868-7c5x-4827"
    },
    {
      "type": "ADVISORY",
      "url": "https://nvd.nist.gov/vuln/detail/CVE-2019-19023"
    },
    {
      "type": "WEB",
      "url": "https://github.com/goharbor/harbor/security/advisories"
    },
    {
      "type": "WEB",
      "url": "https://tanzu.vmware.com/security/cve-2019-19023"
    }
  ],
  "affected": [
    {
      "package": {
        "name": "github.com/goharbor/harbor",
        "ecosystem": "Go",
        "purl": "pkg:golang/github.com/goharbor/harbor"
      },
      "ranges": [
        {
          "type": "SEMVER",
          "events": [
            {
              "introduced": "1.7.0"
            },
            {
              "fixed": "1.8.6"
            }
          ]
        }
      ],
      "database_specific": {
        "source": "https://github.com/github/advisory-database/blob/main/advisories/github-reviewed/2021/05/GHSA-q6cj-6jvq-jwmh/GHSA-q6cj-6jvq-jwmh.json"
      }
    },
    {
      "package": {
        "name": "github.com/goharbor/harbor",
        "ecosystem": "Go",
        "purl": "pkg:golang/github.com/goharbor/harbor"
      },
      "ranges": [
        {
          "type": "SEMVER",
          "events": [
            {
              "introduced": "1.9.0"
            },
            {
              "fixed": "1.9.3"
            }
          ]
        }
      ],
      "database_specific": {
        "source": "https://github.com/github/advisory-database/blob/main/advisories/github-reviewed/2021/05/GHSA-q6cj-6jvq-jwmh/GHSA-q6cj-6jvq-jwmh.json"
      }
    }
  ],
  "schema_version": "1.2.0",
  "severity": [
    {
      "type": "CVSS_V3",
      "score": "CVSS:3.1/AV:N/AC:L/PR:N/UI:N/S:C/C:H/I:L/A:N"
    }
  ]
}