{
  "id": "GHSA-qq3j-xp49-j73f",
  "summary": "Plugin archive directory traversal in Helm",
  "details": "The Helm core maintainers have identified an information disclosure\nvulnerability in Helm 3.0.0-3.2.3. \n\n### Impact\n\nA traversal attack is possible when installing Helm plugins from a tar\narchive over HTTP.  It is possible for a malicious plugin author to inject a relative\npath into a plugin archive, and copy a file outside of the intended directory.\n\nTraversal Attacks are a form of a Directory Traversal that can be exploited by\nextracting files from an archive. The premise of the Directory Traversal\nvulnerability is that an attacker can gain access to parts of the file system\noutside of the target folder in which they should reside. The attacker can\nthen overwrite executable files and either invoke them remotely or wait for\nthe system or user to call them, thus achieving Remote Command Execution on\nthe victim's machine. The vulnerability can also cause damage by overwriting\nconfiguration files or other sensitive resources, and can be exploited on both\nclient (user) machines and servers.\n\nhttps://snyk.io/research/zip-slip-vulnerability\n\n### Patches\n\nThis issue has been fixed in Helm 3.2.4 \n\n### For more information\nIf you have any questions or comments about this advisory:\n* Open an issue in [the Helm repository](https://github.com/helm/helm/issues)\n* For security-specific issues, email us at [cncf-helm-security@lists.cncf.io](mailto:cncf-helm-security@lists.cncf.io)",
  "aliases": [
    "CVE-2020-4053"
  ],
  "modified": "2021-05-24T20:57:17Z",
  "published": "2021-06-23T18:14:36Z",
  "database_specific": {
    "severity": "LOW",
    "github_reviewed": true,
    "cwe_ids": [
      "CWE-22"
    ]
  },
  "references": [
    {
      "type": "WEB",
      "url": "https://github.com/helm/helm/security/advisories/GHSA-qq3j-xp49-j73f"
    },
    {
      "type": "ADVISORY",
      "url": "https://nvd.nist.gov/vuln/detail/CVE-2020-4053"
    },
    {
      "type": "WEB",
      "url": "https://github.com/helm/helm/pull/8317"
    },
    {
      "type": "WEB",
      "url": "https://github.com/helm/helm/commit/0ad800ef43d3b826f31a5ad8dfbb4fe05d143688"
    },
    {
      "type": "WEB",
      "url": "https://github.com/helm/helm/commit/b6bbe4f08bbb98eadd6c9cd726b08a5c639908b3"
    },
    {
      "type": "WEB",
      "url": "https://github.com/helm/helm/releases/tag/v3.2.4"
    }
  ],
  "affected": [
    {
      "package": {
        "name": "helm.sh/helm/v3/pkg/plugin/installer",
        "ecosystem": "Go",
        "purl": "pkg:golang/helm.sh/helm/v3/pkg/plugin/installer"
      },
      "ranges": [
        {
          "type": "SEMVER",
          "events": [
            {
              "introduced": "3.0.0"
            },
            {
              "fixed": "3.2.4"
            }
          ]
        }
      ],
      "database_specific": {
        "source": "https://github.com/github/advisory-database/blob/main/advisories/github-reviewed/2021/06/GHSA-qq3j-xp49-j73f/GHSA-qq3j-xp49-j73f.json"
      }
    }
  ],
  "schema_version": "1.2.0",
  "severity": [
    {
      "type": "CVSS_V3",
      "score": "CVSS:3.1/AV:N/AC:H/PR:L/UI:R/S:U/C:L/I:L/A:N"
    }
  ]
}