{
  "id": "GHSA-hv5f-73mr-7vvj",
  "summary": "Cross-site Scripting in Mattermost",
  "details": "Mattermost 5.38 and earlier fails to sufficiently sanitize clipboard contents, which allows a user-assisted attacker to inject arbitrary web script in product deployments that explicitly disable the default CSP.",
  "aliases": [
    "CVE-2021-37860"
  ],
  "modified": "2021-10-06T13:08:14Z",
  "published": "2021-09-23T23:11:06Z",
  "database_specific": {
    "cwe_ids": [
      "CWE-79"
    ],
    "github_reviewed": true,
    "severity": "MODERATE"
  },
  "references": [
    {
      "type": "ADVISORY",
      "url": "https://nvd.nist.gov/vuln/detail/CVE-2021-37860"
    },
    {
      "type": "WEB",
      "url": "https://docs.mattermost.com/install/self-managed-changelog.html#release-v5-39-quality-release"
    },
    {
      "type": "WEB",
      "url": "https://mattermost.com/security-updates/"
    },
    {
      "type": "PACKAGE",
      "url": "https://github.com/mattermost/mattermost-server/"
    }
  ],
  "affected": [
    {
      "package": {
        "name": "github.com/mattermost/mattermost-server/v5",
        "ecosystem": "Go",
        "purl": "pkg:golang/github.com/mattermost/mattermost-server/v5"
      },
      "ranges": [
        {
          "type": "SEMVER",
          "events": [
            {
              "introduced": "0"
            },
            {
              "fixed": "5.39"
            }
          ]
        }
      ],
      "database_specific": {
        "source": "https://github.com/github/advisory-database/blob/main/advisories/github-reviewed/2021/09/GHSA-hv5f-73mr-7vvj/GHSA-hv5f-73mr-7vvj.json"
      }
    }
  ],
  "schema_version": "1.2.0",
  "severity": [
    {
      "type": "CVSS_V3",
      "score": "CVSS:3.1/AV:N/AC:L/PR:N/UI:R/S:C/C:L/I:L/A:N"
    }
  ]
}