{
  "id": "GHSA-8h8p-x289-vvqr",
  "summary": "Gitea displaying raw OpenID error in UI",
  "details": "Gitea is a project to help users set up a self-hosted Git service. Server Side Request Forgery (SSRF) vulnerability exists in Gitea before 1.7.0 using the OpenID URL. Gitea can leak sensitive information about the local network through the error provided by the UI. ",
  "aliases": [
    "CVE-2021-45325"
  ],
  "modified": "2022-02-14T21:42:51Z",
  "published": "2022-02-09T00:00:29Z",
  "database_specific": {
    "github_reviewed": true,
    "cwe_ids": [
      "CWE-918"
    ],
    "severity": "MODERATE"
  },
  "references": [
    {
      "type": "ADVISORY",
      "url": "https://nvd.nist.gov/vuln/detail/CVE-2021-45325"
    },
    {
      "type": "WEB",
      "url": "https://github.com/go-gitea/gitea/issues/4973"
    },
    {
      "type": "WEB",
      "url": "https://github.com/go-gitea/gitea/pull/5705"
    },
    {
      "type": "WEB",
      "url": "https://github.com/go-gitea/gitea/pull/5712"
    },
    {
      "type": "WEB",
      "url": "https://blog.gitea.io/2019/01/gitea-1.7.0-is-released/"
    },
    {
      "type": "PACKAGE",
      "url": "https://github.com/go-gitea/gitea"
    }
  ],
  "affected": [
    {
      "package": {
        "name": "github.com/go-gitea/gitea",
        "ecosystem": "Go",
        "purl": "pkg:golang/github.com/go-gitea/gitea"
      },
      "ranges": [
        {
          "type": "SEMVER",
          "events": [
            {
              "introduced": "0"
            },
            {
              "fixed": "1.7.0"
            }
          ]
        }
      ],
      "database_specific": {
        "source": "https://github.com/github/advisory-database/blob/main/advisories/github-reviewed/2022/02/GHSA-8h8p-x289-vvqr/GHSA-8h8p-x289-vvqr.json"
      }
    }
  ],
  "schema_version": "1.2.0",
  "severity": [
    {
      "type": "CVSS_V3",
      "score": "CVSS:3.1/AV:N/AC:L/PR:N/UI:N/S:U/C:L/I:N/A:N"
    }
  ]
}