{
  "id": "GHSA-w6ww-fmfx-2x22",
  "summary": "Misconfigured IP address field in ROA leads to OctoRPKI crash",
  "details": "If the ROA that a repository returns contains too many bits for the IP address then OctoRPKI will crash.\n\n## Patches\n\n## For more information\nIf you have any questions or comments about this advisory email us at security@cloudflare.com\n",
  "aliases": [
    "CVE-2021-3911"
  ],
  "modified": "2021-11-10T18:14:59Z",
  "published": "2021-11-10T19:56:04Z",
  "database_specific": {
    "severity": "MODERATE",
    "github_reviewed": true,
    "cwe_ids": [
      "CWE-20",
      "CWE-252"
    ]
  },
  "references": [
    {
      "type": "WEB",
      "url": "https://github.com/cloudflare/cfrpki/security/advisories/GHSA-w6ww-fmfx-2x22"
    },
    {
      "type": "ADVISORY",
      "url": "https://nvd.nist.gov/vuln/detail/CVE-2021-3911"
    },
    {
      "type": "WEB",
      "url": "https://www.debian.org/security/2022/dsa-5041"
    },
    {
      "type": "PACKAGE",
      "url": "https://github.com/cloudflare/cfrpki"
    }
  ],
  "affected": [
    {
      "package": {
        "name": "github.com/cloudflare/cfrpki",
        "ecosystem": "Go",
        "purl": "pkg:golang/github.com/cloudflare/cfrpki"
      },
      "ranges": [
        {
          "type": "SEMVER",
          "events": [
            {
              "introduced": "0"
            },
            {
              "fixed": "1.4"
            }
          ]
        }
      ],
      "database_specific": {
        "source": "https://github.com/github/advisory-database/blob/main/advisories/github-reviewed/2021/11/GHSA-w6ww-fmfx-2x22/GHSA-w6ww-fmfx-2x22.json"
      }
    }
  ],
  "schema_version": "1.2.0",
  "severity": [
    {
      "type": "CVSS_V3",
      "score": "CVSS:3.1/AV:N/AC:H/PR:H/UI:R/S:U/C:N/I:N/A:H"
    }
  ]
}