{
  "id": "GHSA-362v-wg5p-64w2",
  "summary": "Incorrect Privilege Assignment in HashiCorp Vault",
  "details": "HashiCorp Vault and Vault Enterprise 1.8.x through 1.8.4 may have an unexpected interaction between glob-related policies and the Google Cloud secrets engine. Users may, in some situations, have more privileges than intended, e.g., a user with read permission for the /gcp/roleset/* path may be able to issue Google Cloud service account credentials.",
  "aliases": [
    "CVE-2021-42135"
  ],
  "modified": "2021-10-20T17:28:19Z",
  "published": "2021-10-12T18:41:16Z",
  "database_specific": {
    "cwe_ids": [
      "CWE-266",
      "CWE-863"
    ],
    "github_reviewed": true,
    "severity": "HIGH"
  },
  "references": [
    {
      "type": "ADVISORY",
      "url": "https://nvd.nist.gov/vuln/detail/CVE-2021-42135"
    },
    {
      "type": "WEB",
      "url": "https://discuss.hashicorp.com/t/hcsec-2021-28-vaults-google-cloud-secrets-engine-policies-with-globs-may-provide-additional-privileges-in-vault-1-8-0-onwards/"
    },
    {
      "type": "WEB",
      "url": "https://github.com/hashicorp/vault/blob/main/CHANGELOG.md#180"
    },
    {
      "type": "PACKAGE",
      "url": "https://github.com/hashicorp/vault"
    }
  ],
  "affected": [
    {
      "package": {
        "name": "github.com/hashicorp/vault",
        "ecosystem": "Go",
        "purl": "pkg:golang/github.com/hashicorp/vault"
      },
      "ranges": [
        {
          "type": "SEMVER",
          "events": [
            {
              "introduced": "1.8.0"
            }
          ]
        }
      ],
      "database_specific": {
        "source": "https://github.com/github/advisory-database/blob/main/advisories/github-reviewed/2021/10/GHSA-362v-wg5p-64w2/GHSA-362v-wg5p-64w2.json",
        "last_known_affected_version_range": "<= 1.8.4"
      }
    }
  ],
  "schema_version": "1.2.0",
  "severity": [
    {
      "type": "CVSS_V3",
      "score": "CVSS:3.1/AV:N/AC:L/PR:L/UI:N/S:U/C:H/I:H/A:N"
    }
  ]
}