{
  "id": "GHSA-m836-gxwq-j2pm",
  "summary": "Improper Access Control in github.com/treeverse/lakefs",
  "details": "### Impact\n\n1. [medium] A user with write permissions to a portion of a repository may use the S3 gateway to copy any object in the repository if they know its name.\n1. [medium] A user with permission to write any one of tags, branches, or commits on a repository may write all of them.\n1. [low] A user with permission to read any one of tags, branches, or commits on a repository may read all of them.\n1. [low] A user allowed to list objects in a repository _or_ read repository meta-data may retrieve graveler information about the location on underlying storage of all objects stored in any commit that they can view.  If the user additionally has the capability to read underlying storage, they will be able to retrieve metadata associated with all objects in that commit.\n\n### For more information\n\nIf you have any questions or comments about this advisory please:\n* Email us at security@treeverse.io.\n* Open an issue on https://github.com/treeverse/lakeFS/issues/new.\n",
  "modified": "2021-10-27T18:58:30Z",
  "published": "2021-10-28T16:27:03Z",
  "database_specific": {
    "severity": "MODERATE",
    "github_reviewed": true,
    "cwe_ids": [
      "CWE-284"
    ]
  },
  "references": [
    {
      "type": "WEB",
      "url": "https://github.com/treeverse/lakeFS/security/advisories/GHSA-m836-gxwq-j2pm"
    },
    {
      "type": "PACKAGE",
      "url": "https://github.com/treeverse/lakeFS"
    }
  ],
  "affected": [
    {
      "package": {
        "name": "github.com/treeverse/lakefs",
        "ecosystem": "Go",
        "purl": "pkg:golang/github.com/treeverse/lakefs"
      },
      "ranges": [
        {
          "type": "SEMVER",
          "events": [
            {
              "introduced": "0"
            },
            {
              "fixed": "0.53.1"
            }
          ]
        }
      ],
      "database_specific": {
        "source": "https://github.com/github/advisory-database/blob/main/advisories/github-reviewed/2021/10/GHSA-m836-gxwq-j2pm/GHSA-m836-gxwq-j2pm.json"
      }
    }
  ],
  "schema_version": "1.2.0",
  "severity": [
    {
      "type": "CVSS_V3",
      "score": "CVSS:3.1/AV:N/AC:L/PR:L/UI:R/S:U/C:H/I:N/A:N"
    }
  ]
}