{
  "id": "GHSA-3f8r-4qwm-r7jf",
  "summary": "Improper Authentication in Apache Traffic Control",
  "details": "Improper authentication is possible in Apache Traffic Control versions 3.0.0 and 3.0.1 if LDAP is enabled for login in the Traffic Ops API component. Given a username for a user that can be authenticated via LDAP, it is possible to improperly authenticate as that user without that user's correct password.",
  "aliases": [
    "CVE-2019-12405"
  ],
  "modified": "2021-10-13T17:25:40Z",
  "published": "2021-05-18T15:39:16Z",
  "database_specific": {
    "severity": "CRITICAL",
    "cwe_ids": [
      "CWE-287"
    ],
    "github_reviewed": true
  },
  "references": [
    {
      "type": "ADVISORY",
      "url": "https://nvd.nist.gov/vuln/detail/CVE-2019-12405"
    },
    {
      "type": "WEB",
      "url": "https://github.com/apache/trafficcontrol/commit/f780aff77a52d52a37b4d1cc3e8e801c0b557356"
    },
    {
      "type": "WEB",
      "url": "https://lists.apache.org/thread.html/e128e9d382f3b0d074e2b597ac58e1d92139394509d81ddbc9e3700e@%3Cusers.trafficcontrol.apache.org%3E"
    },
    {
      "type": "WEB",
      "url": "https://lists.apache.org/thread.html/r3c675031ac220b5eae64a9c84a03ee60045c6045738607dca4a96cb8@%3Ccommits.trafficcontrol.apache.org%3E"
    },
    {
      "type": "WEB",
      "url": "https://lists.apache.org/thread.html/rc8bfd7d4f71d61e9193efcd4699eccbab3c202ec1d75ed9d502f08bf@%3Ccommits.trafficcontrol.apache.org%3E"
    },
    {
      "type": "WEB",
      "url": "https://support.f5.com/csp/article/K84141859"
    },
    {
      "type": "WEB",
      "url": "https://support.f5.com/csp/article/K84141859?utm_source=f5support&amp;utm_medium=RSS"
    },
    {
      "type": "PACKAGE",
      "url": "https://github.com/apache/trafficcontrol"
    }
  ],
  "affected": [
    {
      "package": {
        "name": "github.com/apache/trafficcontrol/traffic_ops/traffic_ops_golang/login",
        "ecosystem": "Go",
        "purl": "pkg:golang/github.com/apache/trafficcontrol/traffic_ops/traffic_ops_golang/login"
      },
      "ranges": [
        {
          "type": "SEMVER",
          "events": [
            {
              "introduced": "3.0.0"
            },
            {
              "fixed": "3.0.2-RC1"
            }
          ]
        }
      ],
      "database_specific": {
        "source": "https://github.com/github/advisory-database/blob/main/advisories/github-reviewed/2021/05/GHSA-3f8r-4qwm-r7jf/GHSA-3f8r-4qwm-r7jf.json",
        "last_known_affected_version_range": "<= 3.0.1"
      }
    }
  ],
  "schema_version": "1.2.0",
  "severity": [
    {
      "type": "CVSS_V3",
      "score": "CVSS:3.1/AV:N/AC:L/PR:N/UI:N/S:U/C:H/I:H/A:H"
    }
  ]
}