{
  "id": "GHSA-rrm8-32g4-w8m3",
  "summary": "Cross-site Request Forgery (CSRF)",
  "details": "CSRF in Bitly oauth2_proxy 2.1 during authentication flow",
  "aliases": [
    "CVE-2017-1000069"
  ],
  "modified": "2021-05-12T18:30:22Z",
  "published": "2021-12-20T18:04:46Z",
  "database_specific": {
    "severity": "HIGH",
    "github_reviewed": true,
    "cwe_ids": [
      "CWE-352"
    ]
  },
  "references": [
    {
      "type": "ADVISORY",
      "url": "https://nvd.nist.gov/vuln/detail/CVE-2017-1000069"
    },
    {
      "type": "WEB",
      "url": "https://github.com/bitly/oauth2_proxy/pull/360"
    },
    {
      "type": "WEB",
      "url": "https://github.com/bitly/oauth2_proxy/commit/55085d9697962668fd4e43e8e4644144fe83cd93"
    },
    {
      "type": "WEB",
      "url": "https://web.nvd.nist.gov/view/vuln/detail?vulnId=CVE-2017-1000069"
    }
  ],
  "affected": [
    {
      "package": {
        "name": "github.com/bitly/oauth2_proxy",
        "ecosystem": "Go",
        "purl": "pkg:golang/github.com/bitly/oauth2_proxy"
      },
      "ranges": [
        {
          "type": "SEMVER",
          "events": [
            {
              "introduced": "0"
            },
            {
              "fixed": "2.2"
            }
          ]
        }
      ],
      "database_specific": {
        "source": "https://github.com/github/advisory-database/blob/main/advisories/github-reviewed/2021/12/GHSA-rrm8-32g4-w8m3/GHSA-rrm8-32g4-w8m3.json"
      }
    }
  ],
  "schema_version": "1.2.0",
  "severity": [
    {
      "type": "CVSS_V3",
      "score": "CVSS:3.1/AV:N/AC:L/PR:N/UI:R/S:U/C:H/I:H/A:H"
    }
  ]
}