{
  "id": "GHSA-h2fg-54x9-5qhq",
  "summary": "Nil dereference in NATS JWT, DoS of nats-server",
  "details": "## Problem Description\n\nThe NATS account system has an Operator trusted by the servers, which signs Accounts, and each Account can then create and sign Users within their account.  The Operator should be able to safely issue Accounts to other entities which it does not fully trust.\n\nA malicious Account could create and sign a User JWT with a state not created by the normal tooling, such that decoding by the NATS JWT library (written in Go) would attempt a nil dereference, aborting execution.\n\nThe NATS Server is known to be impacted by this.\n\n\n## Affected versions\n\n#### JWT library\n\n * all versions prior to 1.1.0\n\n#### NATS Server\n\n * Version 2 prior to 2.1.9\n\n\n## Impact\n\n#### JWT library\n\n * Programs would nil dereference and panic, aborting execution by default.\n\n#### NATS server\n\n * Denial of Service caused by process termination\n\n\n## Workaround\n\nIf your NATS servers do not trust any accounts which are managed by untrusted entities, then malformed User credentials are unlikely to be encountered.\n\n\n## Solution\n\nUpgrade the JWT dependency in any application using it.\n\nUpgrade the NATS server if using NATS Accounts.",
  "aliases": [
    "CVE-2020-26521"
  ],
  "modified": "2022-02-11T23:43:13Z",
  "published": "2022-02-11T23:43:13Z",
  "database_specific": {
    "cwe_ids": [
      "CWE-476"
    ],
    "severity": "LOW",
    "github_reviewed": true
  },
  "references": [
    {
      "type": "WEB",
      "url": "https://github.com/nats-io/jwt/security/advisories/GHSA-h2fg-54x9-5qhq"
    },
    {
      "type": "ADVISORY",
      "url": "https://nvd.nist.gov/vuln/detail/CVE-2020-26521"
    },
    {
      "type": "WEB",
      "url": "https://github.com/nats-io/nats-server/commit/9ff8bcde2e46009e98bd9e88f598af355f62c168"
    },
    {
      "type": "WEB",
      "url": "https://advisories.nats.io/CVE/CVE-2020-26521.txt"
    },
    {
      "type": "WEB",
      "url": "https://github.com/nats-io/nats-server/commits/master"
    },
    {
      "type": "WEB",
      "url": "https://lists.fedoraproject.org/archives/list/package-announce@lists.fedoraproject.org/message/VT67XCLIIBYRT762SVFBYFFTQFVSM3SI/"
    },
    {
      "type": "WEB",
      "url": "http://www.openwall.com/lists/oss-security/2020/11/02/2"
    }
  ],
  "affected": [
    {
      "package": {
        "name": "github.com/nats-io/jwt",
        "ecosystem": "Go",
        "purl": "pkg:golang/github.com/nats-io/jwt"
      },
      "ranges": [
        {
          "type": "SEMVER",
          "events": [
            {
              "introduced": "0"
            },
            {
              "fixed": "1.1.0"
            }
          ]
        }
      ],
      "database_specific": {
        "source": "https://github.com/github/advisory-database/blob/main/advisories/github-reviewed/2022/02/GHSA-h2fg-54x9-5qhq/GHSA-h2fg-54x9-5qhq.json"
      }
    },
    {
      "package": {
        "name": "github.com/nats-io/nats-server/v2",
        "ecosystem": "Go",
        "purl": "pkg:golang/github.com/nats-io/nats-server/v2"
      },
      "ranges": [
        {
          "type": "SEMVER",
          "events": [
            {
              "introduced": "0"
            },
            {
              "fixed": "2.1.9"
            }
          ]
        }
      ],
      "database_specific": {
        "source": "https://github.com/github/advisory-database/blob/main/advisories/github-reviewed/2022/02/GHSA-h2fg-54x9-5qhq/GHSA-h2fg-54x9-5qhq.json"
      }
    }
  ],
  "schema_version": "1.2.0",
  "severity": [
    {
      "type": "CVSS_V3",
      "score": "CVSS:3.1/AV:N/AC:L/PR:N/UI:N/S:U/C:N/I:N/A:H"
    }
  ]
}