{
  "id": "GHSA-pmfr-63c2-jr5c",
  "summary": "Execution Control List (ECL) Is Insecure in Singularity",
  "details": "### Impact\n\nThe Singularity Execution Control List (ECL) allows system administrators to set up a policy that defines rules about what signature(s) must be (or must not be) present on a SIF container image for it to be permitted to run.\n\nIn Singularity 3.x versions below 3.6.0, the following issues allow the ECL to be bypassed by a malicious user:\n\n * Image integrity is not validated when an ECL policy is enforced.\n * The fingerprint required by the ECL is compared against the signature object descriptor(s) in the SIF file, rather than to a cryptographically validated signature. Thus, it is trivial to craft an arbitrary payload which will be permitted to run, even if the attacker does not have access to the private key associated with the fingerprint(s) configured in the ECL.\n\n### Patches\n\nThese issues are addressed in Singularity 3.6.0.\n\nAll users are advised to upgrade to 3.6.0. Note that Singularity 3.6.0 uses a new signature format that is necessarily incompatible with Singularity < 3.6.0 - e.g. Singularity 3.5.3 cannot verify containers signed by 3.6.0.\n\nVersion 3.6.0 includes a `legacyinsecure` option that can be set to `legacyinsecure = true` in `ecl.toml` to allow the ECL to perform verification of the older, and insecure, legacy signatures for compatibility with existing containers. This does not guarantee that containers have not been modified since signing, due to other issues in the legacy signature format. The option should be used only to temporarily ease the transition to containers signed with the new 3.6.0 signature format.\n\n### Workarounds\n\nThis issue affects any installation of Singularity configured to use the Execution Control List (ECL) functionality. There is no workaround if ECL is required.\n\n### For more information\n\nGeneral questions about the impact of the advisory / changes made in the 3.6.0 release can be asked in the:\n\n* [Singularity Slack Channel](https://bit.ly/2m0g3lX)\n* [Singularity Mailing List](https://groups.google.com/a/lbl.gov/forum/??sdf%7Csort:date#!forum/singularity)\n\nAny sensitive security concerns should be directed to: security@sylabs.io\n\nSee our Security Policy here: https://sylabs.io/security-policy",
  "aliases": [
    "CVE-2020-13845"
  ],
  "modified": "2021-05-24T19:13:13Z",
  "published": "2021-12-20T18:24:30Z",
  "database_specific": {
    "severity": "HIGH",
    "github_reviewed": true,
    "cwe_ids": [
      "CWE-347",
      "CWE-354"
    ]
  },
  "references": [
    {
      "type": "WEB",
      "url": "https://github.com/hpcng/singularity/security/advisories/GHSA-pmfr-63c2-jr5c"
    },
    {
      "type": "ADVISORY",
      "url": "https://nvd.nist.gov/vuln/detail/CVE-2020-13845"
    },
    {
      "type": "WEB",
      "url": "http://lists.opensuse.org/opensuse-security-announce/2020-07/msg00046.html"
    },
    {
      "type": "WEB",
      "url": "http://lists.opensuse.org/opensuse-security-announce/2020-07/msg00059.html"
    },
    {
      "type": "WEB",
      "url": "http://lists.opensuse.org/opensuse-security-announce/2020-09/msg00053.html"
    }
  ],
  "affected": [
    {
      "package": {
        "name": "github.com/sylabs/singularity",
        "ecosystem": "Go",
        "purl": "pkg:golang/github.com/sylabs/singularity"
      },
      "ranges": [
        {
          "type": "SEMVER",
          "events": [
            {
              "introduced": "3.0.0"
            },
            {
              "fixed": "3.6.0"
            }
          ]
        }
      ],
      "database_specific": {
        "source": "https://github.com/github/advisory-database/blob/main/advisories/github-reviewed/2021/12/GHSA-pmfr-63c2-jr5c/GHSA-pmfr-63c2-jr5c.json"
      }
    }
  ],
  "schema_version": "1.2.0",
  "severity": [
    {
      "type": "CVSS_V3",
      "score": "CVSS:3.1/AV:N/AC:L/PR:N/UI:N/S:U/C:N/I:H/A:N"
    }
  ]
}