{
  "id": "GHSA-rmh2-65xw-9m6q",
  "summary": "Infinite Loop in jsonparser",
  "details": "The Library API in buger jsonparser through 2019-12-04 allows attackers to cause a denial of service (infinite loop) via a Delete call.",
  "aliases": [
    "CVE-2020-10675"
  ],
  "modified": "2021-05-04T21:51:17Z",
  "published": "2021-05-18T18:26:25Z",
  "database_specific": {
    "cwe_ids": [
      "CWE-835"
    ],
    "github_reviewed": true,
    "severity": "MODERATE"
  },
  "references": [
    {
      "type": "ADVISORY",
      "url": "https://nvd.nist.gov/vuln/detail/CVE-2020-10675"
    },
    {
      "type": "WEB",
      "url": "https://github.com/buger/jsonparser/issues/188"
    },
    {
      "type": "WEB",
      "url": "https://lists.fedoraproject.org/archives/list/package-announce@lists.fedoraproject.org/message/4C7PV6KEUUM76V4B2J5IFN2U6LEOWB67/"
    }
  ],
  "affected": [
    {
      "package": {
        "name": "github.com/buger/jsonparser",
        "ecosystem": "Go",
        "purl": "pkg:golang/github.com/buger/jsonparser"
      },
      "ranges": [
        {
          "type": "SEMVER",
          "events": [
            {
              "introduced": "0"
            },
            {
              "fixed": "1.0.0"
            }
          ]
        }
      ],
      "database_specific": {
        "source": "https://github.com/github/advisory-database/blob/main/advisories/github-reviewed/2021/05/GHSA-rmh2-65xw-9m6q/GHSA-rmh2-65xw-9m6q.json"
      }
    }
  ],
  "schema_version": "1.2.0",
  "severity": [
    {
      "type": "CVSS_V3",
      "score": "CVSS:3.1/AV:N/AC:L/PR:N/UI:N/S:U/C:N/I:N/A:H"
    }
  ]
}