{
  "id": "GHSA-x5m6-jh4r-34mv",
  "summary": "Arbitrary File Overwrite in hub",
  "details": "The am function in lib/hub/commands.rb in hub before 1.12.1 allows local users to overwrite arbitrary files via a symlink attack on a temporary patch file.",
  "aliases": [
    "CVE-2014-0177"
  ],
  "modified": "2021-05-20T20:32:04Z",
  "published": "2022-02-15T01:07:53Z",
  "database_specific": {
    "cwe_ids": [
      "CWE-377"
    ],
    "github_reviewed": true,
    "severity": "MODERATE"
  },
  "references": [
    {
      "type": "ADVISORY",
      "url": "https://nvd.nist.gov/vuln/detail/CVE-2014-0177"
    },
    {
      "type": "WEB",
      "url": "https://github.com/github/hub/commit/016ec99d25b1cb83cb4367e541177aa431beb600"
    },
    {
      "type": "WEB",
      "url": "https://secunia.com/advisories/58273"
    }
  ],
  "affected": [
    {
      "package": {
        "name": "github.com/github/hub",
        "ecosystem": "Go",
        "purl": "pkg:golang/github.com/github/hub"
      },
      "ranges": [
        {
          "type": "SEMVER",
          "events": [
            {
              "introduced": "0"
            },
            {
              "fixed": "1.12.1"
            }
          ]
        }
      ],
      "database_specific": {
        "source": "https://github.com/github/advisory-database/blob/main/advisories/github-reviewed/2022/02/GHSA-x5m6-jh4r-34mv/GHSA-x5m6-jh4r-34mv.json"
      }
    }
  ],
  "schema_version": "1.2.0",
  "severity": [
    {
      "type": "CVSS_V3",
      "score": "CVSS:3.1/AV:L/AC:L/PR:L/UI:N/S:U/C:N/I:L/A:L"
    }
  ]
}