{
  "id": "GHSA-4999-659w-mq36",
  "summary": "Authentication bypass issue in the Operator Console",
  "details": "During an internal security audit, we detected an authentication bypass issue in the Operator Console when an external IDP is enabled. The security issue has been reported internally. We have not observed this exploit in the wild or reported elsewhere in the community at large. All users are advised to upgrade ASAP.\n\n### Impact\n\nAll users on release v0.12.2 and before are affected.\n\n### Patches\n\nThis issue was fixed by PR https://github.com/minio/console/pull/1217, users should upgrade to latest release.\n\n### Workarounds\n\nAdd `automountServiceAccountToken: false` to the operator-console deployment in Kubernetes so no service account token will get mounted inside the pod, then disable the external identity provider authentication by unset the `CONSOLE_IDP_URL`, `CONSOLE_IDP_CLIENT_ID`, `CONSOLE_IDP_SECRET` and `CONSOLE_IDP_CALLBACK` environment variable and instead use the Kubernetes service account token.\n\n### References\n\n#1217 for more information on the fix and how it was fixed.\n\n### For more information\nIf you have any questions or comments about this advisory:\n* Open an issue in [console issues](https://github.com/minio/console/issues)\n* Email us at [security@minio.io](mailto:security@minio.io)\n",
  "aliases": [
    "CVE-2021-41266"
  ],
  "modified": "2021-11-15T20:27:39Z",
  "published": "2021-11-15T23:16:49Z",
  "database_specific": {
    "severity": "HIGH",
    "github_reviewed": true,
    "cwe_ids": [
      "CWE-306"
    ]
  },
  "references": [
    {
      "type": "WEB",
      "url": "https://github.com/minio/console/security/advisories/GHSA-4999-659w-mq36"
    },
    {
      "type": "ADVISORY",
      "url": "https://nvd.nist.gov/vuln/detail/CVE-2021-41266"
    },
    {
      "type": "WEB",
      "url": "https://github.com/minio/console/pull/1217"
    },
    {
      "type": "PACKAGE",
      "url": "https://github.com/minio/console"
    }
  ],
  "affected": [
    {
      "package": {
        "name": "github.com/minio/console",
        "ecosystem": "Go",
        "purl": "pkg:golang/github.com/minio/console"
      },
      "ranges": [
        {
          "type": "SEMVER",
          "events": [
            {
              "introduced": "0"
            },
            {
              "fixed": "0.12.3"
            }
          ]
        }
      ],
      "database_specific": {
        "source": "https://github.com/github/advisory-database/blob/main/advisories/github-reviewed/2021/11/GHSA-4999-659w-mq36/GHSA-4999-659w-mq36.json"
      }
    }
  ],
  "schema_version": "1.2.0",
  "severity": [
    {
      "type": "CVSS_V3",
      "score": "CVSS:3.1/AV:N/AC:L/PR:N/UI:N/S:U/C:H/I:L/A:L"
    }
  ]
}