{
  "id": "GHSA-rffr-c932-cpxv",
  "summary": "Cross-site Request Forgery (CSRF) in Cloud Native Computing Foundation Harbor",
  "details": "Cloud Native Computing Foundation Harbor prior to 1.8.6 and 1.9.3 allows CSRF in the VMware Harbor Container Registry for the Pivotal Platform.",
  "aliases": [
    "CVE-2019-19025"
  ],
  "modified": "2021-05-04T22:01:58Z",
  "published": "2021-05-18T18:27:50Z",
  "database_specific": {
    "cwe_ids": [
      "CWE-352"
    ],
    "github_reviewed": true,
    "severity": "MODERATE"
  },
  "references": [
    {
      "type": "WEB",
      "url": "https://github.com/goharbor/harbor/security/advisories/GHSA-gcqm-v682-ccw6"
    },
    {
      "type": "ADVISORY",
      "url": "https://nvd.nist.gov/vuln/detail/CVE-2019-19025"
    },
    {
      "type": "WEB",
      "url": "https://github.com/goharbor/harbor/security/advisories"
    },
    {
      "type": "WEB",
      "url": "https://tanzu.vmware.com/security/cve-2019-19025"
    }
  ],
  "affected": [
    {
      "package": {
        "name": "github.com/goharbor/harbor",
        "ecosystem": "Go",
        "purl": "pkg:golang/github.com/goharbor/harbor"
      },
      "ranges": [
        {
          "type": "SEMVER",
          "events": [
            {
              "introduced": "1.7.0"
            },
            {
              "fixed": "1.8.6"
            }
          ]
        }
      ],
      "database_specific": {
        "source": "https://github.com/github/advisory-database/blob/main/advisories/github-reviewed/2021/05/GHSA-rffr-c932-cpxv/GHSA-rffr-c932-cpxv.json"
      }
    },
    {
      "package": {
        "name": "github.com/goharbor/harbor",
        "ecosystem": "Go",
        "purl": "pkg:golang/github.com/goharbor/harbor"
      },
      "ranges": [
        {
          "type": "SEMVER",
          "events": [
            {
              "introduced": "1.9.0"
            },
            {
              "fixed": "1.9.3"
            }
          ]
        }
      ],
      "database_specific": {
        "source": "https://github.com/github/advisory-database/blob/main/advisories/github-reviewed/2021/05/GHSA-rffr-c932-cpxv/GHSA-rffr-c932-cpxv.json"
      }
    }
  ],
  "schema_version": "1.2.0",
  "severity": [
    {
      "type": "CVSS_V3",
      "score": "CVSS:3.1/AV:N/AC:L/PR:L/UI:R/S:C/C:H/I:L/A:N"
    }
  ]
}