{
  "id": "GHSA-cj2h-ww36-v932",
  "summary": "Improper Certificate Validation in HashiCorp Nomad",
  "details": "HashiCorp Nomad and Nomad Enterprise up to 0.10.2 incorrectly validated role/region associated with TLS certificates used for mTLS RPC, and were susceptible to privilege escalation. Fixed in 0.10.3.",
  "aliases": [
    "CVE-2020-7956"
  ],
  "modified": "2021-05-13T14:53:36Z",
  "published": "2021-05-18T18:20:26Z",
  "database_specific": {
    "severity": "HIGH",
    "cwe_ids": [
      "CWE-295"
    ],
    "github_reviewed": true
  },
  "references": [
    {
      "type": "ADVISORY",
      "url": "https://nvd.nist.gov/vuln/detail/CVE-2020-7956"
    },
    {
      "type": "WEB",
      "url": "https://github.com/hashicorp/nomad/issues/7003"
    },
    {
      "type": "WEB",
      "url": "https://github.com/hashicorp/nomad/pull/7023"
    },
    {
      "type": "WEB",
      "url": "https://www.hashicorp.com/blog/category/nomad/"
    }
  ],
  "affected": [
    {
      "package": {
        "name": "github.com/hashicorp/nomad",
        "ecosystem": "Go",
        "purl": "pkg:golang/github.com/hashicorp/nomad"
      },
      "ranges": [
        {
          "type": "SEMVER",
          "events": [
            {
              "introduced": "0"
            },
            {
              "fixed": "0.10.3"
            }
          ]
        }
      ],
      "database_specific": {
        "source": "https://github.com/github/advisory-database/blob/main/advisories/github-reviewed/2021/05/GHSA-cj2h-ww36-v932/GHSA-cj2h-ww36-v932.json"
      }
    }
  ],
  "schema_version": "1.2.0",
  "severity": [
    {
      "type": "CVSS_V3",
      "score": "CVSS:3.1/AV:N/AC:L/PR:N/UI:N/S:U/C:H/I:H/A:H"
    }
  ]
}