{
  "id": "GHSA-m3fm-h5jp-q79p",
  "summary": "Authorization bypass in Openshift",
  "details": "Openshift allows remote attackers to gain privileges by updating a build configuration that was created with an allowed type to a type that is not allowed.",
  "aliases": [
    "CVE-2016-1906"
  ],
  "modified": "2021-05-19T22:01:34Z",
  "published": "2021-12-20T16:58:14Z",
  "database_specific": {
    "github_reviewed": true,
    "severity": "CRITICAL",
    "cwe_ids": [
      "CWE-285"
    ]
  },
  "references": [
    {
      "type": "ADVISORY",
      "url": "https://nvd.nist.gov/vuln/detail/CVE-2016-1906"
    },
    {
      "type": "WEB",
      "url": "https://github.com/openshift/origin/issues/6556"
    },
    {
      "type": "WEB",
      "url": "https://github.com/openshift/origin/pull/6576"
    },
    {
      "type": "WEB",
      "url": "https://github.com/openshift/origin/commit/d95ec085f03ecf10e8c424a4f0340ddb38891406"
    },
    {
      "type": "WEB",
      "url": "https://access.redhat.com/errata/RHSA-2016:0070"
    },
    {
      "type": "WEB",
      "url": "https://access.redhat.com/errata/RHSA-2016:0351"
    },
    {
      "type": "WEB",
      "url": "https://web.nvd.nist.gov/view/vuln/detail?vulnId=CVE-2016-1906"
    }
  ],
  "affected": [
    {
      "package": {
        "name": "github.com/openshift/origin",
        "ecosystem": "Go",
        "purl": "pkg:golang/github.com/openshift/origin"
      },
      "ranges": [
        {
          "type": "SEMVER",
          "events": [
            {
              "introduced": "0"
            },
            {
              "fixed": "1.1.1"
            }
          ]
        }
      ],
      "database_specific": {
        "source": "https://github.com/github/advisory-database/blob/main/advisories/github-reviewed/2021/12/GHSA-m3fm-h5jp-q79p/GHSA-m3fm-h5jp-q79p.json"
      }
    }
  ],
  "schema_version": "1.2.0",
  "severity": [
    {
      "type": "CVSS_V3",
      "score": "CVSS:3.0/AV:N/AC:L/PR:N/UI:N/S:U/C:H/I:H/A:H"
    }
  ]
}