{
  "id": "GHSA-g2qx-6ghw-67hm",
  "summary": "Denial of Service in Gitea",
  "details": "An issue was discovered in Gitea in which an attacker can trigger a deadlock by initiating a transfer of a repository's ownership from one organization to another.",
  "aliases": [
    "CVE-2020-13246"
  ],
  "modified": "2021-05-20T22:20:34Z",
  "published": "2022-02-15T00:33:30Z",
  "database_specific": {
    "cwe_ids": [
      "CWE-667"
    ],
    "github_reviewed": true,
    "severity": "HIGH"
  },
  "references": [
    {
      "type": "ADVISORY",
      "url": "https://nvd.nist.gov/vuln/detail/CVE-2020-13246"
    },
    {
      "type": "WEB",
      "url": "https://github.com/go-gitea/gitea/issues/10549"
    },
    {
      "type": "WEB",
      "url": "https://github.com/go-gitea/gitea/pull/11438"
    },
    {
      "type": "WEB",
      "url": "https://www.youtube.com/watch?v=DmVgADSVS88"
    }
  ],
  "affected": [
    {
      "package": {
        "name": "github.com/go-gitea/gitea",
        "ecosystem": "Go",
        "purl": "pkg:golang/github.com/go-gitea/gitea"
      },
      "ranges": [
        {
          "type": "SEMVER",
          "events": [
            {
              "introduced": "0"
            },
            {
              "fixed": "1.12.0"
            }
          ]
        }
      ],
      "database_specific": {
        "source": "https://github.com/github/advisory-database/blob/main/advisories/github-reviewed/2022/02/GHSA-g2qx-6ghw-67hm/GHSA-g2qx-6ghw-67hm.json"
      }
    }
  ],
  "schema_version": "1.2.0",
  "severity": [
    {
      "type": "CVSS_V3",
      "score": "CVSS:3.1/AV:N/AC:L/PR:N/UI:N/S:U/C:N/I:N/A:H"
    }
  ]
}