{
  "id": "GHSA-5m6c-jp6f-2vcv",
  "summary": "Open Redirect in OAuth2 Proxy",
  "details": "### Impact\nAs users can provide a redirect address for the proxy to send the authenticated user to at the end of the authentication flow. This is expected to be the original URL that the user was trying to access.\nThis redirect URL is checked within the proxy and validated before redirecting the user to prevent malicious actors providing redirects to potentially harmful sites.",
  "aliases": [
    "CVE-2020-4037"
  ],
  "modified": "2021-05-24T20:58:18Z",
  "published": "2021-12-20T17:58:59Z",
  "database_specific": {
    "github_reviewed": true,
    "cwe_ids": [
      "CWE-601"
    ],
    "severity": "MODERATE"
  },
  "references": [
    {
      "type": "WEB",
      "url": "https://github.com/oauth2-proxy/oauth2-proxy/security/advisories/GHSA-5m6c-jp6f-2vcv"
    },
    {
      "type": "ADVISORY",
      "url": "https://nvd.nist.gov/vuln/detail/CVE-2020-4037"
    },
    {
      "type": "WEB",
      "url": "https://github.com/oauth2-proxy/oauth2-proxy/commit/ee5662e0f5001d76ec76562bb605abbd07c266a2"
    },
    {
      "type": "WEB",
      "url": "https://github.com/oauth2-proxy/oauth2-proxy/releases/tag/v6.0.0"
    }
  ],
  "affected": [
    {
      "package": {
        "name": "github.com/oauth2-proxy/oauth2-proxy",
        "ecosystem": "Go",
        "purl": "pkg:golang/github.com/oauth2-proxy/oauth2-proxy"
      },
      "ranges": [
        {
          "type": "SEMVER",
          "events": [
            {
              "introduced": "5.1.1"
            },
            {
              "fixed": "6.0.0"
            }
          ]
        }
      ],
      "database_specific": {
        "source": "https://github.com/github/advisory-database/blob/main/advisories/github-reviewed/2021/12/GHSA-5m6c-jp6f-2vcv/GHSA-5m6c-jp6f-2vcv.json"
      }
    }
  ],
  "schema_version": "1.2.0",
  "severity": [
    {
      "type": "CVSS_V3",
      "score": "CVSS:3.1/AV:N/AC:L/PR:N/UI:R/S:U/C:L/I:N/A:N"
    }
  ]
}