{
  "id": "GHSA-m658-p24x-p74r",
  "summary": "TLS certificate validation error in Mellium",
  "details": "In Mellium mellium.im/xmpp through 0.21.0, an attacker capable of spoofing DNS TXT records can redirect a WebSocket connection request to a server under their control without causing TLS certificate verification to fail. This occurs because the wrong host name is selected during this verification.",
  "aliases": [
    "CVE-2022-24968"
  ],
  "modified": "2022-02-24T13:14:02Z",
  "published": "2022-02-12T00:00:36Z",
  "database_specific": {
    "severity": "MODERATE",
    "github_reviewed": true,
    "cwe_ids": [
      "CWE-295"
    ]
  },
  "references": [
    {
      "type": "ADVISORY",
      "url": "https://nvd.nist.gov/vuln/detail/CVE-2022-24968"
    },
    {
      "type": "WEB",
      "url": "https://mellium.im/cve/cve-2022-24968/"
    },
    {
      "type": "WEB",
      "url": "https://mellium.im/xmpp/"
    }
  ],
  "affected": [
    {
      "package": {
        "name": "mellium.im/xmpp",
        "ecosystem": "Go",
        "purl": "pkg:golang/mellium.im/xmpp"
      },
      "ranges": [
        {
          "type": "SEMVER",
          "events": [
            {
              "introduced": "0"
            },
            {
              "fixed": "0.21.1"
            }
          ]
        }
      ],
      "database_specific": {
        "source": "https://github.com/github/advisory-database/blob/main/advisories/github-reviewed/2022/02/GHSA-m658-p24x-p74r/GHSA-m658-p24x-p74r.json"
      }
    }
  ],
  "schema_version": "1.2.0",
  "severity": [
    {
      "type": "CVSS_V3",
      "score": "CVSS:3.1/AV:N/AC:H/PR:N/UI:N/S:U/C:N/I:H/A:N"
    }
  ]
}