{
  "id": "GHSA-p55x-7x9v-q8m4",
  "summary": "Denial of Service in miekg-dns",
  "details": "A denial of service flaw was found in miekg-dns before 1.0.4. A remote attacker could use carefully timed TCP packets to block the DNS server from accepting new connections.",
  "aliases": [
    "CVE-2017-15133"
  ],
  "modified": "2021-05-20T20:59:20Z",
  "published": "2021-06-29T21:45:07Z",
  "database_specific": {
    "severity": "HIGH",
    "github_reviewed": true,
    "cwe_ids": [
      "CWE-400"
    ]
  },
  "references": [
    {
      "type": "ADVISORY",
      "url": "https://nvd.nist.gov/vuln/detail/CVE-2017-15133"
    },
    {
      "type": "WEB",
      "url": "https://github.com/miekg/dns/issues/627"
    },
    {
      "type": "WEB",
      "url": "https://github.com/miekg/dns/pull/631"
    },
    {
      "type": "WEB",
      "url": "https://github.com/miekg/dns/commit/43913f2f4fbd7dcff930b8a809e709591e4dd79e"
    },
    {
      "type": "WEB",
      "url": "https://bugzilla.redhat.com/show_bug.cgi?id=1538763"
    }
  ],
  "affected": [
    {
      "package": {
        "name": "github.com/miekg/dns",
        "ecosystem": "Go",
        "purl": "pkg:golang/github.com/miekg/dns"
      },
      "ranges": [
        {
          "type": "SEMVER",
          "events": [
            {
              "introduced": "0"
            },
            {
              "fixed": "1.0.4"
            }
          ]
        }
      ],
      "database_specific": {
        "source": "https://github.com/github/advisory-database/blob/main/advisories/github-reviewed/2021/06/GHSA-p55x-7x9v-q8m4/GHSA-p55x-7x9v-q8m4.json"
      }
    }
  ],
  "schema_version": "1.2.0",
  "severity": [
    {
      "type": "CVSS_V3",
      "score": "CVSS:3.0/AV:N/AC:L/PR:N/UI:N/S:U/C:N/I:N/A:H"
    }
  ]
}