{
  "id": "GHSA-jqmc-79gx-7g8p",
  "summary": "Incorrect Permission Assignment for Critical Resource in CRI-O",
  "details": "An incorrect sysctls validation vulnerability was found in CRI-O 1.18 and earlier. The sysctls from the list of \"safe\" sysctls specified for the cluster will be applied to the host if an attacker is able to create a pod with a hostIPC and hostNetwork kernel namespace.",
  "aliases": [
    "CVE-2022-0532"
  ],
  "modified": "2022-02-23T22:00:51Z",
  "published": "2022-02-11T00:00:54Z",
  "database_specific": {
    "severity": "MODERATE",
    "github_reviewed": true,
    "cwe_ids": [
      "CWE-732"
    ]
  },
  "references": [
    {
      "type": "ADVISORY",
      "url": "https://nvd.nist.gov/vuln/detail/CVE-2022-0532"
    },
    {
      "type": "WEB",
      "url": "https://github.com/cri-o/cri-o/pull/5610"
    },
    {
      "type": "WEB",
      "url": "https://bugzilla.redhat.com/show_bug.cgi?id=2051730"
    },
    {
      "type": "WEB",
      "url": "https://github.com/cri-o/cri-o/releases/tag/v1.23.1"
    },
    {
      "type": "WEB",
      "url": "https://kubernetes.io/docs/tasks/administer-cluster/sysctl-cluster/#enabling-unsafe-sysctls"
    },
    {
      "type": "PACKAGE",
      "url": "https://github.com/cri-o/cri-o"
    }
  ],
  "affected": [
    {
      "package": {
        "name": "github.com/cri-o/cri-o",
        "ecosystem": "Go",
        "purl": "pkg:golang/github.com/cri-o/cri-o"
      },
      "ranges": [
        {
          "type": "SEMVER",
          "events": [
            {
              "introduced": "0"
            },
            {
              "fixed": "1.23.1"
            }
          ]
        }
      ],
      "database_specific": {
        "source": "https://github.com/github/advisory-database/blob/main/advisories/github-reviewed/2022/02/GHSA-jqmc-79gx-7g8p/GHSA-jqmc-79gx-7g8p.json"
      }
    }
  ],
  "schema_version": "1.2.0",
  "severity": [
    {
      "type": "CVSS_V3",
      "score": "CVSS:3.1/AV:N/AC:H/PR:L/UI:N/S:U/C:L/I:N/A:L"
    }
  ]
}