{
  "id": "GHSA-gh32-pc56-4c96",
  "summary": "Information Exposure in jaegar",
  "details": "Sensitive information written to a log file vulnerability was found in jaegertracing/jaeger before version 1.18.1 when the Kafka data store is used. This flaw allows an attacker with access to the container's log file to discover the Kafka credentials.",
  "aliases": [
    "CVE-2020-10750"
  ],
  "modified": "2021-05-12T14:55:16Z",
  "published": "2021-05-18T18:35:02Z",
  "database_specific": {
    "severity": "LOW",
    "github_reviewed": true,
    "cwe_ids": [
      "CWE-200",
      "CWE-532"
    ]
  },
  "references": [
    {
      "type": "ADVISORY",
      "url": "https://nvd.nist.gov/vuln/detail/CVE-2020-10750"
    },
    {
      "type": "WEB",
      "url": "https://github.com/jaegertracing/jaeger/commit/360c38bec3f9718ebba7ddbf0b409b05995f3ace"
    },
    {
      "type": "WEB",
      "url": "https://bugzilla.redhat.com/show_bug.cgi?id=1838401"
    },
    {
      "type": "WEB",
      "url": "https://bugzilla.redhat.com/show_bug.cgi?id=CVE-2020-10750"
    },
    {
      "type": "WEB",
      "url": "https://github.com/jaegertracing/jaeger/releases/tag/v1.18.1"
    }
  ],
  "affected": [
    {
      "package": {
        "name": "github.com/jaegertracing/jaeger/pkg/kafka/auth",
        "ecosystem": "Go",
        "purl": "pkg:golang/github.com/jaegertracing/jaeger/pkg/kafka/auth"
      },
      "ranges": [
        {
          "type": "SEMVER",
          "events": [
            {
              "introduced": "0"
            },
            {
              "fixed": "1.18.1"
            }
          ]
        }
      ],
      "database_specific": {
        "source": "https://github.com/github/advisory-database/blob/main/advisories/github-reviewed/2021/05/GHSA-gh32-pc56-4c96/GHSA-gh32-pc56-4c96.json"
      }
    }
  ],
  "schema_version": "1.2.0",
  "severity": [
    {
      "type": "CVSS_V3",
      "score": "CVSS:3.1/AV:L/AC:L/PR:L/UI:N/S:U/C:H/I:H/A:N"
    }
  ]
}