{
  "id": "GHSA-7qw8-847f-pggm",
  "summary": "Improper Locking in github.com/containers/storage",
  "details": "A deadlock vulnerability was found in 'github.com/containers/storage' in versions before 1.28.1. When a container image is processed, each layer is unpacked using `tar`. If one of those layers is not a valid `tar` archive this causes an error leading to an unexpected situation where the code indefinitely waits for the tar unpacked stream, which never finishes. An attacker could use this vulnerability to craft a malicious image, which when downloaded and stored by an application using containers/storage, would then cause a deadlock leading to a Denial of Service (DoS).",
  "aliases": [
    "CVE-2021-20291"
  ],
  "modified": "2021-05-04T19:15:55Z",
  "published": "2021-05-10T19:35:07Z",
  "database_specific": {
    "severity": "HIGH",
    "github_reviewed": true,
    "cwe_ids": [
      "CWE-400",
      "CWE-667"
    ]
  },
  "references": [
    {
      "type": "ADVISORY",
      "url": "https://nvd.nist.gov/vuln/detail/CVE-2021-20291"
    },
    {
      "type": "WEB",
      "url": "https://github.com/containers/storage/commit/306fcabc964470e4b3b87a43a8f6b7d698209ee1"
    },
    {
      "type": "WEB",
      "url": "https://bugzilla.redhat.com/show_bug.cgi?id=1939485"
    },
    {
      "type": "WEB",
      "url": "https://lists.fedoraproject.org/archives/list/package-announce@lists.fedoraproject.org/message/R5D7XL7FL24TWFMGQ3K2S72EOUSLZMKL/"
    },
    {
      "type": "WEB",
      "url": "https://lists.fedoraproject.org/archives/list/package-announce@lists.fedoraproject.org/message/SPYOHNG2Q7DCAQZMGYLMENLKALGDLG3X/"
    },
    {
      "type": "WEB",
      "url": "https://lists.fedoraproject.org/archives/list/package-announce@lists.fedoraproject.org/message/WX24EITRXVHDM5M223BVTJA2ODF2FSHI/"
    },
    {
      "type": "WEB",
      "url": "https://lists.fedoraproject.org/archives/list/package-announce@lists.fedoraproject.org/message/ZNMB7O2UIXE34PGSCSOULGHPX5LIJBMM/"
    },
    {
      "type": "WEB",
      "url": "https://unit42.paloaltonetworks.com/cve-2021-20291/"
    }
  ],
  "affected": [
    {
      "package": {
        "name": "github.com/containers/storage",
        "ecosystem": "Go",
        "purl": "pkg:golang/github.com/containers/storage"
      },
      "ranges": [
        {
          "type": "SEMVER",
          "events": [
            {
              "introduced": "0"
            }
          ]
        }
      ],
      "database_specific": {
        "source": "https://github.com/github/advisory-database/blob/main/advisories/github-reviewed/2021/05/GHSA-7qw8-847f-pggm/GHSA-7qw8-847f-pggm.json",
        "last_known_affected_version_range": "< 1.28.1"
      }
    },
    {
      "package": {
        "name": "github.com/containers/storage/pkg/archive",
        "ecosystem": "Go",
        "purl": "pkg:golang/github.com/containers/storage/pkg/archive"
      },
      "ranges": [
        {
          "type": "SEMVER",
          "events": [
            {
              "introduced": "1.23.8"
            },
            {
              "fixed": "1.28.1"
            }
          ]
        }
      ],
      "database_specific": {
        "source": "https://github.com/github/advisory-database/blob/main/advisories/github-reviewed/2021/05/GHSA-7qw8-847f-pggm/GHSA-7qw8-847f-pggm.json"
      }
    }
  ],
  "schema_version": "1.2.0",
  "severity": [
    {
      "type": "CVSS_V3",
      "score": "CVSS:3.1/AV:N/AC:L/PR:N/UI:R/S:U/C:N/I:N/A:H"
    }
  ]
}