{
  "id": "GHSA-5mxh-2qfv-4g7j",
  "summary": "NUL character in ROA causes OctoRPKI to crash",
  "details": "OctoRPKI crashes when encountering a repository that returns an invalid ROA (just an encoded `NUL` (`\\0`) character).\n\n## Patches\n\n## For more information\nIf you have any questions or comments about this advisory email us at security@cloudflare.com",
  "aliases": [
    "CVE-2021-3910"
  ],
  "modified": "2021-11-10T18:17:39Z",
  "published": "2021-11-10T20:15:06Z",
  "database_specific": {
    "severity": "MODERATE",
    "github_reviewed": true,
    "cwe_ids": [
      "CWE-20"
    ]
  },
  "references": [
    {
      "type": "WEB",
      "url": "https://github.com/cloudflare/cfrpki/security/advisories/GHSA-5mxh-2qfv-4g7j"
    },
    {
      "type": "ADVISORY",
      "url": "https://nvd.nist.gov/vuln/detail/CVE-2021-3910"
    },
    {
      "type": "WEB",
      "url": "https://github.com/cloudflare/cfrpki/releases/tag/v1.4.0"
    },
    {
      "type": "WEB",
      "url": "https://www.debian.org/security/2022/dsa-5041"
    },
    {
      "type": "PACKAGE",
      "url": "https://github.com/cloudflare/cfrpki"
    }
  ],
  "affected": [
    {
      "package": {
        "name": "github.com/cloudflare/cfrpki",
        "ecosystem": "Go",
        "purl": "pkg:golang/github.com/cloudflare/cfrpki"
      },
      "ranges": [
        {
          "type": "SEMVER",
          "events": [
            {
              "introduced": "0"
            },
            {
              "fixed": "1.4"
            }
          ]
        }
      ],
      "database_specific": {
        "source": "https://github.com/github/advisory-database/blob/main/advisories/github-reviewed/2021/11/GHSA-5mxh-2qfv-4g7j/GHSA-5mxh-2qfv-4g7j.json"
      }
    }
  ],
  "schema_version": "1.2.0",
  "severity": [
    {
      "type": "CVSS_V3",
      "score": "CVSS:3.1/AV:N/AC:H/PR:H/UI:N/S:U/C:N/I:N/A:H"
    }
  ]
}