{
  "id": "GHSA-9cx9-x2gp-9qvh",
  "summary": "CRLF vulnerability in Fiber",
  "details": "### Impact\nThe filename that is given in [c.Attachment()](https://docs.gofiber.io/ctx#attachment) is not escaped, and therefore vulnerable for a CRLF injection attack. I.e. an attacker could upload a custom filename and then give the link to the victim. With this filename, the attacker can change the name of the downloaded file, redirect to another site, change the authorization header, etc.\n\n### Steps to reproduce\n```go\npackage main\n\nimport \"github.com/gofiber/fiber\"\n\nconst badFileName = \"another secret document.pdf\\\"\\r\\nLocation: google.com\\r\\nAuthorization: \\\"example_of_session_fixation\"\n\nfunc splitTheResponse(c *fiber.Ctx) {\n\tc.Attachment(badFileName)\n}\n\nfunc main() {\n\tapp := fiber.New()\n\tapp.Get(\"/attack\", splitTheResponse)\n\tapp.Listen(\"127.0.0.1:8080\")\n}\n```\n```\nHTTP/1.1 200 OK\nDate: Fri, 10 Jul 2020 19:47:04 GMT\nContent-Type: application/octet-stream\nContent-Length: 0\nContent-Disposition: attachment; filename=\"another secret document.pdf\"\nLocation: google.com\nAuthorization: \"example_of_session_fixation\"\n```\n\n### Patches\nThis issue has been patched in `v1.12.6` with commit [579](https://github.com/gofiber/fiber/pull/579/commits/f698b5d5066cfe594102ae252cd58a1fe57cf56f) escaping the filename by default.\n\n### Workarounds\nYou could of course serialize the input yourself before passing it to `ctx.Attachment()`, this is actually a good practice by default. But in case you forget, we got you covered \ud83d\udc4d \n\n### References\nA CRLF injection attack is one of several types of injection attacks. It can be used to escalate to more malicious attacks such as Cross-site Scripting (XSS), page injection, web cache poisoning, cache-based defacement, and more. A CRLF injection vulnerability exists if an attacker can inject the CRLF characters into a web application, for example using a user input form or an HTTP request, [see acunetix](https://www.acunetix.com/websitesecurity/crlf-injection/)\n\n### For more information\nIf you have any questions or comments about this advisory:\n* Open an issue in [gofiber/fiber](https://github.com/gofiber/fiber)\n* Join us on [Discord](https://gofiber.io/discord)",
  "aliases": [
    "CVE-2020-15111"
  ],
  "modified": "2021-10-08T20:35:58Z",
  "published": "2021-06-29T21:24:28Z",
  "database_specific": {
    "cwe_ids": [
      "CWE-74",
      "CWE-93"
    ],
    "severity": "MODERATE",
    "github_reviewed": true
  },
  "references": [
    {
      "type": "WEB",
      "url": "https://github.com/gofiber/fiber/security/advisories/GHSA-9cx9-x2gp-9qvh"
    },
    {
      "type": "ADVISORY",
      "url": "https://nvd.nist.gov/vuln/detail/CVE-2020-15111"
    },
    {
      "type": "WEB",
      "url": "https://github.com/gofiber/fiber/pull/579/commits/f698b5d5066cfe594102ae252cd58a1fe57cf56f"
    },
    {
      "type": "PACKAGE",
      "url": "https://github.com/gofiber/fiber"
    }
  ],
  "affected": [
    {
      "package": {
        "name": "github.com/gofiber/fiber",
        "ecosystem": "Go",
        "purl": "pkg:golang/github.com/gofiber/fiber"
      },
      "ranges": [
        {
          "type": "SEMVER",
          "events": [
            {
              "introduced": "0"
            },
            {
              "fixed": "1.12.6"
            }
          ]
        }
      ],
      "database_specific": {
        "source": "https://github.com/github/advisory-database/blob/main/advisories/github-reviewed/2021/06/GHSA-9cx9-x2gp-9qvh/GHSA-9cx9-x2gp-9qvh.json"
      }
    }
  ],
  "schema_version": "1.2.0",
  "severity": [
    {
      "type": "CVSS_V3",
      "score": "CVSS:3.1/AV:N/AC:H/PR:N/UI:R/S:U/C:L/I:L/A:N"
    }
  ]
}