{
  "id": "GHSA-58pf-pcwv-qg85",
  "summary": "Path traversal",
  "details": "This affects all versions of package github.com/u-root/u-root/pkg/uzip. It is vulnerable to both leading and non-leading relative path traversal attacks in zip file extraction.",
  "aliases": [
    "CVE-2020-7665"
  ],
  "modified": "2021-05-18T20:51:25Z",
  "published": "2021-05-18T21:08:28Z",
  "database_specific": {
    "cwe_ids": [
      "CWE-22"
    ],
    "severity": "MODERATE",
    "github_reviewed": true
  },
  "references": [
    {
      "type": "ADVISORY",
      "url": "https://nvd.nist.gov/vuln/detail/CVE-2020-7665"
    },
    {
      "type": "WEB",
      "url": "https://github.com/u-root/u-root/pull/1817"
    },
    {
      "type": "WEB",
      "url": "https://snyk.io/vuln/SNYK-GOLANG-GITHUBCOMUROOTUROOTPKGUZIP-570441"
    }
  ],
  "affected": [
    {
      "package": {
        "name": "github.com/u-root/u-root",
        "ecosystem": "Go",
        "purl": "pkg:golang/github.com/u-root/u-root"
      },
      "ranges": [
        {
          "type": "SEMVER",
          "events": [
            {
              "introduced": "0"
            }
          ]
        }
      ],
      "database_specific": {
        "last_known_affected_version_range": "<= 7.0.0",
        "source": "https://github.com/github/advisory-database/blob/main/advisories/github-reviewed/2021/05/GHSA-58pf-pcwv-qg85/GHSA-58pf-pcwv-qg85.json"
      }
    }
  ],
  "schema_version": "1.2.0",
  "severity": [
    {
      "type": "CVSS_V3",
      "score": "CVSS:3.1/AV:N/AC:L/PR:N/UI:N/S:U/C:N/I:H/A:N"
    }
  ]
}