{
  "id": "GHSA-88jf-7rch-32qc",
  "summary": "Path Traversal in github.com/unknwon/cae/tz",
  "details": "\"The ExtractTo function doesn't securely escape file paths in zip archives which include leading or non-leading \"..\". This allows an attacker to add or replace files system-wide.\"",
  "aliases": [
    "CVE-2020-7668"
  ],
  "modified": "2022-01-04T19:33:14Z",
  "published": "2021-05-18T20:31:18Z",
  "database_specific": {
    "github_reviewed": true,
    "severity": "HIGH",
    "cwe_ids": [
      "CWE-22"
    ]
  },
  "references": [
    {
      "type": "ADVISORY",
      "url": "https://nvd.nist.gov/vuln/detail/CVE-2020-7668"
    },
    {
      "type": "WEB",
      "url": "https://github.com/unknwon/cae/commit/07971c00a1bfd9dc171c3ad0bfab5b67c2287e11"
    },
    {
      "type": "WEB",
      "url": "https://snyk.io/vuln/SNYK-GOLANG-GITHUBCOMUNKNWONCAETZ-570384"
    },
    {
      "type": "PACKAGE",
      "url": "https://github.com/unknwon/cae"
    }
  ],
  "affected": [
    {
      "package": {
        "name": "github.com/unknwon/cae/tz",
        "ecosystem": "Go",
        "purl": "pkg:golang/github.com/unknwon/cae/tz"
      },
      "ranges": [
        {
          "type": "SEMVER",
          "events": [
            {
              "introduced": "0"
            },
            {
              "fixed": "1.0.1"
            }
          ]
        }
      ],
      "database_specific": {
        "source": "https://github.com/github/advisory-database/blob/main/advisories/github-reviewed/2021/05/GHSA-88jf-7rch-32qc/GHSA-88jf-7rch-32qc.json"
      }
    }
  ],
  "schema_version": "1.2.0",
  "severity": [
    {
      "type": "CVSS_V3",
      "score": "CVSS:3.1/AV:N/AC:L/PR:N/UI:N/S:U/C:N/I:H/A:N"
    }
  ]
}