{
  "id": "GHSA-75pc-qvwc-jf3g",
  "summary": "Improper Input Validation in HashiCorp Vault",
  "details": "HashiCorp Vault and Vault Enterprise 1.4.x before 1.4.2 has Incorrect Access Control.",
  "aliases": [
    "CVE-2020-12757"
  ],
  "modified": "2021-05-13T14:47:09Z",
  "published": "2021-05-18T18:20:48Z",
  "database_specific": {
    "cwe_ids": [
      "CWE-20"
    ],
    "github_reviewed": true,
    "severity": "HIGH"
  },
  "references": [
    {
      "type": "ADVISORY",
      "url": "https://nvd.nist.gov/vuln/detail/CVE-2020-12757"
    },
    {
      "type": "WEB",
      "url": "https://github.com/hashicorp/vault-plugin-secrets-gcp/pull/85"
    },
    {
      "type": "WEB",
      "url": "https://github.com/hashicorp/vault-plugin-secrets-gcp/commit/e43d20870c50f7428dead1411debcec075b35fb4"
    },
    {
      "type": "WEB",
      "url": "https://github.com/hashicorp/vault/blob/master/CHANGELOG.md"
    },
    {
      "type": "WEB",
      "url": "https://github.com/hashicorp/vault/blob/master/CHANGELOG.md#142-may-21st-2020"
    },
    {
      "type": "WEB",
      "url": "https://www.hashicorp.com/blog/category/vault/"
    }
  ],
  "affected": [
    {
      "package": {
        "name": "github.com/hashicorp/vault-plugin-secrets-gcp/plugin",
        "ecosystem": "Go",
        "purl": "pkg:golang/github.com/hashicorp/vault-plugin-secrets-gcp/plugin"
      },
      "ranges": [
        {
          "type": "SEMVER",
          "events": [
            {
              "introduced": "0"
            },
            {
              "fixed": "0.6.2"
            }
          ]
        }
      ],
      "database_specific": {
        "source": "https://github.com/github/advisory-database/blob/main/advisories/github-reviewed/2021/05/GHSA-75pc-qvwc-jf3g/GHSA-75pc-qvwc-jf3g.json"
      }
    }
  ],
  "schema_version": "1.2.0",
  "severity": [
    {
      "type": "CVSS_V3",
      "score": "CVSS:3.1/AV:N/AC:H/PR:N/UI:N/S:U/C:L/I:L/A:N/E:U/RL:O/RC:R"
    }
  ]
}