{
  "id": "GHSA-72wf-hwcq-65h9",
  "summary": "Cross-Site Request Forgery in Filebrowser",
  "details": "A Cross-Site Request Forgery (CSRF) vulnerability exists in Filebrowser < 2.18.0 that allows attackers to create a backdoor user with admin privilege and get access to the filesystem via a malicious HTML webpage that is sent to the victim.",
  "aliases": [
    "CVE-2021-46398"
  ],
  "modified": "2022-02-11T16:20:19Z",
  "published": "2022-02-05T00:00:31Z",
  "database_specific": {
    "cwe_ids": [
      "CWE-352"
    ],
    "severity": "HIGH",
    "github_reviewed": true
  },
  "references": [
    {
      "type": "ADVISORY",
      "url": "https://nvd.nist.gov/vuln/detail/CVE-2021-46398"
    },
    {
      "type": "WEB",
      "url": "https://github.com/filebrowser/filebrowser/commit/74b7cd8e81840537a8206317344f118093153e8d"
    },
    {
      "type": "WEB",
      "url": "https://febin0x4e4a.blogspot.com/2022/01/critical-csrf-in-filebrowser.html"
    },
    {
      "type": "WEB",
      "url": "https://febin0x4e4a.wordpress.com/2022/01/19/critical-csrf-in-filebrowser/"
    },
    {
      "type": "WEB",
      "url": "https://febinj.medium.com/critical-csrf-to-rce-in-filebrowser-865a3c34b8e7"
    },
    {
      "type": "WEB",
      "url": "https://systemweakness.com/critical-csrf-to-rce-in-filebrowser-865a3c34b8e7"
    },
    {
      "type": "WEB",
      "url": "http://packetstormsecurity.com/files/165885/FileBrowser-2.17.2-Code-Execution-Cross-Site-Request-Forgery.html"
    },
    {
      "type": "PACKAGE",
      "url": "https://github.com/filebrowser/filebrowser/"
    }
  ],
  "affected": [
    {
      "package": {
        "name": "github.com/filebrowser/filebrowser/v2",
        "ecosystem": "Go",
        "purl": "pkg:golang/github.com/filebrowser/filebrowser/v2"
      },
      "ranges": [
        {
          "type": "SEMVER",
          "events": [
            {
              "introduced": "0"
            },
            {
              "fixed": "2.18.0"
            }
          ]
        }
      ],
      "database_specific": {
        "source": "https://github.com/github/advisory-database/blob/main/advisories/github-reviewed/2022/02/GHSA-72wf-hwcq-65h9/GHSA-72wf-hwcq-65h9.json"
      }
    },
    {
      "package": {
        "name": "github.com/filebrowser/filebrowser",
        "ecosystem": "Go",
        "purl": "pkg:golang/github.com/filebrowser/filebrowser"
      },
      "ranges": [
        {
          "type": "SEMVER",
          "events": [
            {
              "introduced": "0"
            },
            {
              "fixed": "2.18.0"
            }
          ]
        }
      ],
      "database_specific": {
        "source": "https://github.com/github/advisory-database/blob/main/advisories/github-reviewed/2022/02/GHSA-72wf-hwcq-65h9/GHSA-72wf-hwcq-65h9.json"
      }
    }
  ],
  "schema_version": "1.2.0",
  "severity": [
    {
      "type": "CVSS_V3",
      "score": "CVSS:3.1/AV:N/AC:L/PR:N/UI:R/S:U/C:H/I:H/A:H"
    }
  ]
}