{
  "id": "GHSA-63qx-x74g-jcr7",
  "summary": "Path traversal and dereference of symlinks in Argo CD",
  "details": "### Impact\n\nAll versions of Argo CD are vulnerable to a path traversal bug that allows to pass arbitrary values files to be consumed by Helm charts. \n\nAdditionally, it is possible to craft special Helm chart packages containing value files that are actually symbolic links, pointing to arbitrary files outside the repository's root directory.\n\nIf an attacker with permissions to create or update Applications knows or can guess the full path to a file containing valid YAML, they can create a malicious Helm chart to consume that YAML as values files, thereby gaining access to data they would otherwise have no access to. \n\nThe impact can especially become critical in environments that make use of encrypted value files (e.g. using plugins with git-crypt or SOPS) containing sensitive or confidential data, and decrypt these secrets to disk before rendering the Helm chart.\n\nAlso, because any error message from `helm template` is passed back to the user, and these error messages are quite verbose, enumeration of files on the repository server's file system is possible.\n\n### Patches\n\nA patch for this vulnerability has been released in the following Argo CD versions:\n\n* v2.3.0\n* v2.2.4\n* v2.1.9\n\nWe urge users of Argo CD to update their installation to one of the fixed versions as listed above.\n\n### Workarounds\n\nNo workaround for this issue.\n\n### References\n\n* https://apiiro.com/blog/malicious-kubernetes-helm-charts-can-be-used-to-steal-sensitive-information-from-argo-cd-deployments\n* https://cve.mitre.org/cgi-bin/cvename.cgi?name=CVE-2022-24348\n\n### For more information\n\n* Open an issue in [the Argo CD issue tracker](https://github.com/argoproj/argo-cd/issues) or [discussions](https://github.com/argoproj/argo-cd/discussions)\n* Join us on [Slack](https://argoproj.github.io/community/join-slack) in channel `#argo-cd`\n\n### Credits\n\nThe path traversal vulnerability was discovered and reported by Moshe Zioni, VP Security Research, [Apiiro](https://www.apiiro.com). \n\nDuring the development of a fix for the path traversal vulnerability, the Argo CD team discovered the related issue with symbolic links.\n\nThe Argo CD team would like to thank Moshe Zioni for the responsible disclosure, and the constructive discussions during handling this issue!\n",
  "aliases": [
    "CVE-2022-24348"
  ],
  "modified": "2022-02-07T19:06:18Z",
  "published": "2022-02-07T19:06:18Z",
  "database_specific": {
    "cwe_ids": [
      "CWE-200",
      "CWE-22"
    ],
    "severity": "HIGH",
    "github_reviewed": true
  },
  "references": [
    {
      "type": "WEB",
      "url": "https://github.com/argoproj/argo-cd/security/advisories/GHSA-63qx-x74g-jcr7"
    },
    {
      "type": "ADVISORY",
      "url": "https://nvd.nist.gov/vuln/detail/CVE-2022-24348"
    },
    {
      "type": "WEB",
      "url": "https://github.com/argoproj/argo-cd/commit/78c2084f0febd159039ff785ddc2bd4ba1cecf88"
    },
    {
      "type": "WEB",
      "url": "https://apiiro.com/blog/malicious-kubernetes-helm-charts-can-be-used-to-steal-sensitive-information-from-argo-cd-deployments/"
    },
    {
      "type": "WEB",
      "url": "https://github.com/argoproj/argo-cd/releases/tag/v2.1.9"
    },
    {
      "type": "WEB",
      "url": "https://github.com/argoproj/argo-cd/releases/tag/v2.2.4"
    },
    {
      "type": "PACKAGE",
      "url": "https://github.com/argoproj/argo-cd"
    }
  ],
  "affected": [
    {
      "package": {
        "name": "github.com/argoproj/argo-cd/v2",
        "ecosystem": "Go",
        "purl": "pkg:golang/github.com/argoproj/argo-cd/v2"
      },
      "ranges": [
        {
          "type": "SEMVER",
          "events": [
            {
              "introduced": "0"
            },
            {
              "fixed": "2.1.9"
            }
          ]
        }
      ],
      "database_specific": {
        "source": "https://github.com/github/advisory-database/blob/main/advisories/github-reviewed/2022/02/GHSA-63qx-x74g-jcr7/GHSA-63qx-x74g-jcr7.json"
      }
    },
    {
      "package": {
        "name": "github.com/argoproj/argo-cd/v2",
        "ecosystem": "Go",
        "purl": "pkg:golang/github.com/argoproj/argo-cd/v2"
      },
      "ranges": [
        {
          "type": "SEMVER",
          "events": [
            {
              "introduced": "2.2.0"
            },
            {
              "fixed": "2.2.4"
            }
          ]
        }
      ],
      "database_specific": {
        "source": "https://github.com/github/advisory-database/blob/main/advisories/github-reviewed/2022/02/GHSA-63qx-x74g-jcr7/GHSA-63qx-x74g-jcr7.json"
      }
    },
    {
      "package": {
        "name": "github.com/argoproj/argo-cd",
        "ecosystem": "Go",
        "purl": "pkg:golang/github.com/argoproj/argo-cd"
      },
      "ranges": [
        {
          "type": "SEMVER",
          "events": [
            {
              "introduced": "0"
            },
            {
              "fixed": "2.1.9"
            }
          ]
        }
      ],
      "database_specific": {
        "source": "https://github.com/github/advisory-database/blob/main/advisories/github-reviewed/2022/02/GHSA-63qx-x74g-jcr7/GHSA-63qx-x74g-jcr7.json"
      }
    }
  ],
  "schema_version": "1.2.0",
  "severity": [
    {
      "type": "CVSS_V3",
      "score": "CVSS:3.1/AV:N/AC:L/PR:L/UI:N/S:C/C:H/I:N/A:N"
    }
  ]
}