{
  "id": "GHSA-qr2j-wrhx-4829",
  "summary": "Improper Input Validation",
  "details": "In Go Ethereum (aka geth) before 1.8.14, TraceChain in eth/api_tracer.go does not verify that the end block is after the start block.",
  "aliases": [
    "CVE-2018-16733"
  ],
  "modified": "2021-05-12T18:10:24Z",
  "published": "2021-05-18T18:38:06Z",
  "database_specific": {
    "severity": "MODERATE",
    "github_reviewed": true,
    "cwe_ids": [
      "CWE-20"
    ]
  },
  "references": [
    {
      "type": "ADVISORY",
      "url": "https://nvd.nist.gov/vuln/detail/CVE-2018-16733"
    },
    {
      "type": "WEB",
      "url": "https://github.com/ethereum/go-ethereum/commit/106d196ec4a6451efedc60ab15957f231fa85639"
    }
  ],
  "affected": [
    {
      "package": {
        "name": "github.com/ethereum/go-ethereum/eth",
        "ecosystem": "Go",
        "purl": "pkg:golang/github.com/ethereum/go-ethereum/eth"
      },
      "ranges": [
        {
          "type": "SEMVER",
          "events": [
            {
              "introduced": "0"
            },
            {
              "fixed": "1.8.14"
            }
          ]
        }
      ],
      "database_specific": {
        "source": "https://github.com/github/advisory-database/blob/main/advisories/github-reviewed/2021/05/GHSA-qr2j-wrhx-4829/GHSA-qr2j-wrhx-4829.json"
      }
    }
  ],
  "schema_version": "1.2.0",
  "severity": [
    {
      "type": "CVSS_V3",
      "score": "CVSS:3.1/AV:N/AC:L/PR:N/UI:N/S:U/C:N/I:H/A:N"
    }
  ]
}