{
  "id": "GHSA-c77f-4rgj-jfr4",
  "summary": "Cross-site Scripting in Beego",
  "details": "Cross Site Scripting (XSS) vulnerability exists in the admin panel in Beego v2.0.1 via the URI path in an HTTP request, which is activated by administrators viewing the \"Request Statistics\" page.",
  "aliases": [
    "CVE-2021-39391"
  ],
  "modified": "2021-09-27T18:58:23Z",
  "published": "2021-09-15T20:23:28Z",
  "database_specific": {
    "cwe_ids": [
      "CWE-64",
      "CWE-79"
    ],
    "github_reviewed": true,
    "severity": "HIGH"
  },
  "references": [
    {
      "type": "ADVISORY",
      "url": "https://nvd.nist.gov/vuln/detail/CVE-2021-39391"
    },
    {
      "type": "WEB",
      "url": "https://github.com/beego/beego/issues/4727"
    },
    {
      "type": "PACKAGE",
      "url": "https://github.com/beego/beego"
    }
  ],
  "affected": [
    {
      "package": {
        "name": "github.com/beego/beego/v2",
        "ecosystem": "Go",
        "purl": "pkg:golang/github.com/beego/beego/v2"
      },
      "ranges": [
        {
          "type": "SEMVER",
          "events": [
            {
              "introduced": "0"
            },
            {
              "fixed": "2.0.2"
            }
          ]
        }
      ],
      "database_specific": {
        "source": "https://github.com/github/advisory-database/blob/main/advisories/github-reviewed/2021/09/GHSA-c77f-4rgj-jfr4/GHSA-c77f-4rgj-jfr4.json"
      }
    },
    {
      "package": {
        "name": "github.com/beego/beego/v2/nuget",
        "ecosystem": "NuGet",
        "purl": "pkg:nuget/github.com/beego/beego/v2/nuget"
      },
      "ranges": [
        {
          "type": "ECOSYSTEM",
          "events": [
            {
              "introduced": "0"
            },
            {
              "fixed": "3.0.1"
            }
          ]
        }
      ],
      "database_specific": {
        "source": "https://github.com/github/advisory-database/blob/main/advisories/github-reviewed/2021/09/GHSA-c77f-4rgj-jfr4/GHSA-c77f-4rgj-jfr4.json"
      }
    }
  ],
  "schema_version": "1.2.0",
  "severity": [
    {
      "type": "CVSS_V3",
      "score": "CVSS:3.1/AV:N/AC:L/PR:N/UI:R/S:C/C:L/I:L/A:N"
    }
  ]
}