{
  "id": "GHSA-9h4h-8w5p-f28w",
  "summary": "Denial of Service in geth",
  "details": "cmd/evm/runner.go in Go Ethereum (aka geth) allows attackers to cause a denial of service (SEGV) via crafted bytecode.",
  "aliases": [
    "CVE-2018-19184"
  ],
  "modified": "2021-05-20T18:58:40Z",
  "published": "2021-06-29T21:23:15Z",
  "database_specific": {
    "cwe_ids": [
      "CWE-476"
    ],
    "severity": "HIGH",
    "github_reviewed": true
  },
  "references": [
    {
      "type": "ADVISORY",
      "url": "https://nvd.nist.gov/vuln/detail/CVE-2018-19184"
    },
    {
      "type": "WEB",
      "url": "https://github.com/ethereum/go-ethereum/issues/18069"
    },
    {
      "type": "WEB",
      "url": "https://github.com/ethereum/go-ethereum/commit/83e2761c3a13524bd5d6597ac08994488cf872ef"
    },
    {
      "type": "WEB",
      "url": "https://github.com/ethereum/go-ethereum/commit/fb9f7261ec51e38eedb454594fc19f00de1a6834"
    }
  ],
  "affected": [
    {
      "package": {
        "name": "github.com/ethereum/go-ethereum/cmd/evm",
        "ecosystem": "Go",
        "purl": "pkg:golang/github.com/ethereum/go-ethereum/cmd/evm"
      },
      "ranges": [
        {
          "type": "SEMVER",
          "events": [
            {
              "introduced": "0"
            },
            {
              "fixed": "1.8.14"
            }
          ]
        }
      ],
      "database_specific": {
        "source": "https://github.com/github/advisory-database/blob/main/advisories/github-reviewed/2021/06/GHSA-9h4h-8w5p-f28w/GHSA-9h4h-8w5p-f28w.json"
      }
    }
  ],
  "schema_version": "1.2.0",
  "severity": [
    {
      "type": "CVSS_V3",
      "score": "CVSS:3.0/AV:N/AC:L/PR:N/UI:N/S:U/C:N/I:N/A:H"
    }
  ]
}