{
  "id": "GHSA-9h63-7qf6-mv6r",
  "summary": "Improper Authorization in github.com/containers/libpod",
  "details": "A flaw was found in podman before 1.7.0. File permissions for non-root users running in a privileged container are not correctly checked. This flaw can be abused by a low-privileged user inside the container to access any other file in the container, even if owned by the root user inside the container. It does not allow to directly escape the container, though being a privileged container means that a lot of security features are disabled when running the container. The highest threat from this vulnerability is to data confidentiality and integrity as well as system availability.",
  "aliases": [
    "CVE-2021-20188"
  ],
  "modified": "2021-05-07T22:01:02Z",
  "published": "2021-05-18T18:33:12Z",
  "database_specific": {
    "github_reviewed": true,
    "cwe_ids": [
      "CWE-863"
    ],
    "severity": "HIGH"
  },
  "references": [
    {
      "type": "ADVISORY",
      "url": "https://nvd.nist.gov/vuln/detail/CVE-2021-20188"
    },
    {
      "type": "WEB",
      "url": "https://github.com/containers/podman/commit/2c7b579fe7328dc6db48bdaf60d0ddd9136b1e24"
    },
    {
      "type": "WEB",
      "url": "https://github.com/containers/podman/commit/c8bd4746151e6ae37d49c4688f2f64e03db429fc"
    },
    {
      "type": "WEB",
      "url": "https://github.com/containers/podman/commit/dcf3c742b1ac4d641d66810113f3d17441a412f4"
    },
    {
      "type": "WEB",
      "url": "https://bugzilla.redhat.com/show_bug.cgi?id=1915734"
    }
  ],
  "affected": [
    {
      "package": {
        "name": "github.com/containers/libpod",
        "ecosystem": "Go",
        "purl": "pkg:golang/github.com/containers/libpod"
      },
      "ranges": [
        {
          "type": "SEMVER",
          "events": [
            {
              "introduced": "0"
            },
            {
              "fixed": "1.7.0"
            }
          ]
        }
      ],
      "database_specific": {
        "source": "https://github.com/github/advisory-database/blob/main/advisories/github-reviewed/2021/05/GHSA-9h63-7qf6-mv6r/GHSA-9h63-7qf6-mv6r.json"
      }
    }
  ],
  "schema_version": "1.2.0",
  "severity": [
    {
      "type": "CVSS_V3",
      "score": "CVSS:3.1/AV:L/AC:H/PR:L/UI:N/S:U/C:H/I:H/A:H"
    }
  ]
}