{
  "id": "GHSA-x462-89pf-6r5h",
  "summary": "Crash due to malformed relay protocol message",
  "details": "### Impact\n\n1. `syncthing` can be caused to crash and exit if sent a malformed relay\n   protocol message message with a negative length field.\n\n2. The relay server `strelaysrv` can be caused to crash and exit if sent\n   a malformed relay protocol message with a negative length field.\n\nAt no point is sensitive data exposed or liable to be altered due to this\nissue. Sensitive data is never exposed to relay operators. Syncthing itself\nwould need to be lured to connect to a malicious relay server in order to\nexploit the issue.\n\n### Patches\n\nFixed in version 1.15.0.\n\n### Workarounds\n\n1. No known workaround for `strelaysrv`.\n\n2. `syncthing` can be configured to not use relays, or to only use specific,\n   trusted relays. If Syncthing is used in a closed environment or with\n   relaying disabled, i.e., it does not communicate with unknown relays,\n   Syncthing is not vulnerable.\n\n### For more information\n\nIf you have any questions or comments about this advisory, please discuss it [on the forum](https://forum.syncthing.net/).\n\nThanks to Wojciech Paciorek for discovering and reporting this issue.",
  "aliases": [
    "CVE-2021-21404"
  ],
  "modified": "2021-05-20T20:52:26Z",
  "published": "2021-05-21T16:23:17Z",
  "database_specific": {
    "github_reviewed": true,
    "cwe_ids": [
      "CWE-20"
    ],
    "severity": "LOW"
  },
  "references": [
    {
      "type": "WEB",
      "url": "https://github.com/syncthing/syncthing/security/advisories/GHSA-x462-89pf-6r5h"
    },
    {
      "type": "ADVISORY",
      "url": "https://nvd.nist.gov/vuln/detail/CVE-2021-21404"
    },
    {
      "type": "WEB",
      "url": "https://github.com/syncthing/syncthing/commit/fb4fdaf4c0a79c22cad000c42ac1394e3ccb6a97"
    },
    {
      "type": "WEB",
      "url": "https://github.com/syncthing/syncthing/releases/tag/v1.15.0"
    },
    {
      "type": "WEB",
      "url": "https://pkg.go.dev/github.com/syncthing/syncthing"
    }
  ],
  "affected": [
    {
      "package": {
        "name": "github.com/syncthing/syncthing",
        "ecosystem": "Go",
        "purl": "pkg:golang/github.com/syncthing/syncthing"
      },
      "ranges": [
        {
          "type": "SEMVER",
          "events": [
            {
              "introduced": "0"
            },
            {
              "fixed": "1.15.0"
            }
          ]
        }
      ],
      "database_specific": {
        "source": "https://github.com/github/advisory-database/blob/main/advisories/github-reviewed/2021/05/GHSA-x462-89pf-6r5h/GHSA-x462-89pf-6r5h.json"
      }
    }
  ],
  "schema_version": "1.2.0",
  "severity": [
    {
      "type": "CVSS_V3",
      "score": "CVSS:3.1/AV:N/AC:L/PR:N/UI:N/S:U/C:N/I:N/A:H"
    }
  ]
}