{
  "id": "GHSA-jp4j-47f9-2vc3",
  "summary": "Integer Overflow or Wraparound in NATS Server",
  "details": "An integer overflow in NATS Server 2.0.0 allows a remote attacker to crash the server by sending a crafted request.",
  "aliases": [
    "CVE-2019-13126"
  ],
  "modified": "2021-05-17T16:35:04Z",
  "published": "2021-05-18T18:14:55Z",
  "database_specific": {
    "github_reviewed": true,
    "severity": "HIGH",
    "cwe_ids": [
      "CWE-190"
    ]
  },
  "references": [
    {
      "type": "ADVISORY",
      "url": "https://nvd.nist.gov/vuln/detail/CVE-2019-13126"
    },
    {
      "type": "WEB",
      "url": "https://github.com/nats-io/nats-server/pull/1053"
    },
    {
      "type": "WEB",
      "url": "https://github.com/nats-io/nats-server/pull/1441"
    },
    {
      "type": "WEB",
      "url": "https://github.com/nats-io/nats-server/commit/07ef71ff98f45f8c2711be4aeaf484610d891dda"
    },
    {
      "type": "WEB",
      "url": "https://github.com/nats-io/nats-server/commits/master"
    },
    {
      "type": "WEB",
      "url": "https://www.twistlock.com/labs-blog/finding-dos-vulnerability-nats-go-fuzz-cve-2019-13126/"
    }
  ],
  "affected": [
    {
      "package": {
        "name": "github.com/nats-io/nats-server/v2/server",
        "ecosystem": "Go",
        "purl": "pkg:golang/github.com/nats-io/nats-server/v2/server"
      },
      "ranges": [
        {
          "type": "SEMVER",
          "events": [
            {
              "introduced": "0"
            },
            {
              "fixed": "2.0.2"
            }
          ]
        }
      ],
      "database_specific": {
        "source": "https://github.com/github/advisory-database/blob/main/advisories/github-reviewed/2021/05/GHSA-jp4j-47f9-2vc3/GHSA-jp4j-47f9-2vc3.json"
      }
    }
  ],
  "schema_version": "1.2.0",
  "severity": [
    {
      "type": "CVSS_V3",
      "score": "CVSS:3.1/AV:N/AC:L/PR:N/UI:N/S:U/C:N/I:N/A:H/E:P/RL:U/RC:C"
    }
  ]
}