{
  "id": "GHSA-j7px-6hwj-hpjg",
  "summary": "Open Redirect in OAuth2 Proxy",
  "details": "### Impact\nAs users can provide a redirect address for the proxy to send the authenticated user to at the end of the authentication flow. This is expected to be the original URL that the user was trying to access.\nThis redirect URL is checked within the proxy and validated before redirecting the user to prevent malicious actors providing redirects to potentially harmful sites.\n\nHowever, by crafting a redirect URL with HTML encoded whitespace characters (eg. `%0a`, `%0b`,`%09`,`%0d`) the validation could be bypassed and allow a redirect to any URL provided.\n\n### Patches\n@rootxharsh and @iamnoooob provided this patch as potential solution:\n```\nFrom 4b941f56eda310b5c4dc8080b7635a6bfabccad4 Mon Sep 17 00:00:00 2001\nFrom: Harsh Jaiswal <harsh@pop-os.localdomain>\nDate: Fri, 1 May 2020 20:38:31 +0530\nSubject: [PATCH] Fixes redirect issue\n\n---\n oauthproxy.go | 3 ++-\n 1 file changed, 2 insertions(+), 1 deletion(-)\n\ndiff --git a/oauthproxy.go b/oauthproxy.go\nindex 1e9bb7c..f8beb4d 100644\n--- a/oauthproxy.go\n+++ b/oauthproxy.go\n@@ -577,8 +577,9 @@ func validOptionalPort(port string) bool {\n\n // IsValidRedirect checks whether the redirect URL is whitelisted\n func (p *OAuthProxy) IsValidRedirect(redirect string) bool {\n+       matched, _ := regexp.MatchString(`^/\\s+/|\\\\`, redirect)\n        switch {\n-       case strings.HasPrefix(redirect, \"/\") && !strings.HasPrefix(redirect, \"//\") && !strings.HasPrefix(redirect, \"/\\\\\"):\n+       case strings.HasPrefix(redirect, \"/\") && !strings.HasPrefix(redirect, \"//\") && !matched:\n                return true\n        case strings.HasPrefix(redirect, \"http://\") || strings.HasPrefix(redirect, \"https://\"):\n                redirectURL, err := url.Parse(redirect)\n--\n2.17.1\n```\n\nThis issue was also reported to us separately by @mik317 several hours later\n\nThe fix was implemented in [#xxx]() and released as version 5.1.1",
  "aliases": [
    "CVE-2020-11053"
  ],
  "modified": "2021-05-24T21:05:58Z",
  "published": "2021-12-20T17:59:10Z",
  "database_specific": {
    "cwe_ids": [
      "CWE-601"
    ],
    "github_reviewed": true,
    "severity": "HIGH"
  },
  "references": [
    {
      "type": "WEB",
      "url": "https://github.com/oauth2-proxy/oauth2-proxy/security/advisories/GHSA-j7px-6hwj-hpjg"
    },
    {
      "type": "ADVISORY",
      "url": "https://nvd.nist.gov/vuln/detail/CVE-2020-11053"
    },
    {
      "type": "WEB",
      "url": "https://github.com/oauth2-proxy/oauth2-proxy/commit/0d5fa211df8ef2449347a56b22c779eb8d894c43"
    }
  ],
  "affected": [
    {
      "package": {
        "name": "github.com/oauth2-proxy/oauth2-proxy",
        "ecosystem": "Go",
        "purl": "pkg:golang/github.com/oauth2-proxy/oauth2-proxy"
      },
      "ranges": [
        {
          "type": "SEMVER",
          "events": [
            {
              "introduced": "0"
            },
            {
              "fixed": "5.1.1"
            }
          ]
        }
      ],
      "database_specific": {
        "source": "https://github.com/github/advisory-database/blob/main/advisories/github-reviewed/2021/12/GHSA-j7px-6hwj-hpjg/GHSA-j7px-6hwj-hpjg.json"
      }
    }
  ],
  "schema_version": "1.2.0",
  "severity": [
    {
      "type": "CVSS_V3",
      "score": "CVSS:3.1/AV:N/AC:L/PR:N/UI:R/S:C/C:L/I:L/A:L"
    }
  ]
}