{
  "id": "GHSA-75qf-wgfj-v652",
  "summary": "Arbitrary File Write via Archive Extraction (Zip Slip)",
  "details": "This affects all versions up to and including version 7.0.0 of package github.com/u-root/u-root/pkg/tarutil. It is vulnerable to both leading and non-leading relative path traversal attacks in tar file extraction.",
  "aliases": [
    "CVE-2020-7669"
  ],
  "modified": "2021-05-05T19:02:17Z",
  "published": "2021-05-18T18:28:03Z",
  "database_specific": {
    "github_reviewed": true,
    "severity": "HIGH",
    "cwe_ids": [
      "CWE-22"
    ]
  },
  "references": [
    {
      "type": "ADVISORY",
      "url": "https://nvd.nist.gov/vuln/detail/CVE-2020-7669"
    },
    {
      "type": "WEB",
      "url": "https://github.com/u-root/u-root/pull/1817"
    },
    {
      "type": "WEB",
      "url": "https://snyk.io/vuln/SNYK-GOLANG-GITHUBCOMUROOTUROOTPKGTARUTIL-570428"
    }
  ],
  "affected": [
    {
      "package": {
        "name": "github.com/u-root/u-root/pkg/tarutil",
        "ecosystem": "Go",
        "purl": "pkg:golang/github.com/u-root/u-root/pkg/tarutil"
      },
      "ranges": [
        {
          "type": "SEMVER",
          "events": [
            {
              "introduced": "0"
            }
          ]
        }
      ],
      "database_specific": {
        "source": "https://github.com/github/advisory-database/blob/main/advisories/github-reviewed/2021/05/GHSA-75qf-wgfj-v652/GHSA-75qf-wgfj-v652.json",
        "last_known_affected_version_range": "<= 7.0.0"
      }
    }
  ],
  "schema_version": "1.2.0",
  "severity": [
    {
      "type": "CVSS_V3",
      "score": "CVSS:3.1/AV:N/AC:L/PR:N/UI:N/S:U/C:N/I:H/A:N"
    }
  ]
}