{
  "id": "GHSA-5ph6-qq5x-7jwc",
  "summary": "ExternalName Services can be used to gain access to Envoy's admin interface",
  "details": "### Impact\nJosh Ferrell (@josh-ferrell) from VMware has reported that a specially crafted ExternalName type Service may be used to access Envoy's admin interface, which Contour normally prevents from access outside the Envoy container. This can be used to shut down Envoy remotely (a denial of service), or to expose the existence of any Secret that Envoy is using for its configuration, including most notably TLS Keypairs. However, it *cannot* be used to get the *content* of those secrets.\n\nSince this attack allows access to the administration interface, a variety of administration options are available, such as shutting down the Envoy or draining traffic. In general, the Envoy admin interface cannot easily be used for making changes to the cluster, in-flight requests, or backend services, but it could be used to shut down or drain Envoy, change traffic routing, or to retrieve secret metadata, as mentioned above.\n\n### Patches\nThe issue will be addressed in the forthcoming Contour v1.18.0 and a patch release, v1.17.1, has been released in the meantime.\n\nIt is addressed in two ways:\n- disabling ExternalName type Services by default\n- When ExternalName Services are enabled, block obvious \"localhost\" entries.\n\n#### Disable ExternalName type Services by default\n\nThis change prohibits processing of ExternalName services unless the cluster operator specifically allows them using the new `--enable-externalname` flag or equivalent configuration file setting. This is a breaking change for previous versions of Contour, which is unfortunate, but necessary because of the severity of the information exposed in this advisory.\n\n\n#### Block obvious `localhost` entries for enabled ExternalName Services\n\nAs part of this change set, we have added a filter in the event that operators *do* enable ExternalName Services, such that obvious `localhost` entries are rejected by Contour.\n\nThere are a number of problems with this method, however:\n- This is a porous control. As long as you control a domain name, it's trivially easy to add a DNS entry for any name you like that redirects to `127.0.0.1` or `::1`. Contour even provides `local.projectcontour.io` ourselves for testing and example purposes. (This name is, of course, included in the \"obvious localhost entries\" list.) So we can never totally stop this exploit as long as the admin interface is accessible on localhost, which, according to envoyproxy/envoy#2763, will be for some time if not forever. The best we can do is block some obvious elements, but this is always a risk for a motivated attacker.\n- We've actually suggested using `localhost` ExternalName Services in the past, to allow people to connect to sidecar External Authentication services in their cluster. Both of these changes break this use-case, but given that it's about something that has security requirements high enough to require authentication, it's important to ensure that people are opting in. For the External Auth sidecar case, we are investigating an update to ExtensionService that will help with the sidecar use case.\n\n### Workarounds\nNot easily. It's not possible to control the creation of ExternalName Services with RBAC without the use of Gatekeeper or other form of admission control, and the creation of services is required for Contour to actually work for application developer personas.\n\n### For more information\nExploit code will be published at a later date for this vulnerability, once our users have had a chance to upgrade.",
  "aliases": [
    "CVE-2021-32783"
  ],
  "modified": "2021-08-30T16:53:38Z",
  "published": "2021-08-30T17:22:10Z",
  "database_specific": {
    "severity": "HIGH",
    "cwe_ids": [
      "CWE-610"
    ],
    "github_reviewed": true
  },
  "references": [
    {
      "type": "WEB",
      "url": "https://github.com/projectcontour/contour/security/advisories/GHSA-5ph6-qq5x-7jwc"
    },
    {
      "type": "ADVISORY",
      "url": "https://nvd.nist.gov/vuln/detail/CVE-2021-32783"
    },
    {
      "type": "WEB",
      "url": "https://github.com/projectcontour/contour/commit/5f3e6d0ab1d48e64bae46400c85c490b200393a3"
    },
    {
      "type": "WEB",
      "url": "https://github.com/projectcontour/contour/commit/b53a5c4fd927f4ea2c6cf02f1359d8e28bef852e"
    },
    {
      "type": "WEB",
      "url": "https://github.com/projectcontour/contour/releases/tag/v1.14.2"
    },
    {
      "type": "WEB",
      "url": "https://github.com/projectcontour/contour/releases/tag/v1.15.2"
    },
    {
      "type": "WEB",
      "url": "https://github.com/projectcontour/contour/releases/tag/v1.16.1"
    },
    {
      "type": "WEB",
      "url": "https://github.com/projectcontour/contour/releases/tag/v1.17.1"
    }
  ],
  "affected": [
    {
      "package": {
        "name": "github.com/projectcontour/contour",
        "ecosystem": "Go",
        "purl": "pkg:golang/github.com/projectcontour/contour"
      },
      "ranges": [
        {
          "type": "SEMVER",
          "events": [
            {
              "introduced": "0"
            },
            {
              "fixed": "1.14.2"
            }
          ]
        }
      ],
      "database_specific": {
        "source": "https://github.com/github/advisory-database/blob/main/advisories/github-reviewed/2021/08/GHSA-5ph6-qq5x-7jwc/GHSA-5ph6-qq5x-7jwc.json"
      }
    },
    {
      "package": {
        "name": "github.com/projectcontour/contour",
        "ecosystem": "Go",
        "purl": "pkg:golang/github.com/projectcontour/contour"
      },
      "ranges": [
        {
          "type": "SEMVER",
          "events": [
            {
              "introduced": "1.15.0"
            },
            {
              "fixed": "1.15.2"
            }
          ]
        }
      ],
      "database_specific": {
        "source": "https://github.com/github/advisory-database/blob/main/advisories/github-reviewed/2021/08/GHSA-5ph6-qq5x-7jwc/GHSA-5ph6-qq5x-7jwc.json"
      }
    },
    {
      "package": {
        "name": "github.com/projectcontour/contour",
        "ecosystem": "Go",
        "purl": "pkg:golang/github.com/projectcontour/contour"
      },
      "ranges": [
        {
          "type": "SEMVER",
          "events": [
            {
              "introduced": "1.16.0"
            },
            {
              "fixed": "1.16.1"
            }
          ]
        }
      ],
      "versions": [
        "1.16.0"
      ],
      "database_specific": {
        "source": "https://github.com/github/advisory-database/blob/main/advisories/github-reviewed/2021/08/GHSA-5ph6-qq5x-7jwc/GHSA-5ph6-qq5x-7jwc.json"
      }
    },
    {
      "package": {
        "name": "github.com/projectcontour/contour",
        "ecosystem": "Go",
        "purl": "pkg:golang/github.com/projectcontour/contour"
      },
      "ranges": [
        {
          "type": "SEMVER",
          "events": [
            {
              "introduced": "1.17.0"
            },
            {
              "fixed": "1.17.1"
            }
          ]
        }
      ],
      "versions": [
        "1.17.0"
      ],
      "database_specific": {
        "source": "https://github.com/github/advisory-database/blob/main/advisories/github-reviewed/2021/08/GHSA-5ph6-qq5x-7jwc/GHSA-5ph6-qq5x-7jwc.json"
      }
    }
  ],
  "schema_version": "1.2.0",
  "severity": [
    {
      "type": "CVSS_V3",
      "score": "CVSS:3.1/AV:N/AC:L/PR:L/UI:N/S:C/C:L/I:N/A:H"
    }
  ]
}