{
  "id": "GHSA-h3p9-wrgx-82cm",
  "summary": "Use of a Broken or Risky Cryptographic Algorithm in Terraform",
  "details": "When using the Azure backend with a shared access signature (SAS), Terraform versions prior to 0.12.17 may transmit the token and state snapshot using cleartext HTTP.",
  "aliases": [
    "CVE-2019-19316"
  ],
  "modified": "2021-05-13T15:15:38Z",
  "published": "2021-05-18T18:18:50Z",
  "database_specific": {
    "severity": "HIGH",
    "github_reviewed": true,
    "cwe_ids": [
      "CWE-20",
      "CWE-327"
    ]
  },
  "references": [
    {
      "type": "WEB",
      "url": "https://github.com/hashicorp/terraform/security/advisories/GHSA-4rvg-555h-r626"
    },
    {
      "type": "ADVISORY",
      "url": "https://nvd.nist.gov/vuln/detail/CVE-2019-19316"
    },
    {
      "type": "WEB",
      "url": "https://github.com/hashicorp/terraform/issues/23493"
    },
    {
      "type": "WEB",
      "url": "https://github.com/hashicorp/terraform/commit/6db3cf8e5b4cfb2a3cd1d99a813b50b2d5d363bb"
    }
  ],
  "affected": [
    {
      "package": {
        "name": "github.com/hashicorp/terraform/backend/remote-state/azure",
        "ecosystem": "Go",
        "purl": "pkg:golang/github.com/hashicorp/terraform/backend/remote-state/azure"
      },
      "ranges": [
        {
          "type": "SEMVER",
          "events": [
            {
              "introduced": "0"
            },
            {
              "fixed": "0.12.17"
            }
          ]
        }
      ],
      "database_specific": {
        "source": "https://github.com/github/advisory-database/blob/main/advisories/github-reviewed/2021/05/GHSA-h3p9-wrgx-82cm/GHSA-h3p9-wrgx-82cm.json"
      }
    }
  ],
  "schema_version": "1.2.0",
  "severity": [
    {
      "type": "CVSS_V3",
      "score": "CVSS:3.1/AV:N/AC:H/PR:N/UI:N/S:U/C:N/I:L/A:N"
    }
  ]
}