{
  "id": "GHSA-6c7m-qwxj-mvhp",
  "summary": "Broken encryption in EdgeX Foundry",
  "details": "### Summary\nBroken encryption in app-functions-sdk \u201cAES\u201d transform in EdgeX Foundry releases prior to Jakarta allows attackers to decrypt messages via unspecified vectors.\n\n### Detailed Description\nThe app-functions-sdk exports an \u201caes\u201d transform that user scripts can optionally call to encrypt data in the processing pipeline.  No decrypt function is provided.  Encryption is not enabled by default, but if used, the level of protection may be less than the user may expects due to a broken implementation in https://github.com/edgexfoundry/app-functions-sdk-go/blob/v1.0.0/pkg/transforms/encryption.go \n\nVersion v2.1.0 (EdgeX Foundry Jakarta release and later) of app-functions-sdk-go/v2 deprecates the \u201caes\u201d transform and provides an improved \u201caes256\u201d transform in its place.  The broken implementation will remain in a deprecated state until it is removed in the next EdgeX major release to avoid breakage of existing software that depends on the broken implementation.\n\n### Impact\nAs the broken transform is a library function that is not invoked by default, users who do not use the AES transform in their processing pipelines are unaffected.  Those that are affected are urged to upgrade to the Jakarta EdgeX release and modify processing pipelines to use the new \"aes256\" transform.\n\n#### Vulnerable go modules\n- github.com/edgexfoundry/app-functions-sdk-go  < v2.1.0\n- github.com/edgexfoundry/app-functions-sdk-go/v2  < v2.1.0\n- github.com/edgexfoundry/app-service-configurable < v2.1.0\n\n#### Vulnerable containers\n- https://hub.docker.com/r/edgexfoundry/app-service-configurable >= 2.0.0 < v2.1.0\n- https://hub.docker.com/r/edgexfoundry/app-service-configurable-arm64  >= 2.0.0 < 2.1.0\n- https://hub.docker.com/r/edgexfoundry/docker-app-service-configurable  < 2.0.0\n- https://hub.docker.com/r/edgexfoundry/docker-app-service-configurable-arm64 < 2.0.0 \n\n#### Vulnerable Snaps\n- https://snapcraft.io/edgex-app-service-configurable >= 2.0.0 < 2.1.0\n\n### Patches\nUpgrade to 2.1.0 version of app-functions-sdk-go/v2, app-service-configurable, and related docker containers shown below and modify user scripts to use the new \"aes256\" transform in place of the existing \"aes\" transform.\n\n#### Patched go modules\n- github.com/edgexfoundry/app-functions-sdk-go/v2 v2.1.0\n- github.com/edgexfoundry/app-service-configurable v2.1.0\n\nModification of user scripts is necessary for full remediation.\n\n#### Patched containers\n- https://hub.docker.com/r/edgexfoundry/app-service-configurable:>=2.1.0\n- https://hub.docker.com/r/edgexfoundry/app-service-configurable-arm64:>=2.1.0\n\nModification of user scripts is necessary for full remediation.\n\n#### Patched Snaps\n- https://snapcraft.io/edgex-app-service-configurable >= 2.1.0\n\nModification of user scripts is necessary for full remediation.\n\n### Workarounds\nIf unable to upgrade, change the processing pipeline to use an HTTPS (TLS 1.3) endpoint to export and skip encryption.\n\n### References\n* [2.0 documentation](https://docs.edgexfoundry.org/2.0/microservices/application/BuiltIn/#aes)\n* [2.1 documentation](https://docs.edgexfoundry.org/2.1/microservices/application/BuiltIn/#encryption-deprecated)\n* [GitHub issue](https://github.com/edgexfoundry/app-functions-sdk-go/issues/968)\n\n### For more information\nIf you have any questions or comments about this advisory:\n* Contact us in the [Slack #security channel](https://slack.edgexfoundry.org/)\n* Open an issue in [edgex-go](https://github.com/edgexfoundry/edgex-go)\n* Email us at [EdgeX-TSC-Security@lists.edgexfoundry.org](mailto:EdgeX-TSC-Security@lists.edgexfoundry.org)",
  "aliases": [
    "CVE-2021-41278"
  ],
  "modified": "2021-11-24T19:01:48Z",
  "published": "2021-11-19T20:55:16Z",
  "database_specific": {
    "github_reviewed": true,
    "cwe_ids": [
      "CWE-327"
    ],
    "severity": "MODERATE"
  },
  "references": [
    {
      "type": "WEB",
      "url": "https://github.com/edgexfoundry/app-functions-sdk-go/security/advisories/GHSA-6c7m-qwxj-mvhp"
    },
    {
      "type": "ADVISORY",
      "url": "https://nvd.nist.gov/vuln/detail/CVE-2021-41278"
    },
    {
      "type": "WEB",
      "url": "https://github.com/edgexfoundry/app-functions-sdk-go/commit/8fa13c6388ce76a6b878b54490eac61aa7d81165"
    },
    {
      "type": "PACKAGE",
      "url": "https://github.com/edgexfoundry/app-functions-sdk-go"
    }
  ],
  "affected": [
    {
      "package": {
        "name": "github.com/edgexfoundry/app-functions-sdk-go/v2",
        "ecosystem": "Go",
        "purl": "pkg:golang/github.com/edgexfoundry/app-functions-sdk-go/v2"
      },
      "ranges": [
        {
          "type": "SEMVER",
          "events": [
            {
              "introduced": "0"
            },
            {
              "fixed": "2.1.0"
            }
          ]
        }
      ],
      "database_specific": {
        "source": "https://github.com/github/advisory-database/blob/main/advisories/github-reviewed/2021/11/GHSA-6c7m-qwxj-mvhp/GHSA-6c7m-qwxj-mvhp.json"
      }
    },
    {
      "package": {
        "name": "github.com/edgexfoundry/app-functions-sdk-go",
        "ecosystem": "Go",
        "purl": "pkg:golang/github.com/edgexfoundry/app-functions-sdk-go"
      },
      "ranges": [
        {
          "type": "SEMVER",
          "events": [
            {
              "introduced": "0"
            }
          ]
        }
      ],
      "database_specific": {
        "source": "https://github.com/github/advisory-database/blob/main/advisories/github-reviewed/2021/11/GHSA-6c7m-qwxj-mvhp/GHSA-6c7m-qwxj-mvhp.json",
        "last_known_affected_version_range": "< 2.1.0"
      }
    },
    {
      "package": {
        "name": "github.com/edgexfoundry/app-service-configurable",
        "ecosystem": "Go",
        "purl": "pkg:golang/github.com/edgexfoundry/app-service-configurable"
      },
      "ranges": [
        {
          "type": "SEMVER",
          "events": [
            {
              "introduced": "0"
            },
            {
              "fixed": "2.1.0"
            }
          ]
        }
      ],
      "database_specific": {
        "source": "https://github.com/github/advisory-database/blob/main/advisories/github-reviewed/2021/11/GHSA-6c7m-qwxj-mvhp/GHSA-6c7m-qwxj-mvhp.json"
      }
    }
  ],
  "schema_version": "1.2.0",
  "severity": [
    {
      "type": "CVSS_V3",
      "score": "CVSS:3.0/AV:N/AC:H/PR:L/UI:R/S:U/C:H/I:L/A:N"
    }
  ]
}