{
  "id": "GHSA-x6jv-5vfg-gm7x",
  "summary": "Path traversal in ServcieCenter",
  "details": "Improper configuration will cause ServiceComb ServiceCenter Directory Traversal problem in ServcieCenter 1.x.x versions and fixed in 2.0.0.",
  "aliases": [
    "CVE-2021-21501"
  ],
  "modified": "2021-08-30T19:32:48Z",
  "published": "2021-09-01T18:35:52Z",
  "database_specific": {
    "severity": "HIGH",
    "cwe_ids": [
      "CWE-22"
    ],
    "github_reviewed": true
  },
  "references": [
    {
      "type": "ADVISORY",
      "url": "https://nvd.nist.gov/vuln/detail/CVE-2021-21501"
    },
    {
      "type": "WEB",
      "url": "https://github.com/apache/servicecomb-service-center/pull/788"
    },
    {
      "type": "WEB",
      "url": "https://lists.apache.org/thread.html/r337be65e504eac52a12e89d7de40345e5d335deee9dd7288f7f59b81%40%3Cdev.servicecomb.apache.org%3E"
    },
    {
      "type": "WEB",
      "url": "http://www.openwall.com/lists/oss-security/2021/08/10/3"
    },
    {
      "type": "PACKAGE",
      "url": "https://github.com/apache/servicecomb-service-center"
    }
  ],
  "affected": [
    {
      "package": {
        "name": "github.com/apache/servicecomb-service-center",
        "ecosystem": "Go",
        "purl": "pkg:golang/github.com/apache/servicecomb-service-center"
      },
      "ranges": [
        {
          "type": "SEMVER",
          "events": [
            {
              "introduced": "0"
            },
            {
              "fixed": "2.0.0"
            }
          ]
        }
      ],
      "database_specific": {
        "source": "https://github.com/github/advisory-database/blob/main/advisories/github-reviewed/2021/09/GHSA-x6jv-5vfg-gm7x/GHSA-x6jv-5vfg-gm7x.json"
      }
    }
  ],
  "schema_version": "1.2.0",
  "severity": [
    {
      "type": "CVSS_V3",
      "score": "CVSS:3.1/AV:N/AC:L/PR:N/UI:N/S:U/C:H/I:N/A:N"
    }
  ]
}