{
  "id": "GHSA-rmw5-xpg9-jr29",
  "summary": "Use of Cryptographically Weak Pseudo-Random Number Generator in Rclone",
  "details": "An issue was discovered in Rclone before 1.53.3. Due to the use of a weak random number generator, the password generator has been producing weak passwords with much less entropy than advertised. The suggested passwords depend deterministically on the time the second rclone was started. This limits the entropy of the passwords enormously. These passwords are often used in the crypt backend for encryption of data. It would be possible to make a dictionary of all possible passwords with about 38 million entries per password length. This would make decryption of secret material possible with a plausible amount of effort. NOTE: all passwords generated by affected versions should be changed.",
  "aliases": [
    "CVE-2020-28924"
  ],
  "modified": "2021-07-09T01:58:36Z",
  "published": "2021-06-10T17:23:21Z",
  "database_specific": {
    "cwe_ids": [
      "CWE-338"
    ],
    "severity": "HIGH",
    "github_reviewed": true
  },
  "references": [
    {
      "type": "ADVISORY",
      "url": "https://nvd.nist.gov/vuln/detail/CVE-2020-28924"
    },
    {
      "type": "WEB",
      "url": "https://github.com/rclone/rclone/issues/4783"
    },
    {
      "type": "WEB",
      "url": "https://lists.fedoraproject.org/archives/list/package-announce@lists.fedoraproject.org/message/UJIFT24Q6EFXLQZ24AER2QGFFZLMIPCD/"
    },
    {
      "type": "WEB",
      "url": "https://rclone.org/downloads/"
    }
  ],
  "affected": [
    {
      "package": {
        "name": "github.com/rclone/rclone",
        "ecosystem": "Go",
        "purl": "pkg:golang/github.com/rclone/rclone"
      },
      "ranges": [
        {
          "type": "SEMVER",
          "events": [
            {
              "introduced": "0"
            },
            {
              "fixed": "1.53.3"
            }
          ]
        }
      ],
      "database_specific": {
        "source": "https://github.com/github/advisory-database/blob/main/advisories/github-reviewed/2021/06/GHSA-rmw5-xpg9-jr29/GHSA-rmw5-xpg9-jr29.json"
      }
    }
  ],
  "schema_version": "1.2.0",
  "severity": [
    {
      "type": "CVSS_V3",
      "score": "CVSS:3.1/AV:N/AC:L/PR:N/UI:N/S:U/C:H/I:N/A:N"
    }
  ]
}