{
  "id": "GHSA-jrpg-35hw-m4p9",
  "summary": "Capture-replay in Gitea",
  "details": "Gitea is a project to help users set up a self-hosted Git service. Gitea before 1.11.2 is affected by Trusting HTTP Permission Methods on the Server Side when referencing the vulnerable admin or user API. This could allow a remote malicious user to execute arbitrary code.",
  "aliases": [
    "CVE-2021-45327"
  ],
  "modified": "2022-02-14T23:01:26Z",
  "published": "2022-02-09T00:00:29Z",
  "database_specific": {
    "github_reviewed": true,
    "cwe_ids": [
      "CWE-294"
    ],
    "severity": "CRITICAL"
  },
  "references": [
    {
      "type": "ADVISORY",
      "url": "https://nvd.nist.gov/vuln/detail/CVE-2021-45327"
    },
    {
      "type": "WEB",
      "url": "https://github.com/go-gitea/gitea/pull/10462"
    },
    {
      "type": "WEB",
      "url": "https://github.com/go-gitea/gitea/pull/10465"
    },
    {
      "type": "WEB",
      "url": "https://github.com/go-gitea/gitea/pull/10582"
    },
    {
      "type": "WEB",
      "url": "https://blog.gitea.io/2020/03/gitea-1.11.2-is-released/"
    },
    {
      "type": "PACKAGE",
      "url": "https://github.com/go-gitea/gitea"
    }
  ],
  "affected": [
    {
      "package": {
        "name": "github.com/go-gitea/gitea",
        "ecosystem": "Go",
        "purl": "pkg:golang/github.com/go-gitea/gitea"
      },
      "ranges": [
        {
          "type": "SEMVER",
          "events": [
            {
              "introduced": "0"
            },
            {
              "fixed": "1.11.2"
            }
          ]
        }
      ],
      "database_specific": {
        "source": "https://github.com/github/advisory-database/blob/main/advisories/github-reviewed/2022/02/GHSA-jrpg-35hw-m4p9/GHSA-jrpg-35hw-m4p9.json"
      }
    }
  ],
  "schema_version": "1.2.0",
  "severity": [
    {
      "type": "CVSS_V3",
      "score": "CVSS:3.1/AV:N/AC:L/PR:N/UI:N/S:U/C:H/I:H/A:H"
    }
  ]
}