{
  "id": "GHSA-hcw3-j74m-qc58",
  "summary": "Incorrect Calculation in github.com/open-policy-agent/opa",
  "details": "### Impact\n\nUnder certain conditions, pretty-printing an AST that contains synthetic nodes could change the logic of some statements by reordering array literals. Example of policies impacted are those that parse and compare web paths, see the example below.\n\n**All of these** three conditions have to be met to create an adverse effect:\n\n1. An AST of Rego had to be **created programmatically** such that it ends up containing terms without a location (such as wildcard variables).\n2. The AST had to be **pretty-printed** using the `github.com/open-policy-agent/opa/format` package.\n3. The result of the pretty-printing had to be **parsed and evaluated again** via an OPA instance using the bundles, or the Golang packages.\n\nIf any of these three conditions are not met, you are not affected.\n\nNotably, all three would be true if using **optimized bundles**, i.e. bundles created with `opa build -O=1` or higher.\nIn that case, the optimizer would fulfil condition (1.), the result of that would be pretty-printed when writing the bundle to disk, fulfilling (2.). When the bundle was then used, we'd satisfy (3.).\n\n#### Example\nFor example, the process outlined above could turn \nthis rule\n```rego\nhello {\n\t[\"foo\", _] = split(input.resource, \"/\")\n}\n```\n\ninto\n```rego\nhello {\n\t[_, \"foo\"] = split(input.resource, \"/\")\n}\n```\n\nwith an input of\n```rego\n{\n    \"resource\": \"foo/bar\"\n}\n```\n\nthe result would change from\n```rego\n{\n    \"hello\": true\n}\n```\nto (no default value of hello)\n```rego\n{}\n```\n\nThe severity was determined to be *moderate* because the conditions are quite particular. Please note that its only the OPA bundle build process thats affected. An OPA sidecar of version 0.36.0 with an optimized bundle built by OPA 0.32.1 would not face this bug.\n\n### Patches\n\nFixed in version 0.37.2.\n\n### Workarounds\n\n- Disabling optimization when creating bundles.\n\n### References\n\n- Introduced in https://github.com/open-policy-agent/opa/pull/3851\n- Backported for the 0.33.1 patch release: https://github.com/open-policy-agent/opa/commit/bfd984ddf93ef2c4963a08d4fdadae0bcf1a3717\n- Fixed by https://github.com/open-policy-agent/opa/commit/932e4ffc37a590ace79e9b75ca4340288c220239 and https://github.com/open-policy-agent/opa/commit/2bd8edab9e10e2dc9cf76ae8335ced0c224f3055\n\n### For more information\n\nIf you have any questions or comments about this advisory:\n\n* Open an issue in [Community Discussions](https://github.com/open-policy-agent/community/discussions/categories/opa-and-rego)\n* Ask in Slack: https://slack.openpolicyagent.org/",
  "aliases": [
    "CVE-2022-23628"
  ],
  "modified": "2022-02-23T22:04:25Z",
  "published": "2022-02-09T22:17:37Z",
  "database_specific": {
    "cwe_ids": [
      "CWE-682"
    ],
    "github_reviewed": true,
    "severity": "MODERATE"
  },
  "references": [
    {
      "type": "WEB",
      "url": "https://github.com/open-policy-agent/opa/security/advisories/GHSA-hcw3-j74m-qc58"
    },
    {
      "type": "ADVISORY",
      "url": "https://nvd.nist.gov/vuln/detail/CVE-2022-23628"
    },
    {
      "type": "WEB",
      "url": "https://github.com/open-policy-agent/opa/pull/3851"
    },
    {
      "type": "WEB",
      "url": "https://github.com/open-policy-agent/opa/commit/932e4ffc37a590ace79e9b75ca4340288c220239"
    },
    {
      "type": "WEB",
      "url": "https://github.com/open-policy-agent/opa/commit/bfd984ddf93ef2c4963a08d4fdadae0bcf1a3717"
    },
    {
      "type": "PACKAGE",
      "url": "https://github.com/open-policy-agent/opa"
    }
  ],
  "affected": [
    {
      "package": {
        "name": "github.com/open-policy-agent/opa",
        "ecosystem": "Go",
        "purl": "pkg:golang/github.com/open-policy-agent/opa"
      },
      "ranges": [
        {
          "type": "SEMVER",
          "events": [
            {
              "introduced": "0.33.1"
            },
            {
              "fixed": "0.37.2"
            }
          ]
        }
      ],
      "database_specific": {
        "source": "https://github.com/github/advisory-database/blob/main/advisories/github-reviewed/2022/02/GHSA-hcw3-j74m-qc58/GHSA-hcw3-j74m-qc58.json",
        "last_known_affected_version_range": "< 0.37.0"
      }
    }
  ],
  "schema_version": "1.2.0",
  "severity": [
    {
      "type": "CVSS_V3",
      "score": "CVSS:3.1/AV:N/AC:L/PR:L/UI:N/S:U/C:L/I:L/A:L"
    }
  ]
}