{
  "id": "GHSA-x95h-979x-cf3j",
  "summary": "Policies not properly enforced in bluemonday",
  "details": "The bluemonday sanitizer before 1.0.16 for Go, and before 0.0.8 for Python (in pybluemonday), does not properly enforce policies associated with the SELECT, STYLE, and OPTION elements.",
  "aliases": [
    "CVE-2021-42576"
  ],
  "modified": "2022-03-01T02:50:35.071350Z",
  "published": "2021-10-19T20:15:30Z",
  "database_specific": {
    "cwe_ids": [
      "CWE-20"
    ],
    "severity": "MODERATE",
    "github_reviewed": true
  },
  "references": [
    {
      "type": "ADVISORY",
      "url": "https://nvd.nist.gov/vuln/detail/CVE-2021-42576"
    },
    {
      "type": "WEB",
      "url": "https://docs.google.com/document/d/11SoX296sMS0XoQiQbpxc5pNxSdbJKDJkm5BDv0zrX50/"
    },
    {
      "type": "PACKAGE",
      "url": "https://github.com/microcosm-cc/bluemonday"
    }
  ],
  "affected": [
    {
      "package": {
        "name": "pybluemonday",
        "ecosystem": "PyPI",
        "purl": "pkg:pypi/pybluemonday"
      },
      "ranges": [
        {
          "type": "ECOSYSTEM",
          "events": [
            {
              "introduced": "0"
            },
            {
              "fixed": "0.0.8"
            }
          ]
        }
      ],
      "versions": [
        "0.0.1",
        "0.0.2",
        "0.0.3",
        "0.0.4",
        "0.0.5",
        "0.0.6",
        "0.0.7"
      ],
      "database_specific": {
        "source": "https://github.com/github/advisory-database/blob/main/advisories/github-reviewed/2021/10/GHSA-x95h-979x-cf3j/GHSA-x95h-979x-cf3j.json"
      }
    },
    {
      "package": {
        "name": "github.com/microcosm-cc/bluemonday",
        "ecosystem": "Go",
        "purl": "pkg:golang/github.com/microcosm-cc/bluemonday"
      },
      "ranges": [
        {
          "type": "SEMVER",
          "events": [
            {
              "introduced": "0"
            },
            {
              "fixed": "1.0.16"
            }
          ]
        }
      ],
      "database_specific": {
        "source": "https://github.com/github/advisory-database/blob/main/advisories/github-reviewed/2021/10/GHSA-x95h-979x-cf3j/GHSA-x95h-979x-cf3j.json"
      }
    }
  ],
  "schema_version": "1.2.0"
}