{
  "id": "GHSA-g5gj-9ggf-9vmq",
  "summary": "Infinite certificate chain depth results in OctoRPKI running forever",
  "details": "OctoRPKI does not limit the depth of a certificate chain, allowing for a CA to create children in an ad-hoc fashion, thereby making tree traversal never end.\n\n## Patches \n\n## For more information\nIf you have any questions or comments about this advisory email us at security@cloudflare.com \n",
  "aliases": [
    "CVE-2021-3908"
  ],
  "modified": "2021-11-10T18:18:55Z",
  "published": "2021-11-10T20:38:53Z",
  "database_specific": {
    "severity": "MODERATE",
    "cwe_ids": [
      "CWE-400"
    ],
    "github_reviewed": true
  },
  "references": [
    {
      "type": "WEB",
      "url": "https://github.com/cloudflare/cfrpki/security/advisories/GHSA-g5gj-9ggf-9vmq"
    },
    {
      "type": "ADVISORY",
      "url": "https://nvd.nist.gov/vuln/detail/CVE-2021-3908"
    },
    {
      "type": "WEB",
      "url": "https://github.com/cloudflare/cfrpki/releases/tag/v1.4.0"
    },
    {
      "type": "WEB",
      "url": "https://www.debian.org/security/2022/dsa-5041"
    },
    {
      "type": "PACKAGE",
      "url": "https://github.com/cloudflare/cfrpki"
    }
  ],
  "affected": [
    {
      "package": {
        "name": "github.com/cloudflare/cfrpki/cmd/octorpki",
        "ecosystem": "Go",
        "purl": "pkg:golang/github.com/cloudflare/cfrpki/cmd/octorpki"
      },
      "ranges": [
        {
          "type": "SEMVER",
          "events": [
            {
              "introduced": "0"
            },
            {
              "fixed": "1.4"
            }
          ]
        }
      ],
      "database_specific": {
        "source": "https://github.com/github/advisory-database/blob/main/advisories/github-reviewed/2021/11/GHSA-g5gj-9ggf-9vmq/GHSA-g5gj-9ggf-9vmq.json"
      }
    }
  ],
  "schema_version": "1.2.0",
  "severity": [
    {
      "type": "CVSS_V3",
      "score": "CVSS:3.1/AV:N/AC:H/PR:N/UI:N/S:U/C:N/I:N/A:H"
    }
  ]
}