{
  "id": "GHSA-w3jx-wv97-67ph",
  "summary": "Cross-site scripting in Dutchcoders transfer.sh",
  "details": "Dutchcoders transfer.sh before 1.2.4 allows XSS via an inline view.",
  "aliases": [
    "CVE-2021-33496"
  ],
  "modified": "2021-05-28T18:03:43Z",
  "published": "2021-06-29T21:25:27Z",
  "database_specific": {
    "severity": "MODERATE",
    "cwe_ids": [
      "CWE-79"
    ],
    "github_reviewed": true
  },
  "references": [
    {
      "type": "ADVISORY",
      "url": "https://nvd.nist.gov/vuln/detail/CVE-2021-33496"
    },
    {
      "type": "WEB",
      "url": "https://github.com/dutchcoders/transfer.sh/pull/373"
    },
    {
      "type": "WEB",
      "url": "https://github.com/dutchcoders/transfer.sh/commit/9df18fdc69de2e71f30d8c1e6bfab2fda2e52eb4"
    },
    {
      "type": "WEB",
      "url": "https://github.com/dutchcoders/transfer.sh/releases/tag/v1.2.4"
    },
    {
      "type": "WEB",
      "url": "https://vuln.ryotak.me/advisories/43"
    }
  ],
  "affected": [
    {
      "package": {
        "name": "github.com/dutchcoders/transfer.sh",
        "ecosystem": "Go",
        "purl": "pkg:golang/github.com/dutchcoders/transfer.sh"
      },
      "ranges": [
        {
          "type": "SEMVER",
          "events": [
            {
              "introduced": "0"
            },
            {
              "fixed": "1.2.4"
            }
          ]
        }
      ],
      "database_specific": {
        "source": "https://github.com/github/advisory-database/blob/main/advisories/github-reviewed/2021/06/GHSA-w3jx-wv97-67ph/GHSA-w3jx-wv97-67ph.json"
      }
    }
  ],
  "schema_version": "1.2.0",
  "severity": [
    {
      "type": "CVSS_V3",
      "score": "CVSS:3.1/AV:N/AC:L/PR:N/UI:R/S:C/C:L/I:L/A:N"
    }
  ]
}