{
  "id": "GHSA-627p-rr78-99rj",
  "summary": "GitLab auth uses full name instead of username as user ID, allowing impersonation",
  "details": "### Impact\n\nInstallations which use the GitLab auth connector are vulnerable to identity spoofing by way of configuring a GitLab account with the same full name as another GitLab user who is granted access to a Concourse team by having their full name listed under `users` in the team configuration or given to the `--gitlab-user` flag.\n\nSee the [GitLab auth docs](https://concourse-ci.org/gitlab-auth.html) for details.\n\nConcourse installations which do not configure the GitLab auth connector are not affected.\n\n### Patches\n\nConcourse [v6.3.1](https://github.com/concourse/concourse/releases/tag/v6.3.1) and [v6.4.1](https://github.com/concourse/concourse/releases/tag/v6.4.1) were both released with a fix on August 4th, 2020.\n\nBoth versions change the GitLab connector to use the username, rather than the full name. This was always the intent, and the previous behavior was originally reported as a bug (concourse/dex#7) prior to being reported as a security issue.\n\nAny Concourse teams which configure GitLab users will have to switch each user from their full name to their username upon upgrading to these versions.\n\n### Workarounds\n\nGitLab groups do not have this vulnerability, so GitLab users may be moved into groups which are then configured in the Concourse team.\n\n### References\n\n* concourse/dex#12: PR with the fix\n\n### For more information\n\nIf you have any questions or comments about this advisory, you may reach us privately at [concourseteam+security@gmail.com](mailto:concourseteam+security@gmail.com).",
  "aliases": [
    "CVE-2020-5415"
  ],
  "modified": "2021-05-24T17:56:03Z",
  "published": "2021-12-20T17:56:03Z",
  "database_specific": {
    "severity": "CRITICAL",
    "github_reviewed": true,
    "cwe_ids": [
      "CWE-290"
    ]
  },
  "references": [
    {
      "type": "WEB",
      "url": "https://github.com/concourse/concourse/security/advisories/GHSA-627p-rr78-99rj"
    },
    {
      "type": "ADVISORY",
      "url": "https://nvd.nist.gov/vuln/detail/CVE-2020-5415"
    },
    {
      "type": "WEB",
      "url": "https://tanzu.vmware.com/security/cve-2020-5415"
    }
  ],
  "affected": [
    {
      "package": {
        "name": "github.com/concourse/concourse",
        "ecosystem": "Go",
        "purl": "pkg:golang/github.com/concourse/concourse"
      },
      "ranges": [
        {
          "type": "SEMVER",
          "events": [
            {
              "introduced": "6.4.0"
            },
            {
              "fixed": "6.4.1"
            }
          ]
        }
      ],
      "versions": [
        "6.4.0"
      ],
      "database_specific": {
        "source": "https://github.com/github/advisory-database/blob/main/advisories/github-reviewed/2021/12/GHSA-627p-rr78-99rj/GHSA-627p-rr78-99rj.json"
      }
    },
    {
      "package": {
        "name": "github.com/concourse/concourse",
        "ecosystem": "Go",
        "purl": "pkg:golang/github.com/concourse/concourse"
      },
      "ranges": [
        {
          "type": "SEMVER",
          "events": [
            {
              "introduced": "6.3.0"
            },
            {
              "fixed": "6.3.1"
            }
          ]
        }
      ],
      "versions": [
        "6.3.0"
      ],
      "database_specific": {
        "source": "https://github.com/github/advisory-database/blob/main/advisories/github-reviewed/2021/12/GHSA-627p-rr78-99rj/GHSA-627p-rr78-99rj.json"
      }
    },
    {
      "package": {
        "name": "github.com/concourse/dex",
        "ecosystem": "Go",
        "purl": "pkg:golang/github.com/concourse/dex"
      },
      "ranges": [
        {
          "type": "SEMVER",
          "events": [
            {
              "introduced": "6.4.0"
            },
            {
              "fixed": "6.4.1"
            }
          ]
        }
      ],
      "versions": [
        "6.4.0"
      ],
      "database_specific": {
        "source": "https://github.com/github/advisory-database/blob/main/advisories/github-reviewed/2021/12/GHSA-627p-rr78-99rj/GHSA-627p-rr78-99rj.json"
      }
    },
    {
      "package": {
        "name": "github.com/concourse/dex",
        "ecosystem": "Go",
        "purl": "pkg:golang/github.com/concourse/dex"
      },
      "ranges": [
        {
          "type": "SEMVER",
          "events": [
            {
              "introduced": "6.3.0"
            },
            {
              "fixed": "6.3.1"
            }
          ]
        }
      ],
      "versions": [
        "6.3.0"
      ],
      "database_specific": {
        "source": "https://github.com/github/advisory-database/blob/main/advisories/github-reviewed/2021/12/GHSA-627p-rr78-99rj/GHSA-627p-rr78-99rj.json"
      }
    }
  ],
  "schema_version": "1.2.0",
  "severity": [
    {
      "type": "CVSS_V3",
      "score": "CVSS:3.1/AV:N/AC:L/PR:N/UI:N/S:U/C:H/I:N/A:N"
    }
  ]
}