{
  "id": "GHSA-59qg-grp7-5r73",
  "summary": "Weave Net clusters susceptible to MitM attacks via IPv6 rogue router advertisements",
  "details": "### Impact\nAn attacker able to run a process as root in a container is able to respond to DNS requests from the host and thereby insert themselves as a fake service.\n\nIn a cluster with an IPv4 internal network, if IPv6 is not totally disabled on the host (via ipv6.disable=1 on the kernel cmdline), it will be either unconfigured or configured on some interfaces, but it\u2019s pretty likely that ipv6 forwarding is disabled, ie /proc/sys/net/ipv6/conf//forwarding == 0. Also by default, /proc/sys/net/ipv6/conf//accept_ra == 1. The combination of these 2 sysctls means that the host accepts router advertisements and configure the IPv6 stack using them.\n\nBy sending \u201crogue\u201d router advertisements, an attacker can reconfigure the host to redirect part or all of the IPv6 traffic of the host to the attacker controlled container.\nEven if there was no IPv6 traffic before, if the DNS returns A (IPv4) and AAAA (IPv6) records, many HTTP libraries will try to connect via IPv6 first then fallback to IPv4, giving an opportunity to the attacker to respond.\nIf by chance you also have on the host a vulnerability like last year\u2019s RCE in apt (CVE-2019-3462), you can now escalate to the host.\n\n### Patches\nWeave Net version 2.6.3 (to be released soon) will disable the accept_ra option on the veth devices that it creates.\n\n### Workarounds\nUsers should not run containers with CAP_NET_RAW capability.  This has been the advice from Weave Net for years.\nhttps://www.weave.works/docs/net/latest/kubernetes/kube-addon/#-securing-the-setup\n\n### For more information\nIf you have any questions or comments about this advisory:\n* Open an issue in [the Weave Net repo](https://github.com/weaveworks/weave/issues/new)\n* Join the <a href=\"https://slack.weave.works/\" target=\"_blank\">Weave Users Slack</a>.",
  "aliases": [
    "CVE-2020-11091"
  ],
  "modified": "2021-05-24T21:05:31Z",
  "published": "2021-05-27T19:00:08Z",
  "database_specific": {
    "github_reviewed": true,
    "cwe_ids": [
      "CWE-350"
    ],
    "severity": "MODERATE"
  },
  "references": [
    {
      "type": "WEB",
      "url": "https://github.com/weaveworks/weave/security/advisories/GHSA-59qg-grp7-5r73"
    },
    {
      "type": "ADVISORY",
      "url": "https://nvd.nist.gov/vuln/detail/CVE-2020-11091"
    },
    {
      "type": "WEB",
      "url": "https://github.com/weaveworks/weave/commit/15f21f1899060f7716c70a8555a084e836f39a60"
    }
  ],
  "affected": [
    {
      "package": {
        "name": "github.com/weaveworks/weave",
        "ecosystem": "Go",
        "purl": "pkg:golang/github.com/weaveworks/weave"
      },
      "ranges": [
        {
          "type": "SEMVER",
          "events": [
            {
              "introduced": "0"
            },
            {
              "fixed": "2.6.3"
            }
          ]
        }
      ],
      "database_specific": {
        "source": "https://github.com/github/advisory-database/blob/main/advisories/github-reviewed/2021/05/GHSA-59qg-grp7-5r73/GHSA-59qg-grp7-5r73.json"
      }
    }
  ],
  "schema_version": "1.2.0",
  "severity": [
    {
      "type": "CVSS_V3",
      "score": "CVSS:3.1/AV:N/AC:H/PR:H/UI:N/S:C/C:N/I:H/A:N"
    }
  ]
}