{
  "id": "GHSA-458f-26r3-x2c3",
  "summary": "Cross-site Scripting in github.com/schollz/rwtxt",
  "details": "Cross-site scripting vulnerability in rwtxt versions prior to v1.8.6 allows a remote attacker to inject an arbitrary script via unspecified vectors.",
  "aliases": [
    "CVE-2021-20848"
  ],
  "modified": "2021-11-25T00:24:32Z",
  "published": "2021-11-29T18:00:21Z",
  "database_specific": {
    "github_reviewed": true,
    "cwe_ids": [
      "CWE-79"
    ],
    "severity": "MODERATE"
  },
  "references": [
    {
      "type": "ADVISORY",
      "url": "https://nvd.nist.gov/vuln/detail/CVE-2021-20848"
    },
    {
      "type": "PACKAGE",
      "url": "https://github.com/schollz/rwtxt"
    },
    {
      "type": "WEB",
      "url": "https://jvn.jp/en/jp/JVN22515597/index.html"
    }
  ],
  "affected": [
    {
      "package": {
        "name": "github.com/schollz/rwtxt",
        "ecosystem": "Go",
        "purl": "pkg:golang/github.com/schollz/rwtxt"
      },
      "ranges": [
        {
          "type": "SEMVER",
          "events": [
            {
              "introduced": "0"
            },
            {
              "fixed": "1.8.6"
            }
          ]
        }
      ],
      "database_specific": {
        "source": "https://github.com/github/advisory-database/blob/main/advisories/github-reviewed/2021/11/GHSA-458f-26r3-x2c3/GHSA-458f-26r3-x2c3.json"
      }
    }
  ],
  "schema_version": "1.2.0",
  "severity": [
    {
      "type": "CVSS_V3",
      "score": "CVSS:3.0/AV:N/AC:L/PR:N/UI:R/S:C/C:L/I:L/A:N"
    }
  ]
}