{
  "id": "GHSA-xcf7-q56x-78gh",
  "summary": "Connection descriptor exhaustion in proxyproto",
  "details": "The package `github.com/pires/go-proxyproto` before 0.6.0 are vulnerable to Denial of Service (DoS) via creating connections without the proxy protocol header.",
  "aliases": [
    "CVE-2021-23409"
  ],
  "modified": "2021-07-26T17:31:53Z",
  "published": "2021-07-26T21:23:49Z",
  "database_specific": {
    "cwe_ids": [
      "CWE-400"
    ],
    "github_reviewed": true,
    "severity": "HIGH"
  },
  "references": [
    {
      "type": "ADVISORY",
      "url": "https://nvd.nist.gov/vuln/detail/CVE-2021-23409"
    },
    {
      "type": "WEB",
      "url": "https://github.com/pires/go-proxyproto/issues/65"
    },
    {
      "type": "WEB",
      "url": "https://github.com/pires/go-proxyproto/pull/74"
    },
    {
      "type": "WEB",
      "url": "https://github.com/pires/go-proxyproto/pull/74/commits/cdc63867da24fc609b727231f682670d0d1cd346"
    },
    {
      "type": "WEB",
      "url": "https://github.com/pires/go-proxyproto/releases/tag/v0.6.0"
    },
    {
      "type": "WEB",
      "url": "https://snyk.io/vuln/SNYK-GOLANG-GITHUBCOMPIRESGOPROXYPROTO-1316439"
    }
  ],
  "affected": [
    {
      "package": {
        "name": "github.com/pires/go-proxyproto",
        "ecosystem": "Go",
        "purl": "pkg:golang/github.com/pires/go-proxyproto"
      },
      "ranges": [
        {
          "type": "SEMVER",
          "events": [
            {
              "introduced": "0"
            },
            {
              "fixed": "0.6.0"
            }
          ]
        }
      ],
      "database_specific": {
        "source": "https://github.com/github/advisory-database/blob/main/advisories/github-reviewed/2021/07/GHSA-xcf7-q56x-78gh/GHSA-xcf7-q56x-78gh.json"
      }
    }
  ],
  "schema_version": "1.2.0",
  "severity": [
    {
      "type": "CVSS_V3",
      "score": "CVSS:3.1/AV:N/AC:L/PR:N/UI:N/S:U/C:N/I:N/A:H"
    }
  ]
}