{
  "id": "GHSA-fx8w-mjvm-hvpc",
  "summary": "Path Traversal in Buildah",
  "details": "A path traversal flaw was found in Buildah in versions before 1.14.5. This flaw allows an attacker to trick a user into building a malicious container image hosted on an HTTP(s) server and then write files to the user's system anywhere that the user has permissions.",
  "aliases": [
    "CVE-2020-10696"
  ],
  "modified": "2021-05-07T17:31:16Z",
  "published": "2021-05-18T18:32:41Z",
  "database_specific": {
    "github_reviewed": true,
    "cwe_ids": [
      "CWE-22"
    ],
    "severity": "HIGH"
  },
  "references": [
    {
      "type": "ADVISORY",
      "url": "https://nvd.nist.gov/vuln/detail/CVE-2020-10696"
    },
    {
      "type": "WEB",
      "url": "https://github.com/containers/buildah/pull/2245"
    },
    {
      "type": "WEB",
      "url": "https://access.redhat.com/security/cve/cve-2020-10696"
    },
    {
      "type": "WEB",
      "url": "https://bugzilla.redhat.com/show_bug.cgi?id=1817651"
    },
    {
      "type": "WEB",
      "url": "https://bugzilla.redhat.com/show_bug.cgi?id=CVE-2020-10696"
    }
  ],
  "affected": [
    {
      "package": {
        "name": "github.com/containers/buildah/imagebuildah",
        "ecosystem": "Go",
        "purl": "pkg:golang/github.com/containers/buildah/imagebuildah"
      },
      "ranges": [
        {
          "type": "SEMVER",
          "events": [
            {
              "introduced": "0"
            },
            {
              "fixed": "1.14.4"
            }
          ]
        }
      ],
      "database_specific": {
        "source": "https://github.com/github/advisory-database/blob/main/advisories/github-reviewed/2021/05/GHSA-fx8w-mjvm-hvpc/GHSA-fx8w-mjvm-hvpc.json"
      }
    }
  ],
  "schema_version": "1.2.0",
  "severity": [
    {
      "type": "CVSS_V3",
      "score": "CVSS:3.1/AV:N/AC:L/PR:N/UI:R/S:U/C:H/I:H/A:H"
    }
  ]
}