{
  "id": "GHSA-vj3f-3286-r4pf",
  "summary": "Path Traversal in Docker",
  "details": "Path traversal vulnerability in Docker before 1.3.3 allows remote attackers to write to arbitrary files and bypass a container protection mechanism via a full pathname in a symlink in an (1) image or (2) build in a Dockerfile.",
  "aliases": [
    "CVE-2014-9356"
  ],
  "modified": "2021-05-17T21:28:16Z",
  "published": "2021-05-18T21:09:17Z",
  "database_specific": {
    "cwe_ids": [
      "CWE-22"
    ],
    "severity": "HIGH",
    "github_reviewed": true
  },
  "references": [
    {
      "type": "ADVISORY",
      "url": "https://nvd.nist.gov/vuln/detail/CVE-2014-9356"
    },
    {
      "type": "WEB",
      "url": "https://access.redhat.com/security/cve/cve-2014-9356"
    },
    {
      "type": "WEB",
      "url": "https://bugzilla.redhat.com/show_bug.cgi?id=1172761"
    },
    {
      "type": "WEB",
      "url": "https://groups.google.com/forum/#%21msg/docker-user/nFAz-B-n4Bw/0wr3wvLsnUwJ"
    },
    {
      "type": "WEB",
      "url": "https://web.nvd.nist.gov/view/vuln/detail?vulnId=CVE-2014-9356"
    },
    {
      "type": "WEB",
      "url": "http://www.securityfocus.com/archive/1/archive/1/534215/100/0/threaded"
    }
  ],
  "affected": [
    {
      "package": {
        "name": "github.com/fsouza/go-dockerclient",
        "ecosystem": "Go",
        "purl": "pkg:golang/github.com/fsouza/go-dockerclient"
      },
      "ranges": [
        {
          "type": "SEMVER",
          "events": [
            {
              "introduced": "0"
            }
          ]
        }
      ],
      "database_specific": {
        "source": "https://github.com/github/advisory-database/blob/main/advisories/github-reviewed/2021/05/GHSA-vj3f-3286-r4pf/GHSA-vj3f-3286-r4pf.json",
        "last_known_affected_version_range": "< 1.3.3"
      }
    }
  ],
  "schema_version": "1.2.0",
  "severity": [
    {
      "type": "CVSS_V3",
      "score": "CVSS:3.1/AV:N/AC:H/PR:N/UI:N/S:U/C:N/I:H/A:N"
    }
  ]
}