{
  "id": "GHSA-grj5-8x6q-hc9q",
  "summary": "Path traversal in Grafana Loki",
  "details": "An issue was discovered in Grafana Loki through 2.2.1. The header value X-Scope-OrgID is used to construct file paths for rules files, and if crafted to conduct directory traversal such as ae ../../sensitive/path/in/deployment pathname, then Loki will attempt to parse a rules file at that location and include some of the contents in the error message.",
  "aliases": [
    "CVE-2021-36156"
  ],
  "modified": "2021-09-08T18:11:29Z",
  "published": "2021-09-02T22:00:40Z",
  "database_specific": {
    "severity": "MODERATE",
    "github_reviewed": true,
    "cwe_ids": [
      "CWE-22"
    ]
  },
  "references": [
    {
      "type": "ADVISORY",
      "url": "https://nvd.nist.gov/vuln/detail/CVE-2021-36156"
    },
    {
      "type": "WEB",
      "url": "https://github.com/grafana/loki/pull/4020#issue-694377133"
    },
    {
      "type": "WEB",
      "url": "https://github.com/grafana/loki/releases/tag/v2.3.0"
    },
    {
      "type": "WEB",
      "url": "https://grafana.com/docs/grafana/latest/release-notes/"
    },
    {
      "type": "PACKAGE",
      "url": "https://github.com/grafana/loki"
    }
  ],
  "affected": [
    {
      "package": {
        "name": "github.com/grafana/loki",
        "ecosystem": "Go",
        "purl": "pkg:golang/github.com/grafana/loki"
      },
      "ranges": [
        {
          "type": "SEMVER",
          "events": [
            {
              "introduced": "0"
            }
          ]
        }
      ],
      "database_specific": {
        "source": "https://github.com/github/advisory-database/blob/main/advisories/github-reviewed/2021/09/GHSA-grj5-8x6q-hc9q/GHSA-grj5-8x6q-hc9q.json",
        "last_known_affected_version_range": "<= 2.2.1"
      }
    }
  ],
  "schema_version": "1.2.0",
  "severity": [
    {
      "type": "CVSS_V3",
      "score": "CVSS:3.1/AV:N/AC:L/PR:N/UI:N/S:U/C:L/I:N/A:N"
    }
  ]
}