{
  "id": "GHSA-qq5v-f4c3-395c",
  "summary": "Possible XSS when using SSO with the CLI in github.com/argoproj/argo-cd/v2",
  "details": "### Impact\n\nWhen using SSO with the Argo CD CLI, a malicious SSO provider could have sent specially crafted error message that would result in XSS on the client by means of executing arbitrary JavaScript code.\n\nWe believe the exploitation of this vulnerability is only be possible when Argo CD is connected to a compromised/malicious SSO provider.\n\n### Patches\n\nA patch for this vulnerability is available with the v1.8.7 and v1.7.14 releases of Argo CD.\n\n### Workarounds\n\n* Do not use SSO with the CLI when you don't trust your SSO provider\n\n\nIf you have any questions or comments about this advisory:\n\n* Open an issue in [the Argo CD issue tracker](https://github.com/argoproj/argo-cd/issues) or [discussions](https://github.com/argoproj/argo-cd/discussions)\n* Join us on [Slack](https://argoproj.github.io/community/join-slack) in channel `#argo-cd`\n\n### Credits\n\nThe issue was found during static code scanning with CodeQL and fixed by the Argo CD team. While we believed that a rogue SSO provider would pose a severe threat by itself, we fixed it like a regular bug.\n\nThe Argo CD team would like to thank Adam Gold of Snyk (https://snyk.io) for stepping up and classifying this correctly as a  security issue and for his help in determining its severity. Also, Snyk kindly reserved and provided the CVE for this vulnerability.\n\nWe fully agree with Adam that this bug is a security vulnerability and justifies publishing a SA, to provide our community and users full transparancy.",
  "aliases": [
    "CVE-2021-23347"
  ],
  "modified": "2021-05-21T14:15:41Z",
  "published": "2021-05-21T14:31:41Z",
  "database_specific": {
    "github_reviewed": true,
    "cwe_ids": [
      "CWE-79"
    ],
    "severity": "MODERATE"
  },
  "references": [
    {
      "type": "WEB",
      "url": "https://github.com/argoproj/argo-cd/security/advisories/GHSA-qq5v-f4c3-395c"
    }
  ],
  "affected": [
    {
      "package": {
        "name": "github.com/argoproj/argo-cd/v2",
        "ecosystem": "Go",
        "purl": "pkg:golang/github.com/argoproj/argo-cd/v2"
      },
      "ranges": [
        {
          "type": "SEMVER",
          "events": [
            {
              "introduced": "0"
            },
            {
              "fixed": "1.7.13"
            }
          ]
        }
      ],
      "database_specific": {
        "source": "https://github.com/github/advisory-database/blob/main/advisories/github-reviewed/2021/05/GHSA-qq5v-f4c3-395c/GHSA-qq5v-f4c3-395c.json"
      }
    },
    {
      "package": {
        "name": "github.com/argoproj/argo-cd/v2",
        "ecosystem": "Go",
        "purl": "pkg:golang/github.com/argoproj/argo-cd/v2"
      },
      "ranges": [
        {
          "type": "SEMVER",
          "events": [
            {
              "introduced": "1.8.0"
            },
            {
              "fixed": "1.8.6"
            }
          ]
        }
      ],
      "database_specific": {
        "source": "https://github.com/github/advisory-database/blob/main/advisories/github-reviewed/2021/05/GHSA-qq5v-f4c3-395c/GHSA-qq5v-f4c3-395c.json"
      }
    }
  ],
  "schema_version": "1.2.0",
  "severity": [
    {
      "type": "CVSS_V3",
      "score": "CVSS:3.1/AV:N/AC:L/PR:H/UI:N/S:U/C:L/I:L/A:L"
    }
  ]
}