{
  "id": "GHSA-7jr6-prv4-5wf5",
  "summary": "Credential leak in Helm",
  "details": "Helm is a tool for managing Charts (packages of pre-configured Kubernetes resources). In versions of helm prior to 3.6.1, a vulnerability exists where the username and password credentials associated with a Helm repository could be passed on to another domain referenced by that Helm repository. This issue has been resolved in 3.6.1. There is a workaround through which one may check for improperly passed credentials. One may use a username and password for a Helm repository and may audit the Helm repository in order to check for another domain being used that could have received the credentials. In the `index.yaml` file for that repository, one may look for another domain in the `urls` list for the chart versions. If there is another domain found and that chart version was pulled or installed, the credentials would be passed on.",
  "aliases": [
    "CVE-2021-32690"
  ],
  "modified": "2021-06-18T18:34:04Z",
  "published": "2021-06-23T18:14:31Z",
  "database_specific": {
    "github_reviewed": true,
    "cwe_ids": [
      "CWE-200"
    ],
    "severity": "MODERATE"
  },
  "references": [
    {
      "type": "WEB",
      "url": "https://github.com/helm/helm/security/advisories/GHSA-56hp-xqp3-w2jf"
    },
    {
      "type": "ADVISORY",
      "url": "https://nvd.nist.gov/vuln/detail/CVE-2021-32690"
    },
    {
      "type": "WEB",
      "url": "https://github.com/helm/helm/releases/tag/v3.6.1"
    }
  ],
  "affected": [
    {
      "package": {
        "name": "helm.sh/helm/v3",
        "ecosystem": "Go",
        "purl": "pkg:golang/helm.sh/helm/v3"
      },
      "ranges": [
        {
          "type": "SEMVER",
          "events": [
            {
              "introduced": "0"
            },
            {
              "fixed": "3.6.1"
            }
          ]
        }
      ],
      "database_specific": {
        "source": "https://github.com/github/advisory-database/blob/main/advisories/github-reviewed/2021/06/GHSA-7jr6-prv4-5wf5/GHSA-7jr6-prv4-5wf5.json"
      }
    }
  ],
  "schema_version": "1.2.0",
  "severity": [
    {
      "type": "CVSS_V3",
      "score": "CVSS:3.1/AV:N/AC:H/PR:N/UI:N/S:C/C:H/I:N/A:N"
    }
  ]
}