{
  "id": "GHSA-9423-6c93-gpp8",
  "summary": "Arbitrary File Write via Archive Extraction (Zip Slip)",
  "details": "The CPIO extraction functionality doesn't sanitize the paths of the archived files for leading and non-leading \"..\" which leads in file extraction outside of the current directory. Note, the fixing commit was applied to all affected versions which were re-released.",
  "aliases": [
    "CVE-2020-7667"
  ],
  "modified": "2022-01-04T19:27:35Z",
  "published": "2021-06-23T17:13:29Z",
  "database_specific": {
    "cwe_ids": [
      "CWE-22"
    ],
    "severity": "HIGH",
    "github_reviewed": true
  },
  "references": [
    {
      "type": "ADVISORY",
      "url": "https://nvd.nist.gov/vuln/detail/CVE-2020-7667"
    },
    {
      "type": "WEB",
      "url": "https://github.com/sassoftware/go-rpmutils/commit/a64058cf21b8aada501bba923c9aab66fb6febf0"
    },
    {
      "type": "WEB",
      "url": "https://snyk.io/vuln/SNYK-GOLANG-GITHUBCOMSASSOFTWAREGORPMUTILSCPIO-570427"
    },
    {
      "type": "PACKAGE",
      "url": "https://github.com/sassoftware/go-rpmutils"
    }
  ],
  "affected": [
    {
      "package": {
        "name": "github.com/sassoftware/go-rpmutils/cpio",
        "ecosystem": "Go",
        "purl": "pkg:golang/github.com/sassoftware/go-rpmutils/cpio"
      },
      "ranges": [
        {
          "type": "SEMVER",
          "events": [
            {
              "introduced": "0"
            },
            {
              "fixed": "0.1.0"
            }
          ]
        }
      ],
      "database_specific": {
        "source": "https://github.com/github/advisory-database/blob/main/advisories/github-reviewed/2021/06/GHSA-9423-6c93-gpp8/GHSA-9423-6c93-gpp8.json"
      }
    }
  ],
  "schema_version": "1.2.0",
  "severity": [
    {
      "type": "CVSS_V3",
      "score": "CVSS:3.1/AV:N/AC:L/PR:N/UI:N/S:U/C:N/I:H/A:N"
    }
  ]
}