{
  "id": "GHSA-prqf-xr2j-xf65",
  "summary": "Potential privilege escalation on Kubernetes >= v1.19 when the Argo Sever is run with `--auth-mode=client`",
  "details": "### Impact\n\nThis is pro-active fix. No know exploits exist. \n\nImpacted:\n\n* You're running Kubernetes >= v1.19\n* You're running Argo Server\n* It is configured to with `--auth-mode=client`\n* Is not configured with `--auth-mode=server`\n* You are not running Argo Server in Kubernetes pod. E.g. on bare metal or other VM.\n* You're using client key to authenticate on the server. \n* The server has more permissions that the connecting client's account.\n\nThe client's authentication will be ignored and the server's authentication will be used. This will result in privilege escalation to that of the the server's account.\n\n### Patches\n\nhttps://github.com/argoproj/argo-workflows/pull/6506\n\n### Workarounds\n\nNone.",
  "modified": "2021-08-23T17:05:11Z",
  "published": "2021-08-23T19:41:41Z",
  "database_specific": {
    "severity": "LOW",
    "cwe_ids": [
      "CWE-285"
    ],
    "github_reviewed": true
  },
  "references": [
    {
      "type": "WEB",
      "url": "https://github.com/argoproj/argo-workflows/security/advisories/GHSA-prqf-xr2j-xf65"
    }
  ],
  "affected": [
    {
      "package": {
        "name": "github.com/argoproj/argo-workflows/v3",
        "ecosystem": "Go",
        "purl": "pkg:golang/github.com/argoproj/argo-workflows/v3"
      },
      "ranges": [
        {
          "type": "SEMVER",
          "events": [
            {
              "introduced": "3.0.0"
            },
            {
              "fixed": "3.0.9"
            }
          ]
        }
      ],
      "database_specific": {
        "source": "https://github.com/github/advisory-database/blob/main/advisories/github-reviewed/2021/08/GHSA-prqf-xr2j-xf65/GHSA-prqf-xr2j-xf65.json"
      }
    },
    {
      "package": {
        "name": "github.com/argoproj/argo-workflows/v3",
        "ecosystem": "Go",
        "purl": "pkg:golang/github.com/argoproj/argo-workflows/v3"
      },
      "ranges": [
        {
          "type": "SEMVER",
          "events": [
            {
              "introduced": "3.1.0"
            },
            {
              "fixed": "3.1.6"
            }
          ]
        }
      ],
      "database_specific": {
        "source": "https://github.com/github/advisory-database/blob/main/advisories/github-reviewed/2021/08/GHSA-prqf-xr2j-xf65/GHSA-prqf-xr2j-xf65.json"
      }
    }
  ],
  "schema_version": "1.2.0"
}