{
  "id": "GHSA-h289-x5wc-xcv8",
  "summary": "Improper Validation of Certificate with Host Mismatch in mellium.im/xmpp/websocket",
  "details": "### Impact\n\nIf no TLS configuration is provided by the user, the websocket package constructs its own TLS configuration using recommended defaults. When looking up a WSS endpoint using the DNS TXT record method described in [XEP-0156: Discovering Alternative XMPP Connection Methods](https://xmpp.org/extensions/xep-0156.html) the ServerName field was incorrectly being set to the name of the server returned by the TXT record request, not the name of the initial server we were attempting to connect to. This means that any attacker that can spoof a DNS record (ie. in the absence of DNSSEC, DNS-over-TLS, DNS-over-HTTPS, or similar technologies) could redirect the user to a server of their choosing and as long as it had a valid TLS certificate for itself the connection would succeed, resulting in a MITM situation.\n\n### Patches\n\nAll users should upgrade to v0.21.1.\n\n### Workarounds\n\nTo work around the issue, manually specify a TLS configuration with the correct hostname.\n\n### References\n\n- https://mellium.im/cve/cve-2022-24968/\n- https://nvd.nist.gov/vuln/detail/CVE-2022-24968\n\n### For more information\n\nIf you have any questions or comments about this advisory:\n* Reach out on XMPP to [sam@samwhited.com](xmpp:sam@samwhited.com?msg)\n* Email us at [sam@samwhited.com](mailto:sam@samwhited.com)\n",
  "modified": "2022-02-16T22:56:21Z",
  "published": "2022-02-16T22:56:21Z",
  "database_specific": {
    "github_reviewed": true,
    "cwe_ids": [
      "CWE-295"
    ],
    "severity": "MODERATE"
  },
  "references": [
    {
      "type": "WEB",
      "url": "https://github.com/mellium/xmpp/security/advisories/GHSA-h289-x5wc-xcv8"
    }
  ],
  "affected": [
    {
      "package": {
        "name": "mellium.im/xmpp/websocket",
        "ecosystem": "Go",
        "purl": "pkg:golang/mellium.im/xmpp/websocket"
      },
      "ranges": [
        {
          "type": "SEMVER",
          "events": [
            {
              "introduced": "0"
            },
            {
              "fixed": "0.21.1"
            }
          ]
        }
      ],
      "database_specific": {
        "source": "https://github.com/github/advisory-database/blob/main/advisories/github-reviewed/2022/02/GHSA-h289-x5wc-xcv8/GHSA-h289-x5wc-xcv8.json"
      }
    }
  ],
  "schema_version": "1.2.0"
}