{
  "id": "GHSA-gw97-f6h8-gm94",
  "summary": "Email relay in Apache Traffic Control",
  "details": "An authenticated Apache Traffic Control Traffic Ops user with Portal-level privileges can send a request with a specially-crafted email subject to the /deliveryservices/request Traffic Ops endpoint to send an email, from the Traffic Ops server, with an arbitrary body to an arbitrary email address. Apache Traffic Control 5.1.x users should upgrade to 5.1.3 or 6.0.0. 4.1.x users should upgrade to 5.1.3.",
  "aliases": [
    "CVE-2021-42009"
  ],
  "modified": "2021-10-20T17:07:20Z",
  "published": "2021-10-13T18:55:04Z",
  "database_specific": {
    "github_reviewed": true,
    "severity": "MODERATE",
    "cwe_ids": [
      "CWE-20"
    ]
  },
  "references": [
    {
      "type": "ADVISORY",
      "url": "https://nvd.nist.gov/vuln/detail/CVE-2021-42009"
    },
    {
      "type": "WEB",
      "url": "https://lists.apache.org/thread.html/r78d471d8a4fd268a4c5ae6c47327c09d9d4b4467c31da2c97422febb@%3Cdev.trafficcontrol.apache.org%3E"
    },
    {
      "type": "WEB",
      "url": "https://lists.apache.org/thread.html/r7dfa9a89b39d06caeeeb7b5cdc41b3493a9b86cc6cfa059d3f349d87@%3Cannounce.apache.org%3E"
    },
    {
      "type": "WEB",
      "url": "https://lists.apache.org/thread.html/re384fd0f44c6d230f31376153c6e8b59e4a669f927c1533d06d702af%40%3Cdev.trafficcontrol.apache.org%3E"
    },
    {
      "type": "WEB",
      "url": "https://lists.apache.org/thread.html/rf0481b9e38ece1ece458d3ce7b2d671df819e3555597f31fc34f084e%40%3Ccommits.trafficcontrol.apache.org%3E"
    },
    {
      "type": "WEB",
      "url": "http://www.openwall.com/lists/oss-security/2021/10/12/1"
    },
    {
      "type": "PACKAGE",
      "url": "https://github.com/apache/trafficcontrol"
    }
  ],
  "affected": [
    {
      "package": {
        "name": "github.com/apache/trafficcontrol",
        "ecosystem": "Go",
        "purl": "pkg:golang/github.com/apache/trafficcontrol"
      },
      "ranges": [
        {
          "type": "SEMVER",
          "events": [
            {
              "introduced": "0"
            },
            {
              "fixed": "5.1.3"
            }
          ]
        }
      ],
      "database_specific": {
        "source": "https://github.com/github/advisory-database/blob/main/advisories/github-reviewed/2021/10/GHSA-gw97-f6h8-gm94/GHSA-gw97-f6h8-gm94.json"
      }
    }
  ],
  "schema_version": "1.2.0",
  "severity": [
    {
      "type": "CVSS_V3",
      "score": "CVSS:3.1/AV:N/AC:L/PR:L/UI:N/S:U/C:N/I:L/A:N"
    }
  ]
}