{
  "id": "GHSA-68wm-pfjf-wqp6",
  "summary": "Authentication bypassed with malformed request URI on nginx",
  "details": "### Impact\nThis affects uses who are using nginx ngx_http_auth_request_module with Authelia, it allows a malicious individual who crafts a malformed HTTP request to bypass the authentication mechanism. It additionally could theoretically affect other proxy servers, but all of the ones we officially support except nginx do not allow malformed URI paths.\n\n### Patches\nThe problem is rectified entirely in v4.29.3. As this patch is relatively straightforward we can back port this to any version upon request. Alternatively we are supplying a git patch to 4.25.1 which should be relatively straightforward to apply to any version, the git patches for specific versions can be found below.\n\n<details><summary>Patch for 4.25.1:</summary><p>\n\n```patch\nFrom ca22f3d2c44ca7bef043ffbeeb06d6659c1d550f Mon Sep 17 00:00:00 2001\nFrom: James Elliott <james-d-elliott@users.noreply.github.com>\nDate: Wed, 19 May 2021 12:10:13 +1000\nSubject: [PATCH] fix(handlers): verify returns 200 on malformed request\n\nThis is a git patch for commit at tag v4.25.1 to address a potential method to bypass authentication in proxies that forward malformed information to Authelia in the forward auth process. Instead of returning a 200 this ensures that Authelia returns a 401 when this occurs.\n---\n internal/handlers/handler_verify.go | 4 +++-\n 1 file changed, 3 insertions(+), 1 deletion(-)\n\ndiff --git a/internal/handlers/handler_verify.go b/internal/handlers/handler_verify.go\nindex 65c064ce..4dd9702d 100644\n--- a/internal/handlers/handler_verify.go\n+++ b/internal/handlers/handler_verify.go\n@@ -396,7 +396,9 @@ func VerifyGet(cfg schema.AuthenticationBackendConfiguration) middlewares.Reques\n \t\ttargetURL, err := getOriginalURL(ctx)\n \n \t\tif err != nil {\n-\t\t\tctx.Error(fmt.Errorf(\"Unable to parse target URL: %s\", err), operationFailedMessage)\n+\t\t\tctx.Logger.Error(fmt.Errorf(\"Unable to parse target URL: %s\", err))\n+\t\t\tctx.ReplyUnauthorized()\n+\n \t\t\treturn\n \t\t}\n \n-- \n2.31.1\n```\n\n</p></details>\n\n### Workarounds\nThe most relevant workaround is upgrading. **If you need assistance with an upgrade please contact us on [Matrix](https://riot.im/app/#/room/#authelia:matrix.org) or [Discord](https://discord.authelia.com).** Please just let us know you're needing help upgrading to above 4.29.2. \n\nYou can add an block which fails requests that contains a malformed URI in the internal location block. We have crafted one that should work in most instances, it basically checks no chars that are required to be URL-encoded for either the path or the query are in the URI. Basically this regex checks that the characters between the square braces are the only characters in the $request_uri header, if they exist, it returns a HTTP 401 status code. The characters in the regex match are tested to not cause a parsing error that would result in a failure, however they are not exhaustive since query strings seem to not always conform to the RFC.\n\n<details><summary>authelia.conf:</summary><p>\n\n```nginx\nlocation /authelia {\n    internal;\n    # **IMPORTANT**\n    # This block rejects requests with a 401 which contain characters that are unable to be parsed.\n    # It is necessary for security prior to v4.29.3 due to the fact we returned an invalid code in the event of a parser error.\n    # You may comment this section if you're using Authelia v4.29.3 or above. We strongly recommend upgrading.\n    # RFC3986: http://tools.ietf.org/html/rfc3986\n    # Commentary on RFC regarding Query Strings: https://www.456bereastreet.com/archive/201008/what_characters_are_allowed_unencoded_in_query_strings/\n    if ($request_uri ~ [^a-zA-Z0-9_+-=\\!@$%&*?~.:#'\\;\\(\\)\\[\\]]) {\n        return 401;\n    }\n\n    # Include the remainder of the block here. \n}\n````\n\n</p></details>\n\n### Discovery\n\nThis issue was discovered by:\n\nSiemens Energy\nCybersecurity Red Team\n\n- Silas Francisco\n- Ricardo Pesqueira\n\n\n### Identifying active exploitation of the vulnerability\n\nThe following regex should match log entries that are an indication of the vulnerability being exploited:\n```regex\nlevel=error msg=\"Unable to parse target URL: Unable to parse URL (extracted from X-Original-URL header)?.*?: parse.*?net/url:.*github\\.com/authelia/authelia/internal/handlers/handler_verify\\.go\n```\n\nExample log entry ***with*** X-Original-URL configured:\n```log\ntime=\"2021-05-21T16:31:15+10:00\" level=error msg=\"Unable to parse target URL: Unable to parse URL extracted from X-Original-URL header: parse \\\"https://example.com/\": net/url: invalid control character in URL\" method=GET path=/api/verify remote_ip=192.168.1.10 stack=\"github.com/authelia/authelia/internal/middlewares/authelia_context.go:65 (*AutheliaCtx).Error\\ngithub.com/authelia/authelia/internal/handlers/handler_verify.go:431     VerifyGet.func1\\ngithub.com/authelia/authelia/internal/middlewares/authelia_context.go:50 AutheliaMiddleware.func1.1\\ngithub.com/fasthttp/router@v1.3.12/router.go:414                         (*Router).Handler\\ngithub.com/authelia/authelia/internal/middlewares/log_request.go:14      LogRequestMiddleware.func1\\ngithub.com/valyala/fasthttp@v1.24.0/server.go:2219                       (*Server).serveConn\\ngithub.com/valyala/fasthttp@v1.24.0/workerpool.go:223                    (*workerPool).workerFunc\\ngithub.com/valyala/fasthttp@v1.24.0/workerpool.go:195                    (*workerPool).getCh.func1\\nruntime/asm_amd64.s:1371                                                 goexit\"\n```\n\nExample log entry ***without*** X-Original-URL configured:\n```log\ntime=\"2021-05-21T16:30:17+10:00\" level=error msg=\"Unable to parse target URL: Unable to parse URL https://example.com/: parse \\\"https://example.com/\": net/url: invalid control character in URL\" method=GET path=/api/verify remote_ip=192.168.1.10 stack=\"github.com/authelia/authelia/internal/middlewares/authelia_context.go:65 (*AutheliaCtx).Error\\ngithub.com/authelia/authelia/internal/handlers/handler_verify.go:431     VerifyGet.func1\\ngithub.com/authelia/authelia/internal/middlewares/authelia_context.go:50 AutheliaMiddleware.func1.1\\ngithub.com/fasthttp/router@v1.3.12/router.go:414                         (*Router).Handler\\ngithub.com/authelia/authelia/internal/middlewares/log_request.go:14      LogRequestMiddleware.func1\\ngithub.com/valyala/fasthttp@v1.24.0/server.go:2219                       (*Server).serveConn\\ngithub.com/valyala/fasthttp@v1.24.0/workerpool.go:223                    (*workerPool).workerFunc\\ngithub.com/valyala/fasthttp@v1.24.0/workerpool.go:195                    (*workerPool).getCh.func1\\nruntime/asm_amd64.s:1371                                                 goexit\"\n```\n\n### For more information\nIf you have any questions or comments about this advisory:\n* Open an issue at [authelia](https://github.com/authelia/authelia/issues)\n* Email us at [security@authelia.com](mailto:security@authelia.com)\n",
  "aliases": [
    "CVE-2021-32637"
  ],
  "modified": "2021-05-28T18:08:47Z",
  "published": "2021-12-20T16:57:16Z",
  "database_specific": {
    "severity": "CRITICAL",
    "cwe_ids": [
      "CWE-287"
    ],
    "github_reviewed": true
  },
  "references": [
    {
      "type": "WEB",
      "url": "https://github.com/authelia/authelia/security/advisories/GHSA-68wm-pfjf-wqp6"
    },
    {
      "type": "ADVISORY",
      "url": "https://nvd.nist.gov/vuln/detail/CVE-2021-32637"
    },
    {
      "type": "WEB",
      "url": "https://github.com/authelia/authelia/commit/c62dbd43d6e69ae81530e7c4f8763857f8ff1dda"
    }
  ],
  "affected": [
    {
      "package": {
        "name": "github.com/authelia/authelia/v4",
        "ecosystem": "Go",
        "purl": "pkg:golang/github.com/authelia/authelia/v4"
      },
      "ranges": [
        {
          "type": "SEMVER",
          "events": [
            {
              "introduced": "4.0.0-alpha1"
            },
            {
              "fixed": "4.29.3"
            }
          ]
        }
      ],
      "database_specific": {
        "last_known_affected_version_range": "<= 4.29.2",
        "source": "https://github.com/github/advisory-database/blob/main/advisories/github-reviewed/2021/12/GHSA-68wm-pfjf-wqp6/GHSA-68wm-pfjf-wqp6.json"
      }
    }
  ],
  "schema_version": "1.2.0",
  "severity": [
    {
      "type": "CVSS_V3",
      "score": "CVSS:3.1/AV:N/AC:L/PR:N/UI:N/S:C/C:H/I:H/A:H"
    }
  ]
}