{
  "id": "GHSA-wp47-9r3h-xfgq",
  "summary": "Server-Side Request Forgery in Apache Traffic Control",
  "details": "In Apache Traffic Control Traffic Ops prior to 6.1.0 or 5.1.6, an unprivileged user who can reach Traffic Ops over HTTPS can send a specially-crafted POST request to /user/login/oauth to scan a port of a server that Traffic Ops can reach.",
  "aliases": [
    "CVE-2022-23206"
  ],
  "modified": "2022-02-14T22:58:25Z",
  "published": "2022-02-07T00:00:23Z",
  "database_specific": {
    "github_reviewed": true,
    "cwe_ids": [
      "CWE-918"
    ],
    "severity": "HIGH"
  },
  "references": [
    {
      "type": "ADVISORY",
      "url": "https://nvd.nist.gov/vuln/detail/CVE-2022-23206"
    },
    {
      "type": "WEB",
      "url": "https://lists.apache.org/thread/lsrd2mqj29vrvwsh8g0d560vvz8n126f"
    }
  ],
  "affected": [
    {
      "package": {
        "name": "github.com/apache/trafficcontrol",
        "ecosystem": "Go",
        "purl": "pkg:golang/github.com/apache/trafficcontrol"
      },
      "ranges": [
        {
          "type": "SEMVER",
          "events": [
            {
              "introduced": "6.0.0"
            },
            {
              "fixed": "6.1.0"
            }
          ]
        }
      ],
      "database_specific": {
        "source": "https://github.com/github/advisory-database/blob/main/advisories/github-reviewed/2022/02/GHSA-wp47-9r3h-xfgq/GHSA-wp47-9r3h-xfgq.json"
      }
    },
    {
      "package": {
        "name": "github.com/apache/trafficcontrol",
        "ecosystem": "Go",
        "purl": "pkg:golang/github.com/apache/trafficcontrol"
      },
      "ranges": [
        {
          "type": "SEMVER",
          "events": [
            {
              "introduced": "0"
            },
            {
              "fixed": "5.1.6"
            }
          ]
        }
      ],
      "database_specific": {
        "source": "https://github.com/github/advisory-database/blob/main/advisories/github-reviewed/2022/02/GHSA-wp47-9r3h-xfgq/GHSA-wp47-9r3h-xfgq.json"
      }
    }
  ],
  "schema_version": "1.2.0",
  "severity": [
    {
      "type": "CVSS_V3",
      "score": "CVSS:3.1/AV:N/AC:L/PR:N/UI:N/S:U/C:H/I:N/A:N"
    }
  ]
}