{
  "id": "GHSA-h43v-26r7-7j4c",
  "summary": "Allocation of Resources Without Limits or Throttling in HashiCorp Nomad",
  "details": "HashiCorp Nomad and Nomad Enterprise before 0.10.3 allow unbounded resource usage.",
  "aliases": [
    "CVE-2020-7218"
  ],
  "modified": "2022-02-24T12:07:02Z",
  "published": "2021-05-18T18:20:19Z",
  "database_specific": {
    "cwe_ids": [
      "CWE-400",
      "CWE-770"
    ],
    "severity": "HIGH",
    "github_reviewed": true
  },
  "references": [
    {
      "type": "ADVISORY",
      "url": "https://nvd.nist.gov/vuln/detail/CVE-2020-7218"
    },
    {
      "type": "WEB",
      "url": "https://github.com/hashicorp/nomad/issues/7002"
    },
    {
      "type": "WEB",
      "url": "https://github.com/hashicorp/nomad/pull/7022"
    },
    {
      "type": "WEB",
      "url": "https://www.hashicorp.com/blog/category/nomad/"
    },
    {
      "type": "PACKAGE",
      "url": "https://github.com/hashicorp/nomad"
    }
  ],
  "affected": [
    {
      "package": {
        "name": "github.com/hashicorp/nomad/command/agent",
        "ecosystem": "Go",
        "purl": "pkg:golang/github.com/hashicorp/nomad/command/agent"
      },
      "ranges": [
        {
          "type": "SEMVER",
          "events": [
            {
              "introduced": "0"
            },
            {
              "fixed": "0.10.3"
            }
          ]
        }
      ],
      "database_specific": {
        "source": "https://github.com/github/advisory-database/blob/main/advisories/github-reviewed/2021/05/GHSA-h43v-26r7-7j4c/GHSA-h43v-26r7-7j4c.json"
      }
    }
  ],
  "schema_version": "1.2.0",
  "severity": [
    {
      "type": "CVSS_V3",
      "score": "CVSS:3.1/AV:N/AC:L/PR:N/UI:N/S:U/C:N/I:N/A:H"
    }
  ]
}