{
  "id": "GHSA-ppj4-34rq-v8j9",
  "summary": "regular expression denial of service in gjson",
  "details": "GJSON before 1.9.3 allows a ReDoS (regular expression denial of service) attack.",
  "aliases": [
    "CVE-2021-42836"
  ],
  "modified": "2021-10-29T14:02:58Z",
  "published": "2021-10-25T19:43:15Z",
  "database_specific": {
    "github_reviewed": true,
    "cwe_ids": [
      "CWE-1333",
      "CWE-697"
    ],
    "severity": "HIGH"
  },
  "references": [
    {
      "type": "ADVISORY",
      "url": "https://nvd.nist.gov/vuln/detail/CVE-2021-42836"
    },
    {
      "type": "WEB",
      "url": "https://github.com/tidwall/gjson/issues/236"
    },
    {
      "type": "WEB",
      "url": "https://github.com/tidwall/gjson/issues/237"
    },
    {
      "type": "WEB",
      "url": "https://github.com/tidwall/gjson/commit/590010fdac311cc8990ef5c97448d4fec8f29944"
    },
    {
      "type": "WEB",
      "url": "https://github.com/tidwall/gjson/commit/77a57fda87dca6d0d7d4627d512a630f89a91c96"
    },
    {
      "type": "WEB",
      "url": "https://github.com/tidwall/gjson/compare/v1.9.2...v1.9.3"
    },
    {
      "type": "PACKAGE",
      "url": "https://github.com/tidwall/gjson"
    }
  ],
  "affected": [
    {
      "package": {
        "name": "github.com/tidwall/gjson",
        "ecosystem": "Go",
        "purl": "pkg:golang/github.com/tidwall/gjson"
      },
      "ranges": [
        {
          "type": "SEMVER",
          "events": [
            {
              "introduced": "0"
            },
            {
              "fixed": "1.9.3"
            }
          ]
        }
      ],
      "database_specific": {
        "source": "https://github.com/github/advisory-database/blob/main/advisories/github-reviewed/2021/10/GHSA-ppj4-34rq-v8j9/GHSA-ppj4-34rq-v8j9.json"
      }
    }
  ],
  "schema_version": "1.2.0",
  "severity": [
    {
      "type": "CVSS_V3",
      "score": "CVSS:3.1/AV:N/AC:L/PR:N/UI:N/S:U/C:N/I:N/A:H"
    }
  ]
}