{
  "id": "GHSA-23fq-q7hc-993r",
  "summary": "Improper Preservation of Permissions in HashiCorp Vault",
  "details": "HashiCorp Vault and Vault Enterprise 1.4.0 through 1.7.3 initialized an underlying database file associated with the Integrated Storage feature with excessively broad filesystem permissions. Fixed in Vault and Vault Enterprise 1.8.0.",
  "aliases": [
    "CVE-2021-38553"
  ],
  "modified": "2021-08-30T17:16:42Z",
  "published": "2021-08-30T17:22:53Z",
  "database_specific": {
    "cwe_ids": [
      "CWE-281"
    ],
    "severity": "CRITICAL",
    "github_reviewed": true
  },
  "references": [
    {
      "type": "ADVISORY",
      "url": "https://nvd.nist.gov/vuln/detail/CVE-2021-38553"
    },
    {
      "type": "WEB",
      "url": "https://discuss.hashicorp.com/t/hcsec-2021-20-vault-s-integrated-storage-backend-database-file-may-have-excessively-broad-permissions/28168"
    },
    {
      "type": "PACKAGE",
      "url": "https://github.com/hashicorp/vault/"
    }
  ],
  "affected": [
    {
      "package": {
        "name": "github.com/hashicorp/vault/",
        "ecosystem": "Go",
        "purl": "pkg:golang/github.com/hashicorp/vault/"
      },
      "ranges": [
        {
          "type": "SEMVER",
          "events": [
            {
              "introduced": "1.4.0"
            },
            {
              "fixed": "1.8.0"
            }
          ]
        }
      ],
      "database_specific": {
        "source": "https://github.com/github/advisory-database/blob/main/advisories/github-reviewed/2021/08/GHSA-23fq-q7hc-993r/GHSA-23fq-q7hc-993r.json"
      }
    }
  ],
  "schema_version": "1.2.0",
  "severity": [
    {
      "type": "CVSS_V3",
      "score": "CVSS:3.1/AV:N/AC:L/PR:N/UI:N/S:U/C:H/I:H/A:H"
    }
  ]
}