{
  "id": "GHSA-mj9r-wwm8-7q52",
  "summary": "Open Redirect in github.com/AndrewBurian/powermux",
  "details": "### Impact\nAttackers may be able to craft phishing links and other open redirects by exploiting the trailing slash redirection feature. This may lead to users being redirected to untrusted sites after following an attacker crafted link.\n\n### Patches\nThe issue is resolved in v1.1.1\n\n### Workarounds\nThere are no existing workarounds.\nYou may detect attempts to craft urls that exploit this feature by looking for request paths containing pairs of forward slashes in sequence combined with a trailing slash e.g. `https://example.com//foo/`\n",
  "aliases": [
    "CVE-2021-32721"
  ],
  "modified": "2021-06-30T17:43:53Z",
  "published": "2021-07-01T17:00:32Z",
  "database_specific": {
    "github_reviewed": true,
    "severity": "MODERATE",
    "cwe_ids": [
      "CWE-601"
    ]
  },
  "references": [
    {
      "type": "WEB",
      "url": "https://github.com/AndrewBurian/powermux/security/advisories/GHSA-mj9r-wwm8-7q52"
    },
    {
      "type": "ADVISORY",
      "url": "https://nvd.nist.gov/vuln/detail/CVE-2021-32721"
    },
    {
      "type": "WEB",
      "url": "https://github.com/AndrewBurian/powermux/commit/5e60a8a0372b35a898796c2697c40e8daabed8e9"
    }
  ],
  "affected": [
    {
      "package": {
        "name": "github.com/AndrewBurian/powermux",
        "ecosystem": "Go",
        "purl": "pkg:golang/github.com/AndrewBurian/powermux"
      },
      "ranges": [
        {
          "type": "SEMVER",
          "events": [
            {
              "introduced": "0"
            },
            {
              "fixed": "1.1.1"
            }
          ]
        }
      ],
      "database_specific": {
        "source": "https://github.com/github/advisory-database/blob/main/advisories/github-reviewed/2021/07/GHSA-mj9r-wwm8-7q52/GHSA-mj9r-wwm8-7q52.json"
      }
    }
  ],
  "schema_version": "1.2.0",
  "severity": [
    {
      "type": "CVSS_V3",
      "score": "CVSS:3.1/AV:N/AC:H/PR:N/UI:R/S:C/C:L/I:L/A:N"
    }
  ]
}