{
  "id": "GHSA-wjm3-fq3r-5x46",
  "summary": "Denial of service",
  "details": "GJSON <1.6.5 allows attackers to cause a denial of service (remote) via crafted JSON.",
  "aliases": [
    "CVE-2020-36066"
  ],
  "modified": "2021-05-18T21:00:38Z",
  "published": "2021-05-18T21:07:54Z",
  "database_specific": {
    "cwe_ids": [
      "CWE-400"
    ],
    "severity": "MODERATE",
    "github_reviewed": true
  },
  "references": [
    {
      "type": "ADVISORY",
      "url": "https://nvd.nist.gov/vuln/detail/CVE-2020-36066"
    },
    {
      "type": "WEB",
      "url": "https://github.com/tidwall/gjson/issues/195"
    },
    {
      "type": "WEB",
      "url": "https://github.com/tidwall/gjson/issues/195#issuecomment-755303148"
    },
    {
      "type": "WEB",
      "url": "https://github.com/tidwall/match/commit/c2f534168b739a7ec1821a33839fb2f029f26bbc"
    }
  ],
  "affected": [
    {
      "package": {
        "name": "github.com/tidwall/gjson",
        "ecosystem": "Go",
        "purl": "pkg:golang/github.com/tidwall/gjson"
      },
      "ranges": [
        {
          "type": "SEMVER",
          "events": [
            {
              "introduced": "0"
            },
            {
              "fixed": "1.6.5"
            }
          ]
        }
      ],
      "database_specific": {
        "source": "https://github.com/github/advisory-database/blob/main/advisories/github-reviewed/2021/05/GHSA-wjm3-fq3r-5x46/GHSA-wjm3-fq3r-5x46.json"
      }
    }
  ],
  "schema_version": "1.2.0",
  "severity": [
    {
      "type": "CVSS_V3",
      "score": "CVSS:3.1/AV:N/AC:L/PR:N/UI:N/S:U/C:N/I:N/A:H"
    }
  ]
}