{
  "id": "GHSA-f6px-w8rh-7r89",
  "summary": "Data race in Beego",
  "details": "The File Session Manager in Beego 1.10.0 allows local users to read session files because there is a race condition involving file creation within a directory with weak permissions.",
  "aliases": [
    "CVE-2019-16354"
  ],
  "modified": "2021-07-22T21:51:41Z",
  "published": "2021-08-02T17:15:05Z",
  "database_specific": {
    "github_reviewed": true,
    "cwe_ids": [
      "CWE-362",
      "CWE-732"
    ],
    "severity": "MODERATE"
  },
  "references": [
    {
      "type": "ADVISORY",
      "url": "https://nvd.nist.gov/vuln/detail/CVE-2019-16354"
    },
    {
      "type": "WEB",
      "url": "https://github.com/astaxie/beego/issues/3763"
    },
    {
      "type": "WEB",
      "url": "https://github.com/beego/beego/issues/3763"
    },
    {
      "type": "WEB",
      "url": "https://github.com/beego/beego/pull/3975/commits/f99cbe0fa40936f2f8dd28e70620c559b6e5e2fd"
    },
    {
      "type": "WEB",
      "url": "https://github.com/astaxie/beego/blob/develop/session/sess_file.go#L141"
    }
  ],
  "affected": [
    {
      "package": {
        "name": "github.com/beego/beego",
        "ecosystem": "Go",
        "purl": "pkg:golang/github.com/beego/beego"
      },
      "ranges": [
        {
          "type": "SEMVER",
          "events": [
            {
              "introduced": "0"
            },
            {
              "fixed": "1.12.2"
            }
          ]
        }
      ],
      "database_specific": {
        "source": "https://github.com/github/advisory-database/blob/main/advisories/github-reviewed/2021/08/GHSA-f6px-w8rh-7r89/GHSA-f6px-w8rh-7r89.json"
      }
    },
    {
      "package": {
        "name": "github.com/astaxie/beego/session",
        "ecosystem": "Go",
        "purl": "pkg:golang/github.com/astaxie/beego/session"
      },
      "ranges": [
        {
          "type": "SEMVER",
          "events": [
            {
              "introduced": "0"
            },
            {
              "fixed": "1.12.2"
            }
          ]
        }
      ],
      "database_specific": {
        "source": "https://github.com/github/advisory-database/blob/main/advisories/github-reviewed/2021/08/GHSA-f6px-w8rh-7r89/GHSA-f6px-w8rh-7r89.json"
      }
    }
  ],
  "schema_version": "1.2.0",
  "severity": [
    {
      "type": "CVSS_V3",
      "score": "CVSS:3.1/AV:L/AC:H/PR:L/UI:N/S:U/C:H/I:N/A:N"
    }
  ]
}