{
  "id": "GHSA-856q-xv3c-7f2f",
  "summary": "Unauthenticated control plane denial of service attack in Istio",
  "details": "### Impact\nThe Istio control plane, `istiod`, is vulnerable to a request processing error, allowing a malicious attacker that sends a specially crafted message which results in the control plane crashing. This endpoint is served over TLS port 15012, but does not require any authentication from the attacker.\n\nFor simple installations, Istiod is typically only reachable from within the cluster, limiting the blast radius. However, for some deployments, especially [multicluster](https://istio.io/latest/docs/setup/install/multicluster/primary-remote/) topologies, this port is exposed over the public internet.\n\n### Patches\n\n- Istio 1.13.1 and above\n- Istio 1.12.4 and above\n- Istio 1.11.7 and above\n\n### Workarounds\nThere are no effective workarounds, beyond upgrading. Limiting network access to Istiod to the minimal set of clients can help lessen the scope of the vulnerability to some extent.\n\n### References\nMore details can be found in the [Istio Security Bulletin](https://istio.io/latest/news/security/istio-security-2022-003)\n\n### For more information\nIf you have any questions or comments about this advisory, please email us at [istio-security-vulnerability-reports@googlegroups.com](mailto:istio-security-vulnerability-reports@googlegroups.com)\n",
  "aliases": [
    "CVE-2022-23635"
  ],
  "modified": "2022-02-25T15:38:52Z",
  "published": "2022-02-23T14:59:08Z",
  "database_specific": {
    "github_reviewed": true,
    "cwe_ids": [
      "CWE-287"
    ],
    "severity": "HIGH"
  },
  "references": [
    {
      "type": "WEB",
      "url": "https://github.com/istio/istio/security/advisories/GHSA-856q-xv3c-7f2f"
    },
    {
      "type": "ADVISORY",
      "url": "https://nvd.nist.gov/vuln/detail/CVE-2022-23635"
    },
    {
      "type": "WEB",
      "url": "https://github.com/istio/istio/commit/5f3b5ed958ae75156f8656fe7b3794f78e94db84"
    },
    {
      "type": "WEB",
      "url": "https://istio.io/latest/news/security/istio-security-2022-003"
    },
    {
      "type": "PACKAGE",
      "url": "https://github.com/istio/istio/"
    }
  ],
  "affected": [
    {
      "package": {
        "name": "istio.io/istio",
        "ecosystem": "Go",
        "purl": "pkg:golang/istio.io/istio"
      },
      "ranges": [
        {
          "type": "SEMVER",
          "events": [
            {
              "introduced": "1.13.0"
            },
            {
              "fixed": "1.13.1"
            }
          ]
        }
      ],
      "versions": [
        "1.13.0"
      ],
      "database_specific": {
        "source": "https://github.com/github/advisory-database/blob/main/advisories/github-reviewed/2022/02/GHSA-856q-xv3c-7f2f/GHSA-856q-xv3c-7f2f.json"
      }
    },
    {
      "package": {
        "name": "istio.io/istio",
        "ecosystem": "Go",
        "purl": "pkg:golang/istio.io/istio"
      },
      "ranges": [
        {
          "type": "SEMVER",
          "events": [
            {
              "introduced": "1.12.0"
            },
            {
              "fixed": "1.12.4"
            }
          ]
        }
      ],
      "database_specific": {
        "source": "https://github.com/github/advisory-database/blob/main/advisories/github-reviewed/2022/02/GHSA-856q-xv3c-7f2f/GHSA-856q-xv3c-7f2f.json"
      }
    },
    {
      "package": {
        "name": "istio.io/istio",
        "ecosystem": "Go",
        "purl": "pkg:golang/istio.io/istio"
      },
      "ranges": [
        {
          "type": "SEMVER",
          "events": [
            {
              "introduced": "0"
            },
            {
              "fixed": "1.11.7"
            }
          ]
        }
      ],
      "database_specific": {
        "source": "https://github.com/github/advisory-database/blob/main/advisories/github-reviewed/2022/02/GHSA-856q-xv3c-7f2f/GHSA-856q-xv3c-7f2f.json"
      }
    }
  ],
  "schema_version": "1.2.0",
  "severity": [
    {
      "type": "CVSS_V3",
      "score": "CVSS:3.1/AV:N/AC:L/PR:N/UI:N/S:U/C:N/I:N/A:H"
    }
  ]
}