{
  "id": "GHSA-4cxw-hq44-r344",
  "summary": "Off-by-one Error in v2fly/v2ray-core",
  "details": "v2fly/v2ray-core prior to 4.44.0 is vulnerable to an off-by-one error. Indexing operations on arrays, slices, or strings should use an index at most one less than the length. If the index is checked for being less than or equal to the length (`<=`), instead of less than the length (`<`), the index could be out of bounds.",
  "aliases": [
    "CVE-2021-4070"
  ],
  "modified": "2022-02-24T20:44:31Z",
  "published": "2022-02-24T00:00:52Z",
  "database_specific": {
    "github_reviewed": true,
    "severity": "MODERATE",
    "cwe_ids": [
      "CWE-193"
    ]
  },
  "references": [
    {
      "type": "ADVISORY",
      "url": "https://nvd.nist.gov/vuln/detail/CVE-2021-4070"
    },
    {
      "type": "WEB",
      "url": "https://github.com/v2fly/v2ray-core/commit/c1af2bfd7aa59a4482aa7f6ec4b9208c1d350b5c"
    },
    {
      "type": "WEB",
      "url": "https://huntr.dev/bounties/8da19456-4d89-41ef-9781-a41efd6a1877"
    },
    {
      "type": "PACKAGE",
      "url": "https://github.com/v2fly/v2ray-core"
    }
  ],
  "affected": [
    {
      "package": {
        "name": "github.com/v2fly/v2ray-core/v4",
        "ecosystem": "Go",
        "purl": "pkg:golang/github.com/v2fly/v2ray-core/v4"
      },
      "ranges": [
        {
          "type": "SEMVER",
          "events": [
            {
              "introduced": "0"
            },
            {
              "fixed": "4.44.0"
            }
          ]
        }
      ],
      "database_specific": {
        "source": "https://github.com/github/advisory-database/blob/main/advisories/github-reviewed/2022/02/GHSA-4cxw-hq44-r344/GHSA-4cxw-hq44-r344.json"
      }
    },
    {
      "package": {
        "name": "github.com/v2fly/v2ray-core",
        "ecosystem": "Go",
        "purl": "pkg:golang/github.com/v2fly/v2ray-core"
      },
      "ranges": [
        {
          "type": "SEMVER",
          "events": [
            {
              "introduced": "0"
            }
          ]
        }
      ],
      "database_specific": {
        "source": "https://github.com/github/advisory-database/blob/main/advisories/github-reviewed/2022/02/GHSA-4cxw-hq44-r344/GHSA-4cxw-hq44-r344.json",
        "last_known_affected_version_range": "< 4.44.0"
      }
    }
  ],
  "schema_version": "1.2.0",
  "severity": [
    {
      "type": "CVSS_V3",
      "score": "CVSS:3.0/AV:L/AC:L/PR:N/UI:N/S:U/C:L/I:L/A:L"
    }
  ]
}