{
  "id": "GHSA-599h-8wpj-75xj",
  "summary": "Authentication Bypass in tyk-identity-broker",
  "details": "The package github.com/tyktechnologies/tyk-identity-broker before 1.1.1 are vulnerable to Authentication Bypass via the Go XML parser which can cause SAML authentication bypass. This is because the XML parser doesn\u2019t guarantee integrity in the XML round-trip (encoding/decoding XML data).",
  "aliases": [
    "CVE-2021-23365"
  ],
  "modified": "2021-05-20T21:24:49Z",
  "published": "2021-06-23T17:23:30Z",
  "database_specific": {
    "severity": "CRITICAL",
    "cwe_ids": [
      "CWE-287"
    ],
    "github_reviewed": true
  },
  "references": [
    {
      "type": "ADVISORY",
      "url": "https://nvd.nist.gov/vuln/detail/CVE-2021-23365"
    },
    {
      "type": "WEB",
      "url": "https://github.com/TykTechnologies/tyk-identity-broker/pull/147"
    },
    {
      "type": "WEB",
      "url": "https://github.com/TykTechnologies/tyk-identity-broker/commit/243092965b0f93a95a14cb882b5b9a3df61dd5c0"
    },
    {
      "type": "WEB",
      "url": "https://github.com/TykTechnologies/tyk-identity-broker/commit/46f70420e0911e4e8b638575e29d394c227c75d0"
    },
    {
      "type": "WEB",
      "url": "https://github.com/TykTechnologies/tyk-identity-broker/releases/tag/v1.1.1"
    },
    {
      "type": "WEB",
      "url": "https://snyk.io/vuln/SNYK-GOLANG-GITHUBCOMTYKTECHNOLOGIESTYKIDENTITYBROKER-1089720"
    }
  ],
  "affected": [
    {
      "package": {
        "name": "github.com/tyktechnologies/tyk-identity-broker",
        "ecosystem": "Go",
        "purl": "pkg:golang/github.com/tyktechnologies/tyk-identity-broker"
      },
      "ranges": [
        {
          "type": "SEMVER",
          "events": [
            {
              "introduced": "0"
            },
            {
              "fixed": "1.1.1"
            }
          ]
        }
      ],
      "database_specific": {
        "source": "https://github.com/github/advisory-database/blob/main/advisories/github-reviewed/2021/06/GHSA-599h-8wpj-75xj/GHSA-599h-8wpj-75xj.json"
      }
    }
  ],
  "schema_version": "1.2.0",
  "severity": [
    {
      "type": "CVSS_V3",
      "score": "CVSS:3.1/AV:N/AC:L/PR:N/UI:N/S:U/C:H/I:H/A:N"
    }
  ]
}