{
  "id": "GHSA-433w-mm6h-rv9p",
  "summary": "Auth bypass in SAML provider",
  "details": "### Impact\n\nThe following vulnerabilities have been disclosed, which impact users leveraging the SAML auth provider:\n\n- [`goxmldsig` - Signature Validation Bypass](https://github.com/russellhaering/goxmldsig/security/advisories/GHSA-q547-gmf8-8jr7)\n- [`gosaml2` - Authentication Bypass](https://github.com/russellhaering/gosaml2/security/advisories/GHSA-xhqq-x44f-9fgg)\n\n### Patches\n\n[Patch available](https://github.com/netlify/gotrue/pull/274)\n\nPlease upgrade to v1.0.0 or commit hash `a2b4dd6bc4ef7562d1df044098b303f564eefa90`\n\n### Workarounds\n\nNo known workarounds.\n\n### For more information\nIf you have any questions or comments about this advisory:\n* Open an issue in [gotrue](https://github.com/netlify/gotrue/issues)\n* Email us at [security@netlify.com](mailto:security@netlify.com)",
  "modified": "2021-05-21T20:47:30Z",
  "published": "2021-06-23T17:29:06Z",
  "database_specific": {
    "github_reviewed": true,
    "cwe_ids": [],
    "severity": "CRITICAL"
  },
  "references": [
    {
      "type": "WEB",
      "url": "https://github.com/netlify/gotrue/security/advisories/GHSA-433w-mm6h-rv9p"
    }
  ],
  "affected": [
    {
      "package": {
        "name": "github.com/netlify/gotrue",
        "ecosystem": "Go",
        "purl": "pkg:golang/github.com/netlify/gotrue"
      },
      "ranges": [
        {
          "type": "SEMVER",
          "events": [
            {
              "introduced": "0"
            },
            {
              "fixed": "1.0.0"
            }
          ]
        }
      ],
      "database_specific": {
        "source": "https://github.com/github/advisory-database/blob/main/advisories/github-reviewed/2021/06/GHSA-433w-mm6h-rv9p/GHSA-433w-mm6h-rv9p.json"
      }
    }
  ],
  "schema_version": "1.2.0"
}