{
  "id": "GHSA-h746-rm5q-8mgq",
  "summary": "Legacy Node API Allows Impersonation in github.com/spiffe/spire/pkg/server/endpoints/node",
  "details": "#### Summary\nIn SPIRE 0.8.1 through 0.8.4 and before versions 0.9.4, 0.10.2, 0.11.3 and 0.12.1, specially crafted requests to the FetchX509SVID RPC of SPIRE Server\u2019s Legacy Node API can result in the possible issuance of an X.509 certificate with a URI SAN for a SPIFFE ID that the agent is not authorized to distribute. Proper controls are in place to require that the caller presents a valid agent certificate that is already authorized to issue at least one SPIFFE ID, and the requested SPIFFE ID belongs to the same trust domain, prior to being able to trigger this vulnerability. This issue has been fixed in SPIRE versions 0.8.5, 0.9.4, 0.10.2, 0.11.3 and 0.12.1.\n\n#### What are the changes introduced by the patched versions?\nThe changes introduced to address this issue are related to enforcing that the FetchX509SVID RPC of SPIRE Server\u2019s Legacy Node API only issues X.509 certificates with SPIFFE IDs that the agent is authorized to distribute.\n\nThe patched version also includes a back-ported change that improves the handling of file descriptors related to workload attestation in SPIRE Agent.\n\nThere are no changes in the expected behavior of SPIRE.\n\n#### Should I upgrade SPIRE?\nAll SPIRE users running affected versions are advised to upgrade to the corresponding patched version.\n\n#### Workarounds\nNo workarounds have been identified for this vulnerability.",
  "aliases": [
    "CVE-2021-27098"
  ],
  "modified": "2021-05-21T14:28:38Z",
  "published": "2021-05-21T14:31:11Z",
  "database_specific": {
    "github_reviewed": true,
    "severity": "HIGH",
    "cwe_ids": [
      "CWE-284",
      "CWE-295"
    ]
  },
  "references": [
    {
      "type": "WEB",
      "url": "https://github.com/spiffe/spire/security/advisories/GHSA-h746-rm5q-8mgq"
    },
    {
      "type": "ADVISORY",
      "url": "https://nvd.nist.gov/vuln/detail/CVE-2021-27098"
    },
    {
      "type": "WEB",
      "url": "https://github.com/spiffe/spire/commit/3c5115b57afc20a0a2c2b1b9dd60dd1fd9082e13"
    },
    {
      "type": "WEB",
      "url": "https://cve.mitre.org/cgi-bin/cvename.cgi?name=CVE-2021-27098"
    }
  ],
  "affected": [
    {
      "package": {
        "name": "github.com/spiffe/spire/pkg/server/endpoints/node",
        "ecosystem": "Go",
        "purl": "pkg:golang/github.com/spiffe/spire/pkg/server/endpoints/node"
      },
      "ranges": [
        {
          "type": "SEMVER",
          "events": [
            {
              "introduced": "0.8.1"
            },
            {
              "fixed": "0.8.5"
            }
          ]
        }
      ],
      "database_specific": {
        "source": "https://github.com/github/advisory-database/blob/main/advisories/github-reviewed/2021/05/GHSA-h746-rm5q-8mgq/GHSA-h746-rm5q-8mgq.json"
      }
    },
    {
      "package": {
        "name": "github.com/spiffe/spire/pkg/server/endpoints/node",
        "ecosystem": "Go",
        "purl": "pkg:golang/github.com/spiffe/spire/pkg/server/endpoints/node"
      },
      "ranges": [
        {
          "type": "SEMVER",
          "events": [
            {
              "introduced": "0.9.0"
            },
            {
              "fixed": "0.9.4"
            }
          ]
        }
      ],
      "database_specific": {
        "source": "https://github.com/github/advisory-database/blob/main/advisories/github-reviewed/2021/05/GHSA-h746-rm5q-8mgq/GHSA-h746-rm5q-8mgq.json"
      }
    },
    {
      "package": {
        "name": "github.com/spiffe/spire/pkg/server/endpoints/node",
        "ecosystem": "Go",
        "purl": "pkg:golang/github.com/spiffe/spire/pkg/server/endpoints/node"
      },
      "ranges": [
        {
          "type": "SEMVER",
          "events": [
            {
              "introduced": "0.10.0"
            },
            {
              "fixed": "0.10.2"
            }
          ]
        }
      ],
      "database_specific": {
        "source": "https://github.com/github/advisory-database/blob/main/advisories/github-reviewed/2021/05/GHSA-h746-rm5q-8mgq/GHSA-h746-rm5q-8mgq.json"
      }
    },
    {
      "package": {
        "name": "github.com/spiffe/spire/pkg/server/endpoints/node",
        "ecosystem": "Go",
        "purl": "pkg:golang/github.com/spiffe/spire/pkg/server/endpoints/node"
      },
      "ranges": [
        {
          "type": "SEMVER",
          "events": [
            {
              "introduced": "0.11.0"
            },
            {
              "fixed": "0.11.3"
            }
          ]
        }
      ],
      "database_specific": {
        "source": "https://github.com/github/advisory-database/blob/main/advisories/github-reviewed/2021/05/GHSA-h746-rm5q-8mgq/GHSA-h746-rm5q-8mgq.json"
      }
    },
    {
      "package": {
        "name": "github.com/spiffe/spire/pkg/server/endpoints/node",
        "ecosystem": "Go",
        "purl": "pkg:golang/github.com/spiffe/spire/pkg/server/endpoints/node"
      },
      "ranges": [
        {
          "type": "SEMVER",
          "events": [
            {
              "introduced": "0.12.0"
            },
            {
              "fixed": "0.12.1"
            }
          ]
        }
      ],
      "database_specific": {
        "source": "https://github.com/github/advisory-database/blob/main/advisories/github-reviewed/2021/05/GHSA-h746-rm5q-8mgq/GHSA-h746-rm5q-8mgq.json"
      }
    }
  ],
  "schema_version": "1.2.0",
  "severity": [
    {
      "type": "CVSS_V3",
      "score": "CVSS:3.1/AV:N/AC:L/PR:L/UI:N/S:U/C:H/I:H/A:N"
    }
  ]
}