{
  "id": "GHSA-g54h-m393-cpwq",
  "summary": "devices resource list treated as a blacklist by default",
  "details": "### Impact\nContrary to the [OCI runtime specification](https://github.com/opencontainers/runtime-spec/blob/v1.0.2/config-linux.md#device-whitelist), `runc`'s implementation of the `linux.resources.devices` list was a black-list by default. This means that users who created their own `config.json` objects and didn't prefix a deny-all rule (`{\"allow\": false, \"permissions\": \"rwm\"}` or equivalent) were not provided protection by the `devices` cgroup. This would allow malicious containers (with sufficient privileges) to create arbitrary device inodes (assuming they have `CAP_MKNOD`) and operate on any device inodes they may have access to (assuming they have regular Unix DAC permissions).\n\nHowever, most (if not all) programs that make use of `runc` include this deny-all rule. This was most likely added before the specification mandated a white-list of devices, and the fact that all programs wrote their own deny-all rule obscured the existence of this bug for several years. In fact, even the specification's examples include a default deny-all rule! We therefore believe that while this is a security bug (and has been fixed as such), it was almost certainly not exploitable in the wild due to the inclusion of default deny-all rules by all known users of `runc` -- hence why this advisory has low severity.\n\n### Patches\nThis issue has been fixed in [a patch that was part of a larger rework of the devices cgroup code in runc](https://github.com/opencontainers/runc/pull/2391) -- which lead to the discovery of this security bug. Users should upgrade to 1.0.0-rc91 as soon as it is released, or wait for your distribution to backport the relevant fixes.\n\n### Workarounds\nIf you are using `runc` directly, ensure that there is a deny-all entry at the beginning of `linux.resources.devices` -- such an entry would look like `{\"allow\": false, \"permissions\": \"rwm\"}` (all other fields are ignored, though `type` must be set to `\"a\"` or `null` if it is present).\n\nUsers which consume `runc` through another program should check whether their containers are operating under a white-list -- this can be done by reading `/sys/fs/cgroup/devices/devices.list` inside the container. If the file contains only the entry `a *:* rwm` (meaning the cgroup is in black-list mode, which likely means \"allow all device access\") then your containers are vulnerable to this issue.\n\nAs always, we recommend **in the strongest possible terms** that all of our users enable user namespaces on all of their workloads (or pressure their vendors to do so). User namespaces are one of the most significant defense-in-depth protections you can enable for containers, and have prevented many container-related vulnerabilities (both kernel 0days as well as bugs in container runtimes, such as this one).\n\n### References\n* https://www.kernel.org/doc/html/latest/admin-guide/cgroup-v1/devices.html\n* [opencontainers/runtime-spec/config-linux.md#device-whitelist](https://github.com/opencontainers/runtime-spec/blob/v1.0.2/config-linux.md#device-whitelist)\n* https://github.com/opencontainers/runc/pull/2391\n\n### For more information\nIf you have any questions or comments about this advisory:\n* [Open an issue in this repo](https://github.com/opencontainers/runc/issues/new).\n* Email us at <security@opencontainers.org>.",
  "modified": "2021-05-24T20:46:53Z",
  "published": "2021-12-20T18:21:54Z",
  "database_specific": {
    "cwe_ids": [],
    "severity": "LOW",
    "github_reviewed": true
  },
  "references": [
    {
      "type": "WEB",
      "url": "https://github.com/opencontainers/runc/security/advisories/GHSA-g54h-m393-cpwq"
    }
  ],
  "affected": [
    {
      "package": {
        "name": "github.com/opencontainers/runc",
        "ecosystem": "Go",
        "purl": "pkg:golang/github.com/opencontainers/runc"
      },
      "ranges": [
        {
          "type": "SEMVER",
          "events": [
            {
              "introduced": "0"
            },
            {
              "fixed": "1.0.0-rc91"
            }
          ]
        }
      ],
      "database_specific": {
        "source": "https://github.com/github/advisory-database/blob/main/advisories/github-reviewed/2021/12/GHSA-g54h-m393-cpwq/GHSA-g54h-m393-cpwq.json",
        "last_known_affected_version_range": "<= 1.0.0-rc90"
      }
    }
  ],
  "schema_version": "1.2.0"
}