{
  "id": "GHSA-r4gv-vj59-cccm",
  "summary": "Control character injection in console output in github.com/ipfs/go-ipfs ",
  "details": "### Impact\nControl characters are not escaped from console output. This can result in hiding input from the user which could result in the user taking an unknown, malicious action.\n\n### Patches\n<!-- _Has the problem been patched? What versions should users upgrade to?_  -->\n\n- Patched via https://github.com/ipfs/go-ipfs/pull/7831 in v0.8.0\n\n### For more information\nIf you have any questions or comments about this advisory:\n* Open an issue in [go-ipfs](http://github.com/ipfs/go-ipfs)\n* Email us at [security@ipfs.io](mailto:security@ipfs.io)",
  "aliases": [
    "CVE-2020-26283"
  ],
  "modified": "2021-05-21T18:06:39Z",
  "published": "2021-06-23T17:27:27Z",
  "database_specific": {
    "github_reviewed": true,
    "cwe_ids": [
      "CWE-116",
      "CWE-150"
    ],
    "severity": "MODERATE"
  },
  "references": [
    {
      "type": "WEB",
      "url": "https://github.com/ipfs/go-ipfs/security/advisories/GHSA-r4gv-vj59-cccm"
    },
    {
      "type": "ADVISORY",
      "url": "https://nvd.nist.gov/vuln/detail/CVE-2020-26283"
    },
    {
      "type": "WEB",
      "url": "https://github.com/ipfs/go-ipfs/pull/7831"
    },
    {
      "type": "WEB",
      "url": "https://github.com/ipfs/go-ipfs/commit/fb0a9acd2d8288bd1028c3219a420de62a09683a"
    }
  ],
  "affected": [
    {
      "package": {
        "name": "github.com/ipfs/go-ipfs",
        "ecosystem": "Go",
        "purl": "pkg:golang/github.com/ipfs/go-ipfs"
      },
      "ranges": [
        {
          "type": "SEMVER",
          "events": [
            {
              "introduced": "0"
            },
            {
              "fixed": "0.8.0"
            }
          ]
        }
      ],
      "database_specific": {
        "source": "https://github.com/github/advisory-database/blob/main/advisories/github-reviewed/2021/06/GHSA-r4gv-vj59-cccm/GHSA-r4gv-vj59-cccm.json"
      }
    }
  ],
  "schema_version": "1.2.0",
  "severity": [
    {
      "type": "CVSS_V3",
      "score": "CVSS:3.1/AV:N/AC:L/PR:L/UI:R/S:C/C:N/I:H/A:N"
    }
  ]
}