{
  "id": "GHSA-35qp-xq9f-2rjx",
  "summary": "Improper Privilege Management in HashiCorp Nomad",
  "details": "HashiCorp Nomad and Nomad Enterprise up to 0.12.9 exec and java task drivers can access processes associated with other tasks on the same node. Fixed in 0.12.10, and 1.0.3.",
  "aliases": [
    "CVE-2021-3283"
  ],
  "modified": "2021-05-12T21:38:07Z",
  "published": "2021-06-24T20:28:28Z",
  "database_specific": {
    "cwe_ids": [
      "CWE-269"
    ],
    "github_reviewed": true,
    "severity": "HIGH"
  },
  "references": [
    {
      "type": "ADVISORY",
      "url": "https://nvd.nist.gov/vuln/detail/CVE-2021-3283"
    },
    {
      "type": "WEB",
      "url": "https://discuss.hashicorp.com/t/hcsec-2021-01-nomad-s-exec-and-java-task-drivers-did-not-isolate-processes/20332"
    }
  ],
  "affected": [
    {
      "package": {
        "name": "github.com/hashicorp/nomad",
        "ecosystem": "Go",
        "purl": "pkg:golang/github.com/hashicorp/nomad"
      },
      "ranges": [
        {
          "type": "SEMVER",
          "events": [
            {
              "introduced": "1.0.0"
            },
            {
              "fixed": "1.0.3"
            }
          ]
        }
      ],
      "database_specific": {
        "source": "https://github.com/github/advisory-database/blob/main/advisories/github-reviewed/2021/06/GHSA-35qp-xq9f-2rjx/GHSA-35qp-xq9f-2rjx.json"
      }
    },
    {
      "package": {
        "name": "github.com/hashicorp/nomad",
        "ecosystem": "Go",
        "purl": "pkg:golang/github.com/hashicorp/nomad"
      },
      "ranges": [
        {
          "type": "SEMVER",
          "events": [
            {
              "introduced": "0"
            },
            {
              "fixed": "0.12.10"
            }
          ]
        }
      ],
      "database_specific": {
        "source": "https://github.com/github/advisory-database/blob/main/advisories/github-reviewed/2021/06/GHSA-35qp-xq9f-2rjx/GHSA-35qp-xq9f-2rjx.json"
      }
    }
  ],
  "schema_version": "1.2.0",
  "severity": [
    {
      "type": "CVSS_V3",
      "score": "CVSS:3.1/AV:N/AC:L/PR:N/UI:N/S:U/C:H/I:N/A:N"
    }
  ]
}