{
  "id": "GHSA-cqh2-vc2f-q4fh",
  "summary": "Arbitrary filepath traversal via URI injection ",
  "details": "OctoRPKI does not escape a URI with a filename containing \"..\", this allows a repository to create a file, (ex.  `rsync://example.org/repo/../../etc/cron.daily/evil.roa`), which would then be written to disk outside the base cache folder. This could allow for remote code execution on the host machine OctoRPKI is running on. \n\n## Patches\n\n## For more information\nIf you have any questions or comments about this advisory email us at security@cloudflare.com\n",
  "aliases": [
    "CVE-2021-3907"
  ],
  "modified": "2021-11-10T18:16:54Z",
  "published": "2021-11-10T20:08:29Z",
  "database_specific": {
    "severity": "HIGH",
    "cwe_ids": [
      "CWE-20",
      "CWE-22"
    ],
    "github_reviewed": true
  },
  "references": [
    {
      "type": "WEB",
      "url": "https://github.com/cloudflare/cfrpki/security/advisories/GHSA-cqh2-vc2f-q4fh"
    },
    {
      "type": "ADVISORY",
      "url": "https://nvd.nist.gov/vuln/detail/CVE-2021-3907"
    },
    {
      "type": "WEB",
      "url": "https://www.debian.org/security/2021/dsa-5033"
    },
    {
      "type": "WEB",
      "url": "https://www.debian.org/security/2022/dsa-5041"
    },
    {
      "type": "PACKAGE",
      "url": "https://github.com/cloudflare/cfrpki"
    }
  ],
  "affected": [
    {
      "package": {
        "name": "github.com/cloudflare/cfrpki/cmd/octorpki",
        "ecosystem": "Go",
        "purl": "pkg:golang/github.com/cloudflare/cfrpki/cmd/octorpki"
      },
      "ranges": [
        {
          "type": "SEMVER",
          "events": [
            {
              "introduced": "0"
            },
            {
              "fixed": "1.4"
            }
          ]
        }
      ],
      "database_specific": {
        "source": "https://github.com/github/advisory-database/blob/main/advisories/github-reviewed/2021/11/GHSA-cqh2-vc2f-q4fh/GHSA-cqh2-vc2f-q4fh.json"
      }
    },
    {
      "package": {
        "name": "github.com/cloudflare/cfrpki",
        "ecosystem": "Go",
        "purl": "pkg:golang/github.com/cloudflare/cfrpki"
      },
      "ranges": [
        {
          "type": "SEMVER",
          "events": [
            {
              "introduced": "0"
            },
            {
              "fixed": "1.4"
            }
          ]
        }
      ],
      "database_specific": {
        "source": "https://github.com/github/advisory-database/blob/main/advisories/github-reviewed/2021/11/GHSA-cqh2-vc2f-q4fh/GHSA-cqh2-vc2f-q4fh.json"
      }
    }
  ],
  "schema_version": "1.2.0",
  "severity": [
    {
      "type": "CVSS_V3",
      "score": "CVSS:3.1/AV:N/AC:H/PR:N/UI:N/S:U/C:N/I:H/A:H"
    }
  ]
}