{
  "id": "GHSA-2rmp-fw5r-j5qv",
  "summary": "Improper Authentication in InfluxDB",
  "details": "InfluxDB before 1.7.6 has an authentication bypass vulnerability in the authenticate function in services/httpd/handler.go because a JWT token may have an empty SharedSecret (aka shared secret).",
  "aliases": [
    "CVE-2019-20933"
  ],
  "modified": "2021-05-12T21:55:56Z",
  "published": "2021-05-18T18:22:05Z",
  "database_specific": {
    "cwe_ids": [
      "CWE-287"
    ],
    "github_reviewed": true,
    "severity": "CRITICAL"
  },
  "references": [
    {
      "type": "ADVISORY",
      "url": "https://nvd.nist.gov/vuln/detail/CVE-2019-20933"
    },
    {
      "type": "WEB",
      "url": "https://github.com/influxdata/influxdb/issues/12927"
    },
    {
      "type": "WEB",
      "url": "https://github.com/influxdata/influxdb/commit/761b557315ff9c1642cf3b0e5797cd3d983a24c0"
    },
    {
      "type": "WEB",
      "url": "https://github.com/influxdata/influxdb/compare/v1.7.5...v1.7.6"
    },
    {
      "type": "WEB",
      "url": "https://github.com/ticarpi/jwt_tool/blob/a6ca3e0524a204b5add070bc6874cb4e7e5a9864/jwt_tool.py#L1368"
    },
    {
      "type": "WEB",
      "url": "https://lists.debian.org/debian-lts-announce/2020/12/msg00030.html"
    },
    {
      "type": "WEB",
      "url": "https://www.debian.org/security/2021/dsa-4823"
    }
  ],
  "affected": [
    {
      "package": {
        "name": "github.com/influxdata/influxdb/services/httpd",
        "ecosystem": "Go",
        "purl": "pkg:golang/github.com/influxdata/influxdb/services/httpd"
      },
      "ranges": [
        {
          "type": "SEMVER",
          "events": [
            {
              "introduced": "0"
            },
            {
              "fixed": "1.7.6"
            }
          ]
        }
      ],
      "database_specific": {
        "source": "https://github.com/github/advisory-database/blob/main/advisories/github-reviewed/2021/05/GHSA-2rmp-fw5r-j5qv/GHSA-2rmp-fw5r-j5qv.json"
      }
    }
  ],
  "schema_version": "1.2.0",
  "severity": [
    {
      "type": "CVSS_V3",
      "score": "CVSS:3.1/AV:N/AC:L/PR:N/UI:N/S:U/C:H/I:H/A:H"
    }
  ]
}