{
  "id": "GHSA-pmcr-2rhp-36hr",
  "summary": "SQL injection in github.com/navidrome/navidrome",
  "details": "model/criteria/criteria.go in Navidrome before 0.47.5 is vulnerable to SQL injection attacks when processing crafted Smart Playlists. An authenticated user could abuse this to extract arbitrary data from the database, including the user table (which contains sensitive information such as the users' encrypted passwords).",
  "aliases": [
    "CVE-2022-23857"
  ],
  "modified": "2022-01-25T21:03:46Z",
  "published": "2022-01-27T16:23:02Z",
  "database_specific": {
    "cwe_ids": [
      "CWE-89"
    ],
    "severity": "MODERATE",
    "github_reviewed": true
  },
  "references": [
    {
      "type": "ADVISORY",
      "url": "https://nvd.nist.gov/vuln/detail/CVE-2022-23857"
    },
    {
      "type": "WEB",
      "url": "https://github.com/navidrome/navidrome/commit/9e79b5cbf2a48c1e4344df00fea4ed3844ea965d"
    },
    {
      "type": "WEB",
      "url": "https://github.com/navidrome/navidrome/releases/tag/v0.47.5"
    },
    {
      "type": "PACKAGE",
      "url": "https://github.com/navidrome/navidrome"
    }
  ],
  "affected": [
    {
      "package": {
        "name": "github.com/navidrome/navidrome",
        "ecosystem": "Go",
        "purl": "pkg:golang/github.com/navidrome/navidrome"
      },
      "ranges": [
        {
          "type": "SEMVER",
          "events": [
            {
              "introduced": "0"
            },
            {
              "fixed": "0.47.5"
            }
          ]
        }
      ],
      "database_specific": {
        "source": "https://github.com/github/advisory-database/blob/main/advisories/github-reviewed/2022/01/GHSA-pmcr-2rhp-36hr/GHSA-pmcr-2rhp-36hr.json"
      }
    }
  ],
  "schema_version": "1.2.0"
}