{
  "id": "GHSA-35vc-w93w-75c2",
  "summary": "JWT leak via Open Redirect in Programmatic access",
  "details": "### Impact\nUsing programmatic access on protected sites, one can get a signed login URL with pomerium_redirect_uri set to an arbitrary URL. Then, if the user has already logged into Pomerium, they will be redirected to the specified pomerium_redirect_uri with a JWT attached. This allows an outside attacker to get a signed login URL that, upon visiting it, will redirect a victim to the attacker\u2019s site. This creates an issue of Open Redirect and, more seriously, JWT leakage.\n\nWith a leaked JWT, the attacker will be able to unveil the victim\u2019s identity (.e.g. email address) by supplying the JWT to the authenticate service or verify.pomerium.com. In addition, if an application integrating Pomerium only verifies the iss claim and others but not the aud claim, the attacker will be able to access it as the victim.\n\n### Patches\nPatched in Pomerium v0.13.4\n\n### For more information\nIf you have any questions or comments about this advisory\n* Open an issue in [pomerium](http://github.com/pomerium/pomerium)\n* Email us at [security@pomerium.com](mailto:security@pomerium.com)",
  "aliases": [
    "CVE-2021-29651"
  ],
  "modified": "2021-05-20T20:25:40Z",
  "published": "2021-05-21T16:24:34Z",
  "database_specific": {
    "cwe_ids": [
      "CWE-200",
      "CWE-601"
    ],
    "severity": "HIGH",
    "github_reviewed": true
  },
  "references": [
    {
      "type": "WEB",
      "url": "https://github.com/pomerium/pomerium/security/advisories/GHSA-35vc-w93w-75c2"
    },
    {
      "type": "ADVISORY",
      "url": "https://nvd.nist.gov/vuln/detail/CVE-2021-29651"
    },
    {
      "type": "WEB",
      "url": "https://github.com/pomerium/pomerium/pull/2049"
    }
  ],
  "affected": [
    {
      "package": {
        "name": "github.com/pomerium/pomerium",
        "ecosystem": "Go",
        "purl": "pkg:golang/github.com/pomerium/pomerium"
      },
      "ranges": [
        {
          "type": "SEMVER",
          "events": [
            {
              "introduced": "0"
            },
            {
              "fixed": "0.13.4"
            }
          ]
        }
      ],
      "database_specific": {
        "source": "https://github.com/github/advisory-database/blob/main/advisories/github-reviewed/2021/05/GHSA-35vc-w93w-75c2/GHSA-35vc-w93w-75c2.json"
      }
    },
    {
      "package": {
        "name": "github.com/pomerium/pomerium/proxy",
        "ecosystem": "Go",
        "purl": "pkg:golang/github.com/pomerium/pomerium/proxy"
      },
      "ranges": [
        {
          "type": "SEMVER",
          "events": [
            {
              "introduced": "0"
            },
            {
              "fixed": "0.13.4"
            }
          ]
        }
      ],
      "database_specific": {
        "source": "https://github.com/github/advisory-database/blob/main/advisories/github-reviewed/2021/05/GHSA-35vc-w93w-75c2/GHSA-35vc-w93w-75c2.json"
      }
    }
  ],
  "schema_version": "1.2.0",
  "severity": [
    {
      "type": "CVSS_V3",
      "score": "CVSS:3.1/AV:N/AC:L/PR:L/UI:R/S:U/C:H/I:L/A:N"
    }
  ]
}