{
  "id": "GHSA-rqjq-mrgx-85hp",
  "summary": "Allocation of Resources Without Limits or Throttling in Hashicorp Consul",
  "details": "HashiCorp Consul and Consul Enterprise include an HTTP API (introduced in 1.2.0) and DNS (introduced in 1.4.3) caching feature that was vulnerable to denial of service. Fixed in 1.6.6 and 1.7.4.",
  "aliases": [
    "CVE-2020-13250"
  ],
  "modified": "2021-07-29T18:19:34Z",
  "published": "2021-05-18T18:21:35Z",
  "database_specific": {
    "github_reviewed": true,
    "severity": "HIGH",
    "cwe_ids": [
      "CWE-770"
    ]
  },
  "references": [
    {
      "type": "ADVISORY",
      "url": "https://nvd.nist.gov/vuln/detail/CVE-2020-13250"
    },
    {
      "type": "WEB",
      "url": "https://github.com/hashicorp/consul/pull/8023"
    },
    {
      "type": "WEB",
      "url": "https://github.com/hashicorp/consul/commit/72f92ae7ca4cabc1dc3069362a9b64ef46941432"
    },
    {
      "type": "WEB",
      "url": "https://github.com/hashicorp/consul/blob/v1.6.6/CHANGELOG.md"
    },
    {
      "type": "WEB",
      "url": "https://github.com/hashicorp/consul/blob/v1.7.4/CHANGELOG.md"
    }
  ],
  "affected": [
    {
      "package": {
        "name": "github.com/hashicorp/consul/agent/config",
        "ecosystem": "Go",
        "purl": "pkg:golang/github.com/hashicorp/consul/agent/config"
      },
      "ranges": [
        {
          "type": "SEMVER",
          "events": [
            {
              "introduced": "1.2.0"
            },
            {
              "fixed": "1.6.6"
            }
          ]
        }
      ],
      "database_specific": {
        "source": "https://github.com/github/advisory-database/blob/main/advisories/github-reviewed/2021/05/GHSA-rqjq-mrgx-85hp/GHSA-rqjq-mrgx-85hp.json"
      }
    },
    {
      "package": {
        "name": "github.com/hashicorp/consul/agent/config",
        "ecosystem": "Go",
        "purl": "pkg:golang/github.com/hashicorp/consul/agent/config"
      },
      "ranges": [
        {
          "type": "SEMVER",
          "events": [
            {
              "introduced": "1.7.0"
            },
            {
              "fixed": "1.7.4"
            }
          ]
        }
      ],
      "database_specific": {
        "source": "https://github.com/github/advisory-database/blob/main/advisories/github-reviewed/2021/05/GHSA-rqjq-mrgx-85hp/GHSA-rqjq-mrgx-85hp.json"
      }
    }
  ],
  "schema_version": "1.2.0",
  "severity": [
    {
      "type": "CVSS_V3",
      "score": "CVSS:3.1/AV:N/AC:L/PR:N/UI:N/S:U/C:N/I:N/A:H"
    }
  ]
}