{
  "id": "GHSA-3cf2-x423-x582",
  "summary": "Exposure of Sensitive Information to an Unauthorized Actor and Origin Validation Error in podman",
  "details": "A flaw was found in podman. The `podman machine` function (used to create and manage Podman virtual machine containing a Podman process) spawns a `gvproxy` process on the host system. The `gvproxy` API is accessible on port 7777 on all IP addresses on the host. If that port is open on the host's firewall, an attacker can potentially use the `gvproxy` API to forward ports on the host to ports in the VM, making private services on the VM accessible to the network. This issue could be also used to interrupt the host's services by forwarding all ports to the VM.",
  "aliases": [
    "CVE-2021-4024"
  ],
  "modified": "2022-02-09T18:28:05Z",
  "published": "2022-01-06T21:12:50Z",
  "database_specific": {
    "github_reviewed": true,
    "cwe_ids": [
      "CWE-200",
      "CWE-346"
    ],
    "severity": "MODERATE"
  },
  "references": [
    {
      "type": "ADVISORY",
      "url": "https://nvd.nist.gov/vuln/detail/CVE-2021-4024"
    },
    {
      "type": "WEB",
      "url": "https://bugzilla.redhat.com/show_bug.cgi?id=2026675,"
    },
    {
      "type": "WEB",
      "url": "https://github.com/containers/podman/releases/tag/v3.4.3"
    },
    {
      "type": "WEB",
      "url": "https://lists.fedoraproject.org/archives/list/package-announce@lists.fedoraproject.org/message/QFFVJ6S3ZRMPDYB7KYAWEMDHXFZYQPU3/"
    },
    {
      "type": "PACKAGE",
      "url": "https://github.com/containers/podman"
    }
  ],
  "affected": [
    {
      "package": {
        "name": "github.com/containers/podman/v3",
        "ecosystem": "Go",
        "purl": "pkg:golang/github.com/containers/podman/v3"
      },
      "ranges": [
        {
          "type": "SEMVER",
          "events": [
            {
              "introduced": "0"
            },
            {
              "fixed": "3.4.3"
            }
          ]
        }
      ],
      "database_specific": {
        "source": "https://github.com/github/advisory-database/blob/main/advisories/github-reviewed/2022/01/GHSA-3cf2-x423-x582/GHSA-3cf2-x423-x582.json"
      }
    }
  ],
  "schema_version": "1.2.0",
  "severity": [
    {
      "type": "CVSS_V3",
      "score": "CVSS:3.1/AV:N/AC:L/PR:N/UI:N/S:U/C:L/I:N/A:L"
    }
  ]
}