{
  "id": "GHSA-g9wh-3vrx-r7hg",
  "summary": "OctoRPKI crashes when processing GZIP bomb returned via malicious repository",
  "details": "OctoRPKI tries to load the entire contents of a repository in memory, and in the case of a GZIP bomb, unzip it in memory, making it possible to create a repository that makes OctoRPKI run out of memory (and thus crash). \n\n## Patches\n\n## For more information\nIf you have any questions or comments about this advisory email us at security@cloudflare.com\n\n",
  "aliases": [
    "CVE-2021-3912"
  ],
  "modified": "2021-11-10T18:19:37Z",
  "published": "2021-11-10T20:39:23Z",
  "database_specific": {
    "cwe_ids": [
      "CWE-400"
    ],
    "severity": "MODERATE",
    "github_reviewed": true
  },
  "references": [
    {
      "type": "WEB",
      "url": "https://github.com/cloudflare/cfrpki/security/advisories/GHSA-g9wh-3vrx-r7hg"
    },
    {
      "type": "ADVISORY",
      "url": "https://nvd.nist.gov/vuln/detail/CVE-2021-3912"
    },
    {
      "type": "WEB",
      "url": "https://www.debian.org/security/2022/dsa-5041"
    },
    {
      "type": "PACKAGE",
      "url": "github.com/cloudflare/cfrpki"
    }
  ],
  "affected": [
    {
      "package": {
        "name": "github.com/cloudflare/cfrpki",
        "ecosystem": "Go",
        "purl": "pkg:golang/github.com/cloudflare/cfrpki"
      },
      "ranges": [
        {
          "type": "SEMVER",
          "events": [
            {
              "introduced": "0"
            },
            {
              "fixed": "1.4"
            }
          ]
        }
      ],
      "database_specific": {
        "source": "https://github.com/github/advisory-database/blob/main/advisories/github-reviewed/2021/11/GHSA-g9wh-3vrx-r7hg/GHSA-g9wh-3vrx-r7hg.json"
      }
    }
  ],
  "schema_version": "1.2.0",
  "severity": [
    {
      "type": "CVSS_V3",
      "score": "CVSS:3.1/AV:N/AC:H/PR:H/UI:R/S:U/C:N/I:N/A:H"
    }
  ]
}