{
  "id": "GHSA-5m8f-chrv-7rw5",
  "summary": "Denial of Service in Go-Ethereum",
  "details": "Go-Ethereum 1.10.9 nodes crash (denial of service) after receiving a serial of messages and cannot be recovered. They will crash with \"runtime error: invalid memory address or nil pointer dereference\" and arise a SEGV signal.",
  "aliases": [
    "CVE-2021-43668"
  ],
  "modified": "2021-11-19T13:19:43Z",
  "published": "2021-11-23T18:04:47Z",
  "database_specific": {
    "cwe_ids": [
      "CWE-476"
    ],
    "github_reviewed": true,
    "severity": "MODERATE"
  },
  "references": [
    {
      "type": "ADVISORY",
      "url": "https://nvd.nist.gov/vuln/detail/CVE-2021-43668"
    },
    {
      "type": "WEB",
      "url": "https://github.com/ethereum/go-ethereum/issues/23866"
    },
    {
      "type": "WEB",
      "url": "https://github.com/syndtr/goleveldb/issues/373"
    },
    {
      "type": "PACKAGE",
      "url": "https://github.com/ethereum/go-ethereum"
    }
  ],
  "affected": [
    {
      "package": {
        "name": "github.com/ethereum/go-ethereum",
        "ecosystem": "Go",
        "purl": "pkg:golang/github.com/ethereum/go-ethereum"
      },
      "ranges": [
        {
          "type": "SEMVER",
          "events": [
            {
              "introduced": "0"
            }
          ]
        }
      ],
      "database_specific": {
        "last_known_affected_version_range": "<= 1.10.9",
        "source": "https://github.com/github/advisory-database/blob/main/advisories/github-reviewed/2021/11/GHSA-5m8f-chrv-7rw5/GHSA-5m8f-chrv-7rw5.json"
      }
    }
  ],
  "schema_version": "1.2.0"
}