{
  "id": "GHSA-j756-f273-xhp4",
  "summary": "Import token permissions checking not enforced",
  "details": "(This advisory is canonically <https://advisories.nats.io/CVE/CVE-2021-3127.txt>)\n\n## Problem Description\n\nThe NATS server provides for Subjects which are namespaced by Account; all Subjects are supposed to be private to an account, with an Export/Import system used to grant cross-account access to some Subjects.  Some Exports are public, such that anyone can import the\nrelevant subjects, and some Exports are private, such that the Import requires a token JWT to prove permission.\n\nThe JWT library's validation of the bindings in the Import Token incorrectly warned on mismatches, instead of outright rejecting the token.\n\nAs a result, any account can take an Import token used by any other account and re-use it for themselves because the binding to the\nimporting account is not rejected, and use it to import *any* Subject from the Exporting account, not just the Subject referenced in the Import Token.\n\nThe NATS account-server system treats account JWTs as semi-public information, such that an attacker can easily enumerate all account JWTs and retrieve all Import Tokens from those account JWTs.\n\nThe CVE identifier should cover the JWT library repair and the nats-server containing the fixed JWT library, and any other application depending upon the fixed JWT library.\n\n\n## Affected versions\n\n#### JWT library\n\n * all versions prior to 2.0.1\n * fixed after nats-io/jwt#149 landed (2021-03-14)\n\n#### NATS Server\n\n * Version 2 prior to 2.2.0\n   + 2.0.0 through and including 2.1.9 are vulnerable\n * fixed with nats-io/nats-server@423b79440c (2021-03-14)\n\n\n## Impact\n\nIn deployments with untrusted accounts able to update the Account Server with imports, a malicious account can access any Subject from an account which provides Exported Subjects.\n\nAbuse of this facility requires the malicious actor to upload their tampered Account JWT to the Account Server, providing the service operator with a data-store which can be scanned for signs of abuse.\n\n\n## Workaround\n\nDeny access to clients to update their account JWT in the account server.\n\n\n## Solution\n\nUpgrade the JWT dependency in any application using it.\n\nUpgrade the NATS server if using NATS Accounts (with private Exports; Account owners can create those at any time though).\n\nAudit all accounts JWTs to scan for exploit attempts; a Python script to audit the accounts can be found at <https://gist.github.com/philpennock/09d49524ad98043ff11d8a40c2bb0d5a>.",
  "modified": "2021-05-20T21:01:49Z",
  "published": "2021-05-21T16:22:20Z",
  "database_specific": {
    "severity": "CRITICAL",
    "github_reviewed": true,
    "cwe_ids": [
      "CWE-863"
    ]
  },
  "references": [
    {
      "type": "WEB",
      "url": "https://github.com/nats-io/nats-server/security/advisories/GHSA-j756-f273-xhp4"
    }
  ],
  "affected": [
    {
      "package": {
        "name": "github.com/nats-io/nats-server/v2",
        "ecosystem": "Go",
        "purl": "pkg:golang/github.com/nats-io/nats-server/v2"
      },
      "ranges": [
        {
          "type": "SEMVER",
          "events": [
            {
              "introduced": "0"
            },
            {
              "fixed": "2.2.0"
            }
          ]
        }
      ],
      "database_specific": {
        "source": "https://github.com/github/advisory-database/blob/main/advisories/github-reviewed/2021/05/GHSA-j756-f273-xhp4/GHSA-j756-f273-xhp4.json"
      }
    }
  ],
  "schema_version": "1.2.0",
  "severity": [
    {
      "type": "CVSS_V3",
      "score": "CVSS:3.1/AV:N/AC:L/PR:N/UI:N/S:U/C:H/I:N/A:N"
    }
  ]
}