{
  "id": "GHSA-2x32-jm95-2cpx",
  "summary": "Authentication Bypass in dex",
  "details": "A vulnerability exists in the SAML connector of the github.com/dexidp/dex library used to process SAML Signature Validation. This flaw allows an attacker to bypass SAML authentication. The highest threat from this vulnerability is to confidentiality, integrity, as well as system availability. This flaw affects dex versions before 2.27.0.",
  "aliases": [
    "CVE-2020-27847"
  ],
  "modified": "2021-06-01T17:58:22Z",
  "published": "2021-12-20T17:52:12Z",
  "database_specific": {
    "github_reviewed": true,
    "cwe_ids": [
      "CWE-228",
      "CWE-290"
    ],
    "severity": "CRITICAL"
  },
  "references": [
    {
      "type": "WEB",
      "url": "https://github.com/dexidp/dex/security/advisories/GHSA-m9hp-7r99-94h5"
    },
    {
      "type": "ADVISORY",
      "url": "https://nvd.nist.gov/vuln/detail/CVE-2020-27847"
    },
    {
      "type": "WEB",
      "url": "https://bugzilla.redhat.com/show_bug.cgi?id=1907732"
    },
    {
      "type": "WEB",
      "url": "https://mattermost.com/blog/coordinated-disclosure-go-xml-vulnerabilities/"
    }
  ],
  "affected": [
    {
      "package": {
        "name": "github.com/dexidp/dex",
        "ecosystem": "Go",
        "purl": "pkg:golang/github.com/dexidp/dex"
      },
      "ranges": [
        {
          "type": "SEMVER",
          "events": [
            {
              "introduced": "0"
            },
            {
              "fixed": "2.27.0"
            }
          ]
        }
      ],
      "database_specific": {
        "source": "https://github.com/github/advisory-database/blob/main/advisories/github-reviewed/2021/12/GHSA-2x32-jm95-2cpx/GHSA-2x32-jm95-2cpx.json"
      }
    }
  ],
  "schema_version": "1.2.0",
  "severity": [
    {
      "type": "CVSS_V3",
      "score": "CVSS:3.1/AV:N/AC:L/PR:N/UI:N/S:U/C:H/I:H/A:H"
    }
  ]
}