{
  "id": "GHSA-27pv-q55r-222g",
  "summary": "Path traversal in github.com/ipfs/go-ipfs",
  "details": "### Impact\nIt is currently possible for path traversal to occur with DAGs containing relative paths during retrieval. This can cause files to be overwritten, or written to incorrect output directories. The issue can only occur when `ipfs get` is done on an affected DAG.\n\n1. The only affected command is `ipfs get`.\n2. The gateway is not affected.\n\n### Patches\nTraversal fix patched in https://github.com/whyrusleeping/tar-utils/commit/20a61371de5b51380bbdb0c7935b30b0625ac227\n`tar-utils` patch applied to go-ipfs via https://github.com/ipfs/go-ipfs/commit/b7ddba7fe47dee5b1760b8ffe897908417e577b2\n\n### Workarounds\nUpgrade to go-ipfs 0.8 or later.\n\n### References\nBinaries for the patched versions of go-ipfs are available on the IPFS distributions site, https://dist.ipfs.io/go-ipfs\n\n### For more information\nIf you have any questions or comments about this advisory:\n* Open an issue in [go-ipfs](https://github.com/ipfs/go-ipfs)\n* Email us at [security@ipfs.io](mailto:security@ipfs.io)",
  "aliases": [
    "CVE-2020-26279"
  ],
  "modified": "2021-05-21T18:31:52Z",
  "published": "2021-06-23T17:27:44Z",
  "database_specific": {
    "cwe_ids": [
      "CWE-22"
    ],
    "github_reviewed": true,
    "severity": "HIGH"
  },
  "references": [
    {
      "type": "WEB",
      "url": "https://github.com/ipfs/go-ipfs/security/advisories/GHSA-27pv-q55r-222g"
    },
    {
      "type": "ADVISORY",
      "url": "https://nvd.nist.gov/vuln/detail/CVE-2020-26279"
    },
    {
      "type": "WEB",
      "url": "https://github.com/ipfs/go-ipfs/commit/b7ddba7fe47dee5b1760b8ffe897908417e577b2"
    },
    {
      "type": "WEB",
      "url": "https://github.com/whyrusleeping/tar-utils/commit/20a61371de5b51380bbdb0c7935b30b0625ac227"
    }
  ],
  "affected": [
    {
      "package": {
        "name": "github.com/ipfs/go-ipfs",
        "ecosystem": "Go",
        "purl": "pkg:golang/github.com/ipfs/go-ipfs"
      },
      "ranges": [
        {
          "type": "SEMVER",
          "events": [
            {
              "introduced": "0"
            },
            {
              "fixed": "0.8.0"
            }
          ]
        }
      ],
      "database_specific": {
        "source": "https://github.com/github/advisory-database/blob/main/advisories/github-reviewed/2021/06/GHSA-27pv-q55r-222g/GHSA-27pv-q55r-222g.json"
      }
    }
  ],
  "schema_version": "1.2.0",
  "severity": [
    {
      "type": "CVSS_V3",
      "score": "CVSS:3.1/AV:N/AC:H/PR:L/UI:R/S:C/C:H/I:H/A:N"
    }
  ]
}