{
  "id": "GHSA-ch68-7cf4-35vr",
  "summary": "Limited ability to spoof SAML authentication with missing audience verification in Fleet",
  "details": "### Impact\n\nThis impacts deployments using SAML SSO in two specific cases:\n\n1. A malicious or compromised Service Provider (SP) could reuse the SAML response to log into Fleet as a user -- only if the user has an account with the same email in Fleet, _and_ the user signs into the malicious SP via SAML SSO from the same Identity Provider (IdP) configured with Fleet.\n2. A user with an account in Fleet could reuse a SAML response intended for another SP to log into Fleet. This is only a concern if the user is blocked from Fleet in the IdP, but continues to have an account in Fleet. If the user is blocked from the IdP entirely, this cannot be exploited.\n\n### Patches\nFleet 4.9.1 resolves this issue.\n\n### Workarounds and good practices\n* Reduce the length of sessions on your IdP to reduce the window for malicious re-use.\n* Limit the amount of SAML Service Providers/Applications used by user accounts with access to Fleet.\n* When removing access to Fleet in the IdP, delete the Fleet user from Fleet as well.\n\n### For more information\nIf you have any questions or comments about this advisory:\n* Join us in the #fleet channel of [osquery Slack](https://join.slack.com/t/osquery/shared_invite/zt-h29zm0gk-s2DBtGUTW4CFel0f0IjTEw).\n* Email us at [security@fleetdm.com](mailto:security@fleetdm.com).",
  "aliases": [
    "CVE-2022-23600"
  ],
  "modified": "2022-02-07T21:57:38Z",
  "published": "2022-02-07T21:57:38Z",
  "database_specific": {
    "github_reviewed": true,
    "cwe_ids": [
      "CWE-284",
      "CWE-287"
    ],
    "severity": "MODERATE"
  },
  "references": [
    {
      "type": "WEB",
      "url": "https://github.com/fleetdm/fleet/security/advisories/GHSA-ch68-7cf4-35vr"
    },
    {
      "type": "ADVISORY",
      "url": "https://nvd.nist.gov/vuln/detail/CVE-2022-23600"
    },
    {
      "type": "WEB",
      "url": "https://github.com/fleetdm/fleet/commit/35d5a7b285f15ddd47486fa656e8b1acf3d48374"
    },
    {
      "type": "PACKAGE",
      "url": "https://github.com/fleetdm/fleet"
    }
  ],
  "affected": [
    {
      "package": {
        "name": "github.com/fleetdm/fleet/v4",
        "ecosystem": "Go",
        "purl": "pkg:golang/github.com/fleetdm/fleet/v4"
      },
      "ranges": [
        {
          "type": "SEMVER",
          "events": [
            {
              "introduced": "0"
            },
            {
              "fixed": "4.9.1"
            }
          ]
        }
      ],
      "database_specific": {
        "source": "https://github.com/github/advisory-database/blob/main/advisories/github-reviewed/2022/02/GHSA-ch68-7cf4-35vr/GHSA-ch68-7cf4-35vr.json"
      }
    }
  ],
  "schema_version": "1.2.0",
  "severity": [
    {
      "type": "CVSS_V3",
      "score": "CVSS:3.1/AV:N/AC:H/PR:L/UI:N/S:U/C:H/I:N/A:N"
    }
  ]
}