{
  "id": "GHSA-g7v2-2qxx-wjrw",
  "summary": "Symlink Attack in Libcontainer and Docker Engine",
  "details": "Libcontainer and Docker Engine before 1.6.1 opens the file-descriptor passed to the pid-1 process before performing the chroot, which allows local users to gain privileges via a symlink attack in an image.",
  "aliases": [
    "CVE-2015-3627"
  ],
  "modified": "2021-05-20T16:33:03Z",
  "published": "2022-02-15T01:18:02Z",
  "database_specific": {
    "github_reviewed": true,
    "cwe_ids": [
      "CWE-59"
    ],
    "severity": "MODERATE"
  },
  "references": [
    {
      "type": "ADVISORY",
      "url": "https://nvd.nist.gov/vuln/detail/CVE-2015-3627"
    },
    {
      "type": "WEB",
      "url": "https://github.com/docker/docker/commit/d5ebb60bddbabea0439213501f4f6ed494b23cba"
    },
    {
      "type": "WEB",
      "url": "https://groups.google.com/forum/#!searchin/docker-user/1.6.1/docker-user/47GZrihtr-4/nwgeOOFLexIJ"
    },
    {
      "type": "WEB",
      "url": "https://groups.google.com/forum/#%21searchin/docker-user/1.6.1/docker-user/47GZrihtr-4/nwgeOOFLexIJ"
    },
    {
      "type": "WEB",
      "url": "https://lists.opensuse.org/opensuse-updates/2015-05/msg00023.html"
    },
    {
      "type": "WEB",
      "url": "https://packetstormsecurity.com/files/131835/Docker-Privilege-Escalation-Information-Disclosure.html"
    },
    {
      "type": "WEB",
      "url": "https://seclists.org/fulldisclosure/2015/May/28"
    }
  ],
  "affected": [
    {
      "package": {
        "name": "github.com/docker/docker",
        "ecosystem": "Go",
        "purl": "pkg:golang/github.com/docker/docker"
      },
      "ranges": [
        {
          "type": "SEMVER",
          "events": [
            {
              "introduced": "0"
            },
            {
              "fixed": "1.6.1"
            }
          ]
        }
      ],
      "database_specific": {
        "source": "https://github.com/github/advisory-database/blob/main/advisories/github-reviewed/2022/02/GHSA-g7v2-2qxx-wjrw/GHSA-g7v2-2qxx-wjrw.json"
      }
    }
  ],
  "schema_version": "1.2.0"
}