{
  "id": "GHSA-qh36-44jv-c8xj",
  "summary": "Potential proxy IP restriction bypass in Kubernetes",
  "details": "As mitigations to a report from 2019 and CVE-2020-8555, Kubernetes attempts to prevent proxied connections from accessing link-local or localhost networks when making user-driven connections to Services, Pods, Nodes, or StorageClass service providers. As part of this mitigation Kubernetes does a DNS name resolution check and validates that response IPs are not in the link-local (169.254.0.0/16) or localhost (127.0.0.0/8) range. Kubernetes then performs a second DNS resolution without validation for the actual connection. If a non-standard DNS server returns different non-cached responses, a user may be able to bypass the proxy IP restriction and access private networks on the control plane.",
  "aliases": [
    "CVE-2020-8562"
  ],
  "modified": "2022-02-08T17:36:20Z",
  "published": "2022-02-02T00:01:58Z",
  "database_specific": {
    "github_reviewed": true,
    "severity": "LOW",
    "cwe_ids": [
      "CWE-367"
    ]
  },
  "references": [
    {
      "type": "ADVISORY",
      "url": "https://nvd.nist.gov/vuln/detail/CVE-2020-8562"
    },
    {
      "type": "WEB",
      "url": "https://github.com/kubernetes/kubernetes/issues/101493"
    },
    {
      "type": "WEB",
      "url": "https://groups.google.com/g/kubernetes-security-announce/c/-MFX60_wdOY"
    },
    {
      "type": "PACKAGE",
      "url": "https://github.com/kubernetes/kubernetes"
    }
  ],
  "affected": [
    {
      "package": {
        "name": "k8s.io/kubernetes",
        "ecosystem": "Go",
        "purl": "pkg:golang/k8s.io/kubernetes"
      },
      "ranges": [
        {
          "type": "SEMVER",
          "events": [
            {
              "introduced": "1.21.0"
            },
            {
              "fixed": "1.21.1"
            }
          ]
        }
      ],
      "database_specific": {
        "source": "https://github.com/github/advisory-database/blob/main/advisories/github-reviewed/2022/02/GHSA-qh36-44jv-c8xj/GHSA-qh36-44jv-c8xj.json"
      }
    },
    {
      "package": {
        "name": "k8s.io/kubernetes",
        "ecosystem": "Go",
        "purl": "pkg:golang/k8s.io/kubernetes"
      },
      "ranges": [
        {
          "type": "SEMVER",
          "events": [
            {
              "introduced": "1.20.0"
            },
            {
              "fixed": "1.20.7"
            }
          ]
        }
      ],
      "database_specific": {
        "source": "https://github.com/github/advisory-database/blob/main/advisories/github-reviewed/2022/02/GHSA-qh36-44jv-c8xj/GHSA-qh36-44jv-c8xj.json"
      }
    },
    {
      "package": {
        "name": "k8s.io/kubernetes",
        "ecosystem": "Go",
        "purl": "pkg:golang/k8s.io/kubernetes"
      },
      "ranges": [
        {
          "type": "SEMVER",
          "events": [
            {
              "introduced": "1.19.0"
            },
            {
              "fixed": "1.19.11"
            }
          ]
        }
      ],
      "database_specific": {
        "source": "https://github.com/github/advisory-database/blob/main/advisories/github-reviewed/2022/02/GHSA-qh36-44jv-c8xj/GHSA-qh36-44jv-c8xj.json"
      }
    },
    {
      "package": {
        "name": "k8s.io/kubernetes",
        "ecosystem": "Go",
        "purl": "pkg:golang/k8s.io/kubernetes"
      },
      "ranges": [
        {
          "type": "SEMVER",
          "events": [
            {
              "introduced": "0"
            },
            {
              "fixed": "1.18.19"
            }
          ]
        }
      ],
      "database_specific": {
        "source": "https://github.com/github/advisory-database/blob/main/advisories/github-reviewed/2022/02/GHSA-qh36-44jv-c8xj/GHSA-qh36-44jv-c8xj.json"
      }
    }
  ],
  "schema_version": "1.2.0",
  "severity": [
    {
      "type": "CVSS_V3",
      "score": "CVSS:3.1/AV:N/AC:H/PR:H/UI:N/S:U/C:L/I:N/A:N"
    }
  ]
}