{
  "id": "GHSA-fgv8-vj5c-2ppq",
  "summary": "Incorrect Authorization in runc",
  "details": "runc through 1.0.0-rc8, as used in Docker through 19.03.2-ce and other products, allows AppArmor restriction bypass because libcontainer/rootfs_linux.go incorrectly checks mount targets, and thus a malicious Docker image can mount over a /proc directory.",
  "aliases": [
    "CVE-2019-16884"
  ],
  "modified": "2022-02-22T15:38:08Z",
  "published": "2022-02-22T15:38:08Z",
  "database_specific": {
    "severity": "HIGH",
    "github_reviewed": true,
    "cwe_ids": [
      "CWE-863"
    ]
  },
  "references": [
    {
      "type": "ADVISORY",
      "url": "https://nvd.nist.gov/vuln/detail/CVE-2019-16884"
    },
    {
      "type": "WEB",
      "url": "https://github.com/opencontainers/runc/issues/2128"
    },
    {
      "type": "WEB",
      "url": "https://github.com/opencontainers/runc/pull/2129"
    },
    {
      "type": "WEB",
      "url": "https://github.com/crosbymichael/runc/commit/78dce1cf1ec36bbe7fe6767bdb81f7cbf6d34d70"
    },
    {
      "type": "WEB",
      "url": "https://access.redhat.com/errata/RHSA-2019:3940"
    },
    {
      "type": "WEB",
      "url": "https://access.redhat.com/errata/RHSA-2019:4074"
    },
    {
      "type": "WEB",
      "url": "https://access.redhat.com/errata/RHSA-2019:4269"
    },
    {
      "type": "WEB",
      "url": "https://lists.fedoraproject.org/archives/list/package-announce@lists.fedoraproject.org/message/62OQ2P7K5YDZ5BRCH2Q6DHUJIHQD3QCD/"
    },
    {
      "type": "WEB",
      "url": "https://lists.fedoraproject.org/archives/list/package-announce@lists.fedoraproject.org/message/DGK6IV5JGVDXHOXEKJOJWKOVNZLT6MYR/"
    },
    {
      "type": "WEB",
      "url": "https://lists.fedoraproject.org/archives/list/package-announce@lists.fedoraproject.org/message/SPK4JWP32BUIVDJ3YODZSOEVEW6BHQCF/"
    },
    {
      "type": "WEB",
      "url": "https://security.gentoo.org/glsa/202003-21"
    },
    {
      "type": "WEB",
      "url": "https://security.netapp.com/advisory/ntap-20220221-0004/"
    },
    {
      "type": "WEB",
      "url": "https://usn.ubuntu.com/4297-1/"
    },
    {
      "type": "WEB",
      "url": "http://lists.opensuse.org/opensuse-security-announce/2019-10/msg00073.html"
    },
    {
      "type": "WEB",
      "url": "http://lists.opensuse.org/opensuse-security-announce/2019-11/msg00009.html"
    },
    {
      "type": "WEB",
      "url": "http://lists.opensuse.org/opensuse-security-announce/2020-01/msg00010.html"
    }
  ],
  "affected": [
    {
      "package": {
        "name": "github.com/opencontainers/runc",
        "ecosystem": "Go",
        "purl": "pkg:golang/github.com/opencontainers/runc"
      },
      "ranges": [
        {
          "type": "SEMVER",
          "events": [
            {
              "introduced": "0"
            },
            {
              "fixed": "1.0.0-rc9"
            }
          ]
        }
      ],
      "database_specific": {
        "last_known_affected_version_range": "<= 1.0.0-rc8",
        "source": "https://github.com/github/advisory-database/blob/main/advisories/github-reviewed/2022/02/GHSA-fgv8-vj5c-2ppq/GHSA-fgv8-vj5c-2ppq.json"
      }
    }
  ],
  "schema_version": "1.2.0",
  "severity": [
    {
      "type": "CVSS_V3",
      "score": "CVSS:3.1/AV:N/AC:L/PR:L/UI:N/S:U/C:L/I:L/A:N"
    }
  ]
}