{
  "id": "GHSA-hwqm-x785-qh8p",
  "summary": "Incorrect Permission Assignment for Critical Resource\tin Hashicorp Consul",
  "details": "HashiCorp Consul and Consul Enterprise failed to enforce changes to legacy ACL token rules due to non-propagation to secondary data centers. Introduced in 1.4.0, fixed in 1.6.6 and 1.7.4.",
  "aliases": [
    "CVE-2020-12797"
  ],
  "modified": "2021-05-12T22:03:39Z",
  "published": "2021-06-23T17:52:33Z",
  "database_specific": {
    "cwe_ids": [
      "CWE-732"
    ],
    "severity": "MODERATE",
    "github_reviewed": true
  },
  "references": [
    {
      "type": "ADVISORY",
      "url": "https://nvd.nist.gov/vuln/detail/CVE-2020-12797"
    },
    {
      "type": "WEB",
      "url": "https://github.com/hashicorp/consul/issues/5606"
    },
    {
      "type": "WEB",
      "url": "https://github.com/hashicorp/consul/pull/8047"
    },
    {
      "type": "WEB",
      "url": "https://github.com/hashicorp/consul/commit/98eea08d3ba1b220a14cf6eedf3b6b07ae2795d7"
    },
    {
      "type": "WEB",
      "url": "https://github.com/hashicorp/consul/blob/v1.6.6/CHANGELOG.md"
    },
    {
      "type": "WEB",
      "url": "https://github.com/hashicorp/consul/blob/v1.7.4/CHANGELOG.md"
    }
  ],
  "affected": [
    {
      "package": {
        "name": "github.com/hashicorp/consul/agent/structs",
        "ecosystem": "Go",
        "purl": "pkg:golang/github.com/hashicorp/consul/agent/structs"
      },
      "ranges": [
        {
          "type": "SEMVER",
          "events": [
            {
              "introduced": "1.6.0"
            },
            {
              "fixed": "1.6.6"
            }
          ]
        }
      ],
      "database_specific": {
        "source": "https://github.com/github/advisory-database/blob/main/advisories/github-reviewed/2021/06/GHSA-hwqm-x785-qh8p/GHSA-hwqm-x785-qh8p.json"
      }
    },
    {
      "package": {
        "name": "github.com/hashicorp/consul/agent/structs",
        "ecosystem": "Go",
        "purl": "pkg:golang/github.com/hashicorp/consul/agent/structs"
      },
      "ranges": [
        {
          "type": "SEMVER",
          "events": [
            {
              "introduced": "1.7.0"
            },
            {
              "fixed": "1.7.4"
            }
          ]
        }
      ],
      "database_specific": {
        "source": "https://github.com/github/advisory-database/blob/main/advisories/github-reviewed/2021/06/GHSA-hwqm-x785-qh8p/GHSA-hwqm-x785-qh8p.json"
      }
    }
  ],
  "schema_version": "1.2.0",
  "severity": [
    {
      "type": "CVSS_V3",
      "score": "CVSS:3.1/AV:N/AC:H/PR:N/UI:N/S:U/C:L/I:N/A:N"
    }
  ]
}