{
  "id": "GHSA-4g4p-42wc-9f3m",
  "summary": "Git LFS can execute a Git binary from the current directory",
  "details": "### Impact\nOn Windows, if Git LFS operates on a malicious repository with a `git.bat` or `git.exe` file in the current directory, that program would be executed, permitting the attacker to execute arbitrary code.  This does not affect Unix systems.\n\nThis occurs because on Windows, Go includes (and prefers) the current directory when the name of a command run does not contain a directory separator.\n\n### Patches\nThis version should be patched in v2.12.1, which will be released in coordination with this security advisory.\n\n### Workarounds\nOther than avoiding untrusted repositories, there is no workaround.\n\n### For more information\nIf you have any questions or comments about this advisory:\n* Start a discussion in [the Git LFS discussion page](https://github.com/git-lfs/git-lfs/discussions).\n* If you cannot open a discussion, please email the core team using their usernames at `github.com`.",
  "aliases": [
    "CVE-2020-27955"
  ],
  "modified": "2022-02-11T23:39:18Z",
  "published": "2022-02-11T23:39:18Z",
  "database_specific": {
    "cwe_ids": [
      "CWE-427"
    ],
    "severity": "CRITICAL",
    "github_reviewed": true
  },
  "references": [
    {
      "type": "WEB",
      "url": "https://github.com/git-lfs/git-lfs/security/advisories/GHSA-4g4p-42wc-9f3m"
    },
    {
      "type": "ADVISORY",
      "url": "https://nvd.nist.gov/vuln/detail/CVE-2020-27955"
    },
    {
      "type": "WEB",
      "url": "https://github.com/git-lfs/git-lfs/releases"
    },
    {
      "type": "WEB",
      "url": "https://legalhackers.com/advisories/Git-LFS-RCE-Exploit-CVE-2020-27955.html"
    },
    {
      "type": "WEB",
      "url": "http://seclists.org/fulldisclosure/2020/Nov/1"
    },
    {
      "type": "PACKAGE",
      "url": "https://github.com/git-lfs/git-lfs"
    }
  ],
  "affected": [
    {
      "package": {
        "name": "github.com/git-lfs/git-lfs",
        "ecosystem": "Go",
        "purl": "pkg:golang/github.com/git-lfs/git-lfs"
      },
      "ranges": [
        {
          "type": "SEMVER",
          "events": [
            {
              "introduced": "0"
            },
            {
              "fixed": "2.12.1"
            }
          ]
        }
      ],
      "database_specific": {
        "source": "https://github.com/github/advisory-database/blob/main/advisories/github-reviewed/2022/02/GHSA-4g4p-42wc-9f3m/GHSA-4g4p-42wc-9f3m.json"
      }
    }
  ],
  "schema_version": "1.2.0",
  "severity": [
    {
      "type": "CVSS_V3",
      "score": "CVSS:3.1/AV:N/AC:L/PR:N/UI:N/S:U/C:H/I:H/A:H"
    }
  ]
}