{
  "id": "GHSA-mh3m-8c74-74xh",
  "summary": "Denial of Service in graphql-go",
  "details": "### Impact\nThis is a DoS vulnerability that is possible due to a bug in the library that would allow an attacker with specifically designed queries to cause stack overflow panics. Any user with access to the GraphQL handler can send these queries and cause stack overflows. This in turn could potentially compromise the ability of the server to serve data to its users. To make things worse the only mitigation in affected versions creates opportunities for other attacks. This issue is only available if you are using `graphql.MaxDepth` option in your schema (which is highly recommended in most cases).\n\n### Patches\nThe issue has been patched in version `v1.3.0`. We have been trying to maintain backwards compatibility and avoid breaking changes so upgrading should not be problematic. \n\n### Workarounds\nThe best workaround is to patch to a version greater than or equal to `v1.3.0`. \nOtherwise, the only workaround in versions prior to `v1.3.0` is to disable the `graphql.MaxDepth` option from your schema. Unfortunately, this could potentially create opportunities for other attacks.\n\n### References\nThere are no references or links. This issue was reported privately and was fixed before creating this Security Advisory.\n\n### For more information\nIf you have any questions or comments feel free to reach out to @pavelnikolov or @tony on the Gopher Slack.",
  "aliases": [
    "CVE-2022-21708"
  ],
  "modified": "2022-01-31T21:59:33Z",
  "published": "2022-01-27T15:28:06Z",
  "database_specific": {
    "cwe_ids": [
      "CWE-400"
    ],
    "severity": "MODERATE",
    "github_reviewed": true
  },
  "references": [
    {
      "type": "WEB",
      "url": "https://github.com/graph-gophers/graphql-go/security/advisories/GHSA-mh3m-8c74-74xh"
    },
    {
      "type": "ADVISORY",
      "url": "https://nvd.nist.gov/vuln/detail/CVE-2022-21708"
    },
    {
      "type": "WEB",
      "url": "https://github.com/graph-gophers/graphql-go/commit/eae31ca73eb3473c544710955d1dbebc22605bfe"
    },
    {
      "type": "PACKAGE",
      "url": "https://github.com/graph-gophers/graphql-go"
    }
  ],
  "affected": [
    {
      "package": {
        "name": "github.com/graph-gophers/graphql-go",
        "ecosystem": "Go",
        "purl": "pkg:golang/github.com/graph-gophers/graphql-go"
      },
      "ranges": [
        {
          "type": "SEMVER",
          "events": [
            {
              "introduced": "0"
            },
            {
              "fixed": "1.3.0"
            }
          ]
        }
      ],
      "database_specific": {
        "source": "https://github.com/github/advisory-database/blob/main/advisories/github-reviewed/2022/01/GHSA-mh3m-8c74-74xh/GHSA-mh3m-8c74-74xh.json"
      }
    }
  ],
  "schema_version": "1.2.0",
  "severity": [
    {
      "type": "CVSS_V3",
      "score": "CVSS:3.1/AV:N/AC:L/PR:L/UI:N/S:U/C:N/I:N/A:H"
    }
  ]
}