{
  "id": "GHSA-v95c-p5hm-xq8f",
  "summary": "Overflow in netlink bytemsg length field allows attacker to override netlink-based container configuration",
  "details": "### Impact\n\nIn runc, [netlink](https://www.man7.org/linux/man-pages/man7/netlink.7.html) is used internally as a serialization system for specifying the relevant container configuration to the C portion of our code (responsible for the based namespace setup of containers). In all versions of runc prior to 1.0.3, the encoder did not handle the possibility of an integer overflow in the 16-bit length field for the byte array attribute type, meaning that a large enough malicious byte array attribute could result in the length overflowing and the attribute contents being parsed as netlink messages for container configuration.\n\nThis vulnerability requires the attacker to have some control over the configuration of the container and would allow the attacker to bypass the namespace restrictions of the container by simply adding their own netlink payload which disables all namespaces.\n\nPrior to 9c444070ec7bb83995dbc0185da68284da71c554, in practice it was fairly difficult to specify an arbitrary-length netlink message with most container runtimes. The only user-controlled byte array was the namespace paths attributes which can be specified in runc's `config.json`, but as far as we can tell no container runtime gives raw access to that configuration setting -- and having raw access to that setting **would allow the attacker to disable namespace protections entirely anyway** (setting them to `/proc/1/ns/...` for instance). In addition, each namespace path is limited to 4096 bytes (with only 7 namespaces supported by runc at the moment) meaning that even with custom namespace paths it appears an attacker still cannot shove enough bytes into the netlink bytemsg in order to overflow the uint16 counter.\n\nHowever, out of an abundance of caution (given how old this bug is) we decided to treat it as a potentially exploitable vulnerability with a low severity. After 9c444070ec7bb83995dbc0185da68284da71c554 (which was not present in any release of runc prior to the discovery of this bug), all mount paths are included as a giant netlink message which means that this bug becomes significantly more exploitable in more reasonable threat scenarios.\n\nThe main users impacted are those who allow untrusted images with untrusted configurations to run on their machines (such as with shared cloud infrastructure), though as mentioned above it appears this bug was not practically exploitable on any released version of runc to date.\n\n### Patches\nThe patch for this is d72d057ba794164c3cce9451a00b72a78b25e1ae and runc 1.0.3 was released with this bug fixed.\n\n### Workarounds\nTo the extent this is exploitable, disallowing untrusted namespace paths in container configuration should eliminate all practical ways of exploiting this bug. It should be noted that untrusted namespace paths would allow the attacker to disable namespace protections entirely even in the absence of this bug.\n\n### References\n* commit d72d057ba794 (\"runc init: avoid netlink message length overflows\")\n* https://bugs.chromium.org/p/project-zero/issues/detail?id=2241\n\n### Credits\nThanks to Felix Wilhelm from Google Project Zero for discovering and reporting this vulnerability. In particular, the fact they found this vulnerability so quickly, before we made a 1.1 release of runc (which would've been vulnerable) was quite impressive.\n\n### For more information\nIf you have any questions or comments about this advisory:\n* Open an issue in [our repo](https://github.com/opencontainers/runc)\n",
  "aliases": [
    "CVE-2021-43784"
  ],
  "modified": "2021-12-06T22:09:36Z",
  "published": "2021-12-07T21:22:39Z",
  "database_specific": {
    "severity": "MODERATE",
    "cwe_ids": [
      "CWE-190"
    ],
    "github_reviewed": true
  },
  "references": [
    {
      "type": "WEB",
      "url": "https://github.com/opencontainers/runc/security/advisories/GHSA-v95c-p5hm-xq8f"
    },
    {
      "type": "ADVISORY",
      "url": "https://nvd.nist.gov/vuln/detail/CVE-2021-43784"
    },
    {
      "type": "WEB",
      "url": "https://github.com/opencontainers/runc/commit/9c444070ec7bb83995dbc0185da68284da71c554"
    },
    {
      "type": "WEB",
      "url": "https://github.com/opencontainers/runc/commit/d72d057ba794164c3cce9451a00b72a78b25e1ae"
    },
    {
      "type": "WEB",
      "url": "https://github.com/opencontainers/runc/commit/f50369af4b571e358f20b139eea52d612eb55eed"
    },
    {
      "type": "WEB",
      "url": "https://bugs.chromium.org/p/project-zero/issues/detail?id=2241"
    },
    {
      "type": "WEB",
      "url": "https://lists.debian.org/debian-lts-announce/2021/12/msg00005.html"
    },
    {
      "type": "PACKAGE",
      "url": "https://github.com/opencontainers/runc"
    }
  ],
  "affected": [
    {
      "package": {
        "name": "github.com/opencontainers/runc",
        "ecosystem": "Go",
        "purl": "pkg:golang/github.com/opencontainers/runc"
      },
      "ranges": [
        {
          "type": "SEMVER",
          "events": [
            {
              "introduced": "0"
            },
            {
              "fixed": "1.0.3"
            }
          ]
        }
      ],
      "database_specific": {
        "source": "https://github.com/github/advisory-database/blob/main/advisories/github-reviewed/2021/12/GHSA-v95c-p5hm-xq8f/GHSA-v95c-p5hm-xq8f.json"
      }
    }
  ],
  "schema_version": "1.2.0",
  "severity": [
    {
      "type": "CVSS_V3",
      "score": "CVSS:3.1/AV:N/AC:H/PR:L/UI:N/S:C/C:L/I:L/A:L"
    }
  ]
}