{
  "id": "GHSA-77gc-fj98-665h",
  "summary": "Signature Validation Bypass",
  "details": "Go JOSE before 1.1.0 suffers from multiple signatures exploitation. The go-jose library supports messages with multiple signatures. However, when validating a signed message the API did not indicate which signature was valid, which could potentially lead to confusion. For example, users of the library might mistakenly read protected header values from an attached signature that was different from the one originally validated.",
  "aliases": [
    "CVE-2016-9122"
  ],
  "modified": "2021-05-12T18:06:40Z",
  "published": "2021-05-18T19:15:09Z",
  "database_specific": {
    "github_reviewed": true,
    "cwe_ids": [
      "CWE-284"
    ],
    "severity": "HIGH"
  },
  "references": [
    {
      "type": "ADVISORY",
      "url": "https://nvd.nist.gov/vuln/detail/CVE-2016-9122"
    },
    {
      "type": "WEB",
      "url": "https://github.com/square/go-jose/pull/111"
    },
    {
      "type": "WEB",
      "url": "https://github.com/square/go-jose/commit/2c5656adca9909843c4ff50acf1d2cf8f32da7e6"
    },
    {
      "type": "WEB",
      "url": "https://hackerone.com/reports/169629"
    },
    {
      "type": "WEB",
      "url": "http://www.openwall.com/lists/oss-security/2016/11/03/1"
    }
  ],
  "affected": [
    {
      "package": {
        "name": "gopkg.in/square/go-jose.v1",
        "ecosystem": "Go",
        "purl": "pkg:golang/gopkg.in/square/go-jose.v1"
      },
      "ranges": [
        {
          "type": "SEMVER",
          "events": [
            {
              "introduced": "0"
            },
            {
              "fixed": "1.1.0"
            }
          ]
        }
      ],
      "database_specific": {
        "source": "https://github.com/github/advisory-database/blob/main/advisories/github-reviewed/2021/05/GHSA-77gc-fj98-665h/GHSA-77gc-fj98-665h.json"
      }
    }
  ],
  "schema_version": "1.2.0",
  "severity": [
    {
      "type": "CVSS_V3",
      "score": "CVSS:3.1/AV:N/AC:L/PR:N/UI:N/S:U/C:N/I:H/A:N"
    }
  ]
}