{
  "id": "GHSA-r3gq-wxqf-q4gh",
  "summary": "Cross-site Scripting in Gitea",
  "details": "Cross Site Scripting (XSS) vulnerability exists in Gitea before 1.5.1 via the repository settings inside the external wiki/issue tracker URL field.",
  "aliases": [
    "CVE-2021-45329"
  ],
  "modified": "2022-02-14T23:01:49Z",
  "published": "2022-02-10T00:00:32Z",
  "database_specific": {
    "severity": "MODERATE",
    "cwe_ids": [
      "CWE-79"
    ],
    "github_reviewed": true
  },
  "references": [
    {
      "type": "ADVISORY",
      "url": "https://nvd.nist.gov/vuln/detail/CVE-2021-45329"
    },
    {
      "type": "WEB",
      "url": "https://github.com/go-gitea/gitea/pull/4710"
    },
    {
      "type": "WEB",
      "url": "https://blog.gitea.io/2018/09/gitea-1.5.1-is-released/"
    },
    {
      "type": "PACKAGE",
      "url": "https://github.com/go-gitea/gitea"
    }
  ],
  "affected": [
    {
      "package": {
        "name": "github.com/go-gitea/gitea",
        "ecosystem": "Go",
        "purl": "pkg:golang/github.com/go-gitea/gitea"
      },
      "ranges": [
        {
          "type": "SEMVER",
          "events": [
            {
              "introduced": "0"
            },
            {
              "fixed": "1.5.1"
            }
          ]
        }
      ],
      "database_specific": {
        "source": "https://github.com/github/advisory-database/blob/main/advisories/github-reviewed/2022/02/GHSA-r3gq-wxqf-q4gh/GHSA-r3gq-wxqf-q4gh.json"
      }
    }
  ],
  "schema_version": "1.2.0",
  "severity": [
    {
      "type": "CVSS_V3",
      "score": "CVSS:3.1/AV:N/AC:L/PR:N/UI:R/S:C/C:L/I:L/A:N"
    }
  ]
}