{
  "id": "GHSA-2jhh-5xm2-j4gf",
  "summary": "Improper Authentication in HashiCorp Nomad",
  "details": "HashiCorp Nomad and Nomad Enterprise up to 1.0.13, 1.1.7, and 1.2.0, with the QEMU task driver enabled, allowed authenticated users with job submission capabilities to bypass the configured allowed image paths. Fixed in 1.0.14, 1.1.8, and 1.2.1.",
  "aliases": [
    "CVE-2021-43415"
  ],
  "modified": "2021-12-06T22:11:44Z",
  "published": "2021-12-10T20:17:55Z",
  "database_specific": {
    "severity": "HIGH",
    "cwe_ids": [
      "CWE-287"
    ],
    "github_reviewed": true
  },
  "references": [
    {
      "type": "ADVISORY",
      "url": "https://nvd.nist.gov/vuln/detail/CVE-2021-43415"
    },
    {
      "type": "WEB",
      "url": "https://discuss.hashicorp.com/t/hcsec-2021-31-nomad-qemu-task-driver-allowed-paths-bypass-with-job-args/32288"
    },
    {
      "type": "WEB",
      "url": "https://www.hashicorp.com/blog/category/nomad"
    },
    {
      "type": "PACKAGE",
      "url": "https://github.com/hashicorp/nomad"
    }
  ],
  "affected": [
    {
      "package": {
        "name": "github.com/hashicorp/nomad",
        "ecosystem": "Go",
        "purl": "pkg:golang/github.com/hashicorp/nomad"
      },
      "ranges": [
        {
          "type": "SEMVER",
          "events": [
            {
              "introduced": "0"
            },
            {
              "fixed": "1.0.14"
            }
          ]
        }
      ],
      "database_specific": {
        "source": "https://github.com/github/advisory-database/blob/main/advisories/github-reviewed/2021/12/GHSA-2jhh-5xm2-j4gf/GHSA-2jhh-5xm2-j4gf.json"
      }
    },
    {
      "package": {
        "name": "github.com/hashicorp/nomad",
        "ecosystem": "Go",
        "purl": "pkg:golang/github.com/hashicorp/nomad"
      },
      "ranges": [
        {
          "type": "SEMVER",
          "events": [
            {
              "introduced": "1.1.0"
            },
            {
              "fixed": "1.1.8"
            }
          ]
        }
      ],
      "database_specific": {
        "source": "https://github.com/github/advisory-database/blob/main/advisories/github-reviewed/2021/12/GHSA-2jhh-5xm2-j4gf/GHSA-2jhh-5xm2-j4gf.json"
      }
    },
    {
      "package": {
        "name": "github.com/hashicorp/nomad",
        "ecosystem": "Go",
        "purl": "pkg:golang/github.com/hashicorp/nomad"
      },
      "ranges": [
        {
          "type": "SEMVER",
          "events": [
            {
              "introduced": "1.2.0"
            },
            {
              "fixed": "1.2.1"
            }
          ]
        }
      ],
      "database_specific": {
        "source": "https://github.com/github/advisory-database/blob/main/advisories/github-reviewed/2021/12/GHSA-2jhh-5xm2-j4gf/GHSA-2jhh-5xm2-j4gf.json"
      }
    }
  ],
  "schema_version": "1.2.0",
  "severity": [
    {
      "type": "CVSS_V3",
      "score": "CVSS:3.1/AV:N/AC:L/PR:L/UI:N/S:U/C:H/I:H/A:H"
    }
  ]
}