{
  "id": "GHSA-5796-p3m6-9qj4",
  "summary": "Denial of Service (DoS) in Cloud Foundry Routing",
  "details": "Cloud Foundry Routing, all versions before 0.193.0, does not properly validate nonce input. A remote unauthorized malicious user could forge a route service request using an invalid nonce that will cause the Gorouter to crash.",
  "aliases": [
    "CVE-2019-11289"
  ],
  "modified": "2021-05-17T21:24:54Z",
  "published": "2021-05-18T15:31:39Z",
  "database_specific": {
    "cwe_ids": [
      "CWE-20"
    ],
    "severity": "HIGH",
    "github_reviewed": true
  },
  "references": [
    {
      "type": "ADVISORY",
      "url": "https://nvd.nist.gov/vuln/detail/CVE-2019-11289"
    },
    {
      "type": "WEB",
      "url": "https://www.cloudfoundry.org/blog/cve-2019-11289"
    }
  ],
  "affected": [
    {
      "package": {
        "name": "code.cloudfoundry.org/gorouter/common/secure",
        "ecosystem": "Go",
        "purl": "pkg:golang/code.cloudfoundry.org/gorouter/common/secure"
      },
      "ranges": [
        {
          "type": "SEMVER",
          "events": [
            {
              "introduced": "0"
            },
            {
              "fixed": "0.193.0"
            }
          ]
        }
      ],
      "database_specific": {
        "source": "https://github.com/github/advisory-database/blob/main/advisories/github-reviewed/2021/05/GHSA-5796-p3m6-9qj4/GHSA-5796-p3m6-9qj4.json"
      }
    }
  ],
  "schema_version": "1.2.0",
  "severity": [
    {
      "type": "CVSS_V3",
      "score": "CVSS:3.1/AV:N/AC:L/PR:N/UI:N/S:U/C:N/I:N/A:H"
    }
  ]
}