{
  "id": "GHSA-cg3q-j54f-5p7p",
  "summary": "Uncontrolled Resource Consumption in promhttp",
  "details": "This is the Go client library for Prometheus. It has two separate parts, one for instrumenting application code, and one for creating clients that talk to the Prometheus HTTP API. client_golang is the instrumentation library for Go applications in Prometheus, and the promhttp package in client_golang provides tooling around HTTP servers and clients.\n\n### Impact\n\nHTTP server susceptible to a Denial of Service through unbounded cardinality, and potential memory exhaustion, when handling requests with non-standard HTTP methods.\n\n###  Affected Configuration\n\nIn order to be affected, an instrumented software must\n\n* Use any of `promhttp.InstrumentHandler*` middleware except `RequestsInFlight`.\n* Do not filter any specific methods (e.g GET) before middleware.\n* Pass metric with `method` label name to our middleware.\n* Not have any firewall/LB/proxy that filters away requests with unknown `method`.\n\n### Patches\n\n* https://github.com/prometheus/client_golang/pull/962\n* https://github.com/prometheus/client_golang/pull/987\n\n### Workarounds\n\nIf you cannot upgrade to [v1.11.1 or above](https://github.com/prometheus/client_golang/releases/tag/v1.11.1), in order to stop being affected you can:\n\n* Remove `method` label name from counter/gauge you use in the InstrumentHandler.\n* Turn off affected promhttp handlers.\n* Add custom middleware before promhttp handler that will sanitize the request method given by Go http.Request.\n* Use a reverse proxy or web application firewall, configured to only allow a limited set of methods.\n\n### For more information\n\nIf you have any questions or comments about this advisory:\n\n* Open an issue in https://github.com/prometheus/client_golang\n* Email us at `prometheus-team@googlegroups.com`\n",
  "aliases": [
    "CVE-2022-21698"
  ],
  "modified": "2022-02-25T15:41:10Z",
  "published": "2022-02-16T22:26:35Z",
  "database_specific": {
    "cwe_ids": [
      "CWE-400",
      "CWE-772"
    ],
    "severity": "HIGH",
    "github_reviewed": true
  },
  "references": [
    {
      "type": "WEB",
      "url": "https://github.com/prometheus/client_golang/security/advisories/GHSA-cg3q-j54f-5p7p"
    },
    {
      "type": "ADVISORY",
      "url": "https://nvd.nist.gov/vuln/detail/CVE-2022-21698"
    },
    {
      "type": "WEB",
      "url": "https://github.com/prometheus/client_golang/pull/962"
    },
    {
      "type": "WEB",
      "url": "https://github.com/prometheus/client_golang/pull/987"
    },
    {
      "type": "WEB",
      "url": "https://github.com/prometheus/client_golang/releases/tag/v1.11.1"
    },
    {
      "type": "PACKAGE",
      "url": "https://github.com/prometheus/client_golang"
    }
  ],
  "affected": [
    {
      "package": {
        "name": "github.com/prometheus/client_golang/prometheus/promhttp",
        "ecosystem": "Go",
        "purl": "pkg:golang/github.com/prometheus/client_golang/prometheus/promhttp"
      },
      "ranges": [
        {
          "type": "SEMVER",
          "events": [
            {
              "introduced": "0"
            },
            {
              "fixed": "1.11.1"
            }
          ]
        }
      ],
      "database_specific": {
        "source": "https://github.com/github/advisory-database/blob/main/advisories/github-reviewed/2022/02/GHSA-cg3q-j54f-5p7p/GHSA-cg3q-j54f-5p7p.json"
      }
    }
  ],
  "schema_version": "1.2.0",
  "severity": [
    {
      "type": "CVSS_V3",
      "score": "CVSS:3.1/AV:N/AC:L/PR:N/UI:N/S:U/C:N/I:N/A:H"
    }
  ]
}