{
  "id": "GO-2020-0016",
  "details": "An attacker can construct a series of bytes such that calling\n[`Reader.Read`] on the bytes could cause an infinite loop. If\nparsing user supplied input, this may be used as a denial of\nservice vector.\n",
  "aliases": [
    "CVE-2021-29482"
  ],
  "modified": "2021-04-14T12:00:00Z",
  "published": "2021-04-14T12:00:00Z",
  "references": [
    {
      "type": "FIX",
      "url": "https://github.com/ulikunitz/xz/commit/69c6093c7b2397b923acf82cb378f55ab2652b9b"
    },
    {
      "type": "WEB",
      "url": "https://github.com/ulikunitz/xz/issues/35"
    },
    {
      "type": "WEB",
      "url": "https://github.com/ulikunitz/xz/security/advisories/GHSA-25xm-hr59-7c27"
    }
  ],
  "affected": [
    {
      "package": {
        "name": "github.com/ulikunitz/xz",
        "ecosystem": "Go",
        "purl": "pkg:golang/github.com/ulikunitz/xz"
      },
      "ranges": [
        {
          "type": "SEMVER",
          "events": [
            {
              "introduced": "0"
            },
            {
              "fixed": "0.5.8"
            }
          ]
        }
      ],
      "ecosystem_specific": {
        "symbols": [
          "readUvarint"
        ]
      },
      "database_specific": {
        "source": "https://storage.googleapis.com/go-vulndb/byID/GO-2020-0016.json",
        "url": "https://go.googlesource.com/vulndb/+/refs/heads/master/reports/GO-2020-0016.yaml"
      }
    }
  ],
  "schema_version": "1.2.0"
}