{
  "id": "GO-2021-0053",
  "details": "Due to improper bounds checking, maliciously crafted input to generated\nUnmarshal methods can cause an out-of-bounds panic. If parsing messages\nfrom untrusted parties, this may be used as a denial of service vector.\n",
  "aliases": [
    "CVE-2021-3121"
  ],
  "modified": "2021-04-14T12:00:00Z",
  "published": "2021-04-14T12:00:00Z",
  "references": [
    {
      "type": "FIX",
      "url": "https://github.com/gogo/protobuf/commit/b03c65ea87cdc3521ede29f62fe3ce239267c1bc"
    }
  ],
  "affected": [
    {
      "package": {
        "name": "github.com/gogo/protobuf",
        "ecosystem": "Go",
        "purl": "pkg:golang/github.com/gogo/protobuf"
      },
      "ranges": [
        {
          "type": "SEMVER",
          "events": [
            {
              "introduced": "0"
            },
            {
              "fixed": "1.3.2"
            }
          ]
        }
      ],
      "database_specific": {
        "url": "https://go.googlesource.com/vulndb/+/refs/heads/master/reports/GO-2021-0053.yaml",
        "source": "https://storage.googleapis.com/go-vulndb/byID/GO-2021-0053.json"
      }
    }
  ],
  "schema_version": "1.2.0"
}