{
  "id": "GO-2020-0023",
  "details": "Token validation methods are susceptible to a timing side-channel\nduring HMAC comparison. With a large enough number of requests\nover a low latency connection, an attacker may use this to determine\nthe expected HMAC.\n",
  "modified": "2021-04-14T12:00:00Z",
  "published": "2021-04-14T12:00:00Z",
  "references": [
    {
      "type": "FIX",
      "url": "https://github.com/robbert229/jwt/commit/ca1404ee6e83fcbafb66b09ed0d543850a15b654"
    },
    {
      "type": "WEB",
      "url": "https://github.com/robbert229/jwt/issues/12"
    }
  ],
  "affected": [
    {
      "package": {
        "name": "github.com/robbert229/jwt",
        "ecosystem": "Go",
        "purl": "pkg:golang/github.com/robbert229/jwt"
      },
      "ranges": [
        {
          "type": "SEMVER",
          "events": [
            {
              "introduced": "0"
            },
            {
              "fixed": "0.0.0-20170426191122-ca1404ee6e83"
            }
          ]
        }
      ],
      "ecosystem_specific": {
        "symbols": [
          "Algorithm.validateSignature"
        ]
      },
      "database_specific": {
        "source": "https://storage.googleapis.com/go-vulndb/byID/GO-2020-0023.json",
        "url": "https://go.googlesource.com/vulndb/+/refs/heads/master/reports/GO-2020-0023.yaml"
      }
    }
  ],
  "schema_version": "1.2.0"
}