{
  "id": "GO-2020-0037",
  "details": "Due to support of Gzip compression in request bodies, as well\nas a lack of limiting response body sizes, a malicious server\ncan cause a client to consume a significant amount of system\nresources, which may be used as a denial of service vector.\n",
  "modified": "2021-04-14T12:00:00Z",
  "published": "2021-04-14T12:00:00Z",
  "references": [
    {
      "type": "FIX",
      "url": "https://github.com/tendermint/tendermint/pull/3430"
    },
    {
      "type": "FIX",
      "url": "https://github.com/tendermint/tendermint/commit/03085c2da23b179c4a51f59a03cb40aa4e85a613"
    }
  ],
  "affected": [
    {
      "package": {
        "name": "github.com/tendermint/tendermint/rpc/client",
        "ecosystem": "Go",
        "purl": "pkg:golang/github.com/tendermint/tendermint/rpc/client"
      },
      "ranges": [
        {
          "type": "SEMVER",
          "events": [
            {
              "introduced": "0"
            },
            {
              "fixed": "0.31.1"
            }
          ]
        }
      ],
      "ecosystem_specific": {
        "symbols": [
          "makeHTTPClient"
        ]
      },
      "database_specific": {
        "source": "https://storage.googleapis.com/go-vulndb/byID/GO-2020-0037.json",
        "url": "https://go.googlesource.com/vulndb/+/refs/heads/master/reports/GO-2020-0037.yaml"
      }
    }
  ],
  "schema_version": "1.2.0"
}