{
  "id": "GO-2021-0060",
  "details": "Due to the behavior of encoding/xml, a crafted XML document may cause\nXML Digital Signature validation to be entirely bypassed, causing an\nunsigned document to appear signed.\n",
  "aliases": [
    "CVE-2020-29509"
  ],
  "modified": "2021-04-14T12:00:00Z",
  "published": "2021-04-14T12:00:00Z",
  "references": [
    {
      "type": "FIX",
      "url": "https://github.com/russellhaering/gosaml2/commit/42606dafba60c58c458f14f75c4c230459672ab9"
    },
    {
      "type": "WEB",
      "url": "https://github.com/russellhaering/gosaml2/security/advisories/GHSA-xhqq-x44f-9fgg"
    }
  ],
  "affected": [
    {
      "package": {
        "name": "github.com/russellhaering/gosaml2",
        "ecosystem": "Go",
        "purl": "pkg:golang/github.com/russellhaering/gosaml2"
      },
      "ranges": [
        {
          "type": "SEMVER",
          "events": [
            {
              "introduced": "0"
            },
            {
              "fixed": "0.6.0"
            }
          ]
        }
      ],
      "ecosystem_specific": {
        "symbols": [
          "parseResponse"
        ]
      },
      "database_specific": {
        "url": "https://go.googlesource.com/vulndb/+/refs/heads/master/reports/GO-2021-0060.yaml",
        "source": "https://storage.googleapis.com/go-vulndb/byID/GO-2021-0060.json"
      }
    }
  ],
  "schema_version": "1.2.0"
}