{
  "id": "GO-2021-0090",
  "details": "Proposed commits may contain signatures for blocks not contained within the commit. Instead of skipping\nthese signatures, they cause failure during verification. A malicious proposer can use this to force\nconsensus failures.\n",
  "aliases": [
    "CVE-2020-15091"
  ],
  "modified": "2021-04-14T12:00:00Z",
  "published": "2021-04-14T12:00:00Z",
  "references": [
    {
      "type": "FIX",
      "url": "https://github.com/tendermint/tendermint/pull/5426"
    },
    {
      "type": "FIX",
      "url": "https://github.com/tendermint/tendermint/commit/480b995a31727593f58b361af979054d17d84340"
    },
    {
      "type": "WEB",
      "url": "https://github.com/tendermint/tendermint/issues/4926"
    }
  ],
  "affected": [
    {
      "package": {
        "name": "github.com/tendermint/tendermint/types",
        "ecosystem": "Go",
        "purl": "pkg:golang/github.com/tendermint/tendermint/types"
      },
      "ranges": [
        {
          "type": "SEMVER",
          "events": [
            {
              "introduced": "0.33.0"
            },
            {
              "fixed": "0.34.0-dev1.0.20200702134149-480b995a3172"
            }
          ]
        }
      ],
      "ecosystem_specific": {
        "symbols": [
          "VoteSet.MakeCommit"
        ]
      },
      "database_specific": {
        "url": "https://go.googlesource.com/vulndb/+/refs/heads/master/reports/GO-2021-0090.yaml",
        "source": "https://storage.googleapis.com/go-vulndb/byID/GO-2021-0090.json"
      }
    }
  ],
  "schema_version": "1.2.0"
}