{
  "id": "GO-2021-0072",
  "details": "Various storage methods do not impose limits on how much content is accepted\nfrom user requests, allowing a malicious user to force the caller to allocate\nan arbitary amount of memory.\n",
  "aliases": [
    "CVE-2017-11468"
  ],
  "modified": "2021-04-14T12:00:00Z",
  "published": "2021-04-14T12:00:00Z",
  "references": [
    {
      "type": "FIX",
      "url": "https://github.com/distribution/distribution/pull/2340"
    },
    {
      "type": "FIX",
      "url": "https://github.com/distribution/distribution/commit/91c507a39abfce14b5c8541cf284330e22208c0f"
    },
    {
      "type": "WEB",
      "url": "https://access.redhat.com/errata/RHSA-2017:2603"
    },
    {
      "type": "WEB",
      "url": "http://lists.opensuse.org/opensuse-security-announce/2020-09/msg00047.html"
    }
  ],
  "affected": [
    {
      "package": {
        "name": "github.com/docker/distribution/registry/handlers",
        "ecosystem": "Go",
        "purl": "pkg:golang/github.com/docker/distribution/registry/handlers"
      },
      "ranges": [
        {
          "type": "SEMVER",
          "events": [
            {
              "introduced": "0"
            },
            {
              "fixed": "2.7.0-rc.0+incompatible"
            }
          ]
        }
      ],
      "ecosystem_specific": {
        "symbols": [
          "copyFullPayload"
        ]
      },
      "database_specific": {
        "url": "https://go.googlesource.com/vulndb/+/refs/heads/master/reports/GO-2021-0072.yaml",
        "source": "https://storage.googleapis.com/go-vulndb/byID/GO-2021-0072.json"
      }
    },
    {
      "package": {
        "name": "github.com/docker/distribution/registry/storage",
        "ecosystem": "Go",
        "purl": "pkg:golang/github.com/docker/distribution/registry/storage"
      },
      "ranges": [
        {
          "type": "SEMVER",
          "events": [
            {
              "introduced": "0"
            },
            {
              "fixed": "2.7.0-rc.0+incompatible"
            }
          ]
        }
      ],
      "ecosystem_specific": {
        "symbols": [
          "blobStore.Get"
        ]
      },
      "database_specific": {
        "source": "https://storage.googleapis.com/go-vulndb/byID/GO-2021-0072.json",
        "url": "https://go.googlesource.com/vulndb/+/refs/heads/master/reports/GO-2021-0072.yaml"
      }
    }
  ],
  "schema_version": "1.2.0"
}