{
  "id": "GO-2021-0058",
  "details": "Due to the behavior of encoding/xml, a crafted XML document may cause\nXML Digital Signature validation to be entirely bypassed, causing an\nunsigned document to appear signed.\n",
  "aliases": [
    "CVE-2020-27846"
  ],
  "modified": "2021-04-14T12:00:00Z",
  "published": "2021-04-14T12:00:00Z",
  "references": [
    {
      "type": "FIX",
      "url": "https://github.com/crewjam/saml/commit/da4f1a0612c0a8dd0452cf8b3c7a6518f6b4d053"
    },
    {
      "type": "WEB",
      "url": "https://github.com/crewjam/saml/security/advisories/GHSA-4hq8-gmxx-h6w9"
    }
  ],
  "affected": [
    {
      "package": {
        "name": "github.com/crewjam/saml",
        "ecosystem": "Go",
        "purl": "pkg:golang/github.com/crewjam/saml"
      },
      "ranges": [
        {
          "type": "SEMVER",
          "events": [
            {
              "introduced": "0"
            },
            {
              "fixed": "0.4.3"
            }
          ]
        }
      ],
      "ecosystem_specific": {
        "symbols": [
          "IdpAuthnRequest.Validate",
          "ServiceProvider.ParseXMLResponse",
          "ServiceProvider.ValidateLogoutResponseForm",
          "ServiceProvider.ValidateLogoutResponseRedirect"
        ]
      },
      "database_specific": {
        "source": "https://storage.googleapis.com/go-vulndb/byID/GO-2021-0058.json",
        "url": "https://go.googlesource.com/vulndb/+/refs/heads/master/reports/GO-2021-0058.yaml"
      }
    },
    {
      "package": {
        "name": "github.com/crewjam/saml/samlidp",
        "ecosystem": "Go",
        "purl": "pkg:golang/github.com/crewjam/saml/samlidp"
      },
      "ranges": [
        {
          "type": "SEMVER",
          "events": [
            {
              "introduced": "0"
            },
            {
              "fixed": "0.4.3"
            }
          ]
        }
      ],
      "database_specific": {
        "url": "https://go.googlesource.com/vulndb/+/refs/heads/master/reports/GO-2021-0058.yaml",
        "source": "https://storage.googleapis.com/go-vulndb/byID/GO-2021-0058.json"
      }
    },
    {
      "package": {
        "name": "github.com/crewjam/saml/samlsp",
        "ecosystem": "Go",
        "purl": "pkg:golang/github.com/crewjam/saml/samlsp"
      },
      "ranges": [
        {
          "type": "SEMVER",
          "events": [
            {
              "introduced": "0"
            },
            {
              "fixed": "0.4.3"
            }
          ]
        }
      ],
      "database_specific": {
        "url": "https://go.googlesource.com/vulndb/+/refs/heads/master/reports/GO-2021-0058.yaml",
        "source": "https://storage.googleapis.com/go-vulndb/byID/GO-2021-0058.json"
      }
    }
  ],
  "schema_version": "1.2.0"
}