{
  "id": "GO-2021-0061",
  "details": "Due to unbounded alias chasing, a maliciously crafted YAML file\ncan cause the system to consume significant system resources. If\nparsing user input, this may be used as a denial of service vector.\n",
  "modified": "2021-04-14T12:00:00Z",
  "published": "2021-04-14T12:00:00Z",
  "references": [
    {
      "type": "FIX",
      "url": "https://github.com/go-yaml/yaml/pull/375"
    },
    {
      "type": "FIX",
      "url": "https://github.com/go-yaml/yaml/commit/bb4e33bf68bf89cad44d386192cbed201f35b241"
    }
  ],
  "affected": [
    {
      "package": {
        "name": "gopkg.in/yaml.v2",
        "ecosystem": "Go",
        "purl": "pkg:golang/gopkg.in/yaml.v2"
      },
      "ranges": [
        {
          "type": "SEMVER",
          "events": [
            {
              "introduced": "0"
            },
            {
              "fixed": "2.2.3"
            }
          ]
        }
      ],
      "ecosystem_specific": {
        "symbols": [
          "decoder.unmarshal"
        ]
      },
      "database_specific": {
        "source": "https://storage.googleapis.com/go-vulndb/byID/GO-2021-0061.json",
        "url": "https://go.googlesource.com/vulndb/+/refs/heads/master/reports/GO-2021-0061.yaml"
      }
    },
    {
      "package": {
        "name": "github.com/go-yaml/yaml",
        "ecosystem": "Go",
        "purl": "pkg:golang/github.com/go-yaml/yaml"
      },
      "ranges": [
        {
          "type": "SEMVER",
          "events": [
            {
              "introduced": "0"
            }
          ]
        }
      ],
      "ecosystem_specific": {
        "symbols": [
          "decoder.unmarshal"
        ]
      },
      "database_specific": {
        "source": "https://storage.googleapis.com/go-vulndb/byID/GO-2021-0061.json",
        "url": "https://go.googlesource.com/vulndb/+/refs/heads/master/reports/GO-2021-0061.yaml"
      }
    }
  ],
  "schema_version": "1.2.0"
}