{
  "id": "GO-2020-0005",
  "details": "Malformed WALs can be constructed such that [`WAL.ReadAll`][] can cause attempted\nout of bounds reads, or creation of arbitarily sized slices, which may be used as\na DoS vector.\n",
  "aliases": [
    "CVE-2020-15106"
  ],
  "modified": "2021-04-14T12:00:00Z",
  "published": "2021-04-14T12:00:00Z",
  "references": [
    {
      "type": "FIX",
      "url": "https://github.com/etcd-io/etcd/pull/11793"
    },
    {
      "type": "FIX",
      "url": "https://github.com/etcd-io/etcd/commit/f4b650b51dc4a53a8700700dc12e1242ac56ba07"
    },
    {
      "type": "WEB",
      "url": "https://github.com/etcd-io/etcd/blob/master/security/SECURITY_AUDIT.pdf"
    }
  ],
  "affected": [
    {
      "package": {
        "name": "go.etcd.io/etcd/wal",
        "ecosystem": "Go",
        "purl": "pkg:golang/go.etcd.io/etcd/wal"
      },
      "ranges": [
        {
          "type": "SEMVER",
          "events": [
            {
              "introduced": "0"
            },
            {
              "fixed": "0.5.0-alpha.5.0.20200423152442-f4b650b51dc4"
            }
          ]
        }
      ],
      "ecosystem_specific": {
        "symbols": [
          "WAL.ReadAll",
          "decoder.decodeRecord"
        ]
      },
      "database_specific": {
        "source": "https://storage.googleapis.com/go-vulndb/byID/GO-2020-0005.json",
        "url": "https://go.googlesource.com/vulndb/+/refs/heads/master/reports/GO-2020-0005.yaml"
      }
    }
  ],
  "schema_version": "1.2.0"
}