{
  "id": "GO-2020-0038",
  "details": "Due to improper verification of packets, unencrypted packets containing\napplication data are accepted after the initial handshake. This allows\nan attacker to inject arbitary data which the client/server believes\nwas encrypted, despite not knowing the session key.\n",
  "aliases": [
    "CVE-2019-20786"
  ],
  "modified": "2021-04-14T12:00:00Z",
  "published": "2021-04-14T12:00:00Z",
  "references": [
    {
      "type": "FIX",
      "url": "https://github.com/pion/dtls/pull/128"
    },
    {
      "type": "FIX",
      "url": "https://github.com/pion/dtls/commit/fd73a5df2ff0e1fb6ae6a51e2777d7a16cc4f4e0"
    },
    {
      "type": "WEB",
      "url": "https://www.usenix.org/system/files/sec20fall_fiterau-brostean_prepub.pdf"
    }
  ],
  "affected": [
    {
      "package": {
        "name": "github.com/pion/dtls",
        "ecosystem": "Go",
        "purl": "pkg:golang/github.com/pion/dtls"
      },
      "ranges": [
        {
          "type": "SEMVER",
          "events": [
            {
              "introduced": "0"
            },
            {
              "fixed": "1.5.2"
            }
          ]
        }
      ],
      "ecosystem_specific": {
        "symbols": [
          "Conn.handleIncomingPacket"
        ]
      },
      "database_specific": {
        "url": "https://go.googlesource.com/vulndb/+/refs/heads/master/reports/GO-2020-0038.yaml",
        "source": "https://storage.googleapis.com/go-vulndb/byID/GO-2020-0038.json"
      }
    }
  ],
  "schema_version": "1.2.0"
}