{
  "id": "GO-2020-0012",
  "details": "An attacker can craft an ssh-ed25519 or sk-ssh-ed25519@openssh.com public\nkey, such that the library will panic when trying to verify a signature\nwith it. If verifying signatures using user supplied public keys, this\nmay be used as a denial of service vector.\n",
  "aliases": [
    "CVE-2020-9283"
  ],
  "modified": "2021-04-14T12:00:00Z",
  "published": "2021-04-14T12:00:00Z",
  "references": [
    {
      "type": "FIX",
      "url": "https://go-review.googlesource.com/c/crypto/+/220357"
    },
    {
      "type": "FIX",
      "url": "https://github.com/golang/crypto/commit/bac4c82f69751a6dd76e702d54b3ceb88adab236"
    },
    {
      "type": "WEB",
      "url": "https://groups.google.com/g/golang-announce/c/3L45YRc91SY"
    }
  ],
  "affected": [
    {
      "package": {
        "name": "golang.org/x/crypto/ssh",
        "ecosystem": "Go",
        "purl": "pkg:golang/golang.org/x/crypto/ssh"
      },
      "ranges": [
        {
          "type": "SEMVER",
          "events": [
            {
              "introduced": "0"
            },
            {
              "fixed": "0.0.0-20200220183623-bac4c82f6975"
            }
          ]
        }
      ],
      "ecosystem_specific": {
        "symbols": [
          "parseED25519",
          "ed25519PublicKey.Verify",
          "parseSKEd25519",
          "skEd25519PublicKey.Verify",
          "NewPublicKey"
        ]
      },
      "database_specific": {
        "source": "https://storage.googleapis.com/go-vulndb/byID/GO-2020-0012.json",
        "url": "https://go.googlesource.com/vulndb/+/refs/heads/master/reports/GO-2020-0012.yaml"
      }
    }
  ],
  "schema_version": "1.2.0"
}