{
  "id": "GO-2021-0106",
  "details": "Due to improper path santization, archives containing relative file\npaths can cause files to be written (or overwritten) outside of the\ntarget directory.\n",
  "modified": "2021-07-28T12:00:00Z",
  "published": "2021-07-28T12:00:00Z",
  "references": [
    {
      "type": "FIX",
      "url": "https://github.com/whyrusleeping/tar-utils/commit/20a61371de5b51380bbdb0c7935b30b0625ac227"
    },
    {
      "type": "WEB",
      "url": "https://snyk.io/research/zip-slip-vulnerability"
    }
  ],
  "affected": [
    {
      "package": {
        "name": "github.com/whyrusleeping/tar-utils",
        "ecosystem": "Go",
        "purl": "pkg:golang/github.com/whyrusleeping/tar-utils"
      },
      "ranges": [
        {
          "type": "SEMVER",
          "events": [
            {
              "introduced": "0"
            },
            {
              "fixed": "0.0.0-20201201191210-20a61371de5b"
            }
          ]
        }
      ],
      "ecosystem_specific": {
        "symbols": [
          "Extractor.outputPath"
        ]
      },
      "database_specific": {
        "url": "https://go.googlesource.com/vulndb/+/refs/heads/master/reports/GO-2021-0106.yaml",
        "source": "https://storage.googleapis.com/go-vulndb/byID/GO-2021-0106.json"
      }
    }
  ],
  "schema_version": "1.2.0"
}