{
  "id": "GO-2021-0051",
  "details": "Due to improper santization of user input on Windows, the static file handler\nallows for directory traversal, allowing an attacker to read files outside of\nthe target directory that the server has permission to read.\n",
  "modified": "2021-04-14T12:00:00Z",
  "published": "2021-04-14T12:00:00Z",
  "references": [
    {
      "type": "FIX",
      "url": "https://github.com/labstack/echo/pull/1718"
    },
    {
      "type": "FIX",
      "url": "https://github.com/labstack/echo/commit/4422e3b66b9fd498ed1ae1d0242d660d0ed3faaa"
    }
  ],
  "affected": [
    {
      "package": {
        "name": "github.com/labstack/echo/v4",
        "ecosystem": "Go",
        "purl": "pkg:golang/github.com/labstack/echo/v4"
      },
      "ranges": [
        {
          "type": "SEMVER",
          "events": [
            {
              "introduced": "0"
            },
            {
              "fixed": "4.1.18-0.20201215153152-4422e3b66b9f"
            }
          ]
        }
      ],
      "ecosystem_specific": {
        "goos": [
          "windows"
        ],
        "symbols": [
          "common.static"
        ]
      },
      "database_specific": {
        "url": "https://go.googlesource.com/vulndb/+/refs/heads/master/reports/GO-2021-0051.yaml",
        "source": "https://storage.googleapis.com/go-vulndb/byID/GO-2021-0051.json"
      }
    }
  ],
  "schema_version": "1.2.0"
}