{
  "id": "GO-2021-0068",
  "details": "The go command may execute arbitrary code at build time when using cgo on Windows.\nThis can be triggered by running go get on a malicious module, or any other time\nthe code is built.\n",
  "aliases": [
    "CVE-2021-3115"
  ],
  "modified": "2021-04-14T12:00:00Z",
  "published": "2021-04-14T12:00:00Z",
  "references": [
    {
      "type": "FIX",
      "url": "https://golang.org/cl/284783"
    },
    {
      "type": "FIX",
      "url": "https://github.com/golang/go/commit/953d1feca9b21af075ad5fc8a3dad096d3ccc3a0"
    },
    {
      "type": "WEB",
      "url": "https://github.com/golang/go/issues/43783"
    },
    {
      "type": "WEB",
      "url": "https://golang.org/cl/284780"
    },
    {
      "type": "WEB",
      "url": "https://github.com/golang/go/commit/46e2e2e9d99925bbf724b12693c6d3e27a95d6a0"
    }
  ],
  "affected": [
    {
      "package": {
        "name": "cmd/go",
        "ecosystem": "Go",
        "purl": "pkg:golang/cmd/go"
      },
      "ranges": [
        {
          "type": "SEMVER",
          "events": [
            {
              "introduced": "0"
            },
            {
              "fixed": "1.14.14"
            },
            {
              "fixed": "1.15.7"
            }
          ]
        }
      ],
      "ecosystem_specific": {
        "goos": [
          "windows"
        ]
      },
      "database_specific": {
        "source": "https://storage.googleapis.com/go-vulndb/byID/GO-2021-0068.json",
        "url": "https://go.googlesource.com/vulndb/+/refs/heads/master/reports/GO-2021-0068.yaml"
      }
    }
  ],
  "schema_version": "1.2.0"
}