{
  "id": "GO-2021-0104",
  "details": "Due to improper error handling, DTLS connections were not killed when certificate verification\nfailed, causing users who did not check the connection state to continue to use the connection.\nThis could allow allow an attacker which holds the ICE password, but not a valid certificate,\nto bypass this restriction.\n",
  "aliases": [
    "CVE-2021-28681"
  ],
  "modified": "2021-07-28T12:00:00Z",
  "published": "2021-07-28T12:00:00Z",
  "references": [
    {
      "type": "FIX",
      "url": "https://github.com/pion/webrtc/pull/1709"
    },
    {
      "type": "FIX",
      "url": "https://github.com/pion/webrtc/commit/545613dcdeb5dedb01cce94175f40bcbe045df2e"
    },
    {
      "type": "WEB",
      "url": "https://github.com/pion/webrtc/issues/1708"
    },
    {
      "type": "WEB",
      "url": "https://github.com/advisories/GHSA-74xm-qj29-cq8p"
    }
  ],
  "affected": [
    {
      "package": {
        "name": "github.com/pion/webrtc/v3",
        "ecosystem": "Go",
        "purl": "pkg:golang/github.com/pion/webrtc/v3"
      },
      "ranges": [
        {
          "type": "SEMVER",
          "events": [
            {
              "introduced": "0"
            },
            {
              "fixed": "3.0.15"
            }
          ]
        }
      ],
      "ecosystem_specific": {
        "symbols": [
          "DTLSTransport.Start"
        ]
      },
      "database_specific": {
        "source": "https://storage.googleapis.com/go-vulndb/byID/GO-2021-0104.json",
        "url": "https://go.googlesource.com/vulndb/+/refs/heads/master/reports/GO-2021-0104.yaml"
      }
    }
  ],
  "schema_version": "1.2.0"
}