{
  "id": "GO-2020-0007",
  "details": "Filters containing rules with multiple syscall arguments are improperly\nconstructed, such that all arguments are required to match rather than\nany of the arguments (AND is used rather than OR). These filters can be\nbypassed by only specifying a subset of the arguments due to this\nbehavior.\n",
  "aliases": [
    "CVE-2017-18367"
  ],
  "modified": "2021-04-14T12:00:00Z",
  "published": "2021-04-14T12:00:00Z",
  "references": [
    {
      "type": "FIX",
      "url": "https://github.com/seccomp/libseccomp-golang/commit/06e7a29f36a34b8cf419aeb87b979ee508e58f9e"
    }
  ],
  "affected": [
    {
      "package": {
        "name": "github.com/seccomp/libseccomp-golang",
        "ecosystem": "Go",
        "purl": "pkg:golang/github.com/seccomp/libseccomp-golang"
      },
      "ranges": [
        {
          "type": "SEMVER",
          "events": [
            {
              "introduced": "0"
            },
            {
              "fixed": "0.9.1-0.20170424173420-06e7a29f36a3"
            }
          ]
        }
      ],
      "ecosystem_specific": {
        "symbols": [
          "ScmpFilter.addRuleGeneric"
        ]
      },
      "database_specific": {
        "source": "https://storage.googleapis.com/go-vulndb/byID/GO-2020-0007.json",
        "url": "https://go.googlesource.com/vulndb/+/refs/heads/master/reports/GO-2020-0007.yaml"
      }
    }
  ],
  "schema_version": "1.2.0"
}