{
  "id": "GO-2020-0025",
  "details": "Due to improper path santization, archives containing relative file\npaths can cause files to be written (or overwritten) outside of the\ntarget directory.\n",
  "modified": "2021-04-14T12:00:00Z",
  "published": "2021-04-14T12:00:00Z",
  "references": [
    {
      "type": "FIX",
      "url": "https://github.com/cloudfoundry/archiver/commit/09b5706aa9367972c09144a450bb4523049ee840"
    },
    {
      "type": "WEB",
      "url": "https://snyk.io/research/zip-slip-vulnerability"
    }
  ],
  "affected": [
    {
      "package": {
        "name": "github.com/cloudfoundry/archiver",
        "ecosystem": "Go",
        "purl": "pkg:golang/github.com/cloudfoundry/archiver"
      },
      "ranges": [
        {
          "type": "SEMVER",
          "events": [
            {
              "introduced": "0"
            },
            {
              "fixed": "0.0.0-20180523222229-09b5706aa936"
            }
          ]
        }
      ],
      "ecosystem_specific": {
        "symbols": [
          "tgzExtractor.Extract",
          "zipExtractor.Extract"
        ]
      },
      "database_specific": {
        "url": "https://go.googlesource.com/vulndb/+/refs/heads/master/reports/GO-2020-0025.yaml",
        "source": "https://storage.googleapis.com/go-vulndb/byID/GO-2020-0025.json"
      }
    },
    {
      "package": {
        "name": "code.cloudfoundry.org/archiver",
        "ecosystem": "Go",
        "purl": "pkg:golang/code.cloudfoundry.org/archiver"
      },
      "ranges": [
        {
          "type": "SEMVER",
          "events": [
            {
              "introduced": "0"
            },
            {
              "fixed": "0.0.0-20180523222229-09b5706aa936"
            }
          ]
        }
      ],
      "ecosystem_specific": {
        "symbols": [
          "tgzExtractor.Extract",
          "zipExtractor.Extract"
        ]
      },
      "database_specific": {
        "url": "https://go.googlesource.com/vulndb/+/refs/heads/master/reports/GO-2020-0025.yaml",
        "source": "https://storage.googleapis.com/go-vulndb/byID/GO-2020-0025.json"
      }
    }
  ],
  "schema_version": "1.2.0"
}