{
  "id": "GO-2020-0006",
  "details": "An attacker may prevent TCP connections to a [`Server`][] by opening\na connection and leaving it idle, until the connection is closed by\nthe server no other connections will be accepted.\n",
  "aliases": [
    "CVE-2017-15133"
  ],
  "modified": "2021-04-14T12:00:00Z",
  "published": "2021-04-14T12:00:00Z",
  "references": [
    {
      "type": "FIX",
      "url": "https://github.com/miekg/dns/pull/631"
    },
    {
      "type": "FIX",
      "url": "https://github.com/miekg/dns/commit/43913f2f4fbd7dcff930b8a809e709591e4dd79e"
    }
  ],
  "affected": [
    {
      "package": {
        "name": "github.com/miekg/dns",
        "ecosystem": "Go",
        "purl": "pkg:golang/github.com/miekg/dns"
      },
      "ranges": [
        {
          "type": "SEMVER",
          "events": [
            {
              "introduced": "0"
            },
            {
              "fixed": "1.0.4-0.20180125103619-43913f2f4fbd"
            }
          ]
        }
      ],
      "ecosystem_specific": {
        "symbols": [
          "Server.serveTCP"
        ]
      },
      "database_specific": {
        "url": "https://go.googlesource.com/vulndb/+/refs/heads/master/reports/GO-2020-0006.yaml",
        "source": "https://storage.googleapis.com/go-vulndb/byID/GO-2020-0006.json"
      }
    }
  ],
  "schema_version": "1.2.0"
}