{
  "id": "GO-2021-0052",
  "details": "Due to improper HTTP header santization, a malicious user can spoof their\nsource IP address by setting the X-Forwarded-For header. This may allow\na user to bypass IP based restrictions, or obfuscate their true source.\n",
  "aliases": [
    "CVE-2020-28483"
  ],
  "modified": "2021-04-14T12:00:00Z",
  "published": "2021-04-14T12:00:00Z",
  "references": [
    {
      "type": "FIX",
      "url": "https://github.com/gin-gonic/gin/pull/2632"
    },
    {
      "type": "FIX",
      "url": "https://github.com/gin-gonic/gin/commit/bfc8ca285eb46dad60e037d57c545cd260636711"
    },
    {
      "type": "WEB",
      "url": "https://github.com/gin-gonic/gin/pull/2474"
    }
  ],
  "affected": [
    {
      "package": {
        "name": "github.com/gin-gonic/gin",
        "ecosystem": "Go",
        "purl": "pkg:golang/github.com/gin-gonic/gin"
      },
      "ranges": [
        {
          "type": "SEMVER",
          "events": [
            {
              "introduced": "0"
            },
            {
              "fixed": "1.6.3-0.20210406033725-bfc8ca285eb4"
            }
          ]
        }
      ],
      "ecosystem_specific": {
        "symbols": [
          "Context.ClientIP"
        ]
      },
      "database_specific": {
        "source": "https://storage.googleapis.com/go-vulndb/byID/GO-2021-0052.json",
        "url": "https://go.googlesource.com/vulndb/+/refs/heads/master/reports/GO-2021-0052.yaml"
      }
    }
  ],
  "schema_version": "1.2.0"
}