{
  "id": "GO-2021-0089",
  "details": "Parsing malformed JSON which contain opening brackets, but not closing brackes,\nleads to an infinite loop. If operating on untrusted user input this can be\nused as a denial of service vector.\n",
  "aliases": [
    "CVE-2020-10675"
  ],
  "modified": "2021-04-14T12:00:00Z",
  "published": "2021-04-14T12:00:00Z",
  "references": [
    {
      "type": "FIX",
      "url": "https://github.com/buger/jsonparser/pull/192"
    },
    {
      "type": "FIX",
      "url": "https://github.com/buger/jsonparser/commit/91ac96899e492584984ded0c8f9a08f10b473717"
    },
    {
      "type": "WEB",
      "url": "https://github.com/buger/jsonparser/issues/188"
    }
  ],
  "affected": [
    {
      "package": {
        "name": "github.com/buger/jsonparser",
        "ecosystem": "Go",
        "purl": "pkg:golang/github.com/buger/jsonparser"
      },
      "ranges": [
        {
          "type": "SEMVER",
          "events": [
            {
              "introduced": "0"
            },
            {
              "fixed": "0.0.0-20200321185410-91ac96899e49"
            }
          ]
        }
      ],
      "ecosystem_specific": {
        "symbols": [
          "findKeyStart"
        ]
      },
      "database_specific": {
        "url": "https://go.googlesource.com/vulndb/+/refs/heads/master/reports/GO-2021-0089.yaml",
        "source": "https://storage.googleapis.com/go-vulndb/byID/GO-2021-0089.json"
      }
    }
  ],
  "schema_version": "1.2.0"
}