{
  "id": "GO-2020-0032",
  "details": "Due to improper santization of user input, Controller.FileHandler allows\nfor directory traversal, allowing an attacker to read files outside of\nthe target directory that the server has permission to read.\n",
  "modified": "2021-04-14T12:00:00Z",
  "published": "2021-04-14T12:00:00Z",
  "references": [
    {
      "type": "FIX",
      "url": "https://github.com/goadesign/goa/pull/2388"
    },
    {
      "type": "FIX",
      "url": "https://github.com/goadesign/goa/commit/70b5a199d0f813d74423993832c424e1fc73fb39"
    }
  ],
  "affected": [
    {
      "package": {
        "name": "github.com/goadesign/goa",
        "ecosystem": "Go",
        "purl": "pkg:golang/github.com/goadesign/goa"
      },
      "ranges": [
        {
          "type": "SEMVER",
          "events": [
            {
              "introduced": "0"
            },
            {
              "fixed": "1.4.3"
            }
          ]
        }
      ],
      "ecosystem_specific": {
        "symbols": [
          "Controller.FileHandler"
        ]
      },
      "database_specific": {
        "url": "https://go.googlesource.com/vulndb/+/refs/heads/master/reports/GO-2020-0032.yaml",
        "source": "https://storage.googleapis.com/go-vulndb/byID/GO-2020-0032.json"
      }
    },
    {
      "package": {
        "name": "goa.design/goa",
        "ecosystem": "Go",
        "purl": "pkg:golang/goa.design/goa"
      },
      "ranges": [
        {
          "type": "SEMVER",
          "events": [
            {
              "introduced": "0"
            },
            {
              "fixed": "1.4.3"
            }
          ]
        }
      ],
      "ecosystem_specific": {
        "symbols": [
          "Controller.FileHandler"
        ]
      },
      "database_specific": {
        "url": "https://go.googlesource.com/vulndb/+/refs/heads/master/reports/GO-2020-0032.yaml",
        "source": "https://storage.googleapis.com/go-vulndb/byID/GO-2020-0032.json"
      }
    },
    {
      "package": {
        "name": "goa.design/goa/v3",
        "ecosystem": "Go",
        "purl": "pkg:golang/goa.design/goa/v3"
      },
      "ranges": [
        {
          "type": "SEMVER",
          "events": [
            {
              "introduced": "0"
            },
            {
              "fixed": "3.0.9"
            }
          ]
        }
      ],
      "ecosystem_specific": {
        "symbols": [
          "Controller.FileHandler"
        ]
      },
      "database_specific": {
        "source": "https://storage.googleapis.com/go-vulndb/byID/GO-2020-0032.json",
        "url": "https://go.googlesource.com/vulndb/+/refs/heads/master/reports/GO-2020-0032.yaml"
      }
    }
  ],
  "schema_version": "1.2.0"
}