{
  "id": "GO-2020-0033",
  "details": "Due to improper santization of user input, HTTPEngine.Handle allows\nfor directory traversal, allowing an attacker to read files outside of\nthe target directory that the server has permission to read.\n",
  "modified": "2021-04-14T12:00:00Z",
  "published": "2021-04-14T12:00:00Z",
  "references": [
    {
      "type": "FIX",
      "url": "https://github.com/go-aah/aah/pull/267"
    },
    {
      "type": "FIX",
      "url": "https://github.com/go-aah/aah/commit/881dc9f71d1f7a4e8a9a39df9c5c081d3a2da1ec"
    },
    {
      "type": "WEB",
      "url": "https://github.com/go-aah/aah/issues/266"
    }
  ],
  "affected": [
    {
      "package": {
        "name": "aahframe.work",
        "ecosystem": "Go",
        "purl": "pkg:golang/aahframe.work"
      },
      "ranges": [
        {
          "type": "SEMVER",
          "events": [
            {
              "introduced": "0"
            },
            {
              "fixed": "0.12.4"
            }
          ]
        }
      ],
      "ecosystem_specific": {
        "symbols": [
          "HTTPEngine.Handle"
        ]
      },
      "database_specific": {
        "url": "https://go.googlesource.com/vulndb/+/refs/heads/master/reports/GO-2020-0033.yaml",
        "source": "https://storage.googleapis.com/go-vulndb/byID/GO-2020-0033.json"
      }
    }
  ],
  "schema_version": "1.2.0"
}