{
  "id": "GO-2020-0045",
  "details": "CSRF tokens are generated using math/rand, which is not a cryptographically secure\nrander number generation, making predicting their values relatively trivial and\nallowing an attacker to bypass CSRF protections which relatively few requests.\n",
  "modified": "2021-04-14T12:00:00Z",
  "published": "2021-04-14T12:00:00Z",
  "references": [
    {
      "type": "FIX",
      "url": "https://github.com/dinever/golf/pull/24"
    },
    {
      "type": "FIX",
      "url": "https://github.com/dinever/golf/commit/3776f338be48b5bc5e8cf9faff7851fc52a3f1fe"
    },
    {
      "type": "WEB",
      "url": "https://github.com/dinever/golf/issues/20"
    }
  ],
  "affected": [
    {
      "package": {
        "name": "github.com/dinever/golf",
        "ecosystem": "Go",
        "purl": "pkg:golang/github.com/dinever/golf"
      },
      "ranges": [
        {
          "type": "SEMVER",
          "events": [
            {
              "introduced": "0"
            },
            {
              "fixed": "0.3.0"
            }
          ]
        }
      ],
      "ecosystem_specific": {
        "symbols": [
          "randomBytes"
        ]
      },
      "database_specific": {
        "source": "https://storage.googleapis.com/go-vulndb/byID/GO-2020-0045.json",
        "url": "https://go.googlesource.com/vulndb/+/refs/heads/master/reports/GO-2020-0045.yaml"
      }
    }
  ],
  "schema_version": "1.2.0"
}