{
  "id": "GO-2021-0075",
  "details": "Due to improper argument validation in RPC messages, a maliciously crafted\nmessage can cause a panic, leading to denial of service.\n",
  "aliases": [
    "CVE-2018-12018"
  ],
  "modified": "2021-04-14T12:00:00Z",
  "published": "2021-04-14T12:00:00Z",
  "references": [
    {
      "type": "FIX",
      "url": "https://github.com/ethereum/go-ethereum/pull/16891"
    },
    {
      "type": "FIX",
      "url": "https://github.com/ethereum/go-ethereum/commit/a5237a27eaf81946a3edb4fafe13ed6359d119e4"
    },
    {
      "type": "WEB",
      "url": "https://peckshield.com/2018/06/27/EPoD/"
    }
  ],
  "affected": [
    {
      "package": {
        "name": "github.com/ethereum/go-ethereum/les",
        "ecosystem": "Go",
        "purl": "pkg:golang/github.com/ethereum/go-ethereum/les"
      },
      "ranges": [
        {
          "type": "SEMVER",
          "events": [
            {
              "introduced": "0"
            },
            {
              "fixed": "1.8.11"
            }
          ]
        }
      ],
      "ecosystem_specific": {
        "symbols": [
          "protocolManager.handleMsg"
        ]
      },
      "database_specific": {
        "url": "https://go.googlesource.com/vulndb/+/refs/heads/master/reports/GO-2021-0075.yaml",
        "source": "https://storage.googleapis.com/go-vulndb/byID/GO-2021-0075.json"
      }
    }
  ],
  "schema_version": "1.2.0"
}