{
  "id": "GO-2020-0015",
  "details": "An attacker could provide a single byte to a [`UTF16`] decoder instantiated with\n[`UseBOM`] or [`ExpectBOM`] to trigger an infinite loop if the [`String`] function on\nthe [`Decoder`] is called, or the [`Decoder`] is passed to [`transform.String`].\nIf used to parse user supplied input, this may be used as a denial of service\nvector.\n",
  "aliases": [
    "CVE-2020-14040"
  ],
  "modified": "2021-06-07T12:00:00Z",
  "published": "2021-04-14T12:00:00Z",
  "references": [
    {
      "type": "FIX",
      "url": "https://go-review.googlesource.com/c/text/+/238238"
    },
    {
      "type": "FIX",
      "url": "https://github.com/golang/text/commit/23ae387dee1f90d29a23c0e87ee0b46038fbed0e"
    },
    {
      "type": "WEB",
      "url": "https://github.com/golang/go/issues/39491"
    },
    {
      "type": "WEB",
      "url": "https://groups.google.com/g/golang-announce/c/bXVeAmGOqz0"
    }
  ],
  "affected": [
    {
      "package": {
        "name": "golang.org/x/text/encoding/unicode",
        "ecosystem": "Go",
        "purl": "pkg:golang/golang.org/x/text/encoding/unicode"
      },
      "ranges": [
        {
          "type": "SEMVER",
          "events": [
            {
              "introduced": "0"
            },
            {
              "fixed": "0.3.3"
            }
          ]
        }
      ],
      "ecosystem_specific": {
        "symbols": [
          "utf16Decoder.Transform"
        ]
      },
      "database_specific": {
        "source": "https://storage.googleapis.com/go-vulndb/byID/GO-2020-0015.json",
        "url": "https://go.googlesource.com/vulndb/+/refs/heads/master/reports/GO-2020-0015.yaml"
      }
    },
    {
      "package": {
        "name": "golang.org/x/text/transform",
        "ecosystem": "Go",
        "purl": "pkg:golang/golang.org/x/text/transform"
      },
      "ranges": [
        {
          "type": "SEMVER",
          "events": [
            {
              "introduced": "0"
            },
            {
              "fixed": "0.3.3"
            }
          ]
        }
      ],
      "ecosystem_specific": {
        "symbols": [
          "Transform"
        ]
      },
      "database_specific": {
        "source": "https://storage.googleapis.com/go-vulndb/byID/GO-2020-0015.json",
        "url": "https://go.googlesource.com/vulndb/+/refs/heads/master/reports/GO-2020-0015.yaml"
      }
    }
  ],
  "schema_version": "1.2.0"
}