{
  "id": "GO-2020-0027",
  "details": "After dropping and then elevating process privileges euid, guid, and groups\nare not properly restored to their original values, allowing an unprivileged\nuser to gain membership in the root group.\n",
  "aliases": [
    "CVE-2018-6558"
  ],
  "modified": "2021-04-14T12:00:00Z",
  "published": "2021-04-14T12:00:00Z",
  "references": [
    {
      "type": "FIX",
      "url": "https://github.com/google/fscrypt/commit/3022c1603d968c22f147b4a2c49c4637dd1be91b"
    },
    {
      "type": "WEB",
      "url": "https://github.com/google/fscrypt/issues/77"
    }
  ],
  "affected": [
    {
      "package": {
        "name": "github.com/google/fscrypt/pam",
        "ecosystem": "Go",
        "purl": "pkg:golang/github.com/google/fscrypt/pam"
      },
      "ranges": [
        {
          "type": "SEMVER",
          "events": [
            {
              "introduced": "0"
            },
            {
              "fixed": "0.2.4"
            }
          ]
        }
      ],
      "ecosystem_specific": {
        "symbols": [
          "NewHandle",
          "SetProcessPrivileges",
          "Handle.StopAsPamUser"
        ]
      },
      "database_specific": {
        "source": "https://storage.googleapis.com/go-vulndb/byID/GO-2020-0027.json",
        "url": "https://go.googlesource.com/vulndb/+/refs/heads/master/reports/GO-2020-0027.yaml"
      }
    },
    {
      "package": {
        "name": "github.com/google/fscrypt/security",
        "ecosystem": "Go",
        "purl": "pkg:golang/github.com/google/fscrypt/security"
      },
      "ranges": [
        {
          "type": "SEMVER",
          "events": [
            {
              "introduced": "0"
            }
          ]
        }
      ],
      "ecosystem_specific": {
        "symbols": [
          "UserKeyringID"
        ]
      },
      "database_specific": {
        "source": "https://storage.googleapis.com/go-vulndb/byID/GO-2020-0027.json",
        "url": "https://go.googlesource.com/vulndb/+/refs/heads/master/reports/GO-2020-0027.yaml"
      }
    }
  ],
  "schema_version": "1.2.0"
}