{
  "id": "GO-2020-0036",
  "details": "Due to unbounded aliasing, a crafted YAML file can cause consumption\nof significant system resources. If parsing user supplied input, this\nmay be used as a denial of service vector.\n",
  "aliases": [
    "CVE-2019-11254"
  ],
  "modified": "2021-04-14T12:00:00Z",
  "published": "2021-04-14T12:00:00Z",
  "references": [
    {
      "type": "FIX",
      "url": "https://github.com/go-yaml/yaml/pull/555"
    },
    {
      "type": "FIX",
      "url": "https://github.com/go-yaml/yaml/commit/53403b58ad1b561927d19068c655246f2db79d48"
    },
    {
      "type": "WEB",
      "url": "https://bugs.chromium.org/p/oss-fuzz/issues/detail?id=18496"
    }
  ],
  "affected": [
    {
      "package": {
        "name": "gopkg.in/yaml.v2",
        "ecosystem": "Go",
        "purl": "pkg:golang/gopkg.in/yaml.v2"
      },
      "ranges": [
        {
          "type": "SEMVER",
          "events": [
            {
              "introduced": "0"
            },
            {
              "fixed": "2.2.8"
            }
          ]
        }
      ],
      "ecosystem_specific": {
        "symbols": [
          "yaml_parser_fetch_more_tokens"
        ]
      },
      "database_specific": {
        "url": "https://go.googlesource.com/vulndb/+/refs/heads/master/reports/GO-2020-0036.yaml",
        "source": "https://storage.googleapis.com/go-vulndb/byID/GO-2020-0036.json"
      }
    },
    {
      "package": {
        "name": "github.com/go-yaml/yaml",
        "ecosystem": "Go",
        "purl": "pkg:golang/github.com/go-yaml/yaml"
      },
      "ranges": [
        {
          "type": "SEMVER",
          "events": [
            {
              "introduced": "0"
            }
          ]
        }
      ],
      "ecosystem_specific": {
        "symbols": [
          "yaml_parser_fetch_more_tokens"
        ]
      },
      "database_specific": {
        "source": "https://storage.googleapis.com/go-vulndb/byID/GO-2020-0036.json",
        "url": "https://go.googlesource.com/vulndb/+/refs/heads/master/reports/GO-2020-0036.yaml"
      }
    }
  ],
  "schema_version": "1.2.0"
}