{
  "id": "GO-2021-0073",
  "details": "Arbitary command execution can be triggered by improperly\nsanitized SSH URLs in LFS configuration files. This can be\ntriggered by cloning a malicious repoistory.\n",
  "aliases": [
    "CVE-2017-17831"
  ],
  "modified": "2021-04-14T12:00:00Z",
  "published": "2021-04-14T12:00:00Z",
  "references": [
    {
      "type": "FIX",
      "url": "https://github.com/git-lfs/git-lfs/pull/2241"
    },
    {
      "type": "FIX",
      "url": "https://github.com/git-lfs/git-lfs/commit/f913f5f9c7c6d1301785fdf9884a2942d59cdf19"
    },
    {
      "type": "WEB",
      "url": "http://blog.recurity-labs.com/2017-08-10/scm-vulns"
    },
    {
      "type": "WEB",
      "url": "https://confluence.atlassian.com/sourcetreekb/sourcetree-security-advisory-2018-01-24-942834324.html"
    },
    {
      "type": "WEB",
      "url": "http://www.securityfocus.com/bid/102926"
    }
  ],
  "affected": [
    {
      "package": {
        "name": "github.com/git-lfs/git-lfs/lfsapi",
        "ecosystem": "Go",
        "purl": "pkg:golang/github.com/git-lfs/git-lfs/lfsapi"
      },
      "ranges": [
        {
          "type": "SEMVER",
          "events": [
            {
              "introduced": "0"
            },
            {
              "fixed": "2.1.1-0.20170519163204-f913f5f9c7c6+incompatible"
            }
          ]
        }
      ],
      "ecosystem_specific": {
        "symbols": [
          "sshGetLFSExeAndArgs"
        ]
      },
      "database_specific": {
        "source": "https://storage.googleapis.com/go-vulndb/byID/GO-2021-0073.json",
        "url": "https://go.googlesource.com/vulndb/+/refs/heads/master/reports/GO-2021-0073.yaml"
      }
    }
  ],
  "schema_version": "1.2.0"
}