{
  "id": "GO-2020-0021",
  "details": "Due to improper santization of user input, a number of methods are\nvulnerable to SQL injection if used with user input that has not\nbeen santized by the caller.\n",
  "aliases": [
    "CVE-2014-8681"
  ],
  "modified": "2021-04-14T12:00:00Z",
  "published": "2021-04-14T12:00:00Z",
  "references": [
    {
      "type": "FIX",
      "url": "https://github.com/gogs/gogs/commit/83283bca4cb4e0f4ec48a28af680f0d88db3d2c8"
    },
    {
      "type": "WEB",
      "url": "https://seclists.org/fulldisclosure/2014/Nov/31"
    }
  ],
  "affected": [
    {
      "package": {
        "name": "github.com/gogits/gogs",
        "ecosystem": "Go",
        "purl": "pkg:golang/github.com/gogits/gogs"
      },
      "ranges": [
        {
          "type": "SEMVER",
          "events": [
            {
              "introduced": "0"
            },
            {
              "fixed": "0.5.8"
            }
          ]
        }
      ],
      "ecosystem_specific": {
        "symbols": [
          "GetIssues",
          "SearchRepositoryByName",
          "SearchUserByName"
        ]
      },
      "database_specific": {
        "url": "https://go.googlesource.com/vulndb/+/refs/heads/master/reports/GO-2020-0021.yaml",
        "source": "https://storage.googleapis.com/go-vulndb/byID/GO-2020-0021.json"
      }
    }
  ],
  "schema_version": "1.2.0"
}