{
  "id": "GO-2020-0043",
  "details": "Due to improper TLS verification when serving traffic for multiple\nSNIs, an attacker may bypass TLS client authentication by indicating\nan SNI during the TLS handshake that is different from the name in\nthe HTTP Host header.\n",
  "aliases": [
    "CVE-2018-21246"
  ],
  "modified": "2021-04-14T12:00:00Z",
  "published": "2021-04-14T12:00:00Z",
  "references": [
    {
      "type": "FIX",
      "url": "https://github.com/caddyserver/caddy/pull/2099"
    },
    {
      "type": "FIX",
      "url": "https://github.com/caddyserver/caddy/commit/4d9ee000c8d2cbcdd8284007c1e0f2da7bc3c7c3"
    },
    {
      "type": "WEB",
      "url": "https://bugs.gentoo.org/715214"
    }
  ],
  "affected": [
    {
      "package": {
        "name": "github.com/mholt/caddy/caddyhttp/httpserver",
        "ecosystem": "Go",
        "purl": "pkg:golang/github.com/mholt/caddy/caddyhttp/httpserver"
      },
      "ranges": [
        {
          "type": "SEMVER",
          "events": [
            {
              "introduced": "0"
            },
            {
              "fixed": "0.10.13"
            }
          ]
        }
      ],
      "ecosystem_specific": {
        "symbols": [
          "httpContext.MakeServers",
          "Server.serveHTTP",
          "assertConfigsCompatible"
        ]
      },
      "database_specific": {
        "url": "https://go.googlesource.com/vulndb/+/refs/heads/master/reports/GO-2020-0043.yaml",
        "source": "https://storage.googleapis.com/go-vulndb/byID/GO-2020-0043.json"
      }
    }
  ],
  "schema_version": "1.2.0"
}