{
  "id": "GO-2020-0029",
  "details": "Due to improper HTTP header santization, a malicious user can spoof their\nsource IP address by setting the X-Forwarded-For header. This may allow\na user to bypass IP based restrictions, or obfuscate their true source.\n",
  "modified": "2021-04-14T12:00:00Z",
  "published": "2021-04-14T12:00:00Z",
  "references": [
    {
      "type": "FIX",
      "url": "https://github.com/gin-gonic/gin/pull/182"
    },
    {
      "type": "FIX",
      "url": "https://github.com/gin-gonic/gin/commit/0099840c98ae1473c5ff0f18bc93a8e13ceed829"
    }
  ],
  "affected": [
    {
      "package": {
        "name": "github.com/gin-gonic/gin",
        "ecosystem": "Go",
        "purl": "pkg:golang/github.com/gin-gonic/gin"
      },
      "ranges": [
        {
          "type": "SEMVER",
          "events": [
            {
              "introduced": "0"
            },
            {
              "fixed": "0.0.0-20141229113116-0099840c98ae"
            }
          ]
        }
      ],
      "ecosystem_specific": {
        "symbols": [
          "Context.ClientIP"
        ]
      },
      "database_specific": {
        "url": "https://go.googlesource.com/vulndb/+/refs/heads/master/reports/GO-2020-0029.yaml",
        "source": "https://storage.googleapis.com/go-vulndb/byID/GO-2020-0029.json"
      }
    }
  ],
  "schema_version": "1.2.0"
}