{
  "id": "GO-2021-0079",
  "details": "A malformed query can cause an out-of-bounds panic due to improper\nvalidation of arguments. If processing queries from untrusted\nparties, this may be used as a vector for denial of service\nattacks.\n",
  "aliases": [
    "CVE-2018-18206"
  ],
  "modified": "2021-04-14T12:00:00Z",
  "published": "2021-04-14T12:00:00Z",
  "references": [
    {
      "type": "FIX",
      "url": "https://github.com/Bytom/bytom/pull/1307"
    },
    {
      "type": "FIX",
      "url": "https://github.com/Bytom/bytom/commit/1ac3c8ac4f2b1e1df9675228290bda6b9586ba42"
    }
  ],
  "affected": [
    {
      "package": {
        "name": "github.com/bytom/bytom/p2p/discover",
        "ecosystem": "Go",
        "purl": "pkg:golang/github.com/bytom/bytom/p2p/discover"
      },
      "ranges": [
        {
          "type": "SEMVER",
          "events": [
            {
              "introduced": "0"
            },
            {
              "fixed": "1.0.4-0.20180831054840-1ac3c8ac4f2b"
            }
          ]
        }
      ],
      "ecosystem_specific": {
        "symbols": [
          "Network.checkTopicRegister"
        ]
      },
      "database_specific": {
        "url": "https://go.googlesource.com/vulndb/+/refs/heads/master/reports/GO-2021-0079.yaml",
        "source": "https://storage.googleapis.com/go-vulndb/byID/GO-2021-0079.json"
      }
    }
  ],
  "schema_version": "1.2.0"
}