{
  "id": "GO-2020-0014",
  "details": "[`html.Parse`] does not properly handle \"select\" tags, which can lead\nto an infinite loop. If parsing user supplied input, this may be used\nas a denial of service vector.\n",
  "aliases": [
    "CVE-2018-17846"
  ],
  "modified": "2021-04-14T12:00:00Z",
  "published": "2021-04-14T12:00:00Z",
  "references": [
    {
      "type": "FIX",
      "url": "https://go-review.googlesource.com/c/137275"
    },
    {
      "type": "FIX",
      "url": "https://github.com/golang/net/commit/d26f9f9a57f3fab6a695bec0d84433c2c50f8bbf"
    },
    {
      "type": "WEB",
      "url": "https://github.com/golang/go/issues/27842"
    }
  ],
  "affected": [
    {
      "package": {
        "name": "golang.org/x/net/html",
        "ecosystem": "Go",
        "purl": "pkg:golang/golang.org/x/net/html"
      },
      "ranges": [
        {
          "type": "SEMVER",
          "events": [
            {
              "introduced": "0"
            },
            {
              "fixed": "0.0.0-20190125091013-d26f9f9a57f3"
            }
          ]
        }
      ],
      "ecosystem_specific": {
        "symbols": [
          "inSelectIM",
          "inSelectInTableIM"
        ]
      },
      "database_specific": {
        "url": "https://go.googlesource.com/vulndb/+/refs/heads/master/reports/GO-2020-0014.yaml",
        "source": "https://storage.googleapis.com/go-vulndb/byID/GO-2020-0014.json"
      }
    }
  ],
  "schema_version": "1.2.0"
}