{
  "id": "GO-2021-0082",
  "details": "Thirft Servers preallocate memory for the declared size of messages before\nchecking the actual size of the message. This allows a malicious user to\nsend messages that declare that they are significantly larger than they\nactually are, allowing them to force the server to allocate significant\namounts of memory. This can be used as a denial of service vector.\n",
  "aliases": [
    "CVE-2019-11939"
  ],
  "modified": "2021-04-14T12:00:00Z",
  "published": "2021-04-14T12:00:00Z",
  "references": [
    {
      "type": "FIX",
      "url": "https://github.com/facebook/fbthrift/commit/483ed864d69f307e9e3b9dadec048216100c0757"
    },
    {
      "type": "WEB",
      "url": "https://www.facebook.com/security/advisories/cve-2019-11939"
    }
  ],
  "affected": [
    {
      "package": {
        "name": "github.com/facebook/fbthrift/thrift/lib/go/thrift",
        "ecosystem": "Go",
        "purl": "pkg:golang/github.com/facebook/fbthrift/thrift/lib/go/thrift"
      },
      "ranges": [
        {
          "type": "SEMVER",
          "events": [
            {
              "introduced": "0"
            },
            {
              "fixed": "0.31.1-0.20200311080807-483ed864d69f"
            }
          ]
        }
      ],
      "database_specific": {
        "url": "https://go.googlesource.com/vulndb/+/refs/heads/master/reports/GO-2021-0082.yaml",
        "source": "https://storage.googleapis.com/go-vulndb/byID/GO-2021-0082.json"
      }
    }
  ],
  "schema_version": "1.2.0"
}