{
  "id": "GO-2020-0042",
  "details": "Due to improper path santization, RPMs containing relative file\npaths can cause files to be written (or overwritten) outside of the\ntarget directory.\n",
  "aliases": [
    "CVE-2020-7667"
  ],
  "modified": "2021-04-14T12:00:00Z",
  "published": "2021-04-14T12:00:00Z",
  "references": [
    {
      "type": "FIX",
      "url": "https://github.com/sassoftware/go-rpmutils/commit/a64058cf21b8aada501bba923c9aab66fb6febf0"
    },
    {
      "type": "WEB",
      "url": "https://snyk.io/research/zip-slip-vulnerability"
    }
  ],
  "affected": [
    {
      "package": {
        "name": "github.com/sassoftware/go-rpmutils/cpio",
        "ecosystem": "Go",
        "purl": "pkg:golang/github.com/sassoftware/go-rpmutils/cpio"
      },
      "ranges": [
        {
          "type": "SEMVER",
          "events": [
            {
              "introduced": "0"
            },
            {
              "fixed": "0.1.0"
            }
          ]
        }
      ],
      "ecosystem_specific": {
        "symbols": [
          "Extract"
        ]
      },
      "database_specific": {
        "source": "https://storage.googleapis.com/go-vulndb/byID/GO-2020-0042.json",
        "url": "https://go.googlesource.com/vulndb/+/refs/heads/master/reports/GO-2020-0042.yaml"
      }
    }
  ],
  "schema_version": "1.2.0"
}