{
  "id": "GO-2021-0084",
  "details": "Session data is stored using permissive permissions, allowing local users\nwith filesystem access to read arbitary data.\n",
  "aliases": [
    "CVE-2019-16354"
  ],
  "modified": "2021-04-14T12:00:00Z",
  "published": "2021-04-14T12:00:00Z",
  "references": [
    {
      "type": "FIX",
      "url": "https://github.com/beego/beego/pull/3975"
    },
    {
      "type": "FIX",
      "url": "https://github.com/beego/beego/commit/bac2b31afecc65d9a89f9e473b8006c5edc0c8d1"
    },
    {
      "type": "WEB",
      "url": "https://github.com/beego/beego/issues/3763"
    }
  ],
  "affected": [
    {
      "package": {
        "name": "github.com/astaxie/beego/session",
        "ecosystem": "Go",
        "purl": "pkg:golang/github.com/astaxie/beego/session"
      },
      "ranges": [
        {
          "type": "SEMVER",
          "events": [
            {
              "introduced": "0"
            },
            {
              "fixed": "1.12.2-0.20200613154013-bac2b31afecc"
            }
          ]
        }
      ],
      "ecosystem_specific": {
        "symbols": [
          "FileProvider.SessionRead",
          "FileProvider.SessionRegenerate"
        ]
      },
      "database_specific": {
        "source": "https://storage.googleapis.com/go-vulndb/byID/GO-2021-0084.json",
        "url": "https://go.googlesource.com/vulndb/+/refs/heads/master/reports/GO-2021-0084.yaml"
      }
    }
  ],
  "schema_version": "1.2.0"
}