{
  "id": "GO-2021-0083",
  "details": "TLS certificate verification is skipped when connecting to a MQTT server.\nThis allows an attacker who can MITM the connection to read, or forge,\nmessages passed between the client and server.\n",
  "aliases": [
    "CVE-2019-12496"
  ],
  "modified": "2021-04-14T12:00:00Z",
  "published": "2021-04-14T12:00:00Z",
  "references": [
    {
      "type": "FIX",
      "url": "https://github.com/hybridgroup/gobot/commit/c1aa4f867846da4669ecf3bc3318bd96b7ee6f3f"
    },
    {
      "type": "WEB",
      "url": "https://github.com/hybridgroup/gobot/releases/tag/v1.13.0"
    }
  ],
  "affected": [
    {
      "package": {
        "name": "github.com/hybridgroup/gobot/platforms/mqtt",
        "ecosystem": "Go",
        "purl": "pkg:golang/github.com/hybridgroup/gobot/platforms/mqtt"
      },
      "ranges": [
        {
          "type": "SEMVER",
          "events": [
            {
              "introduced": "0"
            },
            {
              "fixed": "1.12.1-0.20190521122906-c1aa4f867846"
            }
          ]
        }
      ],
      "ecosystem_specific": {
        "symbols": [
          "Adaptor.newTLSConfig"
        ]
      },
      "database_specific": {
        "source": "https://storage.googleapis.com/go-vulndb/byID/GO-2021-0083.json",
        "url": "https://go.googlesource.com/vulndb/+/refs/heads/master/reports/GO-2021-0083.yaml"
      }
    }
  ],
  "schema_version": "1.2.0"
}