{
  "id": "GO-2021-0065",
  "details": "Authorization tokens may be inappropriately logged if the verbosity\nlevel is set to a debug level.\n",
  "aliases": [
    "CVE-2019-11250"
  ],
  "modified": "2021-04-14T12:00:00Z",
  "published": "2021-04-14T12:00:00Z",
  "references": [
    {
      "type": "FIX",
      "url": "https://github.com/kubernetes/kubernetes/pull/81330"
    },
    {
      "type": "FIX",
      "url": "https://github.com/kubernetes/kubernetes/commit/4441f1d9c3e94d9a3d93b4f184a591cab02a5245"
    },
    {
      "type": "WEB",
      "url": "https://github.com/kubernetes/kubernetes/issues/81114"
    }
  ],
  "affected": [
    {
      "package": {
        "name": "k8s.io/client-go/transport",
        "ecosystem": "Go",
        "purl": "pkg:golang/k8s.io/client-go/transport"
      },
      "ranges": [
        {
          "type": "SEMVER",
          "events": [
            {
              "introduced": "0"
            },
            {
              "fixed": "0.17.0"
            }
          ]
        }
      ],
      "ecosystem_specific": {
        "symbols": [
          "debuggingRoundTripper.RoundTrip"
        ]
      },
      "database_specific": {
        "url": "https://go.googlesource.com/vulndb/+/refs/heads/master/reports/GO-2021-0065.yaml",
        "source": "https://storage.googleapis.com/go-vulndb/byID/GO-2021-0065.json"
      }
    },
    {
      "package": {
        "name": "k8s.io/kubernetes/staging/src/k8s.io/client-go/transport",
        "ecosystem": "Go",
        "purl": "pkg:golang/k8s.io/kubernetes/staging/src/k8s.io/client-go/transport"
      },
      "ranges": [
        {
          "type": "SEMVER",
          "events": [
            {
              "introduced": "0"
            },
            {
              "fixed": "1.16.0-beta.1"
            }
          ]
        }
      ],
      "ecosystem_specific": {
        "symbols": [
          "debuggingRoundTripper.RoundTrip"
        ]
      },
      "database_specific": {
        "url": "https://go.googlesource.com/vulndb/+/refs/heads/master/reports/GO-2021-0065.yaml",
        "source": "https://storage.googleapis.com/go-vulndb/byID/GO-2021-0065.json"
      }
    }
  ],
  "schema_version": "1.2.0"
}