{
  "id": "GO-2020-0017",
  "details": "If a JWT contains an audience claim with an array of strings, rather\nthan a single string, and `MapClaims.VerifyAudience` is called with\n`req` set to `false`, then audience verification will be bypassed,\nallowing an invalid set of audiences to be provided.\n",
  "aliases": [
    "CVE-2020-26160"
  ],
  "modified": "2021-04-14T12:00:00Z",
  "published": "2021-04-14T12:00:00Z",
  "references": [
    {
      "type": "FIX",
      "url": "https://github.com/dgrijalva/jwt-go/commit/ec0a89a131e3e8567adcb21254a5cd20a70ea4ab"
    },
    {
      "type": "WEB",
      "url": "https://github.com/dgrijalva/jwt-go/issues/422"
    }
  ],
  "affected": [
    {
      "package": {
        "name": "github.com/dgrijalva/jwt-go",
        "ecosystem": "Go",
        "purl": "pkg:golang/github.com/dgrijalva/jwt-go"
      },
      "ranges": [
        {
          "type": "SEMVER",
          "events": [
            {
              "introduced": "0.0.0-20150717181359-44718f8a89b0"
            }
          ]
        }
      ],
      "ecosystem_specific": {
        "symbols": [
          "MapClaims.VerifyAudience"
        ]
      },
      "database_specific": {
        "source": "https://storage.googleapis.com/go-vulndb/byID/GO-2020-0017.json",
        "url": "https://go.googlesource.com/vulndb/+/refs/heads/master/reports/GO-2020-0017.yaml"
      }
    },
    {
      "package": {
        "name": "github.com/dgrijalva/jwt-go/v4",
        "ecosystem": "Go",
        "purl": "pkg:golang/github.com/dgrijalva/jwt-go/v4"
      },
      "ranges": [
        {
          "type": "SEMVER",
          "events": [
            {
              "introduced": "0"
            },
            {
              "fixed": "4.0.0-preview1"
            }
          ]
        }
      ],
      "ecosystem_specific": {
        "symbols": [
          "MapClaims.VerifyAudience"
        ]
      },
      "database_specific": {
        "source": "https://storage.googleapis.com/go-vulndb/byID/GO-2020-0017.json",
        "url": "https://go.googlesource.com/vulndb/+/refs/heads/master/reports/GO-2020-0017.yaml"
      }
    }
  ],
  "schema_version": "1.2.0"
}