{
  "id": "GO-2021-0088",
  "details": "Skip ignores unknown fields, rather than failing. A malicious user can craft small\nmessages with unknown fields which can take significant resources to parse. If a\nserver accepts messages from an untrusted user, it may be used as a denial of service\nvector.\n",
  "aliases": [
    "CVE-2019-3564"
  ],
  "modified": "2021-04-14T12:00:00Z",
  "published": "2021-04-14T12:00:00Z",
  "references": [
    {
      "type": "FIX",
      "url": "https://github.com/facebook/fbthrift/commit/c461c1bd1a3e130b181aa9c854da3030cd4b5156"
    },
    {
      "type": "WEB",
      "url": "https://www.facebook.com/security/advisories/cve-2019-3564"
    }
  ],
  "affected": [
    {
      "package": {
        "name": "github.com/facebook/fbthrift/thrift/lib/go/thrift",
        "ecosystem": "Go",
        "purl": "pkg:golang/github.com/facebook/fbthrift/thrift/lib/go/thrift"
      },
      "ranges": [
        {
          "type": "SEMVER",
          "events": [
            {
              "introduced": "0"
            },
            {
              "fixed": "0.31.1-0.20190225164308-c461c1bd1a3e"
            }
          ]
        }
      ],
      "ecosystem_specific": {
        "symbols": [
          "Skip"
        ]
      },
      "database_specific": {
        "source": "https://storage.googleapis.com/go-vulndb/byID/GO-2021-0088.json",
        "url": "https://go.googlesource.com/vulndb/+/refs/heads/master/reports/GO-2021-0088.yaml"
      }
    }
  ],
  "schema_version": "1.2.0"
}