{
  "id": "GO-2021-0092",
  "details": "Uniqueness of JWT IDs (jti) are not checked, allowing the JWT to be\nreplayed.\n",
  "aliases": [
    "CVE-2020-15222"
  ],
  "modified": "2021-04-14T12:00:00Z",
  "published": "2021-04-14T12:00:00Z",
  "references": [
    {
      "type": "FIX",
      "url": "https://github.com/ory/fosite/commit/0c9e0f6d654913ad57c507dd9a36631e1858a3e9"
    },
    {
      "type": "WEB",
      "url": "https://github.com/ory/fosite/security/advisories/GHSA-v3q9-2p3m-7g43"
    }
  ],
  "affected": [
    {
      "package": {
        "name": "github.com/ory/fosite",
        "ecosystem": "Go",
        "purl": "pkg:golang/github.com/ory/fosite"
      },
      "ranges": [
        {
          "type": "SEMVER",
          "events": [
            {
              "introduced": "0"
            },
            {
              "fixed": "0.31.0"
            }
          ]
        }
      ],
      "ecosystem_specific": {
        "symbols": [
          "Fosite.AuthenticateClient"
        ]
      },
      "database_specific": {
        "source": "https://storage.googleapis.com/go-vulndb/byID/GO-2021-0092.json",
        "url": "https://go.googlesource.com/vulndb/+/refs/heads/master/reports/GO-2021-0092.yaml"
      }
    }
  ],
  "schema_version": "1.2.0"
}