{
  "id": "GO-2021-0086",
  "details": "HTML content in mardkwon is not santized during rendering, possibly allowing\nXSS if used to render untrusted user input.\n",
  "aliases": [
    "CVE-2019-19619"
  ],
  "modified": "2021-04-14T12:00:00Z",
  "published": "2021-04-14T12:00:00Z",
  "references": [
    {
      "type": "FIX",
      "url": "https://github.com/documize/community/commit/a4384210d4d0d6b18e6fdb7e155de96d4a1cf9f3"
    }
  ],
  "affected": [
    {
      "package": {
        "name": "github.com/documize/community/domain/section/markdown",
        "ecosystem": "Go",
        "purl": "pkg:golang/github.com/documize/community/domain/section/markdown"
      },
      "ranges": [
        {
          "type": "SEMVER",
          "events": [
            {
              "introduced": "0"
            },
            {
              "fixed": "1.76.3-0.20191119114751-a4384210d4d0"
            }
          ]
        }
      ],
      "ecosystem_specific": {
        "symbols": [
          "Provider.Render"
        ]
      },
      "database_specific": {
        "url": "https://go.googlesource.com/vulndb/+/refs/heads/master/reports/GO-2021-0086.yaml",
        "source": "https://storage.googleapis.com/go-vulndb/byID/GO-2021-0086.json"
      }
    }
  ],
  "schema_version": "1.2.0"
}