{
  "id": "GO-2021-0095",
  "details": "Due to repeated usage of a XOR key an attacker that can eavesdrop on the TPM 1.2 transport\nis able to calculate usageAuth for keys created using CreateWrapKey, despite it being encrypted,\nallowing them to use the created key.\n",
  "aliases": [
    "CVE-2020-8918"
  ],
  "modified": "2021-04-14T12:00:00Z",
  "published": "2021-04-14T12:00:00Z",
  "references": [
    {
      "type": "FIX",
      "url": "https://github.com/google/go-tpm/pull/195"
    },
    {
      "type": "FIX",
      "url": "https://github.com/google/go-tpm/commit/d7806cce857a1a020190c03348e5361725d8f141"
    },
    {
      "type": "WEB",
      "url": "https://github.com/google/go-tpm/security/advisories/GHSA-5x29-3hr9-6wpw"
    }
  ],
  "affected": [
    {
      "package": {
        "name": "github.com/google/go-tpm/tpm",
        "ecosystem": "Go",
        "purl": "pkg:golang/github.com/google/go-tpm/tpm"
      },
      "ranges": [
        {
          "type": "SEMVER",
          "events": [
            {
              "introduced": "0"
            },
            {
              "fixed": "0.3.0"
            }
          ]
        }
      ],
      "ecosystem_specific": {
        "symbols": [
          "CreateWrapKey"
        ]
      },
      "database_specific": {
        "source": "https://storage.googleapis.com/go-vulndb/byID/GO-2021-0095.json",
        "url": "https://go.googlesource.com/vulndb/+/refs/heads/master/reports/GO-2021-0095.yaml"
      }
    }
  ],
  "schema_version": "1.2.0"
}