{
  "id": "GO-2021-0070",
  "details": "GetExecUser in the github.com/opencontainers/runc/libcontainer/user package will\nimproperly interpred numeric UIDs as usernames. If the method is used without\nverify usernames are formatted as expected, it may allow a user to gain unexpected\nprivileges.\n",
  "aliases": [
    "CVE-2016-3697"
  ],
  "modified": "2021-04-14T12:00:00Z",
  "published": "2021-04-14T12:00:00Z",
  "references": [
    {
      "type": "FIX",
      "url": "https://github.com/opencontainers/runc/pull/708"
    },
    {
      "type": "FIX",
      "url": "https://github.com/opencontainers/runc/commit/69af385de62ea68e2e608335cffbb0f4aa3db091"
    },
    {
      "type": "WEB",
      "url": "https://github.com/docker/docker/issues/21436"
    },
    {
      "type": "WEB",
      "url": "http://rhn.redhat.com/errata/RHSA-2016-1034.html"
    },
    {
      "type": "WEB",
      "url": "http://rhn.redhat.com/errata/RHSA-2016-2634.html"
    },
    {
      "type": "WEB",
      "url": "https://security.gentoo.org/glsa/201612-28"
    }
  ],
  "affected": [
    {
      "package": {
        "name": "github.com/opencontainers/runc/libcontainer/user",
        "ecosystem": "Go",
        "purl": "pkg:golang/github.com/opencontainers/runc/libcontainer/user"
      },
      "ranges": [
        {
          "type": "SEMVER",
          "events": [
            {
              "introduced": "0"
            },
            {
              "fixed": "0.1.0"
            }
          ]
        }
      ],
      "ecosystem_specific": {
        "symbols": [
          "GetExecUser"
        ]
      },
      "database_specific": {
        "source": "https://storage.googleapis.com/go-vulndb/byID/GO-2021-0070.json",
        "url": "https://go.googlesource.com/vulndb/+/refs/heads/master/reports/GO-2021-0070.yaml"
      }
    }
  ],
  "schema_version": "1.2.0"
}