{
  "id": "GO-2020-0018",
  "details": "UUIDs generated using [`NewV1`] and [`NewV4`] may not read the expected\nnumber of random bytes. These UUIDs may contain a significantly smaller\namount of entropy than expected, possibly leading to collisions.\n",
  "modified": "2021-04-14T12:00:00Z",
  "published": "2021-04-14T12:00:00Z",
  "references": [
    {
      "type": "FIX",
      "url": "https://github.com/satori/go.uuid/pull/75"
    },
    {
      "type": "FIX",
      "url": "https://github.com/satori/go.uuid/commit/d91630c8510268e75203009fe7daf2b8e1d60c45"
    },
    {
      "type": "WEB",
      "url": "https://github.com/satori/go.uuid/issues/73"
    }
  ],
  "affected": [
    {
      "package": {
        "name": "github.com/satori/go.uuid",
        "ecosystem": "Go",
        "purl": "pkg:golang/github.com/satori/go.uuid"
      },
      "ranges": [
        {
          "type": "SEMVER",
          "events": [
            {
              "introduced": "0"
            },
            {
              "fixed": "1.2.1-0.20181016170032-d91630c85102"
            }
          ]
        }
      ],
      "ecosystem_specific": {
        "symbols": [
          "NewV4",
          "rfc4122Generator.getClockSequence",
          "rfc4122Generator.getHardwareAddr"
        ]
      },
      "database_specific": {
        "source": "https://storage.googleapis.com/go-vulndb/byID/GO-2020-0018.json",
        "url": "https://go.googlesource.com/vulndb/+/refs/heads/master/reports/GO-2020-0018.yaml"
      }
    }
  ],
  "schema_version": "1.2.0"
}