{
  "id": "GO-2021-0113",
  "details": "Due to improper index calculation, an incorrectly formatted language tag can cause Parse\nto panic, due to an out of bounds read. If Parse is used to process untrusted user inputs,\nthis may be used as a vector for a denial of service attack.\n",
  "aliases": [
    "CVE-2021-38561"
  ],
  "modified": "2021-10-06T12:00:00Z",
  "published": "2021-10-06T12:00:00Z",
  "references": [
    {
      "type": "FIX",
      "url": "https://go-review.googlesource.com/c/text/+/340830"
    },
    {
      "type": "FIX",
      "url": "https://go.googlesource.com/text/+/383b2e75a7a4198c42f8f87833eefb772868a56f"
    }
  ],
  "affected": [
    {
      "package": {
        "name": "golang.org/x/text/language",
        "ecosystem": "Go",
        "purl": "pkg:golang/golang.org/x/text/language"
      },
      "ranges": [
        {
          "type": "SEMVER",
          "events": [
            {
              "introduced": "0"
            },
            {
              "fixed": "0.3.7"
            }
          ]
        }
      ],
      "ecosystem_specific": {
        "symbols": [
          "Parse"
        ]
      },
      "database_specific": {
        "source": "https://storage.googleapis.com/go-vulndb/byID/GO-2021-0113.json",
        "url": "https://go.googlesource.com/vulndb/+/refs/heads/master/reports/GO-2021-0113.yaml"
      }
    }
  ],
  "schema_version": "1.2.0"
}