{
  "id": "GO-2020-0003",
  "details": "If the application accepts\n[slice parameters](https://revel.github.io/manual/parameters.html#slices), an\nattacker can cause the application to allocate large amounts of memory and\ncrash by manipulating the request query.\n",
  "modified": "2021-04-14T12:00:00Z",
  "published": "2021-04-14T12:00:00Z",
  "references": [
    {
      "type": "FIX",
      "url": "https://github.com/revel/revel/pull/1427"
    },
    {
      "type": "FIX",
      "url": "https://github.com/revel/revel/commit/d160ecb72207824005b19778594cbdc272e8a605"
    },
    {
      "type": "WEB",
      "url": "https://github.com/revel/revel/issues/1424"
    }
  ],
  "affected": [
    {
      "package": {
        "name": "github.com/revel/revel",
        "ecosystem": "Go",
        "purl": "pkg:golang/github.com/revel/revel"
      },
      "ranges": [
        {
          "type": "SEMVER",
          "events": [
            {
              "introduced": "0"
            },
            {
              "fixed": "1.0.0"
            }
          ]
        }
      ],
      "database_specific": {
        "source": "https://storage.googleapis.com/go-vulndb/byID/GO-2020-0003.json",
        "url": "https://go.googlesource.com/vulndb/+/refs/heads/master/reports/GO-2020-0003.yaml"
      }
    }
  ],
  "schema_version": "1.2.0"
}