{
  "id": "GO-2020-0009",
  "details": "On 32-bit platforms an attacker can manipulate a ciphertext encrypted with AES-CBC\nwith HMAC such that they can control how large the input buffer is when computing\nthe HMAC authentication tag. This can can allow a manipulated ciphertext to be\nverified as authentic, opening the door for padding oracle attacks.\n",
  "aliases": [
    "CVE-2016-9123"
  ],
  "modified": "2021-04-14T12:00:00Z",
  "published": "2021-04-14T12:00:00Z",
  "references": [
    {
      "type": "FIX",
      "url": "https://github.com/square/go-jose/commit/789a4c4bd4c118f7564954f441b29c153ccd6a96"
    },
    {
      "type": "WEB",
      "url": "https://www.openwall.com/lists/oss-security/2016/11/03/1"
    }
  ],
  "affected": [
    {
      "package": {
        "name": "github.com/square/go-jose/cipher",
        "ecosystem": "Go",
        "purl": "pkg:golang/github.com/square/go-jose/cipher"
      },
      "ranges": [
        {
          "type": "SEMVER",
          "events": [
            {
              "introduced": "0"
            },
            {
              "fixed": "0.0.0-20160903044734-789a4c4bd4c1"
            }
          ]
        }
      ],
      "ecosystem_specific": {
        "goarch": [
          "386",
          "arm",
          "armbe",
          "amd64p32",
          "mips",
          "mipsle",
          "mips64p32",
          "mips64p32le",
          "ppc",
          "riscv",
          "s390",
          "sparc"
        ],
        "symbols": [
          "cbcAEAD.computeAuthTag"
        ]
      },
      "database_specific": {
        "source": "https://storage.googleapis.com/go-vulndb/byID/GO-2020-0009.json",
        "url": "https://go.googlesource.com/vulndb/+/refs/heads/master/reports/GO-2020-0009.yaml"
      }
    },
    {
      "package": {
        "name": "github.com/square/go-jose",
        "ecosystem": "Go",
        "purl": "pkg:golang/github.com/square/go-jose"
      },
      "ranges": [
        {
          "type": "SEMVER",
          "events": [
            {
              "introduced": "0"
            }
          ]
        }
      ],
      "ecosystem_specific": {
        "symbols": [
          "JsonWebEncryption.Decrypt",
          "JsonWebEncryption.DecryptMulti"
        ],
        "goarch": [
          "386",
          "arm",
          "armbe",
          "amd64p32",
          "mips",
          "mipsle",
          "mips64p32",
          "mips64p32le",
          "ppc",
          "riscv",
          "s390",
          "sparc"
        ]
      },
      "database_specific": {
        "url": "https://go.googlesource.com/vulndb/+/refs/heads/master/reports/GO-2020-0009.yaml",
        "source": "https://storage.googleapis.com/go-vulndb/byID/GO-2020-0009.json"
      }
    }
  ],
  "schema_version": "1.2.0"
}