{
  "id": "GO-2021-0102",
  "details": "Due to improper input validation, a maliciously crafted input can cause a panic, due to incorrect\nnonce size. If this package is used to decrypt user supplied messages without checking the size of\nsupplied nonces, this may be used as a vector for a denial of service attack.\n",
  "aliases": [
    "CVE-2019-11289"
  ],
  "modified": "2021-07-28T12:00:00Z",
  "published": "2021-07-28T12:00:00Z",
  "references": [
    {
      "type": "FIX",
      "url": "https://github.com/cloudfoundry/gorouter/commit/b1b5c44e050f73b399b379ca63a42a2c5780a83f"
    },
    {
      "type": "WEB",
      "url": "https://github.com/advisories/GHSA-5796-p3m6-9qj4"
    },
    {
      "type": "WEB",
      "url": "https://www.cloudfoundry.org/blog/cve-2019-11289/"
    }
  ],
  "affected": [
    {
      "package": {
        "name": "code.cloudfoundry.org/gorouter/common/secure",
        "ecosystem": "Go",
        "purl": "pkg:golang/code.cloudfoundry.org/gorouter/common/secure"
      },
      "ranges": [
        {
          "type": "SEMVER",
          "events": [
            {
              "introduced": "0"
            },
            {
              "fixed": "0.0.0-20191101214924-b1b5c44e050f"
            }
          ]
        }
      ],
      "ecosystem_specific": {
        "symbols": [
          "AesGCM.Decrypt"
        ]
      },
      "database_specific": {
        "url": "https://go.googlesource.com/vulndb/+/refs/heads/master/reports/GO-2021-0102.yaml",
        "source": "https://storage.googleapis.com/go-vulndb/byID/GO-2021-0102.json"
      }
    },
    {
      "package": {
        "name": "github.com/cloudfoundry/gorouter/common/secure",
        "ecosystem": "Go",
        "purl": "pkg:golang/github.com/cloudfoundry/gorouter/common/secure"
      },
      "ranges": [
        {
          "type": "SEMVER",
          "events": [
            {
              "introduced": "0"
            },
            {
              "fixed": "0.0.0-20191101214924-b1b5c44e050f"
            }
          ]
        }
      ],
      "ecosystem_specific": {
        "symbols": [
          "AesGCM.Decrypt"
        ]
      },
      "database_specific": {
        "source": "https://storage.googleapis.com/go-vulndb/byID/GO-2021-0102.json",
        "url": "https://go.googlesource.com/vulndb/+/refs/heads/master/reports/GO-2021-0102.yaml"
      }
    }
  ],
  "schema_version": "1.2.0"
}