{
  "id": "GO-2020-0028",
  "details": "Due to a nil pointer dereference, parsing a malformed zone file\ncontaining TA records may cause a panic. If parsing user supplied\ninput, this may be used as a denial of service vector.\n",
  "aliases": [
    "CVE-2018-17419"
  ],
  "modified": "2021-04-14T12:00:00Z",
  "published": "2021-04-14T12:00:00Z",
  "references": [
    {
      "type": "FIX",
      "url": "https://github.com/miekg/dns/commit/501e858f679edecd4a38a86317ce50271014a80d"
    },
    {
      "type": "WEB",
      "url": "https://github.com/miekg/dns/issues/742"
    }
  ],
  "affected": [
    {
      "package": {
        "name": "github.com/miekg/dns",
        "ecosystem": "Go",
        "purl": "pkg:golang/github.com/miekg/dns"
      },
      "ranges": [
        {
          "type": "SEMVER",
          "events": [
            {
              "introduced": "0"
            },
            {
              "fixed": "1.0.10"
            }
          ]
        }
      ],
      "ecosystem_specific": {
        "symbols": [
          "setTA"
        ]
      },
      "database_specific": {
        "url": "https://go.googlesource.com/vulndb/+/refs/heads/master/reports/GO-2020-0028.yaml",
        "source": "https://storage.googleapis.com/go-vulndb/byID/GO-2020-0028.json"
      }
    }
  ],
  "schema_version": "1.2.0"
}