{
  "id": "GO-2020-0048",
  "details": "[`LoadURL`] does not check the Content-Type of loaded resources,\nwhich can cause a panic due to nil pointer deference if the loaded\nresource is not XML. If user supplied URLs are loaded, this may be\nused as a denial of service vector.\n",
  "aliases": [
    "CVE-2020-25614"
  ],
  "modified": "2021-04-14T12:00:00Z",
  "published": "2021-04-14T12:00:00Z",
  "references": [
    {
      "type": "FIX",
      "url": "https://github.com/antchfx/xmlquery/commit/5648b2f39e8d5d3fc903c45a4f1274829df71821"
    },
    {
      "type": "WEB",
      "url": "https://github.com/antchfx/xmlquery/issues/39"
    }
  ],
  "affected": [
    {
      "package": {
        "name": "github.com/antchfx/xmlquery",
        "ecosystem": "Go",
        "purl": "pkg:golang/github.com/antchfx/xmlquery"
      },
      "ranges": [
        {
          "type": "SEMVER",
          "events": [
            {
              "introduced": "0"
            },
            {
              "fixed": "1.3.1"
            }
          ]
        }
      ],
      "ecosystem_specific": {
        "symbols": [
          "LoadURL"
        ]
      },
      "database_specific": {
        "url": "https://go.googlesource.com/vulndb/+/refs/heads/master/reports/GO-2020-0048.yaml",
        "source": "https://storage.googleapis.com/go-vulndb/byID/GO-2020-0048.json"
      }
    }
  ],
  "schema_version": "1.2.0"
}