{
  "id": "GO-2021-0098",
  "details": "Due to the standard library behavior of exec.LookPath on Windows a number of methods may\nresult in arbitary code execution when cloning or operating on untrusted Git repositories.\n",
  "aliases": [
    "CVE-2021-21237"
  ],
  "modified": "2021-04-14T12:00:00Z",
  "published": "2021-04-14T12:00:00Z",
  "references": [
    {
      "type": "FIX",
      "url": "https://github.com/git-lfs/git-lfs/commit/fc664697ed2c2081ee9633010de0a7f9debea72a"
    },
    {
      "type": "WEB",
      "url": "https://github.com/git-lfs/git-lfs/security/advisories/GHSA-cx3w-xqmc-84g5"
    }
  ],
  "affected": [
    {
      "package": {
        "name": "github.com/git-lfs/git-lfs/commands",
        "ecosystem": "Go",
        "purl": "pkg:golang/github.com/git-lfs/git-lfs/commands"
      },
      "ranges": [
        {
          "type": "SEMVER",
          "events": [
            {
              "introduced": "0"
            },
            {
              "fixed": "1.5.1-0.20210113180018-fc664697ed2c"
            }
          ]
        }
      ],
      "ecosystem_specific": {
        "symbols": [
          "PipeCommand"
        ],
        "goos": [
          "windows"
        ]
      },
      "database_specific": {
        "url": "https://go.googlesource.com/vulndb/+/refs/heads/master/reports/GO-2021-0098.yaml",
        "source": "https://storage.googleapis.com/go-vulndb/byID/GO-2021-0098.json"
      }
    },
    {
      "package": {
        "name": "github.com/git-lfs/git-lfs/creds",
        "ecosystem": "Go",
        "purl": "pkg:golang/github.com/git-lfs/git-lfs/creds"
      },
      "ranges": [
        {
          "type": "SEMVER",
          "events": [
            {
              "introduced": "0"
            },
            {
              "fixed": "1.5.1-0.20210113180018-fc664697ed2c"
            }
          ]
        }
      ],
      "ecosystem_specific": {
        "symbols": [
          "AskPassCredentialHelper.getFromProgram",
          "commandCredentialHelper.Approve"
        ],
        "goos": [
          "windows"
        ]
      },
      "database_specific": {
        "url": "https://go.googlesource.com/vulndb/+/refs/heads/master/reports/GO-2021-0098.yaml",
        "source": "https://storage.googleapis.com/go-vulndb/byID/GO-2021-0098.json"
      }
    },
    {
      "package": {
        "name": "github.com/git-lfs/git-lfs/lfs",
        "ecosystem": "Go",
        "purl": "pkg:golang/github.com/git-lfs/git-lfs/lfs"
      },
      "ranges": [
        {
          "type": "SEMVER",
          "events": [
            {
              "introduced": "0"
            },
            {
              "fixed": "1.5.1-0.20210113180018-fc664697ed2c"
            }
          ]
        }
      ],
      "ecosystem_specific": {
        "goos": [
          "windows"
        ],
        "symbols": [
          "pipeExtensions"
        ]
      },
      "database_specific": {
        "url": "https://go.googlesource.com/vulndb/+/refs/heads/master/reports/GO-2021-0098.yaml",
        "source": "https://storage.googleapis.com/go-vulndb/byID/GO-2021-0098.json"
      }
    },
    {
      "package": {
        "name": "github.com/git-lfs/git-lfs/lfshttp",
        "ecosystem": "Go",
        "purl": "pkg:golang/github.com/git-lfs/git-lfs/lfshttp"
      },
      "ranges": [
        {
          "type": "SEMVER",
          "events": [
            {
              "introduced": "0"
            },
            {
              "fixed": "1.5.1-0.20210113180018-fc664697ed2c"
            }
          ]
        }
      ],
      "ecosystem_specific": {
        "goos": [
          "windows"
        ],
        "symbols": [
          "sshAuthClient.Resolve"
        ]
      },
      "database_specific": {
        "source": "https://storage.googleapis.com/go-vulndb/byID/GO-2021-0098.json",
        "url": "https://go.googlesource.com/vulndb/+/refs/heads/master/reports/GO-2021-0098.yaml"
      }
    }
  ],
  "schema_version": "1.2.0"
}