{
  "id": "GO-2021-0066",
  "details": "Attempting to read a malformed .dockercfg may cause secrets to be\ninappropriately logged.\n",
  "aliases": [
    "CVE-2020-8564"
  ],
  "modified": "2021-04-14T12:00:00Z",
  "published": "2021-04-14T12:00:00Z",
  "references": [
    {
      "type": "FIX",
      "url": "https://github.com/kubernetes/kubernetes/pull/94712"
    },
    {
      "type": "FIX",
      "url": "https://github.com/kubernetes/kubernetes/commit/11793434dac97a49bfed0150b56ac63e5dc34634"
    },
    {
      "type": "WEB",
      "url": "https://github.com/kubernetes/kubernetes/issues/95622"
    }
  ],
  "affected": [
    {
      "package": {
        "name": "k8s.io/kubernetes/pkg/credentialprovider",
        "ecosystem": "Go",
        "purl": "pkg:golang/k8s.io/kubernetes/pkg/credentialprovider"
      },
      "ranges": [
        {
          "type": "SEMVER",
          "events": [
            {
              "introduced": "0"
            },
            {
              "fixed": "1.20.0-alpha.1"
            }
          ]
        }
      ],
      "ecosystem_specific": {
        "symbols": [
          "readDockerConfigFileFromBytes",
          "readDockerConfigJSONFileFromBytes"
        ]
      },
      "database_specific": {
        "url": "https://go.googlesource.com/vulndb/+/refs/heads/master/reports/GO-2021-0066.yaml",
        "source": "https://storage.googleapis.com/go-vulndb/byID/GO-2021-0066.json"
      }
    }
  ],
  "schema_version": "1.2.0"
}