{
  "id": "GO-2021-0054",
  "details": "Due to improper bounds checking, maliciously crafted JSON objects\ncan cause an out-of-bounds panic. If parsing user input, this may\nbe used as a denial of service vector.\n",
  "aliases": [
    "CVE-2020-36067"
  ],
  "modified": "2021-04-14T12:00:00Z",
  "published": "2021-04-14T12:00:00Z",
  "references": [
    {
      "type": "FIX",
      "url": "https://github.com/tidwall/gjson/commit/bf4efcb3c18d1825b2988603dea5909140a5302b"
    },
    {
      "type": "WEB",
      "url": "https://github.com/tidwall/gjson/issues/196"
    }
  ],
  "affected": [
    {
      "package": {
        "name": "github.com/tidwall/gjson",
        "ecosystem": "Go",
        "purl": "pkg:golang/github.com/tidwall/gjson"
      },
      "ranges": [
        {
          "type": "SEMVER",
          "events": [
            {
              "introduced": "0"
            },
            {
              "fixed": "1.6.6"
            }
          ]
        }
      ],
      "ecosystem_specific": {
        "symbols": [
          "unwrap"
        ]
      },
      "database_specific": {
        "url": "https://go.googlesource.com/vulndb/+/refs/heads/master/reports/GO-2021-0054.yaml",
        "source": "https://storage.googleapis.com/go-vulndb/byID/GO-2021-0054.json"
      }
    }
  ],
  "schema_version": "1.2.0"
}