{
  "id": "GO-2021-0064",
  "details": "Authorization tokens may be inappropriately logged if the verbosity\nlevel is set to a debug level.\n",
  "aliases": [
    "CVE-2020-8565"
  ],
  "modified": "2021-04-14T12:00:00Z",
  "published": "2021-04-14T12:00:00Z",
  "references": [
    {
      "type": "FIX",
      "url": "https://github.com/kubernetes/kubernetes/pull/95316"
    },
    {
      "type": "FIX",
      "url": "https://github.com/kubernetes/kubernetes/commit/e99df0e5a75eb6e86123b56d53e9b7ca0fd00419"
    },
    {
      "type": "WEB",
      "url": "https://github.com/kubernetes/kubernetes/issues/95623"
    }
  ],
  "affected": [
    {
      "package": {
        "name": "k8s.io/client-go/transport",
        "ecosystem": "Go",
        "purl": "pkg:golang/k8s.io/client-go/transport"
      },
      "ranges": [
        {
          "type": "SEMVER",
          "events": [
            {
              "introduced": "0"
            },
            {
              "fixed": "0.20.0-alpha.2"
            }
          ]
        }
      ],
      "ecosystem_specific": {
        "symbols": [
          "requestInfo.toCurl"
        ]
      },
      "database_specific": {
        "source": "https://storage.googleapis.com/go-vulndb/byID/GO-2021-0064.json",
        "url": "https://go.googlesource.com/vulndb/+/refs/heads/master/reports/GO-2021-0064.yaml"
      }
    },
    {
      "package": {
        "name": "k8s.io/kubernetes/staging/src/k8s.io/client-go/transport",
        "ecosystem": "Go",
        "purl": "pkg:golang/k8s.io/kubernetes/staging/src/k8s.io/client-go/transport"
      },
      "ranges": [
        {
          "type": "SEMVER",
          "events": [
            {
              "introduced": "0"
            },
            {
              "fixed": "1.20.0-alpha.2"
            }
          ]
        }
      ],
      "ecosystem_specific": {
        "symbols": [
          "requestInfo.toCurl"
        ]
      },
      "database_specific": {
        "source": "https://storage.googleapis.com/go-vulndb/byID/GO-2021-0064.json",
        "url": "https://go.googlesource.com/vulndb/+/refs/heads/master/reports/GO-2021-0064.yaml"
      }
    }
  ],
  "schema_version": "1.2.0"
}