{
  "id": "GO-2020-0022",
  "details": "LZ4 bindings use a deprecated C API that is vulnerable to\nmemory corruption, which could lead to arbitrary code execution\nif called with untrusted user input.\n",
  "modified": "2021-04-14T12:00:00Z",
  "published": "2021-04-14T12:00:00Z",
  "references": [
    {
      "type": "FIX",
      "url": "https://github.com/cloudflare/golz4/commit/199f5f7878062ca17a98e079f2dbe1205e2ed898"
    },
    {
      "type": "WEB",
      "url": "https://github.com/cloudflare/golz4/issues/5"
    }
  ],
  "affected": [
    {
      "package": {
        "name": "github.com/cloudflare/golz4",
        "ecosystem": "Go",
        "purl": "pkg:golang/github.com/cloudflare/golz4"
      },
      "ranges": [
        {
          "type": "SEMVER",
          "events": [
            {
              "introduced": "0"
            },
            {
              "fixed": "0.0.0-20140711154735-199f5f787806"
            }
          ]
        }
      ],
      "ecosystem_specific": {
        "symbols": [
          "Uncompress"
        ]
      },
      "database_specific": {
        "source": "https://storage.googleapis.com/go-vulndb/byID/GO-2020-0022.json",
        "url": "https://go.googlesource.com/vulndb/+/refs/heads/master/reports/GO-2020-0022.yaml"
      }
    }
  ],
  "schema_version": "1.2.0"
}