{
  "id": "GO-2020-0040",
  "details": "Due to unchecked type assertions, maliciously crafted messages can\ncause panics, which may be used as a denial of service vector.\n",
  "modified": "2021-04-14T12:00:00Z",
  "published": "2021-04-14T12:00:00Z",
  "references": [
    {
      "type": "WEB",
      "url": "https://github.com/shiyanhui/dht/issues/57"
    }
  ],
  "affected": [
    {
      "package": {
        "name": "github.com/shiyanhui/dht",
        "ecosystem": "Go",
        "purl": "pkg:golang/github.com/shiyanhui/dht"
      },
      "ranges": [
        {
          "type": "SEMVER",
          "events": [
            {
              "introduced": "0"
            }
          ]
        }
      ],
      "database_specific": {
        "url": "https://go.googlesource.com/vulndb/+/refs/heads/master/reports/GO-2020-0040.yaml",
        "source": "https://storage.googleapis.com/go-vulndb/byID/GO-2020-0040.json"
      }
    }
  ],
  "schema_version": "1.2.0"
}