{
  "id": "GO-2020-0008",
  "details": "DNS message transaction IDs are generated using [`math/rand`] which\nmakes them relatively predictable. This reduces the complexity\nof response spoofing attacks against DNS clients.\n",
  "aliases": [
    "CVE-2019-19794"
  ],
  "modified": "2021-04-14T12:00:00Z",
  "published": "2021-04-14T12:00:00Z",
  "references": [
    {
      "type": "FIX",
      "url": "https://github.com/miekg/dns/pull/1044"
    },
    {
      "type": "FIX",
      "url": "https://github.com/miekg/dns/commit/8ebf2e419df7857ac8919baa05248789a8ffbf33"
    },
    {
      "type": "WEB",
      "url": "https://github.com/miekg/dns/issues/1037"
    },
    {
      "type": "WEB",
      "url": "https://github.com/miekg/dns/issues/1043"
    }
  ],
  "affected": [
    {
      "package": {
        "name": "github.com/miekg/dns",
        "ecosystem": "Go",
        "purl": "pkg:golang/github.com/miekg/dns"
      },
      "ranges": [
        {
          "type": "SEMVER",
          "events": [
            {
              "introduced": "0"
            },
            {
              "fixed": "1.1.25-0.20191211073109-8ebf2e419df7"
            }
          ]
        }
      ],
      "ecosystem_specific": {
        "symbols": [
          "id"
        ]
      },
      "database_specific": {
        "source": "https://storage.googleapis.com/go-vulndb/byID/GO-2020-0008.json",
        "url": "https://go.googlesource.com/vulndb/+/refs/heads/master/reports/GO-2020-0008.yaml"
      }
    }
  ],
  "schema_version": "1.2.0"
}