{
  "id": "GO-2021-0071",
  "details": "A race between chown and chmod operations during a container filesystem shift\nmay allow a user who can modify the filesystem to chmod an arbitary path of\ntheir choice, rather than the expected path.\n",
  "aliases": [
    "CVE-2015-1340"
  ],
  "modified": "2021-04-14T12:00:00Z",
  "published": "2021-04-14T12:00:00Z",
  "references": [
    {
      "type": "FIX",
      "url": "https://github.com/lxc/lxd/pull/1189"
    },
    {
      "type": "FIX",
      "url": "https://github.com/lxc/lxd/commit/19c6961cc1012c8a529f20807328a9357f5034f4"
    },
    {
      "type": "WEB",
      "url": "https://bugs.launchpad.net/ubuntu/+source/lxd/+bug/1502270"
    }
  ],
  "affected": [
    {
      "package": {
        "name": "github.com/lxc/lxd/shared",
        "ecosystem": "Go",
        "purl": "pkg:golang/github.com/lxc/lxd/shared"
      },
      "ranges": [
        {
          "type": "SEMVER",
          "events": [
            {
              "introduced": "0"
            },
            {
              "fixed": "0.0.0-20151004155856-19c6961cc101"
            }
          ]
        }
      ],
      "ecosystem_specific": {
        "symbols": [
          "IdmapSet.doUidshiftIntoContainer"
        ]
      },
      "database_specific": {
        "url": "https://go.googlesource.com/vulndb/+/refs/heads/master/reports/GO-2021-0071.yaml",
        "source": "https://storage.googleapis.com/go-vulndb/byID/GO-2021-0071.json"
      }
    }
  ],
  "schema_version": "1.2.0"
}