{
  "id": "GO-2021-0107",
  "details": "Web Sockets do not execute any AuthenticateMethod methods which may be set, leading to a\nnil pointer dereference if the returned UserData pointer is assumed to be non-nil, or\nauthentication bypass.\n",
  "modified": "2021-07-28T12:00:00Z",
  "published": "2021-07-28T12:00:00Z",
  "references": [
    {
      "type": "FIX",
      "url": "https://github.com/ecnepsnai/web/commit/5a78f8d5c41ce60dcf9f61aaf47a7a8dc3e0002f"
    },
    {
      "type": "WEB",
      "url": "https://github.com/advisories/GHSA-5gjg-jgh4-gppm"
    }
  ],
  "affected": [
    {
      "package": {
        "name": "github.com/ecnepsnai/web",
        "ecosystem": "Go",
        "purl": "pkg:golang/github.com/ecnepsnai/web"
      },
      "ranges": [
        {
          "type": "SEMVER",
          "events": [
            {
              "introduced": "0"
            },
            {
              "fixed": "1.5.2"
            }
          ]
        }
      ],
      "ecosystem_specific": {
        "symbols": [
          "Server.socketHandler"
        ]
      },
      "database_specific": {
        "url": "https://go.googlesource.com/vulndb/+/refs/heads/master/reports/GO-2021-0107.yaml",
        "source": "https://storage.googleapis.com/go-vulndb/byID/GO-2021-0107.json"
      }
    }
  ],
  "schema_version": "1.2.0"
}