{
  "id": "GO-2020-0031",
  "details": "Due to improper setting of finalizers, memory passed to C may be freed before it is used,\nleading to crashes due to memory corruption or possible code execution.\n",
  "aliases": [
    "CVE-2020-8945"
  ],
  "modified": "2021-04-14T12:00:00Z",
  "published": "2021-04-14T12:00:00Z",
  "references": [
    {
      "type": "FIX",
      "url": "https://github.com/proglottis/gpgme/commit/92153bcb59bd2f511e502262c46c7bd660e21733"
    },
    {
      "type": "WEB",
      "url": "https://bugzilla.redhat.com/show_bug.cgi?id=1795838"
    }
  ],
  "affected": [
    {
      "package": {
        "name": "github.com/proglottis/gpgme",
        "ecosystem": "Go",
        "purl": "pkg:golang/github.com/proglottis/gpgme"
      },
      "ranges": [
        {
          "type": "SEMVER",
          "events": [
            {
              "introduced": "0"
            },
            {
              "fixed": "0.1.1"
            }
          ]
        }
      ],
      "database_specific": {
        "source": "https://storage.googleapis.com/go-vulndb/byID/GO-2020-0031.json",
        "url": "https://go.googlesource.com/vulndb/+/refs/heads/master/reports/GO-2020-0031.yaml"
      }
    }
  ],
  "schema_version": "1.2.0"
}