{
  "id": "GO-2020-0004",
  "details": "If any of the `ListenAndServe` functions are called with an empty token,\ntoken authentication is disabled globally for all listeners.\n\nAlso, a minor timing side channel was present allowing attackers with\nvery low latency and able to make a lot of requests to potentially\nrecover the token.\n",
  "modified": "2021-04-14T12:00:00Z",
  "published": "2021-04-14T12:00:00Z",
  "references": [
    {
      "type": "FIX",
      "url": "https://github.com/nanobox-io/golang-nanoauth/pull/5"
    },
    {
      "type": "FIX",
      "url": "https://github.com/nanobox-io/golang-nanoauth/commit/063a3fb69896acf985759f0fe3851f15973993f3"
    }
  ],
  "affected": [
    {
      "package": {
        "name": "github.com/nanobox-io/golang-nanoauth",
        "ecosystem": "Go",
        "purl": "pkg:golang/github.com/nanobox-io/golang-nanoauth"
      },
      "ranges": [
        {
          "type": "SEMVER",
          "events": [
            {
              "introduced": "0.0.0-20160722212129-ac0cc4484ad4"
            },
            {
              "fixed": "0.0.0-20200131131040-063a3fb69896"
            }
          ]
        }
      ],
      "ecosystem_specific": {
        "symbols": [
          "Auth.ServerHTTP",
          "Auth.ListenAndServeTLS",
          "Auth.ListenAndServe"
        ]
      },
      "database_specific": {
        "source": "https://storage.googleapis.com/go-vulndb/byID/GO-2020-0004.json",
        "url": "https://go.googlesource.com/vulndb/+/refs/heads/master/reports/GO-2020-0004.yaml"
      }
    }
  ],
  "schema_version": "1.2.0"
}