{
  "id": "GO-2020-0047",
  "details": "XML Digital Signatures generated and validated using this package use\nSHA-1, which may allow an attacker to craft inputs which cause hash\ncollisions depending on their control over the input.\n",
  "modified": "2021-04-14T12:00:00Z",
  "published": "2021-04-14T12:00:00Z",
  "references": [
    {
      "type": "WEB",
      "url": "https://github.com/RobotsAndPencils/go-saml/pull/38"
    }
  ],
  "affected": [
    {
      "package": {
        "name": "github.com/RobotsAndPencils/go-saml",
        "ecosystem": "Go",
        "purl": "pkg:golang/github.com/RobotsAndPencils/go-saml"
      },
      "ranges": [
        {
          "type": "SEMVER",
          "events": [
            {
              "introduced": "0"
            }
          ]
        }
      ],
      "ecosystem_specific": {
        "symbols": [
          "AuthnRequest.Validate",
          "NewAuthnRequest",
          "NewSignedResponse"
        ]
      },
      "database_specific": {
        "url": "https://go.googlesource.com/vulndb/+/refs/heads/master/reports/GO-2020-0047.yaml",
        "source": "https://storage.googleapis.com/go-vulndb/byID/GO-2020-0047.json"
      }
    }
  ],
  "schema_version": "1.2.0"
}