{
  "id": "GO-2020-0026",
  "details": "Due to improper path santization, archives containing relative file\npaths can cause files to be written (or overwritten) outside of the\ntarget directory.\n",
  "aliases": [
    "CVE-2018-1103"
  ],
  "modified": "2021-04-14T12:00:00Z",
  "published": "2021-04-14T12:00:00Z",
  "references": [
    {
      "type": "FIX",
      "url": "https://github.com/openshift/source-to-image/commit/f5cbcbc5cc6f8cc2f479a7302443bea407a700cb"
    },
    {
      "type": "WEB",
      "url": "https://snyk.io/research/zip-slip-vulnerability"
    }
  ],
  "affected": [
    {
      "package": {
        "name": "github.com/openshift/source-to-image/pkg/tar",
        "ecosystem": "Go",
        "purl": "pkg:golang/github.com/openshift/source-to-image/pkg/tar"
      },
      "ranges": [
        {
          "type": "SEMVER",
          "events": [
            {
              "introduced": "0"
            },
            {
              "fixed": "1.1.10-0.20180427153919-f5cbcbc5cc6f"
            }
          ]
        }
      ],
      "ecosystem_specific": {
        "symbols": [
          "stiTar.ExtractTarStreamFromTarReader",
          "stiTar.extractLink",
          "New"
        ]
      },
      "database_specific": {
        "source": "https://storage.googleapis.com/go-vulndb/byID/GO-2020-0026.json",
        "url": "https://go.googlesource.com/vulndb/+/refs/heads/master/reports/GO-2020-0026.yaml"
      }
    }
  ],
  "schema_version": "1.2.0"
}