{
  "id": "GO-2020-0050",
  "details": "Due to the behavior of encoding/xml, a crafted XML document may cause\nXML Digital Signature validation to be entirely bypassed, causing an\nunsigned document to appear signed.\n",
  "aliases": [
    "CVE-2020-15216"
  ],
  "modified": "2021-04-14T12:00:00Z",
  "published": "2021-04-14T12:00:00Z",
  "references": [
    {
      "type": "FIX",
      "url": "https://github.com/russellhaering/goxmldsig/commit/f6188febf0c29d7ffe26a0436212b19cb9615e64"
    },
    {
      "type": "WEB",
      "url": "https://github.com/russellhaering/goxmldsig/security/advisories/GHSA-q547-gmf8-8jr7"
    }
  ],
  "affected": [
    {
      "package": {
        "name": "github.com/russellhaering/goxmldsig",
        "ecosystem": "Go",
        "purl": "pkg:golang/github.com/russellhaering/goxmldsig"
      },
      "ranges": [
        {
          "type": "SEMVER",
          "events": [
            {
              "introduced": "0"
            },
            {
              "fixed": "1.1.0"
            }
          ]
        }
      ],
      "ecosystem_specific": {
        "symbols": [
          "ValidationContext.findSignature"
        ]
      },
      "database_specific": {
        "source": "https://storage.googleapis.com/go-vulndb/byID/GO-2020-0050.json",
        "url": "https://go.googlesource.com/vulndb/+/refs/heads/master/reports/GO-2020-0050.yaml"
      }
    }
  ],
  "schema_version": "1.2.0"
}