{
  "id": "GO-2021-0100",
  "details": "Due to a goroutine deadlock, using github.com/containers/storage/pkg/archive.DecompressStream\non a xz archive returns a reader which will hang indefinitely when Close is called. An attacker\ncan use this to cause denial of service if they are able to cause the caller to attempt to\ndecompress an archive they control.\n",
  "aliases": [
    "CVE-2021-20291"
  ],
  "modified": "2021-07-28T12:00:00Z",
  "published": "2021-07-28T12:00:00Z",
  "references": [
    {
      "type": "FIX",
      "url": "https://github.com/containers/storage/pull/860"
    },
    {
      "type": "FIX",
      "url": "https://github.com/containers/storage/commit/306fcabc964470e4b3b87a43a8f6b7d698209ee1"
    },
    {
      "type": "WEB",
      "url": "https://github.com/advisories/GHSA-7qw8-847f-pggm"
    },
    {
      "type": "WEB",
      "url": "https://bugzilla.redhat.com/show_bug.cgi?id=1939485"
    }
  ],
  "affected": [
    {
      "package": {
        "name": "github.com/containers/storage/pkg/archive",
        "ecosystem": "Go",
        "purl": "pkg:golang/github.com/containers/storage/pkg/archive"
      },
      "ranges": [
        {
          "type": "SEMVER",
          "events": [
            {
              "introduced": "0"
            },
            {
              "fixed": "1.28.1"
            }
          ]
        }
      ],
      "ecosystem_specific": {
        "symbols": [
          "cmdStream"
        ]
      },
      "database_specific": {
        "url": "https://go.googlesource.com/vulndb/+/refs/heads/master/reports/GO-2021-0100.yaml",
        "source": "https://storage.googleapis.com/go-vulndb/byID/GO-2021-0100.json"
      }
    }
  ],
  "schema_version": "1.2.0"
}