{
  "id": "GO-2021-0108",
  "details": "Due to improper input sanitization, a maliciously constructed filename could cause a file\ndownload to use an attacker controlled filename, as well as injecting additional headers\ninto a HTTP response.\n",
  "aliases": [
    "CVE-2020-15111"
  ],
  "modified": "2021-07-28T12:00:00Z",
  "published": "2021-07-28T12:00:00Z",
  "references": [
    {
      "type": "FIX",
      "url": "https://github.com/gofiber/fiber/pull/579"
    },
    {
      "type": "FIX",
      "url": "https://github.com/gofiber/fiber/commit/f698b5d5066cfe594102ae252cd58a1fe57cf56f"
    },
    {
      "type": "WEB",
      "url": "https://github.com/advisories/GHSA-9cx9-x2gp-9qvh"
    }
  ],
  "affected": [
    {
      "package": {
        "name": "github.com/gofiber/fiber",
        "ecosystem": "Go",
        "purl": "pkg:golang/github.com/gofiber/fiber"
      },
      "ranges": [
        {
          "type": "SEMVER",
          "events": [
            {
              "introduced": "0"
            },
            {
              "fixed": "1.12.6"
            }
          ]
        }
      ],
      "ecosystem_specific": {
        "symbols": [
          "Ctx.Attachment"
        ]
      },
      "database_specific": {
        "source": "https://storage.googleapis.com/go-vulndb/byID/GO-2021-0108.json",
        "url": "https://go.googlesource.com/vulndb/+/refs/heads/master/reports/GO-2021-0108.yaml"
      }
    }
  ],
  "schema_version": "1.2.0"
}