{
  "id": "GO-2021-0112",
  "details": "Due to improper input sanitization when marshalling Go objects into BSON, a maliciously constructed\nGo structure could allow an attacker to inject additional fields into a MongoDB document. Users are\naffected if they use this package to handle untrusted user input.\n",
  "aliases": [
    "CVE-2021-20329"
  ],
  "modified": "2021-07-28T12:00:00Z",
  "published": "2021-07-28T12:00:00Z",
  "references": [
    {
      "type": "FIX",
      "url": "https://github.com/mongodb/mongo-go-driver/pull/622"
    },
    {
      "type": "FIX",
      "url": "https://github.com/mongodb/mongo-go-driver/commit/2aca31d5986a9e1c65a92264736de9fdc3b9b4ca"
    },
    {
      "type": "WEB",
      "url": "https://github.com/advisories/GHSA-f6mq-5m25-4r72"
    },
    {
      "type": "WEB",
      "url": "https://jira.mongodb.org/browse/GODRIVER-1923"
    }
  ],
  "affected": [
    {
      "package": {
        "name": "go.mongodb.org/mongo-driver/x/bsonx/bsoncore",
        "ecosystem": "Go",
        "purl": "pkg:golang/go.mongodb.org/mongo-driver/x/bsonx/bsoncore"
      },
      "ranges": [
        {
          "type": "SEMVER",
          "events": [
            {
              "introduced": "0"
            },
            {
              "fixed": "1.5.1"
            }
          ]
        }
      ],
      "ecosystem_specific": {
        "symbols": [
          "AppendHeader",
          "AppendRegex"
        ]
      },
      "database_specific": {
        "source": "https://storage.googleapis.com/go-vulndb/byID/GO-2021-0112.json",
        "url": "https://go.googlesource.com/vulndb/+/refs/heads/master/reports/GO-2021-0112.yaml"
      }
    }
  ],
  "schema_version": "1.2.0"
}