{
  "id": "GO-2021-0091",
  "details": "Due to improper input validation when uploading a file, a malicious user may\nforce the server to return arbitary HTTP headers when the uploaded file\nis downloaded.\n",
  "aliases": [
    "CVE-2020-15111"
  ],
  "modified": "2021-04-14T12:00:00Z",
  "published": "2021-04-14T12:00:00Z",
  "references": [
    {
      "type": "FIX",
      "url": "github.com/gofiber/fiber/pull/579"
    },
    {
      "type": "FIX",
      "url": "https://github.com/gofiber/fiber/commit/a8ad5454363f627c3f9469c56c5faaf1b943f06a"
    },
    {
      "type": "WEB",
      "url": "https://github.com/gofiber/fiber/security/advisories/GHSA-9cx9-x2gp-9qvh"
    }
  ],
  "affected": [
    {
      "package": {
        "name": "github.com/gofiber/fiber",
        "ecosystem": "Go",
        "purl": "pkg:golang/github.com/gofiber/fiber"
      },
      "ranges": [
        {
          "type": "SEMVER",
          "events": [
            {
              "introduced": "0"
            },
            {
              "fixed": "1.12.6-0.20200710202935-a8ad5454363f"
            }
          ]
        }
      ],
      "ecosystem_specific": {
        "symbols": [
          "Ctx.Attachment"
        ]
      },
      "database_specific": {
        "url": "https://go.googlesource.com/vulndb/+/refs/heads/master/reports/GO-2021-0091.yaml",
        "source": "https://storage.googleapis.com/go-vulndb/byID/GO-2021-0091.json"
      }
    }
  ],
  "schema_version": "1.2.0"
}