{
  "id": "GO-2020-0039",
  "details": "Due to improper request santization, a specifically crafted URL\ncan cause the static file handler to redirect to an attacker chosen\nURL, allowing for open redirect attacks.\n",
  "aliases": [
    "CVE-2020-12666"
  ],
  "modified": "2021-04-14T12:00:00Z",
  "published": "2021-04-14T12:00:00Z",
  "references": [
    {
      "type": "FIX",
      "url": "https://github.com/go-macaron/macaron/pull/199"
    },
    {
      "type": "FIX",
      "url": "https://github.com/go-macaron/macaron/commit/addc7461c3a90a040e79aa75bfd245107a210245"
    },
    {
      "type": "WEB",
      "url": "https://github.com/go-macaron/macaron/issues/198"
    }
  ],
  "affected": [
    {
      "package": {
        "name": "gopkg.in/macaron.v1",
        "ecosystem": "Go",
        "purl": "pkg:golang/gopkg.in/macaron.v1"
      },
      "ranges": [
        {
          "type": "SEMVER",
          "events": [
            {
              "introduced": "0"
            },
            {
              "fixed": "1.3.7"
            }
          ]
        }
      ],
      "ecosystem_specific": {
        "symbols": [
          "staticHandler"
        ]
      },
      "database_specific": {
        "url": "https://go.googlesource.com/vulndb/+/refs/heads/master/reports/GO-2020-0039.yaml",
        "source": "https://storage.googleapis.com/go-vulndb/byID/GO-2020-0039.json"
      }
    }
  ],
  "schema_version": "1.2.0"
}