{
  "id": "GO-2021-0063",
  "details": "Due to a nil pointer dereference, a malicously crafted RPC message\ncan cause a panic. If handling RPC messages from untrusted clients,\nthis may be used as a denial of service vector.\n",
  "aliases": [
    "CVE-2020-26264"
  ],
  "modified": "2021-04-14T12:00:00Z",
  "published": "2021-04-14T12:00:00Z",
  "references": [
    {
      "type": "FIX",
      "url": "https://github.com/ethereum/go-ethereum/pull/21896"
    },
    {
      "type": "FIX",
      "url": "https://github.com/ethereum/go-ethereum/commit/bddd103a9f0af27ef533f04e06ea429cf76b6d46"
    }
  ],
  "affected": [
    {
      "package": {
        "name": "github.com/ethereum/go-ethereum/les",
        "ecosystem": "Go",
        "purl": "pkg:golang/github.com/ethereum/go-ethereum/les"
      },
      "ranges": [
        {
          "type": "SEMVER",
          "events": [
            {
              "introduced": "0"
            },
            {
              "fixed": "1.9.25"
            }
          ]
        }
      ],
      "ecosystem_specific": {
        "symbols": [
          "serverHandler.handleMsg"
        ]
      },
      "database_specific": {
        "url": "https://go.googlesource.com/vulndb/+/refs/heads/master/reports/GO-2021-0063.yaml",
        "source": "https://storage.googleapis.com/go-vulndb/byID/GO-2021-0063.json"
      }
    }
  ],
  "schema_version": "1.2.0"
}