{
  "id": "GO-2021-0109",
  "details": "Due to improper error handling, an error with the underlying token storage may cause a user\nto believe a token has been successfully revoked when it is in fact still valid. An attackers\nability to exploit this relies on an ability to trigger errors in the underlying storage.\n",
  "aliases": [
    "CVE-2020-15223"
  ],
  "modified": "2021-07-28T12:00:00Z",
  "published": "2021-07-28T12:00:00Z",
  "references": [
    {
      "type": "FIX",
      "url": "https://github.com/ory/fosite/commit/03dd55813f5521985f7dd64277b7ba0cf1441319"
    },
    {
      "type": "WEB",
      "url": "https://github.com/advisories/GHSA-7mqr-2v3q-v2wm"
    }
  ],
  "affected": [
    {
      "package": {
        "name": "github.com/ory/fosite",
        "ecosystem": "Go",
        "purl": "pkg:golang/github.com/ory/fosite"
      },
      "ranges": [
        {
          "type": "SEMVER",
          "events": [
            {
              "introduced": "0"
            },
            {
              "fixed": "0.34.0"
            }
          ]
        }
      ],
      "ecosystem_specific": {
        "symbols": [
          "TokenRevocationHandler.RevokeToken"
        ]
      },
      "database_specific": {
        "url": "https://go.googlesource.com/vulndb/+/refs/heads/master/reports/GO-2021-0109.yaml",
        "source": "https://storage.googleapis.com/go-vulndb/byID/GO-2021-0109.json"
      }
    }
  ],
  "schema_version": "1.2.0"
}