{
  "id": "GO-2021-0081",
  "details": "The HTTP client used to connect to the container registry authorization\nservice explicitly disables TLS verification, allowing an attacker that\nis able to MITM the connection to steal credentials.\n",
  "aliases": [
    "CVE-2019-10214"
  ],
  "modified": "2021-04-14T12:00:00Z",
  "published": "2021-04-14T12:00:00Z",
  "references": [
    {
      "type": "FIX",
      "url": "https://github.com/containers/image/pull/669"
    },
    {
      "type": "FIX",
      "url": "https://github.com/containers/image/commit/634605d06e738aec8332bcfd69162e7509ac7aaf"
    },
    {
      "type": "WEB",
      "url": "https://github.com/containers/image/issues/654"
    },
    {
      "type": "WEB",
      "url": "https://bugzilla.redhat.com/show_bug.cgi?id=CVE-2019-10214"
    }
  ],
  "affected": [
    {
      "package": {
        "name": "github.com/containers/image/docker",
        "ecosystem": "Go",
        "purl": "pkg:golang/github.com/containers/image/docker"
      },
      "ranges": [
        {
          "type": "SEMVER",
          "events": [
            {
              "introduced": "0"
            },
            {
              "fixed": "2.0.2-0.20190802080134-634605d06e73+incompatible"
            }
          ]
        }
      ],
      "ecosystem_specific": {
        "symbols": [
          "dockerClient.getBearerToken"
        ]
      },
      "database_specific": {
        "source": "https://storage.googleapis.com/go-vulndb/byID/GO-2021-0081.json",
        "url": "https://go.googlesource.com/vulndb/+/refs/heads/master/reports/GO-2021-0081.yaml"
      }
    }
  ],
  "schema_version": "1.2.0"
}