{
  "id": "GO-2020-0019",
  "details": "An attacker can craft malicious WebSocket frames that cause an integer\noverflow in a variable which tracks the number of bytes remaining. This\nmay cause the server or client to get stuck attempting to read frames\nin a loop, which can be used as a denial of service vector.\n",
  "aliases": [
    "CVE-2020-27813"
  ],
  "modified": "2021-04-14T12:00:00Z",
  "published": "2021-04-14T12:00:00Z",
  "references": [
    {
      "type": "FIX",
      "url": "https://github.com/gorilla/websocket/pull/537"
    },
    {
      "type": "FIX",
      "url": "https://github.com/gorilla/websocket/commit/5b740c29263eb386f33f265561c8262522f19d37"
    }
  ],
  "affected": [
    {
      "package": {
        "name": "github.com/gorilla/websocket",
        "ecosystem": "Go",
        "purl": "pkg:golang/github.com/gorilla/websocket"
      },
      "ranges": [
        {
          "type": "SEMVER",
          "events": [
            {
              "introduced": "0"
            },
            {
              "fixed": "1.4.1"
            }
          ]
        }
      ],
      "ecosystem_specific": {
        "symbols": [
          "Conn.advanceFrame",
          "messageReader.Read"
        ]
      },
      "database_specific": {
        "source": "https://storage.googleapis.com/go-vulndb/byID/GO-2020-0019.json",
        "url": "https://go.googlesource.com/vulndb/+/refs/heads/master/reports/GO-2020-0019.yaml"
      }
    }
  ],
  "schema_version": "1.2.0"
}