{
  "id": "GO-2021-0099",
  "details": "Due to improper path validation, using the github.com/deislabs/oras/pkg/content.FileStore\ncontent store may result in directory traversal during archive extraction, allowing a\nmalicious archive to write paths to arbitary paths that the process can write to.\n",
  "aliases": [
    "CVE-2021-21272"
  ],
  "modified": "2021-04-14T12:00:00Z",
  "published": "2021-04-14T12:00:00Z",
  "references": [
    {
      "type": "FIX",
      "url": "https://github.com/deislabs/oras/commit/96cd90423303f1bb42bd043cb4c36085e6e91e8e"
    },
    {
      "type": "WEB",
      "url": "https://github.com/deislabs/oras/security/advisories/GHSA-g5v4-5x39-vwhx"
    }
  ],
  "affected": [
    {
      "package": {
        "name": "github.com/deislabs/oras/pkg/content",
        "ecosystem": "Go",
        "purl": "pkg:golang/github.com/deislabs/oras/pkg/content"
      },
      "ranges": [
        {
          "type": "SEMVER",
          "events": [
            {
              "introduced": "0"
            },
            {
              "fixed": "0.9.0"
            }
          ]
        }
      ],
      "ecosystem_specific": {
        "symbols": [
          "extractTarDirectory"
        ]
      },
      "database_specific": {
        "url": "https://go.googlesource.com/vulndb/+/refs/heads/master/reports/GO-2021-0099.yaml",
        "source": "https://storage.googleapis.com/go-vulndb/byID/GO-2021-0099.json"
      }
    }
  ],
  "schema_version": "1.2.0"
}