{
  "id": "GO-2020-0041",
  "details": "Due to improper path santization, archives containing relative file\npaths can cause files to be written (or overwritten) outside of the\ntarget directory.\n",
  "aliases": [
    "CVE-2020-7668"
  ],
  "modified": "2021-04-14T12:00:00Z",
  "published": "2021-04-14T12:00:00Z",
  "references": [
    {
      "type": "FIX",
      "url": "https://github.com/unknwon/cae/commit/07971c00a1bfd9dc171c3ad0bfab5b67c2287e11"
    },
    {
      "type": "WEB",
      "url": "https://snyk.io/research/zip-slip-vulnerability"
    }
  ],
  "affected": [
    {
      "package": {
        "name": "github.com/unknwon/cae/tz",
        "ecosystem": "Go",
        "purl": "pkg:golang/github.com/unknwon/cae/tz"
      },
      "ranges": [
        {
          "type": "SEMVER",
          "events": [
            {
              "introduced": "0"
            },
            {
              "fixed": "1.0.1"
            }
          ]
        }
      ],
      "ecosystem_specific": {
        "symbols": [
          "TzArchive.syncFiles",
          "TzArchive.ExtractToFunc"
        ]
      },
      "database_specific": {
        "url": "https://go.googlesource.com/vulndb/+/refs/heads/master/reports/GO-2020-0041.yaml",
        "source": "https://storage.googleapis.com/go-vulndb/byID/GO-2020-0041.json"
      }
    },
    {
      "package": {
        "name": "github.com/unknwon/cae/zip",
        "ecosystem": "Go",
        "purl": "pkg:golang/github.com/unknwon/cae/zip"
      },
      "ranges": [
        {
          "type": "SEMVER",
          "events": [
            {
              "introduced": "0"
            },
            {
              "fixed": "1.0.1"
            }
          ]
        }
      ],
      "ecosystem_specific": {
        "symbols": [
          "ZipArchive.Open",
          "ZipArchive.ExtractToFunc"
        ]
      },
      "database_specific": {
        "url": "https://go.googlesource.com/vulndb/+/refs/heads/master/reports/GO-2020-0041.yaml",
        "source": "https://storage.googleapis.com/go-vulndb/byID/GO-2020-0041.json"
      }
    }
  ],
  "schema_version": "1.2.0"
}