{
  "id": "GO-2021-0087",
  "details": "A race while mounting volumes allows a possible symlink-exchange\nattack, allowing a user whom can start multiple containers with\ncustom volume mount configurations to escape the container.\n\n",
  "aliases": [
    "CVE-2019-19921"
  ],
  "modified": "2021-04-14T12:00:00Z",
  "published": "2021-04-14T12:00:00Z",
  "references": [
    {
      "type": "FIX",
      "url": "https://github.com/opencontainers/runc/pull/2207"
    },
    {
      "type": "FIX",
      "url": "https://github.com/opencontainers/runc/commit/2fc03cc11c775b7a8b2e48d7ee447cb9bef32ad0"
    },
    {
      "type": "WEB",
      "url": "https://github.com/opencontainers/runc/issues/2197"
    }
  ],
  "affected": [
    {
      "package": {
        "name": "github.com/opencontainers/runc/libcontainer",
        "ecosystem": "Go",
        "purl": "pkg:golang/github.com/opencontainers/runc/libcontainer"
      },
      "ranges": [
        {
          "type": "SEMVER",
          "events": [
            {
              "introduced": "0"
            },
            {
              "fixed": "1.0.0-rc9.0.20200122160610-2fc03cc11c77"
            }
          ]
        }
      ],
      "ecosystem_specific": {
        "symbols": [
          "mountToRootfs"
        ]
      },
      "database_specific": {
        "url": "https://go.googlesource.com/vulndb/+/refs/heads/master/reports/GO-2021-0087.yaml",
        "source": "https://storage.googleapis.com/go-vulndb/byID/GO-2021-0087.json"
      }
    }
  ],
  "schema_version": "1.2.0"
}