{
  "id": "GO-2020-0013",
  "details": "By default host key verification is disabled which allows for\nman-in-the-middle attacks against SSH clients if\n[`ClientConfig.HostKeyCallback`] is not set.\n",
  "aliases": [
    "CVE-2017-3204"
  ],
  "modified": "2021-04-14T12:00:00Z",
  "published": "2021-04-14T12:00:00Z",
  "references": [
    {
      "type": "FIX",
      "url": "https://go-review.googlesource.com/38701"
    },
    {
      "type": "FIX",
      "url": "https://github.com/golang/crypto/commit/e4e2799dd7aab89f583e1d898300d96367750991"
    },
    {
      "type": "WEB",
      "url": "https://github.com/golang/go/issues/19767"
    },
    {
      "type": "WEB",
      "url": "https://bridge.grumpy-troll.org/2017/04/golang-ssh-security/"
    }
  ],
  "affected": [
    {
      "package": {
        "name": "golang.org/x/crypto/ssh",
        "ecosystem": "Go",
        "purl": "pkg:golang/golang.org/x/crypto/ssh"
      },
      "ranges": [
        {
          "type": "SEMVER",
          "events": [
            {
              "introduced": "0"
            },
            {
              "fixed": "0.0.0-20170330155735-e4e2799dd7aa"
            }
          ]
        }
      ],
      "ecosystem_specific": {
        "symbols": [
          "NewClientConn"
        ]
      },
      "database_specific": {
        "source": "https://storage.googleapis.com/go-vulndb/byID/GO-2020-0013.json",
        "url": "https://go.googlesource.com/vulndb/+/refs/heads/master/reports/GO-2020-0013.yaml"
      }
    }
  ],
  "schema_version": "1.2.0"
}