{
  "id": "GO-2021-0077",
  "details": "A user can use a valid client certificate that contains a CommonName that matches a\nvalid RBAC username to authenticate themselves as that user, despite lacking the\nrequired credentials. This may allow authentication bypass, but requires a certificate\nthat is issued by a CA trusted by the server.\n",
  "aliases": [
    "CVE-2018-16886"
  ],
  "modified": "2021-04-14T12:00:00Z",
  "published": "2021-04-14T12:00:00Z",
  "references": [
    {
      "type": "FIX",
      "url": "https://github.com/etcd-io/etcd/pull/10366"
    },
    {
      "type": "FIX",
      "url": "https://github.com/etcd-io/etcd/commit/bf9d0d8291dc71ecbfb2690612954e1a298154b2"
    }
  ],
  "affected": [
    {
      "package": {
        "name": "go.etcd.io/etcd/auth",
        "ecosystem": "Go",
        "purl": "pkg:golang/go.etcd.io/etcd/auth"
      },
      "ranges": [
        {
          "type": "SEMVER",
          "events": [
            {
              "introduced": "0"
            },
            {
              "fixed": "0.5.0-alpha.5.0.20190108173120-83c051b701d3"
            }
          ]
        }
      ],
      "ecosystem_specific": {
        "symbols": [
          "authStore.AuthInfoFromTLS"
        ]
      },
      "database_specific": {
        "url": "https://go.googlesource.com/vulndb/+/refs/heads/master/reports/GO-2021-0077.yaml",
        "source": "https://storage.googleapis.com/go-vulndb/byID/GO-2021-0077.json"
      }
    }
  ],
  "schema_version": "1.2.0"
}