{
  "id": "GO-2021-0076",
  "details": "A malicious JSON patch can cause a panic due to an out-of-bounds\nwrite attempt. This can be used as a denial of service vector if\nexposed to arbitary user input.\n",
  "aliases": [
    "CVE-2018-14632"
  ],
  "modified": "2021-04-14T12:00:00Z",
  "published": "2021-04-14T12:00:00Z",
  "references": [
    {
      "type": "FIX",
      "url": "https://github.com/evanphx/json-patch/pull/57"
    },
    {
      "type": "FIX",
      "url": "https://github.com/evanphx/json-patch/commit/4c9aadca8f89e349c999f04e28199e96e81aba03"
    }
  ],
  "affected": [
    {
      "package": {
        "name": "github.com/evanphx/json-patch",
        "ecosystem": "Go",
        "purl": "pkg:golang/github.com/evanphx/json-patch"
      },
      "ranges": [
        {
          "type": "SEMVER",
          "events": [
            {
              "introduced": "0"
            },
            {
              "fixed": "0.5.2"
            }
          ]
        }
      ],
      "ecosystem_specific": {
        "symbols": [
          "partialArray.add"
        ]
      },
      "database_specific": {
        "source": "https://storage.googleapis.com/go-vulndb/byID/GO-2021-0076.json",
        "url": "https://go.googlesource.com/vulndb/+/refs/heads/master/reports/GO-2021-0076.yaml"
      }
    }
  ],
  "schema_version": "1.2.0"
}