{
  "id": "GO-2021-0085",
  "details": "AppArmor restrictions may be bypassed due to improper validation of mount\ntargets, allowing a malicious image to mount volumes over e.g. /proc.\n",
  "aliases": [
    "CVE-2019-16884"
  ],
  "modified": "2021-04-14T12:00:00Z",
  "published": "2021-04-14T12:00:00Z",
  "references": [
    {
      "type": "FIX",
      "url": "https://github.com/opencontainers/runc/pull/2130"
    },
    {
      "type": "FIX",
      "url": "https://github.com/opencontainers/runc/commit/cad42f6e0932db0ce08c3a3d9e89e6063ec283e4"
    },
    {
      "type": "WEB",
      "url": "https://github.com/opencontainers/runc/issues/2128"
    }
  ],
  "affected": [
    {
      "package": {
        "name": "github.com/opencontainers/runc/libcontainer",
        "ecosystem": "Go",
        "purl": "pkg:golang/github.com/opencontainers/runc/libcontainer"
      },
      "ranges": [
        {
          "type": "SEMVER",
          "events": [
            {
              "introduced": "0"
            },
            {
              "fixed": "1.0.0-rc8.0.20190930145003-cad42f6e0932"
            }
          ]
        }
      ],
      "database_specific": {
        "source": "https://storage.googleapis.com/go-vulndb/byID/GO-2021-0085.json",
        "url": "https://go.googlesource.com/vulndb/+/refs/heads/master/reports/GO-2021-0085.yaml"
      }
    },
    {
      "package": {
        "name": "github.com/opencontainers/selinux/go-selinux",
        "ecosystem": "Go",
        "purl": "pkg:golang/github.com/opencontainers/selinux/go-selinux"
      },
      "ranges": [
        {
          "type": "SEMVER",
          "events": [
            {
              "introduced": "0"
            },
            {
              "fixed": "1.3.1-0.20190929122143-5215b1806f52"
            }
          ]
        }
      ],
      "database_specific": {
        "url": "https://go.googlesource.com/vulndb/+/refs/heads/master/reports/GO-2021-0085.yaml",
        "source": "https://storage.googleapis.com/go-vulndb/byID/GO-2021-0085.json"
      }
    }
  ],
  "schema_version": "1.2.0"
}