{
  "id": "GO-2020-0020",
  "details": "Usage of the [`CORS`] handler may apply improper CORS headers, allowing\nthe requester to explicitly control the value of the Access-Control-Allow-Origin\nheader, which bypasses the expected behavior of the Same Origin Policy.\n",
  "modified": "2021-04-14T12:00:00Z",
  "published": "2021-04-14T12:00:00Z",
  "references": [
    {
      "type": "FIX",
      "url": "https://github.com/gorilla/handlers/pull/116"
    },
    {
      "type": "FIX",
      "url": "https://github.com/gorilla/handlers/commit/90663712d74cb411cbef281bc1e08c19d1a76145"
    }
  ],
  "affected": [
    {
      "package": {
        "name": "github.com/gorilla/handlers",
        "ecosystem": "Go",
        "purl": "pkg:golang/github.com/gorilla/handlers"
      },
      "ranges": [
        {
          "type": "SEMVER",
          "events": [
            {
              "introduced": "0"
            },
            {
              "fixed": "1.3.0"
            }
          ]
        }
      ],
      "ecosystem_specific": {
        "symbols": [
          "cors.ServeHTTP"
        ]
      },
      "database_specific": {
        "source": "https://storage.googleapis.com/go-vulndb/byID/GO-2020-0020.json",
        "url": "https://go.googlesource.com/vulndb/+/refs/heads/master/reports/GO-2020-0020.yaml"
      }
    }
  ],
  "schema_version": "1.2.0"
}