{
  "id": "GO-2020-0024",
  "details": "The RemoteAddr and LocalAddr methods on the returned net.Conn may\ncall themselves, leading to an infinite loop which will crash the\nprogram due to a stack overflow.\n",
  "modified": "2021-04-14T12:00:00Z",
  "published": "2021-04-14T12:00:00Z",
  "references": [
    {
      "type": "FIX",
      "url": "https://github.com/btcsuite/go-socks/commit/233bccbb1abe02f05750f7ace66f5bffdb13defc"
    }
  ],
  "affected": [
    {
      "package": {
        "name": "github.com/btcsuite/go-socks/socks",
        "ecosystem": "Go",
        "purl": "pkg:golang/github.com/btcsuite/go-socks/socks"
      },
      "ranges": [
        {
          "type": "SEMVER",
          "events": [
            {
              "introduced": "0"
            },
            {
              "fixed": "0.0.0-20130808000456-233bccbb1abe"
            }
          ]
        }
      ],
      "ecosystem_specific": {
        "symbols": [
          "proxiedConn.LocalAddr",
          "proxiedConn.RemoteAddr"
        ]
      },
      "database_specific": {
        "url": "https://go.googlesource.com/vulndb/+/refs/heads/master/reports/GO-2020-0024.yaml",
        "source": "https://storage.googleapis.com/go-vulndb/byID/GO-2020-0024.json"
      }
    },
    {
      "package": {
        "name": "github.com/btcsuitereleases/go-socks/socks",
        "ecosystem": "Go",
        "purl": "pkg:golang/github.com/btcsuitereleases/go-socks/socks"
      },
      "ranges": [
        {
          "type": "SEMVER",
          "events": [
            {
              "introduced": "0"
            },
            {
              "fixed": "0.0.0-20130808000456-233bccbb1abe"
            }
          ]
        }
      ],
      "ecosystem_specific": {
        "symbols": [
          "proxiedConn.LocalAddr",
          "proxiedConn.RemoteAddr"
        ]
      },
      "database_specific": {
        "source": "https://storage.googleapis.com/go-vulndb/byID/GO-2020-0024.json",
        "url": "https://go.googlesource.com/vulndb/+/refs/heads/master/reports/GO-2020-0024.yaml"
      }
    }
  ],
  "schema_version": "1.2.0"
}