{
  "id": "GO-2021-0078",
  "details": "The HTML parser does not properly handle \"in frameset\" insertion mode, and can be made\nto panic when operating on malformed HTML that contains <template> tags. If operating\non user input, this may be a vector for a denial of service attack.\n",
  "aliases": [
    "CVE-2018-17075"
  ],
  "modified": "2021-04-14T12:00:00Z",
  "published": "2021-04-14T12:00:00Z",
  "references": [
    {
      "type": "FIX",
      "url": "https://go-review.googlesource.com/123776"
    },
    {
      "type": "FIX",
      "url": "https://github.com/golang/net/commit/aaf60122140d3fcf75376d319f0554393160eb50"
    },
    {
      "type": "WEB",
      "url": "https://github.com/golang/go/issues/27016"
    },
    {
      "type": "WEB",
      "url": "https://bugs.chromium.org/p/chromium/issues/detail?id=829668"
    },
    {
      "type": "WEB",
      "url": "https://go-review.googlesource.com/c/net/+/94838/9/html/parse.go#1906"
    }
  ],
  "affected": [
    {
      "package": {
        "name": "golang.org/x/net/html",
        "ecosystem": "Go",
        "purl": "pkg:golang/golang.org/x/net/html"
      },
      "ranges": [
        {
          "type": "SEMVER",
          "events": [
            {
              "introduced": "0"
            },
            {
              "fixed": "0.0.0-20180816102801-aaf60122140d"
            }
          ]
        }
      ],
      "ecosystem_specific": {
        "symbols": [
          "inBodyIM",
          "inFramesetIM"
        ]
      },
      "database_specific": {
        "url": "https://go.googlesource.com/vulndb/+/refs/heads/master/reports/GO-2021-0078.yaml",
        "source": "https://storage.googleapis.com/go-vulndb/byID/GO-2021-0078.json"
      }
    }
  ],
  "schema_version": "1.2.0"
}