{
  "id": "GO-2020-0010",
  "details": "When using ECDH-ES an attacker can mount an invalid curve attack during\ndecryption as the supplied public key is not checked to be on the same\ncurve as the recievers private key.\n",
  "aliases": [
    "CVE-2016-9121"
  ],
  "modified": "2021-04-14T12:00:00Z",
  "published": "2021-04-14T12:00:00Z",
  "references": [
    {
      "type": "FIX",
      "url": "https://github.com/square/go-jose/commit/c7581939a3656bb65e89d64da0a52364a33d2507"
    },
    {
      "type": "WEB",
      "url": "https://www.openwall.com/lists/oss-security/2016/11/03/1"
    }
  ],
  "affected": [
    {
      "package": {
        "name": "github.com/square/go-jose/cipher",
        "ecosystem": "Go",
        "purl": "pkg:golang/github.com/square/go-jose/cipher"
      },
      "ranges": [
        {
          "type": "SEMVER",
          "events": [
            {
              "introduced": "0"
            },
            {
              "fixed": "0.0.0-20160831185616-c7581939a365"
            }
          ]
        }
      ],
      "ecosystem_specific": {
        "symbols": [
          "DeriveECDHES",
          "ecDecrypterSigner.decryptKey",
          "rawJsonWebKey.ecPublicKey"
        ]
      },
      "database_specific": {
        "url": "https://go.googlesource.com/vulndb/+/refs/heads/master/reports/GO-2020-0010.yaml",
        "source": "https://storage.googleapis.com/go-vulndb/byID/GO-2020-0010.json"
      }
    },
    {
      "package": {
        "name": "github.com/square/go-jose",
        "ecosystem": "Go",
        "purl": "pkg:golang/github.com/square/go-jose"
      },
      "ranges": [
        {
          "type": "SEMVER",
          "events": [
            {
              "introduced": "0"
            }
          ]
        }
      ],
      "ecosystem_specific": {
        "symbols": [
          "JsonWebEncryption.Decrypt"
        ]
      },
      "database_specific": {
        "source": "https://storage.googleapis.com/go-vulndb/byID/GO-2020-0010.json",
        "url": "https://go.googlesource.com/vulndb/+/refs/heads/master/reports/GO-2020-0010.yaml"
      }
    }
  ],
  "schema_version": "1.2.0"
}