{
  "id": "GO-2021-0103",
  "details": "Due to improper bounds checking, certain mathmatical operations can cause a panic, due to an\nout of bounds read. If this package is used to process untrusted user inputs, this may be used\nas a vector for a denial of service attack.\n",
  "aliases": [
    "CVE-2020-26242"
  ],
  "modified": "2021-07-28T12:00:00Z",
  "published": "2021-07-28T12:00:00Z",
  "references": [
    {
      "type": "FIX",
      "url": "https://github.com/holiman/uint256/pull/80"
    },
    {
      "type": "FIX",
      "url": "https://github.com/holiman/uint256/commit/6785da6e3eea403260a5760029e722aa4ff1716d"
    },
    {
      "type": "WEB",
      "url": "https://github.com/ethereum/go-ethereum/security/advisories/GHSA-jm5c-rv3w-w83m"
    }
  ],
  "affected": [
    {
      "package": {
        "name": "github.com/holiman/uint256",
        "ecosystem": "Go",
        "purl": "pkg:golang/github.com/holiman/uint256"
      },
      "ranges": [
        {
          "type": "SEMVER",
          "events": [
            {
              "introduced": "0.1.0"
            },
            {
              "fixed": "1.1.1"
            }
          ]
        }
      ],
      "ecosystem_specific": {
        "symbols": [
          "udivrem"
        ]
      },
      "database_specific": {
        "source": "https://storage.googleapis.com/go-vulndb/byID/GO-2021-0103.json",
        "url": "https://go.googlesource.com/vulndb/+/refs/heads/master/reports/GO-2021-0103.yaml"
      }
    }
  ],
  "schema_version": "1.2.0"
}