{
  "id": "GO-2021-0105",
  "details": "Due to an incorrect state calculation, a specific set of transactions could cause a consensus disagreement,\ncausing users of this package to reject a canonical chain.\n",
  "aliases": [
    "CVE-2020-26265"
  ],
  "modified": "2021-07-28T12:00:00Z",
  "published": "2021-07-28T12:00:00Z",
  "references": [
    {
      "type": "FIX",
      "url": "https://github.com/ethereum/go-ethereum/pull/21080"
    },
    {
      "type": "FIX",
      "url": "https://github.com/ethereum/go-ethereum/commit/87c0ba92136a75db0ab2aba1046d4a9860375d6a"
    },
    {
      "type": "WEB",
      "url": "https://github.com/advisories/GHSA-xw37-57qp-9mm4"
    }
  ],
  "affected": [
    {
      "package": {
        "name": "github.com/ethereum/go-ethereum/core",
        "ecosystem": "Go",
        "purl": "pkg:golang/github.com/ethereum/go-ethereum/core"
      },
      "ranges": [
        {
          "type": "SEMVER",
          "events": [
            {
              "introduced": "1.9.4"
            },
            {
              "fixed": "1.9.20"
            }
          ]
        }
      ],
      "ecosystem_specific": {
        "symbols": [
          "StateDB.createObject"
        ]
      },
      "database_specific": {
        "url": "https://go.googlesource.com/vulndb/+/refs/heads/master/reports/GO-2021-0105.yaml",
        "source": "https://storage.googleapis.com/go-vulndb/byID/GO-2021-0105.json"
      }
    }
  ],
  "schema_version": "1.2.0"
}