{
  "id": "GO-2021-0094",
  "details": "Protections against directory traversal during archive extraction can be\nbypassed by chaining multiple symbolic links within the archive. This allows\na malicious attacker to cause files to be created outside of the target\ndirectory. Additionally if the attacker is able to read extracted files\nthey may create symbolic links to arbitary files on the system which the\nunpacker has permissions to read.\n",
  "aliases": [
    "CVE-2020-29529"
  ],
  "modified": "2021-04-14T12:00:00Z",
  "published": "2021-04-14T12:00:00Z",
  "references": [
    {
      "type": "FIX",
      "url": "https://github.com/hashicorp/go-slug/pull/12"
    },
    {
      "type": "FIX",
      "url": "https://github.com/hashicorp/go-slug/commit/28cafc59c8da6126a3ae94dfa84181df4073454f"
    },
    {
      "type": "WEB",
      "url": "https://securitylab.github.com/advisories/GHSL-2020-262-zipslip-go-slug"
    }
  ],
  "affected": [
    {
      "package": {
        "name": "github.com/hashicorp/go-slug",
        "ecosystem": "Go",
        "purl": "pkg:golang/github.com/hashicorp/go-slug"
      },
      "ranges": [
        {
          "type": "SEMVER",
          "events": [
            {
              "introduced": "0"
            },
            {
              "fixed": "0.5.0"
            }
          ]
        }
      ],
      "ecosystem_specific": {
        "symbols": [
          "Unpack"
        ]
      },
      "database_specific": {
        "source": "https://storage.googleapis.com/go-vulndb/byID/GO-2021-0094.json",
        "url": "https://go.googlesource.com/vulndb/+/refs/heads/master/reports/GO-2021-0094.yaml"
      }
    }
  ],
  "schema_version": "1.2.0"
}