{
  "id": "GO-2020-0034",
  "details": "Due to improper path santization, archives containing relative file\npaths can cause files to be written (or overwritten) outside of the\ntarget directory.\n",
  "modified": "2021-04-14T12:00:00Z",
  "published": "2021-04-14T12:00:00Z",
  "references": [
    {
      "type": "FIX",
      "url": "https://github.com/artdarek/go-unzip/pull/2"
    },
    {
      "type": "FIX",
      "url": "https://github.com/artdarek/go-unzip/commit/4975cbe0a719dc50b12da8585f1f207c82f7dfe0"
    },
    {
      "type": "WEB",
      "url": "https://snyk.io/research/zip-slip-vulnerability"
    }
  ],
  "affected": [
    {
      "package": {
        "name": "github.com/artdarek/go-unzip",
        "ecosystem": "Go",
        "purl": "pkg:golang/github.com/artdarek/go-unzip"
      },
      "ranges": [
        {
          "type": "SEMVER",
          "events": [
            {
              "introduced": "0"
            },
            {
              "fixed": "1.0.0"
            }
          ]
        }
      ],
      "ecosystem_specific": {
        "symbols": [
          "Unzip.Extract"
        ]
      },
      "database_specific": {
        "url": "https://go.googlesource.com/vulndb/+/refs/heads/master/reports/GO-2020-0034.yaml",
        "source": "https://storage.googleapis.com/go-vulndb/byID/GO-2020-0034.json"
      }
    }
  ],
  "schema_version": "1.2.0"
}