{
  "id": "GO-2020-0046",
  "details": "Due to a nil pointer dereference, a malformed XML Digital Signature\ncan cause a panic during validation. If user supplied signatures are\nbeing validated, this may be used as a denial of service vector.\n",
  "aliases": [
    "CVE-2020-7711"
  ],
  "modified": "2021-04-14T12:00:00Z",
  "published": "2021-04-14T12:00:00Z",
  "references": [
    {
      "type": "WEB",
      "url": "https://github.com/russellhaering/goxmldsig/issues/48"
    },
    {
      "type": "WEB",
      "url": "https://github.com/russellhaering/gosaml2/issues/59"
    }
  ],
  "affected": [
    {
      "package": {
        "name": "github.com/russellhaering/goxmldsig",
        "ecosystem": "Go",
        "purl": "pkg:golang/github.com/russellhaering/goxmldsig"
      },
      "ranges": [
        {
          "type": "SEMVER",
          "events": [
            {
              "introduced": "0"
            },
            {
              "fixed": "1.1.0"
            }
          ]
        }
      ],
      "ecosystem_specific": {
        "symbols": [
          "ValidationContext.validateSignature"
        ]
      },
      "database_specific": {
        "url": "https://go.googlesource.com/vulndb/+/refs/heads/master/reports/GO-2020-0046.yaml",
        "source": "https://storage.googleapis.com/go-vulndb/byID/GO-2020-0046.json"
      }
    },
    {
      "package": {
        "name": "github.com/russellhaering/gosaml2",
        "ecosystem": "Go",
        "purl": "pkg:golang/github.com/russellhaering/gosaml2"
      },
      "ranges": [
        {
          "type": "SEMVER",
          "events": [
            {
              "introduced": "0"
            },
            {
              "fixed": "0.6.0"
            }
          ]
        }
      ],
      "ecosystem_specific": {
        "symbols": [
          "SAMLServiceProvider.validateAssertionSignatures"
        ]
      },
      "database_specific": {
        "url": "https://go.googlesource.com/vulndb/+/refs/heads/master/reports/GO-2020-0046.yaml",
        "source": "https://storage.googleapis.com/go-vulndb/byID/GO-2020-0046.json"
      }
    }
  ],
  "schema_version": "1.2.0"
}