{
  "id": "GO-2021-0057",
  "details": "Due to improper bounds checking, maliciously crafted JSON objects\ncan cause an out-of-bounds panic. If parsing user input, this may\nbe used as a denial of service vector.\n",
  "aliases": [
    "CVE-2020-35381"
  ],
  "modified": "2021-04-14T12:00:00Z",
  "published": "2021-04-14T12:00:00Z",
  "references": [
    {
      "type": "FIX",
      "url": "https://github.com/buger/jsonparser/pull/221"
    },
    {
      "type": "FIX",
      "url": "https://github.com/buger/jsonparser/commit/df3ea76ece10095374fd1c9a22a4fb85a44efc42"
    },
    {
      "type": "WEB",
      "url": "https://github.com/buger/jsonparser/issues/219"
    }
  ],
  "affected": [
    {
      "package": {
        "name": "github.com/buger/jsonparser",
        "ecosystem": "Go",
        "purl": "pkg:golang/github.com/buger/jsonparser"
      },
      "ranges": [
        {
          "type": "SEMVER",
          "events": [
            {
              "introduced": "0"
            },
            {
              "fixed": "1.1.1"
            }
          ]
        }
      ],
      "ecosystem_specific": {
        "symbols": [
          "searchKeys"
        ]
      },
      "database_specific": {
        "source": "https://storage.googleapis.com/go-vulndb/byID/GO-2021-0057.json",
        "url": "https://go.googlesource.com/vulndb/+/refs/heads/master/reports/GO-2021-0057.yaml"
      }
    }
  ],
  "schema_version": "1.2.0"
}