{
  "id": "GO-2021-0101",
  "details": "Due to an improper bounds check, parsing maliciously crafted messages can cause panics. If\nthis package is used to parse untrusted input, this may be used as a vector for a denial of\nservice attack.\n",
  "aliases": [
    "CVE-2019-0210"
  ],
  "modified": "2021-07-28T12:00:00Z",
  "published": "2021-07-28T12:00:00Z",
  "references": [
    {
      "type": "FIX",
      "url": "https://github.com/apache/thrift/commit/264a3f318ed3e9e51573f67f963c8509786bcec2"
    },
    {
      "type": "WEB",
      "url": "https://github.com/advisories/GHSA-jq7p-26h5-w78r"
    }
  ],
  "affected": [
    {
      "package": {
        "name": "github.com/apache/thrift/lib/go/thrift",
        "ecosystem": "Go",
        "purl": "pkg:golang/github.com/apache/thrift/lib/go/thrift"
      },
      "ranges": [
        {
          "type": "SEMVER",
          "events": [
            {
              "introduced": "0.0.0-20151001171628-53dd39833a08"
            },
            {
              "fixed": "0.13.0"
            }
          ]
        }
      ],
      "ecosystem_specific": {
        "symbols": [
          "TSimpleJSONProtocol.safePeekContains"
        ]
      },
      "database_specific": {
        "source": "https://storage.googleapis.com/go-vulndb/byID/GO-2021-0101.json",
        "url": "https://go.googlesource.com/vulndb/+/refs/heads/master/reports/GO-2021-0101.yaml"
      }
    }
  ],
  "schema_version": "1.2.0"
}