{
  "id": "GO-2020-0035",
  "details": "Due to improper path santization, archives containing relative file\npaths can cause files to be written (or overwritten) outside of the\ntarget directory.\n",
  "modified": "2021-04-14T12:00:00Z",
  "published": "2021-04-14T12:00:00Z",
  "references": [
    {
      "type": "FIX",
      "url": "https://github.com/yi-ge/unzip/pull/1"
    },
    {
      "type": "FIX",
      "url": "https://github.com/yi-ge/unzip/commit/2adbaa4891b9690853ef10216189189f5ad7dc73"
    },
    {
      "type": "WEB",
      "url": "https://snyk.io/research/zip-slip-vulnerability"
    }
  ],
  "affected": [
    {
      "package": {
        "name": "github.com/yi-ge/unzip",
        "ecosystem": "Go",
        "purl": "pkg:golang/github.com/yi-ge/unzip"
      },
      "ranges": [
        {
          "type": "SEMVER",
          "events": [
            {
              "introduced": "0"
            },
            {
              "fixed": "1.0.3-0.20200308084313-2adbaa4891b9"
            }
          ]
        }
      ],
      "ecosystem_specific": {
        "symbols": [
          "Unzip.Extract"
        ]
      },
      "database_specific": {
        "source": "https://storage.googleapis.com/go-vulndb/byID/GO-2020-0035.json",
        "url": "https://go.googlesource.com/vulndb/+/refs/heads/master/reports/GO-2020-0035.yaml"
      }
    }
  ],
  "schema_version": "1.2.0"
}