{
  "id": "GO-2020-0049",
  "details": "Due to improper validation of caller input, validation is silently disabled\nif the provided expected token is malformed, causing any user supplied token\nto be considered valid.\n",
  "modified": "2021-04-14T12:00:00Z",
  "published": "2021-04-14T12:00:00Z",
  "references": [
    {
      "type": "FIX",
      "url": "https://github.com/justinas/nosurf/pull/60"
    },
    {
      "type": "FIX",
      "url": "https://github.com/justinas/nosurf/commit/4d86df7a4affa1fa50ab39fb09aac56c3ce9c314"
    }
  ],
  "affected": [
    {
      "package": {
        "name": "github.com/justinas/nosurf",
        "ecosystem": "Go",
        "purl": "pkg:golang/github.com/justinas/nosurf"
      },
      "ranges": [
        {
          "type": "SEMVER",
          "events": [
            {
              "introduced": "0"
            },
            {
              "fixed": "1.1.1"
            }
          ]
        }
      ],
      "ecosystem_specific": {
        "symbols": [
          "VerifyToken",
          "verifyToken"
        ]
      },
      "database_specific": {
        "url": "https://go.googlesource.com/vulndb/+/refs/heads/master/reports/GO-2020-0049.yaml",
        "source": "https://storage.googleapis.com/go-vulndb/byID/GO-2020-0049.json"
      }
    }
  ],
  "schema_version": "1.2.0"
}