{
  "id": "GO-2021-0067",
  "details": "Using Reader.Open on an archive containing a file with a path\nprefixed by \"../\" will cause a panic due to a stack overflow.\nIf parsing user supplied archives, this may be used as a\ndenial of service vector.\n",
  "aliases": [
    "CVE-2021-27919"
  ],
  "modified": "2021-04-14T12:00:00Z",
  "published": "2021-04-14T12:00:00Z",
  "references": [
    {
      "type": "FIX",
      "url": "https://go-review.googlesource.com/c/go/+/300489"
    },
    {
      "type": "FIX",
      "url": "https://github.com/golang/go/commit/cd3b4ca9f20fd14187ed4cdfdee1a02ea87e5cd8"
    },
    {
      "type": "WEB",
      "url": "https://github.com/golang/go/issues/44916"
    }
  ],
  "affected": [
    {
      "package": {
        "name": "archive/zip",
        "ecosystem": "Go",
        "purl": "pkg:golang/archive/zip"
      },
      "ranges": [
        {
          "type": "SEMVER",
          "events": [
            {
              "introduced": "1.16"
            },
            {
              "fixed": "1.16.1"
            }
          ]
        }
      ],
      "ecosystem_specific": {
        "symbols": [
          "toValidName"
        ]
      },
      "database_specific": {
        "source": "https://storage.googleapis.com/go-vulndb/byID/GO-2021-0067.json",
        "url": "https://go.googlesource.com/vulndb/+/refs/heads/master/reports/GO-2021-0067.yaml"
      }
    }
  ],
  "schema_version": "1.2.0"
}