{
  "id": "GHSA-962m-m8jw-8wrr",
  "summary": "Path Traversal in Zope",
  "details": "Zope is an open-source web application server. In Zope versions prior to 4.6 and 5.2, users can access untrusted modules indirectly through Python modules that are available for direct use. By default, only users with the Manager role can add or edit Zope Page Templates through the web, but sites that allow untrusted users to add/edit Zope Page Templates through the web are at risk from this vulnerability. The problem has been fixed in Zope 5.2 and 4.6. As a workaround, a site administrator can restrict adding/editing Zope Page Templates through the web using the standard Zope user/role permission mechanisms. Untrusted users should not be assigned the Zope Manager role and adding/editing Zope Page Templates through the web should be restricted to trusted users only.",
  "aliases": [
    "CVE-2021-32633"
  ],
  "modified": "2022-03-03T05:13:58.513548Z",
  "published": "2021-06-15T16:10:49Z",
  "database_specific": {
    "cwe_ids": [
      "CWE-22"
    ],
    "severity": "HIGH",
    "github_reviewed": true
  },
  "references": [
    {
      "type": "WEB",
      "url": "https://github.com/zopefoundation/Zope/security/advisories/GHSA-5pr9-v234-jw36"
    },
    {
      "type": "ADVISORY",
      "url": "https://nvd.nist.gov/vuln/detail/CVE-2021-32633"
    },
    {
      "type": "WEB",
      "url": "https://github.com/zopefoundation/Zope/commit/1f8456bf1f908ea46012537d52bd7e752a532c91"
    },
    {
      "type": "WEB",
      "url": "https://cyllective.com/blog/post/plone-authenticated-rce-cve-2021-32633/"
    },
    {
      "type": "WEB",
      "url": "http://www.openwall.com/lists/oss-security/2021/05/21/1"
    },
    {
      "type": "WEB",
      "url": "http://www.openwall.com/lists/oss-security/2021/05/22/1"
    },
    {
      "type": "PACKAGE",
      "url": "https://github.com/zopefoundation/Zope"
    }
  ],
  "affected": [
    {
      "package": {
        "name": "Zope",
        "ecosystem": "PyPI",
        "purl": "pkg:pypi/Zope"
      },
      "ranges": [
        {
          "type": "ECOSYSTEM",
          "events": [
            {
              "introduced": "0"
            },
            {
              "fixed": "4.6"
            }
          ]
        }
      ],
      "versions": [
        "4.0",
        "4.0b1",
        "4.0b10",
        "4.0b2",
        "4.0b3",
        "4.0b4",
        "4.0b5",
        "4.0b6",
        "4.0b7",
        "4.0b8",
        "4.0b9",
        "4.1",
        "4.1.1",
        "4.1.2",
        "4.1.3",
        "4.2",
        "4.2.1",
        "4.3",
        "4.4",
        "4.4.1",
        "4.4.2",
        "4.4.3",
        "4.4.4",
        "4.5",
        "4.5.1",
        "4.5.2",
        "4.5.3",
        "4.5.4",
        "4.5.5"
      ],
      "database_specific": {
        "source": "https://github.com/github/advisory-database/blob/main/advisories/github-reviewed/2021/06/GHSA-962m-m8jw-8wrr/GHSA-962m-m8jw-8wrr.json"
      }
    },
    {
      "package": {
        "name": "Zope",
        "ecosystem": "PyPI",
        "purl": "pkg:pypi/Zope"
      },
      "ranges": [
        {
          "type": "ECOSYSTEM",
          "events": [
            {
              "introduced": "5.0"
            },
            {
              "fixed": "5.2"
            }
          ]
        }
      ],
      "versions": [
        "5.0",
        "5.1",
        "5.1.1",
        "5.1.2"
      ],
      "database_specific": {
        "source": "https://github.com/github/advisory-database/blob/main/advisories/github-reviewed/2021/06/GHSA-962m-m8jw-8wrr/GHSA-962m-m8jw-8wrr.json"
      }
    }
  ],
  "schema_version": "1.2.0",
  "severity": [
    {
      "type": "CVSS_V3",
      "score": "CVSS:3.1/AV:N/AC:L/PR:L/UI:N/S:U/C:H/I:H/A:H"
    }
  ]
}