{
  "id": "GHSA-6528-wvf6-f6qg",
  "summary": "Moderate severity vulnerability that affects pycrypto",
  "details": "lib/Crypto/PublicKey/ElGamal.py in PyCrypto through 2.6.1 generates weak ElGamal key parameters, which allows attackers to obtain sensitive information by reading ciphertext data (i.e., it does not have semantic security in face of a ciphertext-only attack). The Decisional Diffie-Hellman (DDH) assumption does not hold for PyCrypto's ElGamal implementation.",
  "aliases": [
    "CVE-2018-6594"
  ],
  "modified": "2022-03-03T05:12:43.534866Z",
  "published": "2018-07-12T20:29:26Z",
  "database_specific": {
    "cwe_ids": [
      "CWE-326"
    ],
    "github_reviewed": true,
    "severity": "HIGH"
  },
  "references": [
    {
      "type": "ADVISORY",
      "url": "https://nvd.nist.gov/vuln/detail/CVE-2018-6594"
    },
    {
      "type": "WEB",
      "url": "https://github.com/dlitz/pycrypto/issues/253"
    },
    {
      "type": "WEB",
      "url": "https://github.com/TElgamal/attack-on-pycrypto-elgamal"
    },
    {
      "type": "ADVISORY",
      "url": "https://github.com/advisories/GHSA-6528-wvf6-f6qg"
    },
    {
      "type": "WEB",
      "url": "https://lists.debian.org/debian-lts-announce/2018/02/msg00018.html"
    },
    {
      "type": "WEB",
      "url": "https://security.gentoo.org/glsa/202007-62"
    },
    {
      "type": "WEB",
      "url": "https://usn.ubuntu.com/3616-1/"
    },
    {
      "type": "WEB",
      "url": "https://usn.ubuntu.com/3616-2/"
    },
    {
      "type": "PACKAGE",
      "url": "https://github.com/dlitz/pycrypto"
    }
  ],
  "affected": [
    {
      "package": {
        "name": "pycrypto",
        "ecosystem": "PyPI",
        "purl": "pkg:pypi/pycrypto"
      },
      "ranges": [
        {
          "type": "ECOSYSTEM",
          "events": [
            {
              "introduced": "0"
            }
          ]
        }
      ],
      "versions": [
        "1.9a2",
        "1.9a5",
        "1.9a6",
        "2.0",
        "2.0.1",
        "2.1.0",
        "2.2",
        "2.3",
        "2.4",
        "2.4.1",
        "2.5",
        "2.6",
        "2.6.1"
      ],
      "database_specific": {
        "source": "https://github.com/github/advisory-database/blob/main/advisories/github-reviewed/2018/07/GHSA-6528-wvf6-f6qg/GHSA-6528-wvf6-f6qg.json",
        "last_known_affected_version_range": "<= 2.6.1"
      }
    }
  ],
  "schema_version": "1.2.0",
  "severity": [
    {
      "type": "CVSS_V3",
      "score": "CVSS:3.0/AV:N/AC:L/PR:N/UI:N/S:U/C:H/I:N/A:N"
    }
  ]
}