{
  "id": "GHSA-8p7v-2jvj-v54r",
  "summary": "Moderate severity vulnerability that affects apache-airflow",
  "details": "A malicious admin user could edit the state of objects in the Airflow metadata database to execute arbitrary javascript on certain page views.",
  "aliases": [
    "CVE-2019-0216"
  ],
  "modified": "2022-03-03T05:13:54.818882Z",
  "published": "2019-04-12T20:42:25Z",
  "database_specific": {
    "github_reviewed": true,
    "cwe_ids": [
      "CWE-79"
    ],
    "severity": "MODERATE"
  },
  "references": [
    {
      "type": "ADVISORY",
      "url": "https://nvd.nist.gov/vuln/detail/CVE-2019-0216"
    },
    {
      "type": "ADVISORY",
      "url": "https://github.com/advisories/GHSA-8p7v-2jvj-v54r"
    },
    {
      "type": "WEB",
      "url": "https://lists.apache.org/thread.html/2de387213d45bc626d27554a1bde7b8c67d08720901f82a50b6f4231@%3Cdev.airflow.apache.org%3E"
    },
    {
      "type": "WEB",
      "url": "http://www.openwall.com/lists/oss-security/2019/04/10/6"
    },
    {
      "type": "WEB",
      "url": "http://www.securityfocus.com/bid/107869"
    }
  ],
  "affected": [
    {
      "package": {
        "name": "apache-airflow",
        "ecosystem": "PyPI",
        "purl": "pkg:pypi/apache-airflow"
      },
      "ranges": [
        {
          "type": "ECOSYSTEM",
          "events": [
            {
              "introduced": "0"
            },
            {
              "fixed": "1.10.3"
            }
          ]
        }
      ],
      "versions": [
        "1.10.0",
        "1.10.1",
        "1.10.1b1",
        "1.10.1rc2",
        "1.10.2",
        "1.10.2b2",
        "1.10.2rc1",
        "1.10.2rc2",
        "1.10.2rc3",
        "1.10.3b1",
        "1.10.3b2",
        "1.10.3rc1",
        "1.10.3rc2",
        "1.8.1",
        "1.8.2",
        "1.8.2rc1",
        "1.9.0"
      ],
      "database_specific": {
        "source": "https://github.com/github/advisory-database/blob/main/advisories/github-reviewed/2019/04/GHSA-8p7v-2jvj-v54r/GHSA-8p7v-2jvj-v54r.json"
      }
    }
  ],
  "schema_version": "1.2.0",
  "severity": [
    {
      "type": "CVSS_V3",
      "score": "CVSS:3.0/AV:N/AC:L/PR:H/UI:R/S:C/C:L/I:L/A:N"
    }
  ]
}