{
  "id": "GHSA-8434-v7xw-8m9x",
  "summary": "Improper Neutralization of Argument Delimiters in a Decompiling Package Process in APKLeaks",
  "details": "APKLeaks prior to v2.0.4 allows remote authenticated attackers to execute arbitrary OS commands via package name inside application manifest.\n\n### Impact\nAn attacker could include arguments that allow unintended commands or code to be executed, allow sensitive data to be read or modified or could cause other unintended behavior through malicious package name.\n\n### Patches\nThe problem is fixed in version v2.0.4 and above.\n\n### Workarounds\n\n```bash\n> git fetch --tags; git checkout v2.0.6-dev\n```\n\nOr pull to the latest version:\n```bash\n> git pull origin master\n```\n\n### References\n- a966e781499ff6fd4eea66876d7532301b13a382\n\n### For more information\nIf you have any questions or comments about this advisory:\n* Email me at [me@dw1.io](mailto:me@dw1.io)\n",
  "aliases": [
    "CVE-2021-21386"
  ],
  "modified": "2022-01-21T21:03:01Z",
  "published": "2022-01-21T23:03:39Z",
  "database_specific": {
    "severity": "CRITICAL",
    "cwe_ids": [
      "CWE-78",
      "CWE-88"
    ],
    "github_reviewed": true
  },
  "references": [
    {
      "type": "WEB",
      "url": "https://github.com/dwisiswant0/apkleaks/security/advisories/GHSA-8434-v7xw-8m9x"
    },
    {
      "type": "ADVISORY",
      "url": "https://nvd.nist.gov/vuln/detail/CVE-2021-21386"
    },
    {
      "type": "WEB",
      "url": "https://github.com/dwisiswant0/apkleaks/commit/a966e781499ff6fd4eea66876d7532301b13a382"
    },
    {
      "type": "PACKAGE",
      "url": "https://github.com/dwisiswant0/apkleaks"
    }
  ],
  "affected": [
    {
      "package": {
        "name": "APKLeaks",
        "ecosystem": "PyPI",
        "purl": "pkg:pypi/APKLeaks"
      },
      "ranges": [
        {
          "type": "ECOSYSTEM",
          "events": [
            {
              "introduced": "0"
            },
            {
              "fixed": "2.0.4"
            }
          ]
        }
      ],
      "ecosystem_specific": {
        "affected_functions": [
          "apkleaks.apkleaks.APKLeaks.decompile"
        ]
      },
      "database_specific": {
        "source": "https://github.com/github/advisory-database/blob/main/advisories/github-reviewed/2022/01/GHSA-8434-v7xw-8m9x/GHSA-8434-v7xw-8m9x.json"
      },
      "versions": []
    }
  ],
  "schema_version": "1.2.0",
  "severity": [
    {
      "type": "CVSS_V3",
      "score": "CVSS:3.1/AV:N/AC:L/PR:N/UI:R/S:C/C:H/I:H/A:N"
    }
  ]
}