{
  "id": "GHSA-fcf9-3qw3-gxmj",
  "summary": "High severity vulnerability that affects cryptography",
  "details": "A flaw was found in python-cryptography versions between >=1.9.0 and <2.3. The finalize_with_tag API did not enforce a minimum tag length. If a user did not validate the input length prior to passing it to finalize_with_tag an attacker could craft an invalid payload with a shortened tag (e.g. 1 byte) such that they would have a 1 in 256 chance of passing the MAC check. GCM tag forgeries can cause key leakage.",
  "aliases": [
    "CVE-2018-10903"
  ],
  "modified": "2022-03-03T22:00:13.723175Z",
  "published": "2018-07-31T18:28:09Z",
  "database_specific": {
    "cwe_ids": [
      "CWE-20"
    ],
    "severity": "HIGH",
    "github_reviewed": true
  },
  "references": [
    {
      "type": "ADVISORY",
      "url": "https://nvd.nist.gov/vuln/detail/CVE-2018-10903"
    },
    {
      "type": "WEB",
      "url": "https://github.com/pyca/cryptography/pull/4342/commits/688e0f673bfbf43fa898994326c6877f00ab19ef"
    },
    {
      "type": "WEB",
      "url": "https://bugzilla.redhat.com/show_bug.cgi?id=CVE-2018-10903"
    },
    {
      "type": "ADVISORY",
      "url": "https://github.com/advisories/GHSA-fcf9-3qw3-gxmj"
    }
  ],
  "affected": [
    {
      "package": {
        "name": "cryptography",
        "ecosystem": "PyPI",
        "purl": "pkg:pypi/cryptography"
      },
      "ranges": [
        {
          "type": "ECOSYSTEM",
          "events": [
            {
              "introduced": "1.9.0"
            },
            {
              "fixed": "2.3"
            }
          ]
        }
      ],
      "versions": [
        "1.9",
        "2.0",
        "2.0.1",
        "2.0.2",
        "2.0.3",
        "2.1",
        "2.1.1",
        "2.1.2",
        "2.1.3",
        "2.1.4",
        "2.2",
        "2.2.1",
        "2.2.2"
      ],
      "database_specific": {
        "source": "https://github.com/github/advisory-database/blob/main/advisories/github-reviewed/2018/07/GHSA-fcf9-3qw3-gxmj/GHSA-fcf9-3qw3-gxmj.json"
      }
    }
  ],
  "schema_version": "1.2.0",
  "severity": [
    {
      "type": "CVSS_V3",
      "score": "CVSS:3.0/AV:N/AC:L/PR:N/UI:N/S:U/C:H/I:N/A:N"
    }
  ]
}