{
  "id": "GHSA-2vj5-px25-gjrp",
  "summary": "pytorch-lightning is vulnerable to Deserialization of Untrusted Data",
  "details": "pytorch-lightning is vulnerable to Deserialization of Untrusted Data.",
  "aliases": [
    "CVE-2021-4118"
  ],
  "modified": "2022-03-03T05:13:37.531745Z",
  "published": "2022-01-06T23:58:59Z",
  "database_specific": {
    "cwe_ids": [
      "CWE-502"
    ],
    "severity": "HIGH",
    "github_reviewed": true
  },
  "references": [
    {
      "type": "ADVISORY",
      "url": "https://nvd.nist.gov/vuln/detail/CVE-2021-4118"
    },
    {
      "type": "WEB",
      "url": "https://github.com/PyTorchLightning/pytorch-lightning/issues/11045"
    },
    {
      "type": "WEB",
      "url": "https://github.com/PyTorchLightning/pytorch-lightning/pull/11099"
    },
    {
      "type": "WEB",
      "url": "https://github.com/pytorchlightning/pytorch-lightning/commit/62f1e82e032eb16565e676d39e0db0cac7e34ace"
    },
    {
      "type": "WEB",
      "url": "https://huntr.dev/bounties/31832f0c-e5bb-4552-a12c-542f81f111e6"
    },
    {
      "type": "PACKAGE",
      "url": "https://github.com/pytorchlightning/pytorch-lightning"
    }
  ],
  "affected": [
    {
      "package": {
        "name": "pytorch-lightning",
        "ecosystem": "PyPI",
        "purl": "pkg:pypi/pytorch-lightning"
      },
      "ranges": [
        {
          "type": "ECOSYSTEM",
          "events": [
            {
              "introduced": "0"
            }
          ]
        }
      ],
      "versions": [
        "0.0.2",
        "0.10.0",
        "0.2",
        "0.2.2",
        "0.2.3",
        "0.2.4",
        "0.2.4.1",
        "0.2.5",
        "0.2.5.1",
        "0.2.5.2",
        "0.2.6",
        "0.3",
        "0.3.1",
        "0.3.2",
        "0.3.3",
        "0.3.4",
        "0.3.4.1",
        "0.3.5",
        "0.3.6",
        "0.3.6.1",
        "0.3.6.3",
        "0.3.6.4",
        "0.3.6.5",
        "0.3.6.6",
        "0.3.6.7",
        "0.3.6.8",
        "0.3.6.9",
        "0.4.0",
        "0.4.1",
        "0.4.2",
        "0.4.3",
        "0.4.4",
        "0.4.5",
        "0.4.6",
        "0.4.7",
        "0.4.8",
        "0.4.9",
        "0.5.0",
        "0.5.1",
        "0.5.1.2",
        "0.5.1.3",
        "0.5.2",
        "0.5.2.1",
        "0.5.3",
        "0.5.3.1",
        "0.5.3.2",
        "0.5.3.3",
        "0.6.0",
        "0.7.1",
        "0.7.3",
        "0.7.5",
        "0.7.6",
        "0.8.1",
        "0.8.3",
        "0.8.4",
        "0.8.5",
        "0.9.0",
        "1.0.0",
        "1.0.1",
        "1.0.2",
        "1.0.3",
        "1.0.4",
        "1.0.5",
        "1.0.6",
        "1.0.7",
        "1.0.8",
        "1.1.0",
        "1.1.1",
        "1.1.2",
        "1.1.3",
        "1.1.4",
        "1.1.5",
        "1.1.6",
        "1.1.7",
        "1.1.8",
        "1.2.0",
        "1.2.0rc0",
        "1.2.0rc1",
        "1.2.0rc2",
        "1.2.1",
        "1.2.10",
        "1.2.2",
        "1.2.3",
        "1.2.4",
        "1.2.5",
        "1.2.6",
        "1.2.7",
        "1.2.8",
        "1.2.9",
        "1.3.0",
        "1.3.0rc1",
        "1.3.0rc2",
        "1.3.0rc3",
        "1.3.1",
        "1.3.2",
        "1.3.3",
        "1.3.4",
        "1.3.5",
        "1.3.6",
        "1.3.7",
        "1.3.7.post0",
        "1.3.8",
        "1.4.0",
        "1.4.0rc0",
        "1.4.0rc1",
        "1.4.0rc2",
        "1.4.1",
        "1.4.2",
        "1.4.3",
        "1.4.4",
        "1.4.5",
        "1.4.6",
        "1.4.7",
        "1.4.8",
        "1.4.9",
        "1.5.0",
        "1.5.0rc0",
        "1.5.0rc1",
        "1.5.1",
        "1.5.10",
        "1.5.2",
        "1.5.3",
        "1.5.4",
        "1.5.5",
        "1.5.6",
        "1.5.7",
        "1.5.8",
        "1.5.9"
      ],
      "database_specific": {
        "last_known_affected_version_range": "<= 1.5.8",
        "source": "https://github.com/github/advisory-database/blob/main/advisories/github-reviewed/2022/01/GHSA-2vj5-px25-gjrp/GHSA-2vj5-px25-gjrp.json"
      }
    }
  ],
  "schema_version": "1.2.0",
  "severity": [
    {
      "type": "CVSS_V3",
      "score": "CVSS:3.1/AV:L/AC:L/PR:N/UI:R/S:U/C:H/I:H/A:H"
    }
  ]
}