{
  "id": "GHSA-2ww3-fxvq-293j",
  "summary": "Inefficient Regular Expression in nltk",
  "details": "nltk is contains an Inefficient Regular Expression and is vulnerable to regular expression denial of service attacks.",
  "aliases": [
    "CVE-2021-3828"
  ],
  "modified": "2022-03-03T05:13:34.184993Z",
  "published": "2021-09-29T17:14:53Z",
  "database_specific": {
    "github_reviewed": true,
    "severity": "HIGH",
    "cwe_ids": [
      "CWE-1333",
      "CWE-697"
    ]
  },
  "references": [
    {
      "type": "ADVISORY",
      "url": "https://nvd.nist.gov/vuln/detail/CVE-2021-3828"
    },
    {
      "type": "WEB",
      "url": "https://github.com/nltk/nltk/pull/2816"
    },
    {
      "type": "WEB",
      "url": "https://github.com/nltk/nltk/commit/277711ab1dec729e626b27aab6fa35ea5efbd7e6"
    },
    {
      "type": "WEB",
      "url": "https://huntr.dev/bounties/d19aed43-75bc-4a03-91a0-4d0bb516bc32"
    },
    {
      "type": "PACKAGE",
      "url": "https://github.com/nltk/nltk"
    }
  ],
  "affected": [
    {
      "package": {
        "name": "nltk",
        "ecosystem": "PyPI",
        "purl": "pkg:pypi/nltk"
      },
      "ranges": [
        {
          "type": "ECOSYSTEM",
          "events": [
            {
              "introduced": "0"
            },
            {
              "fixed": "3.6.4"
            }
          ]
        }
      ],
      "versions": [
        "0.8",
        "0.9",
        "0.9.3",
        "0.9.4",
        "0.9.5",
        "0.9.6",
        "0.9.7",
        "0.9.8",
        "0.9.9",
        "2.0.1",
        "2.0.1rc1",
        "2.0.1rc2-git",
        "2.0.1rc3",
        "2.0.1rc4",
        "2.0.2",
        "2.0.3",
        "2.0.4",
        "2.0.5",
        "2.0b4",
        "2.0b5",
        "2.0b6",
        "2.0b7",
        "2.0b8",
        "2.0b9",
        "3.0.0",
        "3.0.0b1",
        "3.0.0b2",
        "3.0.1",
        "3.0.2",
        "3.0.3",
        "3.0.4",
        "3.0.5",
        "3.1",
        "3.2",
        "3.2.1",
        "3.2.2",
        "3.2.3",
        "3.2.4",
        "3.2.5",
        "3.3",
        "3.4",
        "3.4.1",
        "3.4.2",
        "3.4.3",
        "3.4.4",
        "3.4.5",
        "3.5",
        "3.5b1",
        "3.6",
        "3.6.1",
        "3.6.2",
        "3.6.3"
      ],
      "database_specific": {
        "last_known_affected_version_range": "<= 3.6.3",
        "source": "https://github.com/github/advisory-database/blob/main/advisories/github-reviewed/2021/09/GHSA-2ww3-fxvq-293j/GHSA-2ww3-fxvq-293j.json"
      }
    }
  ],
  "schema_version": "1.2.0",
  "severity": [
    {
      "type": "CVSS_V3",
      "score": "CVSS:3.1/AV:N/AC:L/PR:N/UI:N/S:U/C:N/I:N/A:H"
    }
  ]
}