{
  "id": "GHSA-9w49-m7xh-5r39",
  "summary": "Cross-site scripting in papermerge",
  "details": "Multiple cross-site scripting (XSS) vulnerabilities in Papermerge before 1.5.2 allow remote attackers to inject arbitrary web script or HTML via the rename, tag, upload, or create folder function. The payload can be in a folder, a tag, or a document's filename. If email consumption is configured in Papermerge, a malicious document can be sent by email and is automatically uploaded into the Papermerge web application. Therefore, no authentication is required to exploit XSS if email consumption is configured. Otherwise authentication is required.",
  "aliases": [
    "CVE-2020-29456"
  ],
  "modified": "2022-03-03T05:13:44.739804Z",
  "published": "2021-04-20T16:37:56Z",
  "database_specific": {
    "github_reviewed": true,
    "cwe_ids": [
      "CWE-79"
    ],
    "severity": "MODERATE"
  },
  "references": [
    {
      "type": "ADVISORY",
      "url": "https://nvd.nist.gov/vuln/detail/CVE-2020-29456"
    },
    {
      "type": "WEB",
      "url": "https://github.com/ciur/papermerge/issues/228"
    },
    {
      "type": "WEB",
      "url": "https://github.com/ciur/papermerge/releases/tag/v1.5.2"
    },
    {
      "type": "WEB",
      "url": "https://www.papermerge.com/"
    }
  ],
  "affected": [
    {
      "package": {
        "name": "papermerge",
        "ecosystem": "PyPI",
        "purl": "pkg:pypi/papermerge"
      },
      "ranges": [
        {
          "type": "ECOSYSTEM",
          "events": [
            {
              "introduced": "0"
            },
            {
              "fixed": "1.5.2"
            }
          ]
        }
      ],
      "versions": [
        "1.2.0",
        "1.3.0"
      ],
      "database_specific": {
        "source": "https://github.com/github/advisory-database/blob/main/advisories/github-reviewed/2021/04/GHSA-9w49-m7xh-5r39/GHSA-9w49-m7xh-5r39.json"
      }
    }
  ],
  "schema_version": "1.2.0",
  "severity": [
    {
      "type": "CVSS_V3",
      "score": "CVSS:3.1/AV:N/AC:L/PR:N/UI:R/S:C/C:L/I:L/A:N"
    }
  ]
}