{
  "id": "GHSA-2jc8-4r6g-282j",
  "summary": "Moderate severity vulnerability that affects python-gnupg",
  "details": "The shell_quote function in python-gnupg 0.3.5 does not properly escape characters, which allows context-dependent attackers to execute arbitrary code via shell metacharacters in unspecified vectors, as demonstrated using \"\\\" (backslash) characters to form multi-command sequences, a different vulnerability than CVE-2014-1927.  NOTE: this vulnerability exists because of an incomplete fix for CVE-2013-7323.",
  "aliases": [
    "CVE-2014-1928"
  ],
  "modified": "2020-06-16T20:52:26Z",
  "published": "2018-11-06T23:13:02Z",
  "database_specific": {
    "github_reviewed": true,
    "severity": "MODERATE",
    "cwe_ids": [
      "CWE-20"
    ]
  },
  "references": [
    {
      "type": "ADVISORY",
      "url": "https://nvd.nist.gov/vuln/detail/CVE-2014-1928"
    },
    {
      "type": "WEB",
      "url": "https://code.google.com/p/python-gnupg/"
    },
    {
      "type": "WEB",
      "url": "https://code.google.com/p/python-gnupg/issues/detail?id=98"
    },
    {
      "type": "ADVISORY",
      "url": "https://github.com/advisories/GHSA-2jc8-4r6g-282j"
    },
    {
      "type": "WEB",
      "url": "http://seclists.org/oss-sec/2014/q1/246"
    },
    {
      "type": "WEB",
      "url": "http://seclists.org/oss-sec/2014/q1/294"
    },
    {
      "type": "WEB",
      "url": "http://secunia.com/advisories/56616"
    },
    {
      "type": "WEB",
      "url": "http://secunia.com/advisories/59031"
    },
    {
      "type": "WEB",
      "url": "http://www.debian.org/security/2014/dsa-2946"
    }
  ],
  "affected": [
    {
      "package": {
        "name": "python-gnupg",
        "ecosystem": "PyPI",
        "purl": "pkg:pypi/python-gnupg"
      },
      "ranges": [
        {
          "type": "ECOSYSTEM",
          "events": [
            {
              "introduced": "0.3.5"
            },
            {
              "fixed": "0.3.6"
            }
          ]
        }
      ],
      "versions": [
        "0.3.5"
      ],
      "database_specific": {
        "source": "https://github.com/github/advisory-database/blob/main/advisories/github-reviewed/2018/11/GHSA-2jc8-4r6g-282j/GHSA-2jc8-4r6g-282j.json"
      }
    }
  ],
  "schema_version": "1.2.0"
}