{
  "id": "GHSA-6r3c-8xf3-ggrr",
  "summary": "Directory traversal outside of SENDFILE_ROOT in django-sendfile2",
  "details": "django-sendfile2 currently relies on the backend to correctly limit file paths to `SENDFILE_ROOT`. This is not the case for the `simple` and `development` backends, it is also not necessarily the case for any of the other backends either (it's just an assumption that was made by the original author).\n\nThis will be fixed in 0.6.0 which is to be released the same day as this advisory is made public.\n\nWhen upgrading, you will need to make sure `SENDFILE_ROOT` is set in your settings module if it wasn't already.",
  "modified": "2022-03-03T05:14:17.489854Z",
  "published": "2020-06-24T17:15:26Z",
  "database_specific": {
    "cwe_ids": [
      "CWE-22"
    ],
    "severity": "MODERATE",
    "github_reviewed": true
  },
  "references": [
    {
      "type": "WEB",
      "url": "https://github.com/moggers87/django-sendfile2/security/advisories/GHSA-6r3c-8xf3-ggrr"
    },
    {
      "type": "WEB",
      "url": "https://github.com/moggers87/django-sendfile2/commit/f870c52398a55b9b5189932dd8caa24efb4bc1e1"
    },
    {
      "type": "PACKAGE",
      "url": "https://github.com/moggers87/django-sendfile2"
    }
  ],
  "affected": [
    {
      "package": {
        "name": "django-sendfile2",
        "ecosystem": "PyPI",
        "purl": "pkg:pypi/django-sendfile2"
      },
      "ranges": [
        {
          "type": "ECOSYSTEM",
          "events": [
            {
              "introduced": "0"
            },
            {
              "fixed": "0.6.0"
            }
          ]
        }
      ],
      "versions": [
        "0.4.0",
        "0.4.1",
        "0.4.2",
        "0.4.3",
        "0.5.1"
      ],
      "database_specific": {
        "source": "https://github.com/github/advisory-database/blob/main/advisories/github-reviewed/2020/06/GHSA-6r3c-8xf3-ggrr/GHSA-6r3c-8xf3-ggrr.json"
      }
    }
  ],
  "schema_version": "1.2.0"
}