{
  "id": "GHSA-8jxq-75rw-fhj9",
  "summary": "High severity vulnerability that affects eve",
  "details": "io/mongo/parser.py in Eve (aka pyeve) before 0.7.5 allows remote attackers to execute arbitrary code via Code Injection in the where parameter.",
  "aliases": [
    "CVE-2018-8097"
  ],
  "modified": "2022-03-03T05:14:00.638122Z",
  "published": "2018-07-12T20:29:35Z",
  "database_specific": {
    "github_reviewed": true,
    "severity": "CRITICAL",
    "cwe_ids": [
      "CWE-94"
    ]
  },
  "references": [
    {
      "type": "ADVISORY",
      "url": "https://nvd.nist.gov/vuln/detail/CVE-2018-8097"
    },
    {
      "type": "WEB",
      "url": "https://github.com/pyeve/eve/issues/1101"
    },
    {
      "type": "WEB",
      "url": "https://github.com/pyeve/eve/commit/f8f7019ffdf9b4e05faf95e1f04e204aa4c91f98"
    },
    {
      "type": "ADVISORY",
      "url": "https://github.com/advisories/GHSA-8jxq-75rw-fhj9"
    },
    {
      "type": "PACKAGE",
      "url": "https://github.com/pyeve/eve"
    }
  ],
  "affected": [
    {
      "package": {
        "name": "eve",
        "ecosystem": "PyPI",
        "purl": "pkg:pypi/eve"
      },
      "ranges": [
        {
          "type": "ECOSYSTEM",
          "events": [
            {
              "introduced": "0"
            },
            {
              "fixed": "0.7.5"
            }
          ]
        }
      ],
      "versions": [
        "0.0.1",
        "0.0.2",
        "0.0.3",
        "0.0.4",
        "0.0.5",
        "0.0.6",
        "0.0.7",
        "0.0.8",
        "0.0.9",
        "0.1",
        "0.1.1",
        "0.2",
        "0.3",
        "0.4",
        "0.5",
        "0.5.1",
        "0.5.2",
        "0.5.3",
        "0.6",
        "0.6.1",
        "0.6.2",
        "0.6.3",
        "0.6.4",
        "0.7",
        "0.7.1",
        "0.7.2",
        "0.7.3",
        "0.7.4"
      ],
      "database_specific": {
        "source": "https://github.com/github/advisory-database/blob/main/advisories/github-reviewed/2018/07/GHSA-8jxq-75rw-fhj9/GHSA-8jxq-75rw-fhj9.json"
      }
    }
  ],
  "schema_version": "1.2.0",
  "severity": [
    {
      "type": "CVSS_V3",
      "score": "CVSS:3.0/AV:N/AC:L/PR:N/UI:N/S:U/C:H/I:H/A:H"
    }
  ]
}