{
  "id": "GHSA-92vm-mxjf-jqf3",
  "summary": "Improper Verification of Cryptographic Signature in starkbank-ecdsa",
  "details": "The verify function in the Stark Bank Python ECDSA library (starkbank-ecdsa) 2.0.0 fails to check that the signature is non-zero, which allows attackers to forge signatures on arbitrary messages.",
  "aliases": [
    "CVE-2021-43572"
  ],
  "modified": "2022-03-03T05:13:16.855718Z",
  "published": "2021-11-10T20:41:39Z",
  "database_specific": {
    "cwe_ids": [
      "CWE-347"
    ],
    "github_reviewed": true,
    "severity": "CRITICAL"
  },
  "references": [
    {
      "type": "ADVISORY",
      "url": "https://nvd.nist.gov/vuln/detail/CVE-2021-43572"
    },
    {
      "type": "WEB",
      "url": "https://github.com/starkbank/ecdsa-python/commit/d136170666e9510eb63c2572551805807bd4c17f"
    },
    {
      "type": "WEB",
      "url": "https://github.com/starkbank/ecdsa-python/releases/tag/v2.0.1"
    },
    {
      "type": "WEB",
      "url": "https://research.nccgroup.com/2021/11/08/technical-advisory-arbitrary-signature-forgery-in-stark-bank-ecdsa-libraries/"
    },
    {
      "type": "PACKAGE",
      "url": "https://github.com/starkbank/ecdsa-python"
    }
  ],
  "affected": [
    {
      "package": {
        "name": "starkbank-ecdsa",
        "ecosystem": "PyPI",
        "purl": "pkg:pypi/starkbank-ecdsa"
      },
      "ranges": [
        {
          "type": "ECOSYSTEM",
          "events": [
            {
              "introduced": "0"
            },
            {
              "fixed": "2.0.1"
            }
          ]
        }
      ],
      "versions": [
        "0.1",
        "0.1.1",
        "0.1.2",
        "0.1.3",
        "0.1.4",
        "0.1.5",
        "0.1.6",
        "0.1.7",
        "0.1.8",
        "0.1.9",
        "1.0.0",
        "1.1.0",
        "1.1.1",
        "2.0.0"
      ],
      "database_specific": {
        "source": "https://github.com/github/advisory-database/blob/main/advisories/github-reviewed/2021/11/GHSA-92vm-mxjf-jqf3/GHSA-92vm-mxjf-jqf3.json"
      }
    }
  ],
  "schema_version": "1.2.0",
  "severity": [
    {
      "type": "CVSS_V3",
      "score": "CVSS:3.1/AV:N/AC:L/PR:N/UI:N/S:U/C:H/I:H/A:H"
    }
  ]
}