{
  "id": "GHSA-3c45-wgjp-7v9r",
  "summary": "A single version of twisted does not respect the trustedRoot setting",
  "details": "Python Twisted 14.0 trustRoot is not respected in HTTP client",
  "aliases": [
    "CVE-2014-7143"
  ],
  "modified": "2021-08-19T16:07:48Z",
  "published": "2019-12-17T22:52:34Z",
  "database_specific": {
    "cwe_ids": [
      "CWE-295"
    ],
    "severity": "HIGH",
    "github_reviewed": true
  },
  "references": [
    {
      "type": "ADVISORY",
      "url": "https://nvd.nist.gov/vuln/detail/CVE-2014-7143"
    },
    {
      "type": "WEB",
      "url": "https://github.com/twisted/twisted/commit/3b5942252f5f3e45862a0e12b266ab29e243cc33"
    },
    {
      "type": "WEB",
      "url": "https://bugzilla.redhat.com/show_bug.cgi?id=CVE-2014-7143"
    },
    {
      "type": "WEB",
      "url": "https://exchange.xforce.ibmcloud.com/vulnerabilities/96135"
    },
    {
      "type": "WEB",
      "url": "https://security-tracker.debian.org/tracker/CVE-2014-7143"
    },
    {
      "type": "WEB",
      "url": "http://www.openwall.com/lists/oss-security/2014/09/22/2"
    }
  ],
  "affected": [
    {
      "package": {
        "name": "twisted",
        "ecosystem": "PyPI",
        "purl": "pkg:pypi/twisted"
      },
      "ranges": [
        {
          "type": "ECOSYSTEM",
          "events": [
            {
              "introduced": "14.0.0"
            },
            {
              "fixed": "14.0.1"
            }
          ]
        }
      ],
      "versions": [
        "14.0.0"
      ],
      "database_specific": {
        "source": "https://github.com/github/advisory-database/blob/main/advisories/github-reviewed/2019/12/GHSA-3c45-wgjp-7v9r/GHSA-3c45-wgjp-7v9r.json"
      }
    }
  ],
  "schema_version": "1.2.0",
  "severity": [
    {
      "type": "CVSS_V3",
      "score": "CVSS:3.1/AV:N/AC:L/PR:N/UI:N/S:U/C:N/I:H/A:N"
    }
  ]
}