{
  "id": "GHSA-8rh6-h94m-vj54",
  "summary": "Incorrect Comparison in cvxopt",
  "details": "Incomplete string comparison vulnerability exits in cvxopt.org cvxop <= 1.2.6 in APIs (cvxopt.cholmod.diag, cvxopt.cholmod.getfactor, cvxopt.cholmod.solve, cvxopt.cholmod.spsolve), which allows attackers to conduct Denial of Service attacks by construct fake Capsule objects.",
  "aliases": [
    "CVE-2021-41500"
  ],
  "modified": "2022-03-03T05:12:30.492737Z",
  "published": "2022-01-07T00:01:11Z",
  "database_specific": {
    "github_reviewed": true,
    "severity": "HIGH",
    "cwe_ids": [
      "CWE-697"
    ]
  },
  "references": [
    {
      "type": "ADVISORY",
      "url": "https://nvd.nist.gov/vuln/detail/CVE-2021-41500"
    },
    {
      "type": "WEB",
      "url": "https://github.com/cvxopt/cvxopt/issues/193"
    },
    {
      "type": "WEB",
      "url": "https://github.com/cvxopt/cvxopt/commit/d5a21cf1da62e4269176384b1ff62edac5579f94"
    },
    {
      "type": "WEB",
      "url": "https://lists.fedoraproject.org/archives/list/package-announce@lists.fedoraproject.org/message/CXTPM3DGVYTYQ54OFCMXZVWVOMR7JM2D/"
    },
    {
      "type": "PACKAGE",
      "url": "https://github.com/cvxopt/cvxopt"
    }
  ],
  "affected": [
    {
      "package": {
        "name": "cvxopt",
        "ecosystem": "PyPI",
        "purl": "pkg:pypi/cvxopt"
      },
      "ranges": [
        {
          "type": "ECOSYSTEM",
          "events": [
            {
              "introduced": "0"
            },
            {
              "fixed": "1.2.7"
            }
          ]
        }
      ],
      "versions": [
        "1.1.6",
        "1.1.7",
        "1.1.8",
        "1.1.9",
        "1.2.0",
        "1.2.1",
        "1.2.2",
        "1.2.3",
        "1.2.4",
        "1.2.5",
        "1.2.5.post1",
        "1.2.6"
      ],
      "database_specific": {
        "source": "https://github.com/github/advisory-database/blob/main/advisories/github-reviewed/2022/01/GHSA-8rh6-h94m-vj54/GHSA-8rh6-h94m-vj54.json"
      }
    }
  ],
  "schema_version": "1.2.0",
  "severity": [
    {
      "type": "CVSS_V3",
      "score": "CVSS:3.1/AV:N/AC:L/PR:N/UI:N/S:U/C:N/I:N/A:H"
    }
  ]
}