{
  "id": "GHSA-55x5-fj6c-h6m8",
  "summary": "HTML Cleaner allows crafted and SVG embedded scripts to pass through",
  "details": "### Impact\nThe HTML Cleaner in lxml.html lets certain crafted script content pass through, as well as script content in SVG files embedded using data URIs.\n\nUsers that employ the HTML cleaner in a security relevant context should upgrade to lxml 4.6.5.\n\n### Patches\nThe issue has been resolved in lxml 4.6.5.\n\n### Workarounds\nNone.\n\n### References\nThe issues are tracked under the report IDs GHSL-2021-1037 and GHSL-2021-1038.\n",
  "aliases": [
    "CVE-2021-43818"
  ],
  "modified": "2022-03-03T05:13:45.950467Z",
  "published": "2021-12-13T18:14:36Z",
  "database_specific": {
    "github_reviewed": true,
    "cwe_ids": [
      "CWE-74",
      "CWE-79"
    ],
    "severity": "HIGH"
  },
  "references": [
    {
      "type": "WEB",
      "url": "https://github.com/lxml/lxml/security/advisories/GHSA-55x5-fj6c-h6m8"
    },
    {
      "type": "ADVISORY",
      "url": "https://nvd.nist.gov/vuln/detail/CVE-2021-43818"
    },
    {
      "type": "WEB",
      "url": "https://github.com/lxml/lxml/commit/12fa9669007180a7bb87d990c375cf91ca5b664a"
    },
    {
      "type": "WEB",
      "url": "https://github.com/lxml/lxml/commit/a3eacbc0dcf1de1c822ec29fb7d090a4b1712a9c#diff-59130575b4fb2932c957db2922977d7d89afb0b2085357db1a14615a2fcad776"
    },
    {
      "type": "WEB",
      "url": "https://github.com/lxml/lxml/commit/f2330237440df7e8f39c3ad1b1aa8852be3b27c0"
    },
    {
      "type": "WEB",
      "url": "https://lists.debian.org/debian-lts-announce/2021/12/msg00037.html"
    },
    {
      "type": "WEB",
      "url": "https://lists.fedoraproject.org/archives/list/package-announce@lists.fedoraproject.org/message/TUIS2KE3HZ2AAQKXFLTJFZPP2IFHJTC7/"
    },
    {
      "type": "WEB",
      "url": "https://lists.fedoraproject.org/archives/list/package-announce@lists.fedoraproject.org/message/V2XMOM5PFT6U5AAXY6EFNT5JZCKKHK2V/"
    },
    {
      "type": "WEB",
      "url": "https://lists.fedoraproject.org/archives/list/package-announce@lists.fedoraproject.org/message/WZGNET2A4WGLSUXLBFYKNC5PXHQMI3I7/"
    },
    {
      "type": "WEB",
      "url": "https://lists.fedoraproject.org/archives/list/package-announce@lists.fedoraproject.org/message/ZQ4SPKJX3RRJK4UWA6FXCRHD2TVRQI44/"
    },
    {
      "type": "WEB",
      "url": "https://security.netapp.com/advisory/ntap-20220107-0005/"
    },
    {
      "type": "WEB",
      "url": "https://www.debian.org/security/2022/dsa-5043"
    },
    {
      "type": "PACKAGE",
      "url": "https://github.com/lxml/lxml"
    }
  ],
  "affected": [
    {
      "package": {
        "name": "lxml",
        "ecosystem": "PyPI",
        "purl": "pkg:pypi/lxml"
      },
      "ranges": [
        {
          "type": "ECOSYSTEM",
          "events": [
            {
              "introduced": "0"
            },
            {
              "fixed": "4.6.5"
            }
          ]
        }
      ],
      "versions": [
        "0.9",
        "0.9.1",
        "0.9.2",
        "1.0",
        "1.0.1",
        "1.0.2",
        "1.0.3",
        "1.0.4",
        "1.0.beta",
        "1.1",
        "1.1.1",
        "1.1.2",
        "1.1alpha",
        "1.1beta",
        "1.2",
        "1.2.1",
        "1.3",
        "1.3.1",
        "1.3.2",
        "1.3.3",
        "1.3.4",
        "1.3.5",
        "1.3.6",
        "1.3beta",
        "2.0",
        "2.0.1",
        "2.0.10",
        "2.0.11",
        "2.0.2",
        "2.0.3",
        "2.0.4",
        "2.0.5",
        "2.0.6",
        "2.0.7",
        "2.0.8",
        "2.0.9",
        "2.0alpha1",
        "2.0alpha2",
        "2.0alpha3",
        "2.0alpha4",
        "2.0alpha5",
        "2.0alpha6",
        "2.0beta1",
        "2.0beta2",
        "2.1",
        "2.1.1",
        "2.1.2",
        "2.1.3",
        "2.1.4",
        "2.1.5",
        "2.1alpha1",
        "2.1beta1",
        "2.1beta2",
        "2.1beta3",
        "2.2",
        "2.2.1",
        "2.2.2",
        "2.2.3",
        "2.2.4",
        "2.2.5",
        "2.2.6",
        "2.2.7",
        "2.2.8",
        "2.2alpha1",
        "2.2beta1",
        "2.2beta2",
        "2.2beta3",
        "2.2beta4",
        "2.3",
        "2.3.1",
        "2.3.2",
        "2.3.3",
        "2.3.4",
        "2.3.5",
        "2.3.6",
        "2.3alpha1",
        "2.3alpha2",
        "2.3beta1",
        "3.0",
        "3.0.1",
        "3.0.2",
        "3.1.0",
        "3.1.1",
        "3.1.2",
        "3.1beta1",
        "3.2.0",
        "3.2.1",
        "3.2.2",
        "3.2.3",
        "3.2.4",
        "3.2.5",
        "3.3.0",
        "3.3.0beta1",
        "3.3.0beta2",
        "3.3.0beta3",
        "3.3.0beta4",
        "3.3.0beta5",
        "3.3.1",
        "3.3.2",
        "3.3.3",
        "3.3.4",
        "3.3.5",
        "3.3.6",
        "3.4.0",
        "3.4.1",
        "3.4.2",
        "3.4.3",
        "3.4.4",
        "3.5.0",
        "3.5.0b1",
        "3.6.0",
        "3.6.1",
        "3.6.2",
        "3.6.3",
        "3.6.4",
        "3.7.0",
        "3.7.1",
        "3.7.2",
        "3.7.3",
        "3.8.0",
        "4.0.0",
        "4.1.0",
        "4.1.1",
        "4.2.0",
        "4.2.1",
        "4.2.2",
        "4.2.3",
        "4.2.4",
        "4.2.5",
        "4.2.6",
        "4.3.0",
        "4.3.1",
        "4.3.2",
        "4.3.3",
        "4.3.4",
        "4.3.5",
        "4.4.0",
        "4.4.1",
        "4.4.2",
        "4.4.3",
        "4.5.0",
        "4.5.1",
        "4.5.2",
        "4.6.0",
        "4.6.1",
        "4.6.2",
        "4.6.3",
        "4.6.4"
      ],
      "database_specific": {
        "source": "https://github.com/github/advisory-database/blob/main/advisories/github-reviewed/2021/12/GHSA-55x5-fj6c-h6m8/GHSA-55x5-fj6c-h6m8.json"
      }
    }
  ],
  "schema_version": "1.2.0",
  "severity": [
    {
      "type": "CVSS_V3",
      "score": "CVSS:3.1/AV:N/AC:L/PR:N/UI:R/S:C/C:L/I:H/A:N"
    }
  ]
}