{
  "id": "GHSA-cqff-fx2x-p86v",
  "summary": "Improper Authentication",
  "details": "### Impact\nA maliciously crafted claim may be incorrectly authenticated by the bot. Impacts bots that are not configured to be used as a Skill. This vulnerability requires an attacker to have internal knowledge of the bot.\n\n### Patches\nThe problem has been patched in all affected versions. Please see the list of patched versions for the most appropiate one for your individual case.\n\n### Workarounds\nUsers who do not wish or are not able to upgrade can add an authentication configuration containing ClaimsValidator, which throws an exception if Claims are Skill Claims. \n\nFor detailed instructions, see the link in the References section.\n\n### For more information\nIf you have any questions or comments about this advisory:\n* Open an issue in [Microsoft Bot Builder SDK](https://github.com/microsoft/botframework-sdk)\n* Email us at [bf-reports@microsoft.com](mailto:bf-reports@microsoft.com)",
  "modified": "2022-03-03T05:13:20.070301Z",
  "published": "2021-03-08T15:50:10Z",
  "database_specific": {
    "cwe_ids": [
      "CWE-287"
    ],
    "severity": "HIGH",
    "github_reviewed": true
  },
  "references": [
    {
      "type": "WEB",
      "url": "https://github.com/microsoft/botbuilder-python/security/advisories/GHSA-cqff-fx2x-p86v"
    },
    {
      "type": "WEB",
      "url": "https://github.com/microsoft/botbuilder-python/blob/main/doc/SkillClaimsValidation.md"
    },
    {
      "type": "WEB",
      "url": "https://pypi.org/project/botframework-connector/"
    }
  ],
  "affected": [
    {
      "package": {
        "name": "botframework-connector",
        "ecosystem": "PyPI",
        "purl": "pkg:pypi/botframework-connector"
      },
      "ranges": [
        {
          "type": "ECOSYSTEM",
          "events": [
            {
              "introduced": "4.7.0"
            },
            {
              "fixed": "4.7.2"
            }
          ]
        }
      ],
      "versions": [
        "4.7.0",
        "4.7.1"
      ],
      "database_specific": {
        "source": "https://github.com/github/advisory-database/blob/main/advisories/github-reviewed/2021/03/GHSA-cqff-fx2x-p86v/GHSA-cqff-fx2x-p86v.json"
      }
    },
    {
      "package": {
        "name": "botframework-connector",
        "ecosystem": "PyPI",
        "purl": "pkg:pypi/botframework-connector"
      },
      "ranges": [
        {
          "type": "ECOSYSTEM",
          "events": [
            {
              "introduced": "4.8.0"
            },
            {
              "fixed": "4.8.1"
            }
          ]
        }
      ],
      "versions": [
        "4.8.0"
      ],
      "database_specific": {
        "source": "https://github.com/github/advisory-database/blob/main/advisories/github-reviewed/2021/03/GHSA-cqff-fx2x-p86v/GHSA-cqff-fx2x-p86v.json"
      }
    },
    {
      "package": {
        "name": "botframework-connector",
        "ecosystem": "PyPI",
        "purl": "pkg:pypi/botframework-connector"
      },
      "ranges": [
        {
          "type": "ECOSYSTEM",
          "events": [
            {
              "introduced": "4.9.0"
            },
            {
              "fixed": "4.9.3"
            }
          ]
        }
      ],
      "versions": [
        "4.9.0",
        "4.9.1",
        "4.9.2"
      ],
      "database_specific": {
        "source": "https://github.com/github/advisory-database/blob/main/advisories/github-reviewed/2021/03/GHSA-cqff-fx2x-p86v/GHSA-cqff-fx2x-p86v.json"
      }
    },
    {
      "package": {
        "name": "botframework-connector",
        "ecosystem": "PyPI",
        "purl": "pkg:pypi/botframework-connector"
      },
      "ranges": [
        {
          "type": "ECOSYSTEM",
          "events": [
            {
              "introduced": "4.10.0"
            },
            {
              "fixed": "4.10.1"
            }
          ]
        }
      ],
      "versions": [
        "4.10.0"
      ],
      "database_specific": {
        "source": "https://github.com/github/advisory-database/blob/main/advisories/github-reviewed/2021/03/GHSA-cqff-fx2x-p86v/GHSA-cqff-fx2x-p86v.json"
      }
    }
  ],
  "schema_version": "1.2.0"
}