{
  "id": "GHSA-f366-4rvv-95x2",
  "summary": "Buffer overflow in deprecated USB HALs and stack overflow in USB enumeration",
  "details": "### Impact\n1) If an application is making use of the deprecated kit protocol HALs as the communication channel to the target device an attacker can masquerade as a device and return malformed packets of arbitrary length which the protocol stack will write to the stack. HALs intended for production use are unaffected (I2C, SWI, & SPI) as well as the hidapi HAL (hal_all_platforms_kit_hidapi.c).\n\n2) The hidapi HAL can be made to overrun the application stack by attaching more than 10 (real or virtual) devices likely resulting in an application crash as this does not allow arbitrary data to be written to the stack.\n\n### Patches\nUSB kit enumeration has been patched in v3.2.3 for the hidapi HAL (hal_all_platforms_kit_hidapi.c).\n\n### Removal of deprecated HALs\nDeprecated usb kit HALs have been removed in v3.2.3.\n\n### Workarounds\nThis vulnerability is limited to users of the kit protocol which is used with Microchip kits and kit firmware to bridge communication from USB-HID to I2C or SWI. It is not expected that kits would be used in an production environment. This is an optional component for users as well so they can always compile the library without the usb support option.\n\n### Special python packaging notes\nThe python package for cryptoauthlib uses date codes for identifying versions. The patched version for python packages is 20200912\n\n### References\nPlease see [Microchip PSIRT](https://www.microchip.com/design-centers/embedded-security/how-to-report-potential-product-security-vulnerabilities) for Microchip's security policy and reporting procedures\n\n### Credits\nSpecial thanks to Ruben Santamarta of [IOActive](https://blogs.ioactive.com/) for reporting",
  "modified": "2022-03-03T05:13:41.634950Z",
  "published": "2020-10-02T16:33:19Z",
  "database_specific": {
    "github_reviewed": true,
    "severity": "LOW",
    "cwe_ids": [
      "CWE-120"
    ]
  },
  "references": [
    {
      "type": "WEB",
      "url": "https://github.com/MicrochipTech/cryptoauthlib/security/advisories/GHSA-f366-4rvv-95x2"
    },
    {
      "type": "PACKAGE",
      "url": "https://github.com/MicrochipTech/cryptoauthlib"
    }
  ],
  "affected": [
    {
      "package": {
        "name": "cryptoauthlib",
        "ecosystem": "PyPI",
        "purl": "pkg:pypi/cryptoauthlib"
      },
      "ranges": [
        {
          "type": "ECOSYSTEM",
          "events": [
            {
              "introduced": "0"
            },
            {
              "fixed": "20200912"
            }
          ]
        }
      ],
      "versions": [
        "20180718",
        "20180728",
        "20180817",
        "20181025",
        "20181026",
        "20181027",
        "20190104",
        "20190105",
        "20190125",
        "20190304",
        "20190517",
        "20190830",
        "20190831",
        "20190903",
        "20191122",
        "20200205",
        "20200208"
      ],
      "database_specific": {
        "source": "https://github.com/github/advisory-database/blob/main/advisories/github-reviewed/2020/10/GHSA-f366-4rvv-95x2/GHSA-f366-4rvv-95x2.json"
      }
    }
  ],
  "schema_version": "1.2.0"
}