{
  "id": "GHSA-cmwx-9m2h-x7v4",
  "summary": "Moderate severity vulnerability that affects ansible",
  "details": "A flaw was found in Ansible before version 2.2.0. The apt_key module does not properly verify key fingerprints, allowing remote adversary to create an OpenPGP key which matches the short key ID and inject this key instead of the correct key.",
  "aliases": [
    "CVE-2016-8614"
  ],
  "modified": "2022-03-03T05:13:11.646955Z",
  "published": "2018-10-10T17:23:26Z",
  "database_specific": {
    "cwe_ids": [
      "CWE-358"
    ],
    "severity": "HIGH",
    "github_reviewed": true
  },
  "references": [
    {
      "type": "ADVISORY",
      "url": "https://nvd.nist.gov/vuln/detail/CVE-2016-8614"
    },
    {
      "type": "ADVISORY",
      "url": "https://github.com/advisories/GHSA-cmwx-9m2h-x7v4"
    }
  ],
  "affected": [
    {
      "package": {
        "name": "ansible",
        "ecosystem": "PyPI",
        "purl": "pkg:pypi/ansible"
      },
      "ranges": [
        {
          "type": "ECOSYSTEM",
          "events": [
            {
              "introduced": "0"
            },
            {
              "fixed": "2.2.0"
            }
          ]
        }
      ],
      "versions": [
        "1.0",
        "1.1",
        "1.2",
        "1.2.1",
        "1.2.2",
        "1.2.3",
        "1.3.0",
        "1.3.1",
        "1.3.2",
        "1.3.3",
        "1.3.4",
        "1.4",
        "1.4.1",
        "1.4.2",
        "1.4.3",
        "1.4.4",
        "1.4.5",
        "1.5",
        "1.5.1",
        "1.5.2",
        "1.5.3",
        "1.5.4",
        "1.5.5",
        "1.6",
        "1.6.1",
        "1.6.10",
        "1.6.2",
        "1.6.3",
        "1.6.4",
        "1.6.5",
        "1.6.6",
        "1.6.7",
        "1.6.8",
        "1.6.9",
        "1.7",
        "1.7.1",
        "1.7.2",
        "1.8",
        "1.8.1",
        "1.8.2",
        "1.8.3",
        "1.8.4",
        "1.9.0",
        "1.9.0.1",
        "1.9.1",
        "1.9.2",
        "1.9.3",
        "1.9.4",
        "1.9.5",
        "1.9.6",
        "2.0.0",
        "2.0.0.0",
        "2.0.0.1",
        "2.0.0.2",
        "2.0.1.0",
        "2.0.2.0",
        "2.1.0.0",
        "2.1.1.0",
        "2.1.2.0",
        "2.1.3.0",
        "2.1.4.0",
        "2.1.5.0",
        "2.1.6.0"
      ],
      "database_specific": {
        "source": "https://github.com/github/advisory-database/blob/main/advisories/github-reviewed/2018/10/GHSA-cmwx-9m2h-x7v4/GHSA-cmwx-9m2h-x7v4.json"
      }
    }
  ],
  "schema_version": "1.2.0",
  "severity": [
    {
      "type": "CVSS_V3",
      "score": "CVSS:3.0/AV:N/AC:L/PR:N/UI:N/S:U/C:N/I:H/A:N"
    }
  ]
}