{
  "id": "GHSA-6mww-xvh7-fq4f",
  "summary": "Moderate severity vulnerability that affects koji",
  "details": "Koji version 1.12, 1.13, 1.14 and 1.15 contain an incorrect access control vulnerability resulting in arbitrary filesystem read/write access. This vulnerability has been fixed in versions 1.12.1, 1.13.1, 1.14.1 and 1.15.1.",
  "aliases": [
    "CVE-2018-1002150"
  ],
  "modified": "2022-03-03T05:13:24.508918Z",
  "published": "2018-07-12T20:29:40Z",
  "database_specific": {
    "cwe_ids": [
      "CWE-732"
    ],
    "github_reviewed": true,
    "severity": "CRITICAL"
  },
  "references": [
    {
      "type": "ADVISORY",
      "url": "https://nvd.nist.gov/vuln/detail/CVE-2018-1002150"
    },
    {
      "type": "WEB",
      "url": "https://docs.pagure.org/koji/CVE-2018-1002150/"
    },
    {
      "type": "ADVISORY",
      "url": "https://github.com/advisories/GHSA-6mww-xvh7-fq4f"
    },
    {
      "type": "WEB",
      "url": "https://pagure.io/koji/issue/850"
    }
  ],
  "affected": [
    {
      "package": {
        "name": "koji",
        "ecosystem": "PyPI",
        "purl": "pkg:pypi/koji"
      },
      "ranges": [
        {
          "type": "ECOSYSTEM",
          "events": [
            {
              "introduced": "1.15"
            },
            {
              "fixed": "1.15.1"
            }
          ]
        }
      ],
      "versions": [
        "1.15",
        "1.15.0"
      ],
      "database_specific": {
        "source": "https://github.com/github/advisory-database/blob/main/advisories/github-reviewed/2018/07/GHSA-6mww-xvh7-fq4f/GHSA-6mww-xvh7-fq4f.json"
      }
    },
    {
      "package": {
        "name": "koji",
        "ecosystem": "PyPI",
        "purl": "pkg:pypi/koji"
      },
      "ranges": [
        {
          "type": "ECOSYSTEM",
          "events": [
            {
              "introduced": "1.14"
            },
            {
              "fixed": "1.14.1"
            }
          ]
        }
      ],
      "versions": [
        "1.14"
      ],
      "database_specific": {
        "source": "https://github.com/github/advisory-database/blob/main/advisories/github-reviewed/2018/07/GHSA-6mww-xvh7-fq4f/GHSA-6mww-xvh7-fq4f.json"
      }
    },
    {
      "package": {
        "name": "koji",
        "ecosystem": "PyPI",
        "purl": "pkg:pypi/koji"
      },
      "ranges": [
        {
          "type": "ECOSYSTEM",
          "events": [
            {
              "introduced": "1.13"
            },
            {
              "fixed": "1.13.1"
            }
          ]
        }
      ],
      "versions": [
        "1.13"
      ],
      "database_specific": {
        "source": "https://github.com/github/advisory-database/blob/main/advisories/github-reviewed/2018/07/GHSA-6mww-xvh7-fq4f/GHSA-6mww-xvh7-fq4f.json"
      }
    },
    {
      "package": {
        "name": "koji",
        "ecosystem": "PyPI",
        "purl": "pkg:pypi/koji"
      },
      "ranges": [
        {
          "type": "ECOSYSTEM",
          "events": [
            {
              "introduced": "1.12"
            },
            {
              "fixed": "1.12.1"
            }
          ]
        }
      ],
      "versions": [
        "1.12"
      ],
      "database_specific": {
        "source": "https://github.com/github/advisory-database/blob/main/advisories/github-reviewed/2018/07/GHSA-6mww-xvh7-fq4f/GHSA-6mww-xvh7-fq4f.json"
      }
    }
  ],
  "schema_version": "1.2.0",
  "severity": [
    {
      "type": "CVSS_V3",
      "score": "CVSS:3.0/AV:N/AC:L/PR:N/UI:N/S:U/C:H/I:H/A:N"
    }
  ]
}