{
  "id": "GHSA-5wv5-4vpf-pj6m",
  "summary": "Unexpected memory usage in Pallets Project Flask",
  "details": "The Pallets Project Flask before 1.0 is affected by unexpected memory usage. The impact is denial of service. The attack vector is crafted encoded JSON data. The fixed version is 1. NOTE this may overlap CVE-2018-1000656.",
  "aliases": [
    "CVE-2019-1010083"
  ],
  "modified": "2022-03-03T05:14:18.976195Z",
  "published": "2019-07-19T16:12:46Z",
  "database_specific": {
    "cwe_ids": [
      "CWE-400"
    ],
    "github_reviewed": true,
    "severity": "HIGH"
  },
  "references": [
    {
      "type": "ADVISORY",
      "url": "https://nvd.nist.gov/vuln/detail/CVE-2019-1010083"
    },
    {
      "type": "WEB",
      "url": "https://www.palletsprojects.com/blog/flask-1-0-released/"
    }
  ],
  "affected": [
    {
      "package": {
        "name": "flask",
        "ecosystem": "PyPI",
        "purl": "pkg:pypi/flask"
      },
      "ranges": [
        {
          "type": "ECOSYSTEM",
          "events": [
            {
              "introduced": "0"
            },
            {
              "fixed": "1.0.0"
            }
          ]
        }
      ],
      "versions": [
        "0.1",
        "0.10",
        "0.10.1",
        "0.11",
        "0.11.1",
        "0.12",
        "0.12.1",
        "0.12.2",
        "0.12.3",
        "0.12.4",
        "0.12.5",
        "0.2",
        "0.3",
        "0.3.1",
        "0.4",
        "0.5",
        "0.5.1",
        "0.5.2",
        "0.6",
        "0.6.1",
        "0.7",
        "0.7.1",
        "0.7.2",
        "0.8",
        "0.8.1",
        "0.9"
      ],
      "database_specific": {
        "source": "https://github.com/github/advisory-database/blob/main/advisories/github-reviewed/2019/07/GHSA-5wv5-4vpf-pj6m/GHSA-5wv5-4vpf-pj6m.json"
      }
    }
  ],
  "schema_version": "1.2.0",
  "severity": [
    {
      "type": "CVSS_V3",
      "score": "CVSS:3.0/AV:N/AC:L/PR:N/UI:N/S:U/C:N/I:N/A:H"
    }
  ]
}