{
  "id": "GHSA-756h-r2c9-qp5j",
  "summary": "An authenticated user can execute arbitrary command in Gerapy",
  "details": "### Impact\n\nAn authenticated user can execute arbitrary command, see more in https://github.com/Gerapy/Gerapy/issues/211.\n\n### Patches\n\nFixed in 0.9.9",
  "aliases": [
    "CVE-2021-32849"
  ],
  "modified": "2022-03-03T05:13:27.640062Z",
  "published": "2022-01-06T23:48:50Z",
  "database_specific": {
    "github_reviewed": true,
    "cwe_ids": [
      "CWE-77",
      "CWE-78"
    ],
    "severity": "HIGH"
  },
  "references": [
    {
      "type": "WEB",
      "url": "https://github.com/Gerapy/Gerapy/security/advisories/GHSA-756h-r2c9-qp5j"
    },
    {
      "type": "ADVISORY",
      "url": "https://nvd.nist.gov/vuln/detail/CVE-2021-32849"
    },
    {
      "type": "WEB",
      "url": "https://github.com/Gerapy/Gerapy/issues/197"
    },
    {
      "type": "WEB",
      "url": "https://github.com/Gerapy/Gerapy/issues/217"
    },
    {
      "type": "WEB",
      "url": "https://lgtm.com/projects/g/Gerapy/Gerapy?mode=tree&ruleFocus=1505994646253"
    },
    {
      "type": "ADVISORY",
      "url": "https://securitylab.github.com/advisories/GHSL-2021-076-gerapy/"
    },
    {
      "type": "PACKAGE",
      "url": "https://github.com/Gerapy/Gerapy/"
    }
  ],
  "affected": [
    {
      "package": {
        "name": "gerapy",
        "ecosystem": "PyPI",
        "purl": "pkg:pypi/gerapy"
      },
      "ranges": [
        {
          "type": "ECOSYSTEM",
          "events": [
            {
              "introduced": "0"
            },
            {
              "fixed": "0.9.9"
            }
          ]
        }
      ],
      "versions": [
        "0.6.6",
        "0.6.7",
        "0.6.8",
        "0.6.9",
        "0.7.0",
        "0.7.1",
        "0.7.2",
        "0.7.3",
        "0.7.6",
        "0.7.7",
        "0.7.8",
        "0.7.9",
        "0.8.0",
        "0.8.1",
        "0.8.2",
        "0.8.3",
        "0.8.4rc2",
        "0.8.5",
        "0.8.5rc2",
        "0.8.6",
        "0.8.6a0",
        "0.8.6b0",
        "0.8.6b1",
        "0.8.6rc1",
        "0.8.6rc2",
        "0.8.7",
        "0.8.8",
        "0.9.0",
        "0.9.1",
        "0.9.2",
        "0.9.2a0",
        "0.9.2rc1",
        "0.9.3",
        "0.9.3a1",
        "0.9.3a2",
        "0.9.3b1",
        "0.9.5",
        "0.9.6",
        "0.9.6a1",
        "0.9.7",
        "0.9.8"
      ],
      "database_specific": {
        "source": "https://github.com/github/advisory-database/blob/main/advisories/github-reviewed/2022/01/GHSA-756h-r2c9-qp5j/GHSA-756h-r2c9-qp5j.json"
      }
    }
  ],
  "schema_version": "1.2.0",
  "severity": [
    {
      "type": "CVSS_V3",
      "score": "CVSS:3.1/AV:N/AC:L/PR:L/UI:N/S:U/C:H/I:H/A:H"
    }
  ]
}