{
  "id": "GHSA-27p5-7cw6-m45h",
  "summary": "Server-Side Request Forgery in unoconv",
  "details": "The unoconv package before 0.9 mishandles untrusted pathnames, leading to SSRF and local file inclusion.",
  "aliases": [
    "CVE-2019-17400"
  ],
  "modified": "2022-03-03T05:14:15.988097Z",
  "published": "2019-10-24T20:46:54Z",
  "database_specific": {
    "cwe_ids": [
      "CWE-918"
    ],
    "github_reviewed": true,
    "severity": "HIGH"
  },
  "references": [
    {
      "type": "ADVISORY",
      "url": "https://nvd.nist.gov/vuln/detail/CVE-2019-17400"
    },
    {
      "type": "WEB",
      "url": "https://github.com/unoconv/unoconv/pull/510"
    },
    {
      "type": "WEB",
      "url": "https://buer.haus/2019/10/18/a-tale-of-exploitation-in-spreadsheet-file-conversions/"
    }
  ],
  "affected": [
    {
      "package": {
        "name": "unoconv",
        "ecosystem": "PyPI",
        "purl": "pkg:pypi/unoconv"
      },
      "ranges": [
        {
          "type": "ECOSYSTEM",
          "events": [
            {
              "introduced": "0"
            },
            {
              "fixed": "0.9.0"
            }
          ]
        }
      ],
      "versions": [
        "0.6",
        "0.8.2"
      ],
      "database_specific": {
        "source": "https://github.com/github/advisory-database/blob/main/advisories/github-reviewed/2019/10/GHSA-27p5-7cw6-m45h/GHSA-27p5-7cw6-m45h.json"
      }
    }
  ],
  "schema_version": "1.2.0",
  "severity": [
    {
      "type": "CVSS_V3",
      "score": "CVSS:3.1/AV:N/AC:L/PR:N/UI:N/S:U/C:H/I:N/A:N"
    }
  ]
}