{
  "id": "GHSA-8c5j-9r9f-c6w8",
  "summary": "Information disclosure in Django",
  "details": "An issue was discovered in Django 2.2 before 2.2.26, 3.2 before 3.2.11, and 4.0 before 4.0.1. Due to leveraging the Django Template Language's variable resolution logic, the dictsort template filter was potentially vulnerable to information disclosure, or an unintended method call, if passed a suitably crafted key.",
  "aliases": [
    "CVE-2021-45116"
  ],
  "modified": "2022-03-03T05:13:50.494336Z",
  "published": "2022-01-12T19:21:10Z",
  "database_specific": {
    "cwe_ids": [
      "CWE-668"
    ],
    "severity": "HIGH",
    "github_reviewed": true
  },
  "references": [
    {
      "type": "ADVISORY",
      "url": "https://nvd.nist.gov/vuln/detail/CVE-2021-45116"
    },
    {
      "type": "WEB",
      "url": "https://docs.djangoproject.com/en/4.0/releases/security/"
    },
    {
      "type": "WEB",
      "url": "https://groups.google.com/forum/#!forum/django-announce"
    },
    {
      "type": "WEB",
      "url": "https://lists.fedoraproject.org/archives/list/package-announce@lists.fedoraproject.org/message/B4SQG2EAF4WCI2SLRL6XRDJ3RPK3ZRDV/"
    },
    {
      "type": "WEB",
      "url": "https://security.netapp.com/advisory/ntap-20220121-0005/"
    },
    {
      "type": "WEB",
      "url": "https://www.djangoproject.com/weblog/2022/jan/04/security-releases/"
    },
    {
      "type": "PACKAGE",
      "url": "https://github.com/django/django"
    }
  ],
  "affected": [
    {
      "package": {
        "name": "Django",
        "ecosystem": "PyPI",
        "purl": "pkg:pypi/Django"
      },
      "ranges": [
        {
          "type": "ECOSYSTEM",
          "events": [
            {
              "introduced": "2.2.0"
            },
            {
              "fixed": "2.2.26"
            }
          ]
        }
      ],
      "versions": [
        "2.2",
        "2.2.1",
        "2.2.10",
        "2.2.11",
        "2.2.12",
        "2.2.13",
        "2.2.14",
        "2.2.15",
        "2.2.16",
        "2.2.17",
        "2.2.18",
        "2.2.19",
        "2.2.2",
        "2.2.20",
        "2.2.21",
        "2.2.22",
        "2.2.23",
        "2.2.24",
        "2.2.25",
        "2.2.3",
        "2.2.4",
        "2.2.5",
        "2.2.6",
        "2.2.7",
        "2.2.8",
        "2.2.9"
      ],
      "database_specific": {
        "source": "https://github.com/github/advisory-database/blob/main/advisories/github-reviewed/2022/01/GHSA-8c5j-9r9f-c6w8/GHSA-8c5j-9r9f-c6w8.json"
      }
    },
    {
      "package": {
        "name": "Django",
        "ecosystem": "PyPI",
        "purl": "pkg:pypi/Django"
      },
      "ranges": [
        {
          "type": "ECOSYSTEM",
          "events": [
            {
              "introduced": "3.2.0"
            },
            {
              "fixed": "3.2.11"
            }
          ]
        }
      ],
      "versions": [
        "3.2",
        "3.2.1",
        "3.2.10",
        "3.2.2",
        "3.2.3",
        "3.2.4",
        "3.2.5",
        "3.2.6",
        "3.2.7",
        "3.2.8",
        "3.2.9"
      ],
      "database_specific": {
        "source": "https://github.com/github/advisory-database/blob/main/advisories/github-reviewed/2022/01/GHSA-8c5j-9r9f-c6w8/GHSA-8c5j-9r9f-c6w8.json"
      }
    },
    {
      "package": {
        "name": "Django",
        "ecosystem": "PyPI",
        "purl": "pkg:pypi/Django"
      },
      "ranges": [
        {
          "type": "ECOSYSTEM",
          "events": [
            {
              "introduced": "4.0.0"
            },
            {
              "fixed": "4.0.1"
            }
          ]
        }
      ],
      "versions": [
        "4.0"
      ],
      "database_specific": {
        "source": "https://github.com/github/advisory-database/blob/main/advisories/github-reviewed/2022/01/GHSA-8c5j-9r9f-c6w8/GHSA-8c5j-9r9f-c6w8.json"
      }
    }
  ],
  "schema_version": "1.2.0",
  "severity": [
    {
      "type": "CVSS_V3",
      "score": "CVSS:3.1/AV:N/AC:L/PR:N/UI:N/S:U/C:H/I:N/A:N"
    }
  ]
}