{
  "id": "GHSA-87cj-px37-rc3x",
  "summary": "OS Command Injection in bikeshed",
  "details": "This affects the package bikeshed before 3.0.0. This can occur when an untrusted source file containing Inline Tag Command metadata is processed. When an arbitrary OS command is executed, the command output would be included in the HTML output.",
  "aliases": [
    "CVE-2021-23422"
  ],
  "modified": "2022-03-03T05:13:48.495615Z",
  "published": "2021-08-30T16:25:35Z",
  "database_specific": {
    "severity": "HIGH",
    "github_reviewed": true,
    "cwe_ids": [
      "CWE-78"
    ]
  },
  "references": [
    {
      "type": "ADVISORY",
      "url": "https://nvd.nist.gov/vuln/detail/CVE-2021-23422"
    },
    {
      "type": "WEB",
      "url": "https://github.com/tabatkins/bikeshed/commit/b2f668fca204260b1cad28d5078e93471cb6b2dd"
    },
    {
      "type": "WEB",
      "url": "https://snyk.io/vuln/SNYK-PYTHON-BIKESHED-1537646"
    },
    {
      "type": "PACKAGE",
      "url": "https://github.com/tabatkins/bikeshed"
    }
  ],
  "affected": [
    {
      "package": {
        "name": "bikeshed",
        "ecosystem": "PyPI",
        "purl": "pkg:pypi/bikeshed"
      },
      "ranges": [
        {
          "type": "ECOSYSTEM",
          "events": [
            {
              "introduced": "0"
            },
            {
              "fixed": "3.0.0"
            }
          ]
        }
      ],
      "versions": [
        "1.0.0",
        "1.0.1",
        "1.0.10",
        "1.0.2",
        "1.0.3",
        "1.0.4",
        "1.0.5",
        "1.0.6",
        "1.0.7",
        "1.0.8",
        "1.0.9",
        "1.1.0",
        "1.2.0",
        "1.2.1",
        "1.2.2",
        "1.3.0",
        "1.4.0",
        "1.4.1",
        "1.4.2",
        "1.4.3",
        "1.4.4",
        "1.5.0",
        "1.5.1",
        "1.5.2",
        "1.5.3",
        "1.6.0",
        "1.6.1",
        "1.6.2",
        "1.6.3",
        "1.7.0",
        "2.0.0",
        "2.1.0",
        "2.2.0",
        "2.2.1",
        "2.2.2",
        "2.2.3",
        "2.3.0",
        "2.3.1",
        "2.4.0",
        "2.4.1",
        "2.4.2",
        "2.4.3",
        "2.4.4",
        "2.4.5",
        "2.4.6",
        "2.4.7"
      ],
      "database_specific": {
        "source": "https://github.com/github/advisory-database/blob/main/advisories/github-reviewed/2021/08/GHSA-87cj-px37-rc3x/GHSA-87cj-px37-rc3x.json"
      }
    }
  ],
  "schema_version": "1.2.0",
  "severity": [
    {
      "type": "CVSS_V3",
      "score": "CVSS:3.1/AV:L/AC:L/PR:N/UI:R/S:U/C:H/I:H/A:H"
    }
  ]
}