{
  "id": "GHSA-6mx3-3vqg-hpp2",
  "summary": "High severity vulnerability that affects django",
  "details": "An issue was discovered in Django 2.1 before 2.1.2, in which unprivileged users can read the password hashes of arbitrary accounts. The read-only password widget used by the Django Admin to display an obfuscated password hash was bypassed if a user has only the \"view\" permission (new in Django 2.1), resulting in display of the entire password hash to those users. This may result in a vulnerability for sites with legacy user accounts using insecure hashes.",
  "aliases": [
    "CVE-2018-16984"
  ],
  "modified": "2022-03-03T05:14:19.047964Z",
  "published": "2018-10-03T20:07:39Z",
  "database_specific": {
    "cwe_ids": [
      "CWE-522"
    ],
    "severity": "MODERATE",
    "github_reviewed": true
  },
  "references": [
    {
      "type": "ADVISORY",
      "url": "https://nvd.nist.gov/vuln/detail/CVE-2018-16984"
    },
    {
      "type": "ADVISORY",
      "url": "https://github.com/advisories/GHSA-6mx3-3vqg-hpp2"
    },
    {
      "type": "WEB",
      "url": "https://security.netapp.com/advisory/ntap-20190502-0009/"
    },
    {
      "type": "WEB",
      "url": "https://www.djangoproject.com/weblog/2018/oct/01/security-release/"
    },
    {
      "type": "WEB",
      "url": "http://www.securitytracker.com/id/1041749"
    }
  ],
  "affected": [
    {
      "package": {
        "name": "django",
        "ecosystem": "PyPI",
        "purl": "pkg:pypi/django"
      },
      "ranges": [
        {
          "type": "ECOSYSTEM",
          "events": [
            {
              "introduced": "2.1"
            },
            {
              "fixed": "2.1.2"
            }
          ]
        }
      ],
      "versions": [
        "2.1",
        "2.1.1"
      ],
      "database_specific": {
        "source": "https://github.com/github/advisory-database/blob/main/advisories/github-reviewed/2018/10/GHSA-6mx3-3vqg-hpp2/GHSA-6mx3-3vqg-hpp2.json"
      }
    }
  ],
  "schema_version": "1.2.0",
  "severity": [
    {
      "type": "CVSS_V3",
      "score": "CVSS:3.0/AV:N/AC:L/PR:H/UI:N/S:U/C:H/I:N/A:N"
    }
  ]
}