{
  "id": "GHSA-22gh-3r9q-xf38",
  "summary": "Lacking Protection against HTTP Request Smuggling in mitmproxy",
  "details": "### Impact\n\nIn mitmproxy 7.0.2 and below, a malicious client or server is able to perform [HTTP request smuggling](https://en.wikipedia.org/wiki/HTTP_request_smuggling) attacks through mitmproxy. This means that a malicious client/server could smuggle a request/response through mitmproxy as part of another request/response's HTTP message body. While mitmproxy would only see one request, the target server would see multiple requests. A smuggled request is still captured as part of another request's body, but it does not appear in the request list and does not go through the usual mitmproxy event hooks, where users may have implemented custom access control checks or input sanitization.\n\nUnless you use mitmproxy to protect an HTTP/1 service, no action is required.\n\n\n### Patches\n\nThe vulnerability has been fixed in mitmproxy 7.0.3 and above.\n\n\n### Acknowledgements\n\nWe thank Jo\u00e3o Sobral (@chinchila) for responsibly disclosing this vulnerability to the mitmproxy team.\n\n\n### Timeline\n\n- **2021-09-08**: Received initial report for mitmproxy <= 6.0.2.\n- **2021-09-08**: Requested clarification if 7.x is affected.\n- **2021-09-10**: Received additional details, 7.x situation still unclear.\n- **2021-09-13**: Internally determined that 7.x is also affected.\n- **2021-09-13**: Shared initial fix with researcher.\n- **2021-09-14**: Received confirmation that fix is working, but H2.TE/H2.CL should also be looked at.\n- **2021-09-14**: Shared revised fix that includes additional H2.TE mitigations.\n- **2021-09-14**: Received confirmation that revised fix is working.\n- **2021-09-16**: Completed internal patch review.\n- **2021-09-16**: Published patch release and advisory.",
  "aliases": [
    "CVE-2021-39214"
  ],
  "modified": "2022-03-03T05:13:51.641837Z",
  "published": "2021-09-20T19:53:30Z",
  "database_specific": {
    "github_reviewed": true,
    "cwe_ids": [
      "CWE-444"
    ],
    "severity": "HIGH"
  },
  "references": [
    {
      "type": "WEB",
      "url": "https://github.com/mitmproxy/mitmproxy/security/advisories/GHSA-22gh-3r9q-xf38"
    },
    {
      "type": "ADVISORY",
      "url": "https://nvd.nist.gov/vuln/detail/CVE-2021-39214"
    },
    {
      "type": "PACKAGE",
      "url": "https://github.com/mitmproxy/mitmproxy"
    }
  ],
  "affected": [
    {
      "package": {
        "name": "mitmproxy",
        "ecosystem": "PyPI",
        "purl": "pkg:pypi/mitmproxy"
      },
      "ranges": [
        {
          "type": "ECOSYSTEM",
          "events": [
            {
              "introduced": "0"
            },
            {
              "fixed": "7.0.3"
            }
          ]
        }
      ],
      "versions": [
        "0.10",
        "0.10.1",
        "0.11",
        "0.11.1",
        "0.11.2",
        "0.11.3",
        "0.12.0",
        "0.12.1",
        "0.13",
        "0.14.0",
        "0.15",
        "0.16",
        "0.17",
        "0.18.1",
        "0.18.2",
        "0.18.3",
        "0.8",
        "0.8.1",
        "0.9",
        "0.9.1",
        "0.9.2",
        "1.0.0",
        "1.0.1",
        "1.0.2",
        "2.0.0",
        "2.0.1",
        "2.0.2",
        "3.0.0",
        "3.0.1",
        "3.0.2",
        "3.0.3",
        "3.0.4",
        "4.0.0",
        "4.0.1",
        "4.0.3",
        "4.0.4",
        "5.0.0",
        "5.0.1",
        "5.1.0",
        "5.1.1",
        "5.2",
        "5.3.0",
        "6.0.0",
        "6.0.1",
        "6.0.2",
        "7.0.0",
        "7.0.1",
        "7.0.2"
      ],
      "database_specific": {
        "source": "https://github.com/github/advisory-database/blob/main/advisories/github-reviewed/2021/09/GHSA-22gh-3r9q-xf38/GHSA-22gh-3r9q-xf38.json"
      }
    }
  ],
  "schema_version": "1.2.0",
  "severity": [
    {
      "type": "CVSS_V3",
      "score": "CVSS:3.1/AV:N/AC:H/PR:N/UI:N/S:U/C:H/I:H/A:H"
    }
  ]
}