{
  "id": "GHSA-8867-vpm3-g98g",
  "summary": "Incorrect Default Permissions in keyring",
  "details": "Python keyring has insecure permissions on new databases allowing world-readable files to be created",
  "aliases": [
    "CVE-2012-5578"
  ],
  "modified": "2022-03-03T05:13:23.014959Z",
  "published": "2020-03-10T20:56:41Z",
  "database_specific": {
    "severity": "MODERATE",
    "cwe_ids": [
      "CWE-276"
    ],
    "github_reviewed": true
  },
  "references": [
    {
      "type": "ADVISORY",
      "url": "https://nvd.nist.gov/vuln/detail/CVE-2012-5578"
    },
    {
      "type": "WEB",
      "url": "https://access.redhat.com/security/cve/cve-2012-5578"
    },
    {
      "type": "WEB",
      "url": "https://bugs.launchpad.net/ubuntu/+source/python-keyring/+bug/1031465"
    },
    {
      "type": "WEB",
      "url": "https://bugzilla.redhat.com/show_bug.cgi?id=CVE-2012-5578"
    },
    {
      "type": "WEB",
      "url": "https://bugzilla.suse.com/show_bug.cgi?id=CVE-2012-5578"
    },
    {
      "type": "WEB",
      "url": "https://github.com/jaraco/keyring/blob/master/CHANGES.rst#010"
    },
    {
      "type": "WEB",
      "url": "https://security-tracker.debian.org/tracker/CVE-2012-5578"
    },
    {
      "type": "WEB",
      "url": "http://www.openwall.com/lists/oss-security/2012/11/27/4"
    }
  ],
  "affected": [
    {
      "package": {
        "name": "keyring",
        "ecosystem": "PyPI",
        "purl": "pkg:pypi/keyring"
      },
      "ranges": [
        {
          "type": "ECOSYSTEM",
          "events": [
            {
              "introduced": "0"
            },
            {
              "fixed": "0.10"
            }
          ]
        }
      ],
      "versions": [
        "0.1",
        "0.2",
        "0.3",
        "0.4",
        "0.5",
        "0.5.1",
        "0.6.2",
        "0.7",
        "0.7.1",
        "0.8",
        "0.8.1",
        "0.9",
        "0.9.1",
        "0.9.2",
        "0.9.3"
      ],
      "database_specific": {
        "source": "https://github.com/github/advisory-database/blob/main/advisories/github-reviewed/2020/03/GHSA-8867-vpm3-g98g/GHSA-8867-vpm3-g98g.json"
      }
    }
  ],
  "schema_version": "1.2.0",
  "severity": [
    {
      "type": "CVSS_V3",
      "score": "CVSS:3.1/AV:L/AC:L/PR:N/UI:N/S:U/C:H/I:N/A:N"
    }
  ]
}