{
  "id": "GHSA-9g8h-pjm4-q92p",
  "summary": "Out-of-bounds Write in OpenCV.",
  "details": "In OpenCV 3.3.1 (corresponding with OpenCV-Python 3.3.1.11), a heap-based buffer overflow happens in cv::Jpeg2KDecoder::readComponent8u in modules/imgcodecs/src/grfmt_jpeg2000.cpp when parsing a crafted image file.",
  "aliases": [
    "CVE-2018-5268"
  ],
  "modified": "2022-03-03T05:13:11.150261Z",
  "published": "2021-10-12T22:23:41Z",
  "database_specific": {
    "severity": "MODERATE",
    "github_reviewed": true,
    "cwe_ids": [
      "CWE-787"
    ]
  },
  "references": [
    {
      "type": "ADVISORY",
      "url": "https://nvd.nist.gov/vuln/detail/CVE-2018-5268"
    },
    {
      "type": "WEB",
      "url": "https://github.com/opencv/opencv/issues/10541"
    },
    {
      "type": "WEB",
      "url": "https://github.com/opencv/opencv/pull/10566/commits/435a3e337bd9d4e11af61cf8b8afca067bf1a8aa"
    },
    {
      "type": "WEB",
      "url": "https://lists.debian.org/debian-lts-announce/2018/04/msg00019.html"
    },
    {
      "type": "WEB",
      "url": "https://lists.debian.org/debian-lts-announce/2018/07/msg00030.html"
    },
    {
      "type": "WEB",
      "url": "https://lists.debian.org/debian-lts-announce/2021/10/msg00028.html"
    },
    {
      "type": "WEB",
      "url": "http://www.securityfocus.com/bid/106945"
    },
    {
      "type": "PACKAGE",
      "url": "https://github.com/opencv/opencv-python"
    }
  ],
  "affected": [
    {
      "package": {
        "name": "opencv-python",
        "ecosystem": "PyPI",
        "purl": "pkg:pypi/opencv-python"
      },
      "ranges": [
        {
          "type": "ECOSYSTEM",
          "events": [
            {
              "introduced": "0"
            },
            {
              "fixed": "3.4.1.15"
            }
          ]
        }
      ],
      "versions": [
        "3.1.0",
        "3.1.0.0",
        "3.1.0.1",
        "3.1.0.2",
        "3.1.0.3",
        "3.1.0.4",
        "3.1.0.5",
        "3.2.0.6",
        "3.2.0.7",
        "3.2.0.8",
        "3.3.0.10",
        "3.3.0.9",
        "3.3.1.11",
        "3.4.0.12",
        "3.4.0.14"
      ],
      "database_specific": {
        "last_known_affected_version_range": "<= 3.3.1.11",
        "source": "https://github.com/github/advisory-database/blob/main/advisories/github-reviewed/2021/10/GHSA-9g8h-pjm4-q92p/GHSA-9g8h-pjm4-q92p.json"
      }
    },
    {
      "package": {
        "name": "opencv-contrib-python",
        "ecosystem": "PyPI",
        "purl": "pkg:pypi/opencv-contrib-python"
      },
      "ranges": [
        {
          "type": "ECOSYSTEM",
          "events": [
            {
              "introduced": "0"
            },
            {
              "fixed": "3.4.1.15"
            }
          ]
        }
      ],
      "versions": [
        "3.1.0.0",
        "3.2.0.7",
        "3.2.0.8",
        "3.3.0.10",
        "3.3.0.9",
        "3.3.1.11",
        "3.4.0.12",
        "3.4.0.14"
      ],
      "database_specific": {
        "last_known_affected_version_range": "<= 3.3.1.11",
        "source": "https://github.com/github/advisory-database/blob/main/advisories/github-reviewed/2021/10/GHSA-9g8h-pjm4-q92p/GHSA-9g8h-pjm4-q92p.json"
      }
    }
  ],
  "schema_version": "1.2.0",
  "severity": [
    {
      "type": "CVSS_V3",
      "score": "CVSS:3.0/AV:L/AC:L/PR:N/UI:R/S:U/C:N/I:N/A:H"
    }
  ]
}