{
  "id": "GHSA-9r8w-6x8c-6jr9",
  "summary": "Moderate severity vulnerability that affects django",
  "details": "In Django 1.10.x before 1.10.8 and 1.11.x before 1.11.5, HTML autoescaping was disabled in a portion of the template for the technical 500 debug page. Given the right circumstances, this allowed a cross-site scripting attack. This vulnerability shouldn't affect most production sites since you shouldn't run with \"DEBUG = True\" (which makes this page accessible) in your production settings.",
  "aliases": [
    "CVE-2017-12794"
  ],
  "modified": "2022-03-03T05:13:06.436830Z",
  "published": "2019-01-04T17:50:34Z",
  "database_specific": {
    "cwe_ids": [
      "CWE-79"
    ],
    "github_reviewed": true,
    "severity": "MODERATE"
  },
  "references": [
    {
      "type": "ADVISORY",
      "url": "https://nvd.nist.gov/vuln/detail/CVE-2017-12794"
    },
    {
      "type": "ADVISORY",
      "url": "https://github.com/advisories/GHSA-9r8w-6x8c-6jr9"
    },
    {
      "type": "WEB",
      "url": "https://usn.ubuntu.com/3559-1/"
    },
    {
      "type": "WEB",
      "url": "https://www.djangoproject.com/weblog/2017/sep/05/security-releases/"
    },
    {
      "type": "WEB",
      "url": "http://www.securityfocus.com/bid/100643"
    },
    {
      "type": "WEB",
      "url": "http://www.securitytracker.com/id/1039264"
    }
  ],
  "affected": [
    {
      "package": {
        "name": "django",
        "ecosystem": "PyPI",
        "purl": "pkg:pypi/django"
      },
      "ranges": [
        {
          "type": "ECOSYSTEM",
          "events": [
            {
              "introduced": "1.10.0"
            },
            {
              "fixed": "1.10.8"
            }
          ]
        }
      ],
      "versions": [
        "1.10",
        "1.10.1",
        "1.10.2",
        "1.10.3",
        "1.10.4",
        "1.10.5",
        "1.10.6",
        "1.10.7"
      ],
      "database_specific": {
        "source": "https://github.com/github/advisory-database/blob/main/advisories/github-reviewed/2019/01/GHSA-9r8w-6x8c-6jr9/GHSA-9r8w-6x8c-6jr9.json"
      }
    },
    {
      "package": {
        "name": "django",
        "ecosystem": "PyPI",
        "purl": "pkg:pypi/django"
      },
      "ranges": [
        {
          "type": "ECOSYSTEM",
          "events": [
            {
              "introduced": "1.11.0"
            },
            {
              "fixed": "1.11.5"
            }
          ]
        }
      ],
      "versions": [
        "1.11",
        "1.11.1",
        "1.11.2",
        "1.11.3",
        "1.11.4"
      ],
      "database_specific": {
        "source": "https://github.com/github/advisory-database/blob/main/advisories/github-reviewed/2019/01/GHSA-9r8w-6x8c-6jr9/GHSA-9r8w-6x8c-6jr9.json"
      }
    }
  ],
  "schema_version": "1.2.0",
  "severity": [
    {
      "type": "CVSS_V3",
      "score": "CVSS:3.0/AV:N/AC:L/PR:N/UI:R/S:C/C:L/I:L/A:N"
    }
  ]
}