{
  "id": "GHSA-cq27-v7xp-c356",
  "summary": "Moderate severity vulnerability that affects pycrypto",
  "details": "Heap-based buffer overflow in the ALGnew function in block_templace.c in Python Cryptography Toolkit (aka pycrypto) allows remote attackers to execute arbitrary code as demonstrated by a crafted iv parameter to cryptmsg.py.",
  "aliases": [
    "CVE-2013-7459"
  ],
  "modified": "2022-03-03T05:12:41.100141Z",
  "published": "2018-12-14T18:51:38Z",
  "database_specific": {
    "severity": "CRITICAL",
    "github_reviewed": true,
    "cwe_ids": [
      "CWE-119"
    ]
  },
  "references": [
    {
      "type": "ADVISORY",
      "url": "https://nvd.nist.gov/vuln/detail/CVE-2013-7459"
    },
    {
      "type": "WEB",
      "url": "https://github.com/dlitz/pycrypto/issues/176"
    },
    {
      "type": "WEB",
      "url": "https://github.com/dlitz/pycrypto/commit/8dbe0dc3eea5c689d4f76b37b93fe216cf1f00d4"
    },
    {
      "type": "WEB",
      "url": "https://bugzilla.redhat.com/show_bug.cgi?id=1409754"
    },
    {
      "type": "ADVISORY",
      "url": "https://github.com/advisories/GHSA-cq27-v7xp-c356"
    },
    {
      "type": "WEB",
      "url": "https://lists.fedoraproject.org/archives/list/package-announce@lists.fedoraproject.org/message/C6BWNADPLKDBBQBUT3P75W7HAJCE7M3B/"
    },
    {
      "type": "WEB",
      "url": "https://lists.fedoraproject.org/archives/list/package-announce@lists.fedoraproject.org/message/RJ37R2YLX56YZABFNAOWV4VTHTGYREAE/"
    },
    {
      "type": "WEB",
      "url": "https://pony7.fr/ctf:public:32c3:cryptmsg"
    },
    {
      "type": "WEB",
      "url": "https://security.gentoo.org/glsa/201702-14"
    },
    {
      "type": "WEB",
      "url": "http://www.openwall.com/lists/oss-security/2016/12/27/8"
    },
    {
      "type": "WEB",
      "url": "http://www.securityfocus.com/bid/95122"
    },
    {
      "type": "PACKAGE",
      "url": "https://github.com/dlitz/pycrypto"
    }
  ],
  "affected": [
    {
      "package": {
        "name": "pycrypto",
        "ecosystem": "PyPI",
        "purl": "pkg:pypi/pycrypto"
      },
      "ranges": [
        {
          "type": "ECOSYSTEM",
          "events": [
            {
              "introduced": "0"
            }
          ]
        }
      ],
      "versions": [
        "1.9a2",
        "1.9a5",
        "1.9a6",
        "2.0",
        "2.0.1",
        "2.1.0",
        "2.2",
        "2.3",
        "2.4",
        "2.4.1",
        "2.5",
        "2.6",
        "2.6.1"
      ],
      "database_specific": {
        "last_known_affected_version_range": "<= 2.6.1",
        "source": "https://github.com/github/advisory-database/blob/main/advisories/github-reviewed/2018/12/GHSA-cq27-v7xp-c356/GHSA-cq27-v7xp-c356.json"
      }
    }
  ],
  "schema_version": "1.2.0",
  "severity": [
    {
      "type": "CVSS_V3",
      "score": "CVSS:3.0/AV:N/AC:L/PR:N/UI:N/S:U/C:H/I:H/A:H"
    }
  ]
}