{
  "id": "GHSA-976r-qfjj-c24w",
  "summary": "Command injection via Celery broker in Apache Airflow",
  "details": "An issue was found in Apache Airflow versions 1.10.10 and below. When using CeleryExecutor, if an attacker can connect to the broker (Redis, RabbitMQ) directly, it is possible to inject commands, resulting in the celery worker running arbitrary commands.",
  "aliases": [
    "CVE-2020-11981"
  ],
  "modified": "2022-03-03T05:13:32.766571Z",
  "published": "2020-07-27T16:57:33Z",
  "database_specific": {
    "severity": "CRITICAL",
    "github_reviewed": true,
    "cwe_ids": [
      "CWE-78"
    ]
  },
  "references": [
    {
      "type": "ADVISORY",
      "url": "https://nvd.nist.gov/vuln/detail/CVE-2020-11981"
    },
    {
      "type": "WEB",
      "url": "https://lists.apache.org/thread.html/r7255cf0be3566f23a768e2a04b40fb09e52fcd1872695428ba9afe91%40%3Cusers.airflow.apache.org%3E"
    }
  ],
  "affected": [
    {
      "package": {
        "name": "apache-airflow",
        "ecosystem": "PyPI",
        "purl": "pkg:pypi/apache-airflow"
      },
      "ranges": [
        {
          "type": "ECOSYSTEM",
          "events": [
            {
              "introduced": "0"
            },
            {
              "fixed": "1.10.11"
            }
          ]
        }
      ],
      "versions": [
        "1.10.0",
        "1.10.1",
        "1.10.10",
        "1.10.10rc1",
        "1.10.10rc2",
        "1.10.10rc3",
        "1.10.10rc4",
        "1.10.10rc5",
        "1.10.11rc1",
        "1.10.11rc2",
        "1.10.1b1",
        "1.10.1rc2",
        "1.10.2",
        "1.10.2b2",
        "1.10.2rc1",
        "1.10.2rc2",
        "1.10.2rc3",
        "1.10.3",
        "1.10.3b1",
        "1.10.3b2",
        "1.10.3rc1",
        "1.10.3rc2",
        "1.10.4",
        "1.10.4b2",
        "1.10.4rc1",
        "1.10.4rc2",
        "1.10.4rc3",
        "1.10.4rc4",
        "1.10.4rc5",
        "1.10.5",
        "1.10.5rc1",
        "1.10.6",
        "1.10.6rc1",
        "1.10.6rc2",
        "1.10.7",
        "1.10.7rc1",
        "1.10.7rc2",
        "1.10.7rc3",
        "1.10.8",
        "1.10.8rc1",
        "1.10.9",
        "1.10.9rc1",
        "1.8.1",
        "1.8.2",
        "1.8.2rc1",
        "1.9.0"
      ],
      "database_specific": {
        "source": "https://github.com/github/advisory-database/blob/main/advisories/github-reviewed/2020/07/GHSA-976r-qfjj-c24w/GHSA-976r-qfjj-c24w.json"
      }
    }
  ],
  "schema_version": "1.2.0",
  "severity": [
    {
      "type": "CVSS_V3",
      "score": "CVSS:3.1/AV:N/AC:L/PR:N/UI:N/S:U/C:H/I:H/A:H"
    }
  ]
}