{
  "id": "GHSA-6w9p-88qg-p3g3",
  "summary": "Cross-site Scripting in CKAN",
  "details": "In CKAN, versions 2.9.0 to 2.9.3 are affected by a stored XSS vulnerability via SVG file upload of users\u2019 profile picture. This allows low privileged application users to store malicious scripts in their profile picture. These scripts are executed in a victim\u2019s browser when they open the malicious profile picture",
  "aliases": [
    "CVE-2021-25967"
  ],
  "modified": "2022-03-03T05:13:24.940426Z",
  "published": "2021-12-03T20:44:48Z",
  "database_specific": {
    "github_reviewed": true,
    "cwe_ids": [
      "CWE-79"
    ],
    "severity": "MODERATE"
  },
  "references": [
    {
      "type": "ADVISORY",
      "url": "https://nvd.nist.gov/vuln/detail/CVE-2021-25967"
    },
    {
      "type": "WEB",
      "url": "https://github.com/ckan/ckan/pull/6477"
    },
    {
      "type": "WEB",
      "url": "https://github.com/ckan/ckan/commit/5a46989c0a4f2c2873ca182c196da83b82babd25"
    },
    {
      "type": "WEB",
      "url": "https://www.whitesourcesoftware.com/vulnerability-database/CVE-2021-25967"
    },
    {
      "type": "PACKAGE",
      "url": "https://github.com/ckan/ckan"
    }
  ],
  "affected": [
    {
      "package": {
        "name": "ckan",
        "ecosystem": "PyPI",
        "purl": "pkg:pypi/ckan"
      },
      "ranges": [
        {
          "type": "ECOSYSTEM",
          "events": [
            {
              "introduced": "2.9.0"
            }
          ]
        }
      ],
      "versions": [
        "2.9.0",
        "2.9.1",
        "2.9.2",
        "2.9.3",
        "2.9.4",
        "2.9.5"
      ],
      "database_specific": {
        "last_known_affected_version_range": "<= 2.9.3",
        "source": "https://github.com/github/advisory-database/blob/main/advisories/github-reviewed/2021/12/GHSA-6w9p-88qg-p3g3/GHSA-6w9p-88qg-p3g3.json"
      }
    }
  ],
  "schema_version": "1.2.0",
  "severity": [
    {
      "type": "CVSS_V3",
      "score": "CVSS:3.1/AV:N/AC:L/PR:L/UI:R/S:C/C:L/I:L/A:N"
    }
  ]
}