{
  "id": "GHSA-cg75-6938-wx58",
  "summary": "python-docutils allows insecure usage of temporary files",
  "details": "python-docutils allows insecure usage of temporary files",
  "aliases": [
    "CVE-2009-5042"
  ],
  "modified": "2022-03-03T05:14:02.002779Z",
  "published": "2020-03-13T20:04:51Z",
  "database_specific": {
    "cwe_ids": [
      "CWE-668"
    ],
    "github_reviewed": true,
    "severity": "CRITICAL"
  },
  "references": [
    {
      "type": "ADVISORY",
      "url": "https://nvd.nist.gov/vuln/detail/CVE-2009-5042"
    },
    {
      "type": "WEB",
      "url": "https://security-tracker.debian.org/tracker/CVE-2009-5042"
    }
  ],
  "affected": [
    {
      "package": {
        "name": "docutils",
        "ecosystem": "PyPI",
        "purl": "pkg:pypi/docutils"
      },
      "ranges": [
        {
          "type": "ECOSYSTEM",
          "events": [
            {
              "introduced": "0"
            },
            {
              "fixed": "0.6"
            }
          ]
        }
      ],
      "versions": [
        "0.3",
        "0.3.5",
        "0.3.7",
        "0.3.9",
        "0.4",
        "0.5"
      ],
      "database_specific": {
        "source": "https://github.com/github/advisory-database/blob/main/advisories/github-reviewed/2020/03/GHSA-cg75-6938-wx58/GHSA-cg75-6938-wx58.json"
      }
    }
  ],
  "schema_version": "1.2.0",
  "severity": [
    {
      "type": "CVSS_V3",
      "score": "CVSS:3.1/AV:N/AC:L/PR:N/UI:N/S:U/C:H/I:H/A:N"
    }
  ]
}