{
  "id": "GHSA-ch22-x2v3-v6vq",
  "summary": "OTF-001: Improper Input Sanitation: The path parameter of the requested URL is not sanitized before being passed to the QT frontend",
  "details": "Between September 26, 2021 and October 8, 2021, [Radically Open Security](https://www.radicallyopensecurity.com/) conducted a penetration test of OnionShare 2.4, funded by the Open Technology Fund's [Red Team lab](https://www.opentech.fund/labs/red-team-lab/). This is an issue from that penetration test.\n\n- Vulnerability ID: OTF-001\n- Vulnerability type: Improper Input Sanitization\n- Threat level: Elevated\n\n## Description:\n\nThe `path` parameter of the requested URL is not sanitized before being passed to the QT frontend.\n\n## Technical description:\n\nThe `path` parameter is not sanitized before being passed to the constructor of the `QLabel`.\n\nhttps://github.com/onionshare/onionshare/blob/d08d5f0f32f755f504494d80794886f346fbafdb/desktop/src/onionshare/tab/mode/__init__.py#L499-L509\n\nhttps://github.com/onionshare/onionshare/blob/d08d5f0f32f755f504494d80794886f346fbafdb/desktop/src/onionshare/tab/mode/history.py#L456-L483\n\nhttps://doc.qt.io/qt-5/qlabel.html#details\n\n> Warning: When passing a QString to the constructor or calling setText(), make sure to sanitize your input, as QLabel tries to guess whether it displays the text as plain text or as rich text, a subset of HTML 4 markup. You may want to call setTextFormat() explicitly, e.g. in case you expect the text to be in plain format but cannot control the text source (for instance when displaying data loaded from the Web).\n\nThis path is used in all components for displaying the server access history. This leads to a rendered HTML4 Subset (QT RichText editor) in the Onionshare frontend.\n\nIn the following example an adversary injects a crafted image file into an Onionshare instance with receive mode and renders it in the history component of the Onionshare application.\n\nThe only requirement is another visit to the shared site with the following parameter attached to the path of the URL:\n\n```\n<img src='data:image/png;base64,iVBORw0KGgoAAAANSUhEUgAAAAoAAAAKCAIAAAACUFjqAAAAFElEQVQY02Nk+M+ABzAxMIxKYwIAQC0BEwZFOw4AAAAASUVORK5CYII=' />\n```\n\nThis will be rendered as a green square in the history tab where the path value is supposed to be (the value itself is shown at the bottom of the page).\n\n![otf-001](https://user-images.githubusercontent.com/156128/140665358-ab9e5990-3e13-4e50-85fd-b8a6e323d299.png)\n\nPossible scenarios where this could lead to remote code execution would be a 0-day in libpng or other internal image rendering (OTF-014 (page 12)) of the QT framework.\n\nThe QT documentation indicates that external files could be rendered, but we were unable to find a QT code path allowing for it.\n\n## Impact:\n\nAn adversary with knowledge of the Onion service address in public mode or with authentication in private mode can render arbitrary HTML (QT-HTML4 Subset) in the server desktop application. This requires the desktop application with rendered history, therefore the impact is only elevated.\n\n## Recommendation:\n\n- Manually define the text format of the QLabel via `setTextFormat()`",
  "aliases": [
    "CVE-2022-21690"
  ],
  "modified": "2022-03-03T05:14:16.317559Z",
  "published": "2022-01-21T23:20:25Z",
  "database_specific": {
    "github_reviewed": true,
    "severity": "HIGH",
    "cwe_ids": [
      "CWE-79"
    ]
  },
  "references": [
    {
      "type": "WEB",
      "url": "https://github.com/onionshare/onionshare/security/advisories/GHSA-ch22-x2v3-v6vq"
    },
    {
      "type": "ADVISORY",
      "url": "https://nvd.nist.gov/vuln/detail/CVE-2022-21690"
    },
    {
      "type": "WEB",
      "url": "https://github.com/onionshare/onionshare/releases/tag/v2.5"
    },
    {
      "type": "PACKAGE",
      "url": "https://github.com/onionshare/onionshare"
    }
  ],
  "affected": [
    {
      "package": {
        "name": "onionshare-cli",
        "ecosystem": "PyPI",
        "purl": "pkg:pypi/onionshare-cli"
      },
      "ranges": [
        {
          "type": "ECOSYSTEM",
          "events": [
            {
              "introduced": "0"
            },
            {
              "fixed": "2.5"
            }
          ]
        }
      ],
      "versions": [
        "2.3",
        "2.3.1",
        "2.3.2",
        "2.3.3"
      ],
      "database_specific": {
        "source": "https://github.com/github/advisory-database/blob/main/advisories/github-reviewed/2022/01/GHSA-ch22-x2v3-v6vq/GHSA-ch22-x2v3-v6vq.json"
      }
    }
  ],
  "schema_version": "1.2.0",
  "severity": [
    {
      "type": "CVSS_V3",
      "score": "CVSS:3.1/AV:N/AC:L/PR:L/UI:R/S:C/C:H/I:H/A:N"
    }
  ]
}