{
  "id": "GHSA-4c4g-crqm-xrxw",
  "summary": "Use of unitialized value in TFLite",
  "details": "### Impact\nAll TFLite operations that use quantization can be made to use unitialized values. [For example](https://github.com/tensorflow/tensorflow/blob/460e000de3a83278fb00b61a16d161b1964f15f4/tensorflow/lite/kernels/depthwise_conv.cc#L198-L200):\n\n```cc\n    const auto* affine_quantization =\n        reinterpret_cast<TfLiteAffineQuantization*>(\n            filter->quantization.params);\n```\n\nThe issue stems from the fact that `quantization.params` is only valid if `quantization.type` is different that `kTfLiteNoQuantization`. However, these checks are missing in large parts of the code.\n\n### Patches\nWe have patched the issue in GitHub commits [537bc7c723439b9194a358f64d871dd326c18887](https://github.com/tensorflow/tensorflow/commit/537bc7c723439b9194a358f64d871dd326c18887),\n[4a91f2069f7145aab6ba2d8cfe41be8a110c18a5](https://github.com/tensorflow/tensorflow/commit/4a91f2069f7145aab6ba2d8cfe41be8a110c18a5) and [8933b8a21280696ab119b63263babdb54c298538](https://github.com/tensorflow/tensorflow/commit/8933b8a21280696ab119b63263babdb54c298538).\n\nThe fix will be included in TensorFlow 2.6.0. We will also cherrypick this commit on TensorFlow 2.5.1, TensorFlow 2.4.3, and TensorFlow 2.3.4, as these are also affected and still in supported range.\n\n### For more information\nPlease consult [our security guide](https://github.com/tensorflow/tensorflow/blob/master/SECURITY.md) for more information regarding the security model and how to contact us with issues and questions.\n\n### Attribution \nThis vulnerability has been reported by members of the Aivul Team from Qihoo 360. ",
  "aliases": [
    "CVE-2021-37682"
  ],
  "modified": "2021-08-24T16:41:39Z",
  "published": "2021-08-25T14:40:32Z",
  "database_specific": {
    "cwe_ids": [
      "CWE-908"
    ],
    "severity": "MODERATE",
    "github_reviewed": true
  },
  "references": [
    {
      "type": "WEB",
      "url": "https://github.com/tensorflow/tensorflow/security/advisories/GHSA-4c4g-crqm-xrxw"
    },
    {
      "type": "ADVISORY",
      "url": "https://nvd.nist.gov/vuln/detail/CVE-2021-37682"
    },
    {
      "type": "WEB",
      "url": "https://github.com/tensorflow/tensorflow/commit/4a91f2069f7145aab6ba2d8cfe41be8a110c18a5"
    },
    {
      "type": "WEB",
      "url": "https://github.com/tensorflow/tensorflow/commit/537bc7c723439b9194a358f64d871dd326c18887"
    },
    {
      "type": "WEB",
      "url": "https://github.com/tensorflow/tensorflow/commit/8933b8a21280696ab119b63263babdb54c298538"
    },
    {
      "type": "PACKAGE",
      "url": "https://github.com/tensorflow/tensorflow"
    }
  ],
  "affected": [
    {
      "package": {
        "name": "tensorflow-lite",
        "ecosystem": "PyPI",
        "purl": "pkg:pypi/tensorflow-lite"
      },
      "ranges": [
        {
          "type": "ECOSYSTEM",
          "events": [
            {
              "introduced": "0"
            },
            {
              "fixed": "2.3.4"
            }
          ]
        }
      ],
      "database_specific": {
        "source": "https://github.com/github/advisory-database/blob/main/advisories/github-reviewed/2021/08/GHSA-4c4g-crqm-xrxw/GHSA-4c4g-crqm-xrxw.json"
      },
      "versions": []
    },
    {
      "package": {
        "name": "tensorflow-lite",
        "ecosystem": "PyPI",
        "purl": "pkg:pypi/tensorflow-lite"
      },
      "ranges": [
        {
          "type": "ECOSYSTEM",
          "events": [
            {
              "introduced": "2.4.0"
            },
            {
              "fixed": "2.4.3"
            }
          ]
        }
      ],
      "database_specific": {
        "source": "https://github.com/github/advisory-database/blob/main/advisories/github-reviewed/2021/08/GHSA-4c4g-crqm-xrxw/GHSA-4c4g-crqm-xrxw.json"
      },
      "versions": []
    },
    {
      "package": {
        "name": "tensorflow-lite",
        "ecosystem": "PyPI",
        "purl": "pkg:pypi/tensorflow-lite"
      },
      "ranges": [
        {
          "type": "ECOSYSTEM",
          "events": [
            {
              "introduced": "2.5.0"
            },
            {
              "fixed": "2.5.1"
            }
          ]
        }
      ],
      "versions": [
        "2.5.0"
      ],
      "database_specific": {
        "source": "https://github.com/github/advisory-database/blob/main/advisories/github-reviewed/2021/08/GHSA-4c4g-crqm-xrxw/GHSA-4c4g-crqm-xrxw.json"
      }
    }
  ],
  "schema_version": "1.2.0",
  "severity": [
    {
      "type": "CVSS_V3",
      "score": "CVSS:3.1/AV:L/AC:L/PR:L/UI:N/S:U/C:N/I:L/A:L"
    }
  ]
}