{
  "id": "GHSA-f5gc-p5m3-v347",
  "summary": "XXE in petl",
  "details": "### Impact\nInformation Disclosure\n\n### Summary\n\n[petl](https://github.com/petl-developers/petl) is a Python library that provides functions for extraction, transformation, and loading (ETL) of data.\n\npetl before 1.68, in some configurations, allows resolution of entities in XML input.\n\nAn attacker who is able to submit XML input to an application using petl can disclose arbitrary files on the file system in the context of the user under which the application is running.\n\n### Affected Applications\n\nApplications that:\n\n- accept attacker-supplied XML input that is processed using petl < 1.68\n- return the response generated by petl back to the attacker\n- configure lxml as the underlying XML processing library used by petl\n- have read privileges in filesystem files with sensitive information\n\n### Mitigation\nUpdate to petl >= 1.68\n\n### Workarounds\n\n- Assure there is no user/external access to the application using [petl](https://github.com/petl-developers/petl)\n- Assure your application is not using the function [fromxml()](https://petl.readthedocs.io/en/stable/io.html#petl.io.xml.fromxml)\n\n### References\n- https://github.com/nvn1729/advisories/blob/master/cve-2020-29128.md\n- https://github.com/petl-developers/petl/pull/527\n- https://github.com/petl-developers/petl/releases/tag/v1.6.8\n- https://petl.readthedocs.io/en/stable/changes.html\n- https://owasp.org/www-community/vulnerabilities/XML_External_Entity_(XXE)_Processing\n\n### For more information\nIf you have any questions or comments about this advisory:\n* Add a comment in the Github [issue](https://github.com/petl-developers/petl/pull/527)\n\nThaks to Naveen Sunkavally.",
  "modified": "2022-03-03T05:13:07.975382Z",
  "published": "2020-12-02T18:28:30Z",
  "database_specific": {
    "severity": "LOW",
    "github_reviewed": true,
    "cwe_ids": [
      "CWE-611"
    ]
  },
  "references": [
    {
      "type": "WEB",
      "url": "https://github.com/petl-developers/petl/security/advisories/GHSA-f5gc-p5m3-v347"
    },
    {
      "type": "WEB",
      "url": "https://github.com/petl-developers/petl/pull/527"
    },
    {
      "type": "WEB",
      "url": "https://github.com/petl-developers/petl/releases/tag/v1.6.8"
    },
    {
      "type": "WEB",
      "url": "https://owasp.org/www-community/vulnerabilities/XML_External_Entity_(XXE)_Processing"
    },
    {
      "type": "WEB",
      "url": "https://petl.readthedocs.io/en/stable/changes.html"
    }
  ],
  "affected": [
    {
      "package": {
        "name": "petl",
        "ecosystem": "PyPI",
        "purl": "pkg:pypi/petl"
      },
      "ranges": [
        {
          "type": "ECOSYSTEM",
          "events": [
            {
              "introduced": "0"
            },
            {
              "fixed": "1.6.8"
            }
          ]
        }
      ],
      "versions": [
        "0.10",
        "0.10.1",
        "0.10.2",
        "0.11",
        "0.11.1",
        "0.12",
        "0.13",
        "0.13.1",
        "0.14",
        "0.15",
        "0.16",
        "0.16.1",
        "0.16.2",
        "0.17",
        "0.17.1",
        "0.18",
        "0.18.1",
        "0.19",
        "0.2",
        "0.20",
        "0.21",
        "0.21.2",
        "0.22",
        "0.22.1",
        "0.23",
        "0.24",
        "0.24.1",
        "0.24.2",
        "0.24.3",
        "0.25",
        "0.25.1",
        "0.25.2",
        "0.25.3",
        "0.26",
        "0.3",
        "0.4",
        "0.5",
        "0.6",
        "0.7",
        "0.8",
        "0.9",
        "1.0.0",
        "1.0.0-alpha1",
        "1.0.0a2",
        "1.0.0a3",
        "1.0.0b1",
        "1.0.0b2",
        "1.0.1",
        "1.0.10",
        "1.0.11",
        "1.0.2",
        "1.0.3",
        "1.0.4",
        "1.0.5",
        "1.0.6",
        "1.0.7",
        "1.0.8",
        "1.0.9",
        "1.1.0",
        "1.1.1",
        "1.2.0",
        "1.3.0",
        "1.3.0rc3",
        "1.4.0",
        "1.5.0",
        "1.6.0",
        "1.6.1",
        "1.6.2",
        "1.6.3",
        "1.6.4",
        "1.6.5",
        "1.6.6",
        "1.6.7"
      ],
      "database_specific": {
        "source": "https://github.com/github/advisory-database/blob/main/advisories/github-reviewed/2020/12/GHSA-f5gc-p5m3-v347/GHSA-f5gc-p5m3-v347.json"
      }
    }
  ],
  "schema_version": "1.2.0"
}