{
  "id": "GHSA-fr77-rrx3-cp7g",
  "summary": "Heap OOB read in `tf.ragged.cross`",
  "details": "### Impact\nThe [shape inference code for `tf.ragged.cross`](https://github.com/tensorflow/tensorflow/blob/8d72537c6abf5a44103b57b9c2e22c14f5f49698/tensorflow/core/ops/ragged_array_ops.cc#L64) can trigger a read outside of bounds of heap allocated array:\n\n```python\nimport tensorflow as tf\n\n@tf.function\ndef test():\n  y = tf.raw_ops.RaggedCross(ragged_values=[],\n                             ragged_row_splits=[],\n                             sparse_indices=[[5]],\n                             sparse_values=[],\n                             sparse_shape=[5],\n                             dense_inputs=[['a']],\n                             input_order='RD',\n                             hashed_output=False,\n                             num_buckets=5,\n                             hash_key=2,\n                             out_values_type=tf.string,\n                             out_row_splits_type=tf.int64)\n  return y\n\ntest()\n```\n\n### Patches\nWe have patched the issue in GitHub commit [fa6b7782fbb14aa08d767bc799c531f5e1fb3bb8](https://github.com/tensorflow/tensorflow/commit/fa6b7782fbb14aa08d767bc799c531f5e1fb3bb8).\n\nThe fix will be included in TensorFlow 2.7.0. We will also cherrypick this commit on TensorFlow 2.6.1, TensorFlow 2.5.2, and TensorFlow 2.4.4, as these are also affected and still in supported range.\n  \n### For more information\nPlease consult [our security guide](https://github.com/tensorflow/tensorflow/blob/master/SECURITY.md) for more information regarding the security model and how to contact us with issues and questions.\n    \n### Attribution\nThis vulnerability has been reported by members of the Aivul Team from Qihoo 360.",
  "aliases": [
    "CVE-2021-41212"
  ],
  "modified": "2022-03-03T05:13:40.961532Z",
  "published": "2021-11-10T19:00:31Z",
  "database_specific": {
    "cwe_ids": [
      "CWE-125"
    ],
    "severity": "HIGH",
    "github_reviewed": true
  },
  "references": [
    {
      "type": "WEB",
      "url": "https://github.com/tensorflow/tensorflow/security/advisories/GHSA-fr77-rrx3-cp7g"
    },
    {
      "type": "ADVISORY",
      "url": "https://nvd.nist.gov/vuln/detail/CVE-2021-41212"
    },
    {
      "type": "WEB",
      "url": "https://github.com/tensorflow/tensorflow/commit/fa6b7782fbb14aa08d767bc799c531f5e1fb3bb8"
    },
    {
      "type": "PACKAGE",
      "url": "https://github.com/tensorflow/tensorflow"
    }
  ],
  "affected": [
    {
      "package": {
        "name": "tensorflow",
        "ecosystem": "PyPI",
        "purl": "pkg:pypi/tensorflow"
      },
      "ranges": [
        {
          "type": "ECOSYSTEM",
          "events": [
            {
              "introduced": "2.6.0"
            },
            {
              "fixed": "2.6.1"
            }
          ]
        }
      ],
      "versions": [
        "2.6.0"
      ],
      "database_specific": {
        "source": "https://github.com/github/advisory-database/blob/main/advisories/github-reviewed/2021/11/GHSA-fr77-rrx3-cp7g/GHSA-fr77-rrx3-cp7g.json"
      }
    },
    {
      "package": {
        "name": "tensorflow",
        "ecosystem": "PyPI",
        "purl": "pkg:pypi/tensorflow"
      },
      "ranges": [
        {
          "type": "ECOSYSTEM",
          "events": [
            {
              "introduced": "2.5.0"
            },
            {
              "fixed": "2.5.2"
            }
          ]
        }
      ],
      "versions": [
        "2.5.0",
        "2.5.1"
      ],
      "database_specific": {
        "source": "https://github.com/github/advisory-database/blob/main/advisories/github-reviewed/2021/11/GHSA-fr77-rrx3-cp7g/GHSA-fr77-rrx3-cp7g.json"
      }
    },
    {
      "package": {
        "name": "tensorflow",
        "ecosystem": "PyPI",
        "purl": "pkg:pypi/tensorflow"
      },
      "ranges": [
        {
          "type": "ECOSYSTEM",
          "events": [
            {
              "introduced": "0"
            },
            {
              "fixed": "2.4.4"
            }
          ]
        }
      ],
      "versions": [
        "0.12.0",
        "0.12.1",
        "1.0.0",
        "1.0.1",
        "1.1.0",
        "1.10.0",
        "1.10.1",
        "1.11.0",
        "1.12.0",
        "1.12.2",
        "1.12.3",
        "1.13.1",
        "1.13.2",
        "1.14.0",
        "1.15.0",
        "1.15.2",
        "1.15.3",
        "1.15.4",
        "1.15.5",
        "1.2.0",
        "1.2.1",
        "1.3.0",
        "1.4.0",
        "1.4.1",
        "1.5.0",
        "1.5.1",
        "1.6.0",
        "1.7.0",
        "1.7.1",
        "1.8.0",
        "1.9.0",
        "2.0.0",
        "2.0.1",
        "2.0.2",
        "2.0.3",
        "2.0.4",
        "2.1.0",
        "2.1.1",
        "2.1.2",
        "2.1.3",
        "2.1.4",
        "2.2.0",
        "2.2.0rc0",
        "2.2.0rc1",
        "2.2.0rc2",
        "2.2.0rc3",
        "2.2.0rc4",
        "2.2.1",
        "2.2.2",
        "2.2.3",
        "2.3.0",
        "2.3.0rc0",
        "2.3.0rc1",
        "2.3.0rc2",
        "2.3.1",
        "2.3.2",
        "2.3.3",
        "2.3.4",
        "2.4.0",
        "2.4.0rc0",
        "2.4.0rc1",
        "2.4.0rc2",
        "2.4.0rc3",
        "2.4.0rc4",
        "2.4.1",
        "2.4.2",
        "2.4.3"
      ],
      "database_specific": {
        "source": "https://github.com/github/advisory-database/blob/main/advisories/github-reviewed/2021/11/GHSA-fr77-rrx3-cp7g/GHSA-fr77-rrx3-cp7g.json"
      }
    },
    {
      "package": {
        "name": "tensorflow-cpu",
        "ecosystem": "PyPI",
        "purl": "pkg:pypi/tensorflow-cpu"
      },
      "ranges": [
        {
          "type": "ECOSYSTEM",
          "events": [
            {
              "introduced": "2.6.0"
            },
            {
              "fixed": "2.6.1"
            }
          ]
        }
      ],
      "versions": [
        "2.6.0"
      ],
      "database_specific": {
        "source": "https://github.com/github/advisory-database/blob/main/advisories/github-reviewed/2021/11/GHSA-fr77-rrx3-cp7g/GHSA-fr77-rrx3-cp7g.json"
      }
    },
    {
      "package": {
        "name": "tensorflow-cpu",
        "ecosystem": "PyPI",
        "purl": "pkg:pypi/tensorflow-cpu"
      },
      "ranges": [
        {
          "type": "ECOSYSTEM",
          "events": [
            {
              "introduced": "2.5.0"
            },
            {
              "fixed": "2.5.2"
            }
          ]
        }
      ],
      "versions": [
        "2.5.0",
        "2.5.1"
      ],
      "database_specific": {
        "source": "https://github.com/github/advisory-database/blob/main/advisories/github-reviewed/2021/11/GHSA-fr77-rrx3-cp7g/GHSA-fr77-rrx3-cp7g.json"
      }
    },
    {
      "package": {
        "name": "tensorflow-cpu",
        "ecosystem": "PyPI",
        "purl": "pkg:pypi/tensorflow-cpu"
      },
      "ranges": [
        {
          "type": "ECOSYSTEM",
          "events": [
            {
              "introduced": "0"
            },
            {
              "fixed": "2.4.4"
            }
          ]
        }
      ],
      "versions": [
        "1.15.0",
        "2.1.0",
        "2.1.1",
        "2.1.2",
        "2.1.3",
        "2.1.4",
        "2.2.0",
        "2.2.1",
        "2.2.2",
        "2.2.3",
        "2.3.0",
        "2.3.1",
        "2.3.2",
        "2.3.3",
        "2.3.4",
        "2.4.0",
        "2.4.1",
        "2.4.2",
        "2.4.3"
      ],
      "database_specific": {
        "source": "https://github.com/github/advisory-database/blob/main/advisories/github-reviewed/2021/11/GHSA-fr77-rrx3-cp7g/GHSA-fr77-rrx3-cp7g.json"
      }
    },
    {
      "package": {
        "name": "tensorflow-gpu",
        "ecosystem": "PyPI",
        "purl": "pkg:pypi/tensorflow-gpu"
      },
      "ranges": [
        {
          "type": "ECOSYSTEM",
          "events": [
            {
              "introduced": "2.6.0"
            },
            {
              "fixed": "2.6.1"
            }
          ]
        }
      ],
      "versions": [
        "2.6.0"
      ],
      "database_specific": {
        "source": "https://github.com/github/advisory-database/blob/main/advisories/github-reviewed/2021/11/GHSA-fr77-rrx3-cp7g/GHSA-fr77-rrx3-cp7g.json"
      }
    },
    {
      "package": {
        "name": "tensorflow-gpu",
        "ecosystem": "PyPI",
        "purl": "pkg:pypi/tensorflow-gpu"
      },
      "ranges": [
        {
          "type": "ECOSYSTEM",
          "events": [
            {
              "introduced": "2.5.0"
            },
            {
              "fixed": "2.5.2"
            }
          ]
        }
      ],
      "versions": [
        "2.5.0",
        "2.5.1"
      ],
      "database_specific": {
        "source": "https://github.com/github/advisory-database/blob/main/advisories/github-reviewed/2021/11/GHSA-fr77-rrx3-cp7g/GHSA-fr77-rrx3-cp7g.json"
      }
    },
    {
      "package": {
        "name": "tensorflow-gpu",
        "ecosystem": "PyPI",
        "purl": "pkg:pypi/tensorflow-gpu"
      },
      "ranges": [
        {
          "type": "ECOSYSTEM",
          "events": [
            {
              "introduced": "0"
            },
            {
              "fixed": "2.4.4"
            }
          ]
        }
      ],
      "versions": [
        "0.12.0",
        "0.12.1",
        "1.0.0",
        "1.0.1",
        "1.1.0",
        "1.10.0",
        "1.10.1",
        "1.11.0",
        "1.12.0",
        "1.12.2",
        "1.12.3",
        "1.13.1",
        "1.13.2",
        "1.14.0",
        "1.15.0",
        "1.15.2",
        "1.15.3",
        "1.15.4",
        "1.15.5",
        "1.2.0",
        "1.2.1",
        "1.3.0",
        "1.4.0",
        "1.4.1",
        "1.5.0",
        "1.5.1",
        "1.6.0",
        "1.7.0",
        "1.7.1",
        "1.8.0",
        "1.9.0",
        "2.0.0",
        "2.0.1",
        "2.0.2",
        "2.0.3",
        "2.0.4",
        "2.1.0",
        "2.1.1",
        "2.1.2",
        "2.1.3",
        "2.1.4",
        "2.2.0",
        "2.2.1",
        "2.2.2",
        "2.2.3",
        "2.3.0",
        "2.3.1",
        "2.3.2",
        "2.3.3",
        "2.3.4",
        "2.4.0",
        "2.4.1",
        "2.4.2",
        "2.4.3"
      ],
      "database_specific": {
        "source": "https://github.com/github/advisory-database/blob/main/advisories/github-reviewed/2021/11/GHSA-fr77-rrx3-cp7g/GHSA-fr77-rrx3-cp7g.json"
      }
    }
  ],
  "schema_version": "1.2.0",
  "severity": [
    {
      "type": "CVSS_V3",
      "score": "CVSS:3.1/AV:L/AC:L/PR:L/UI:N/S:U/C:H/I:N/A:H"
    }
  ]
}