{
  "id": "GHSA-cfpj-3q4c-jhvr",
  "summary": "Division by zero in TFLite",
  "details": "### Impact\nThe implementation of fully connected layers in TFLite is [vulnerable to a division by zero error](https://github.com/tensorflow/tensorflow/blob/460e000de3a83278fb00b61a16d161b1964f15f4/tensorflow/lite/kernels/fully_connected.cc#L226):\n\n```cc\nconst int batch_size = input_size / filter->dims->data[1];\n```\n\nAn attacker can craft a model such that `filter->dims->data[1]` is 0.\n\n### Patches\nWe have patched the issue in GitHub commit [718721986aa137691ee23f03638867151f74935f](https://github.com/tensorflow/tensorflow/commit/718721986aa137691ee23f03638867151f74935f).\n\nThe fix will be included in TensorFlow 2.6.0. We will also cherrypick this commit on TensorFlow 2.5.1, TensorFlow 2.4.3, and TensorFlow 2.3.4, as these are also affected and still in supported range.\n\n### For more information\nPlease consult [our security guide](https://github.com/tensorflow/tensorflow/blob/master/SECURITY.md) for more information regarding the security model and how to contact us with issues and questions.\n\n### Attribution\nThis vulnerability has been reported by members of the Aivul Team from Qihoo 360. Concurrently, it has also been reported by Yakun Zhang of Baidu Security.",
  "aliases": [
    "CVE-2021-37680"
  ],
  "modified": "2021-08-24T16:24:24Z",
  "published": "2021-08-25T14:40:38Z",
  "database_specific": {
    "cwe_ids": [
      "CWE-369"
    ],
    "severity": "MODERATE",
    "github_reviewed": true
  },
  "references": [
    {
      "type": "WEB",
      "url": "https://github.com/tensorflow/tensorflow/security/advisories/GHSA-cfpj-3q4c-jhvr"
    },
    {
      "type": "ADVISORY",
      "url": "https://nvd.nist.gov/vuln/detail/CVE-2021-37680"
    },
    {
      "type": "WEB",
      "url": "https://github.com/tensorflow/tensorflow/commit/718721986aa137691ee23f03638867151f74935f"
    },
    {
      "type": "PACKAGE",
      "url": "https://github.com/tensorflow/tensorflow"
    }
  ],
  "affected": [
    {
      "package": {
        "name": "tensorflow-lite",
        "ecosystem": "PyPI",
        "purl": "pkg:pypi/tensorflow-lite"
      },
      "ranges": [
        {
          "type": "ECOSYSTEM",
          "events": [
            {
              "introduced": "0"
            },
            {
              "fixed": "2.3.4"
            }
          ]
        }
      ],
      "database_specific": {
        "source": "https://github.com/github/advisory-database/blob/main/advisories/github-reviewed/2021/08/GHSA-cfpj-3q4c-jhvr/GHSA-cfpj-3q4c-jhvr.json"
      },
      "versions": []
    },
    {
      "package": {
        "name": "tensorflow-lite",
        "ecosystem": "PyPI",
        "purl": "pkg:pypi/tensorflow-lite"
      },
      "ranges": [
        {
          "type": "ECOSYSTEM",
          "events": [
            {
              "introduced": "2.4.0"
            },
            {
              "fixed": "2.4.3"
            }
          ]
        }
      ],
      "database_specific": {
        "source": "https://github.com/github/advisory-database/blob/main/advisories/github-reviewed/2021/08/GHSA-cfpj-3q4c-jhvr/GHSA-cfpj-3q4c-jhvr.json"
      },
      "versions": []
    },
    {
      "package": {
        "name": "tensorflow-lite",
        "ecosystem": "PyPI",
        "purl": "pkg:pypi/tensorflow-lite"
      },
      "ranges": [
        {
          "type": "ECOSYSTEM",
          "events": [
            {
              "introduced": "2.5.0"
            },
            {
              "fixed": "2.5.1"
            }
          ]
        }
      ],
      "versions": [
        "2.5.0"
      ],
      "database_specific": {
        "source": "https://github.com/github/advisory-database/blob/main/advisories/github-reviewed/2021/08/GHSA-cfpj-3q4c-jhvr/GHSA-cfpj-3q4c-jhvr.json"
      }
    }
  ],
  "schema_version": "1.2.0",
  "severity": [
    {
      "type": "CVSS_V3",
      "score": "CVSS:3.1/AV:L/AC:L/PR:L/UI:N/S:U/C:N/I:N/A:H"
    }
  ]
}