{
  "id": "GHSA-9x6q-5423-w5v9",
  "summary": "Moderate severity vulnerability that affects ansible",
  "details": "Ansible before 1.2.1 makes it easier for remote attackers to conduct man-in-the-middle attacks by leveraging failure to cache SSH host keys.",
  "aliases": [
    "CVE-2013-2233"
  ],
  "modified": "2022-03-03T05:14:14.892440Z",
  "published": "2018-10-10T17:23:39Z",
  "database_specific": {
    "severity": "HIGH",
    "cwe_ids": [],
    "github_reviewed": true
  },
  "references": [
    {
      "type": "ADVISORY",
      "url": "https://nvd.nist.gov/vuln/detail/CVE-2013-2233"
    },
    {
      "type": "WEB",
      "url": "https://github.com/ansible/ansible/issues/857"
    },
    {
      "type": "WEB",
      "url": "https://bugzilla.redhat.com/show_bug.cgi?id=980821"
    },
    {
      "type": "ADVISORY",
      "url": "https://github.com/advisories/GHSA-9x6q-5423-w5v9"
    },
    {
      "type": "WEB",
      "url": "https://www.ansible.com/security"
    },
    {
      "type": "WEB",
      "url": "http://www.openwall.com/lists/oss-security/2013/07/01/2"
    },
    {
      "type": "WEB",
      "url": "http://www.openwall.com/lists/oss-security/2013/07/02/6"
    },
    {
      "type": "PACKAGE",
      "url": "https://github.com/ansible/ansible"
    }
  ],
  "affected": [
    {
      "package": {
        "name": "ansible",
        "ecosystem": "PyPI",
        "purl": "pkg:pypi/ansible"
      },
      "ranges": [
        {
          "type": "ECOSYSTEM",
          "events": [
            {
              "introduced": "0"
            },
            {
              "fixed": "1.2.1"
            }
          ]
        }
      ],
      "versions": [
        "1.0",
        "1.1",
        "1.2"
      ],
      "database_specific": {
        "source": "https://github.com/github/advisory-database/blob/main/advisories/github-reviewed/2018/10/GHSA-9x6q-5423-w5v9/GHSA-9x6q-5423-w5v9.json"
      }
    }
  ],
  "schema_version": "1.2.0",
  "severity": [
    {
      "type": "CVSS_V3",
      "score": "CVSS:3.0/AV:N/AC:H/PR:N/UI:N/S:U/C:H/I:H/A:N"
    }
  ]
}