{
  "id": "GHSA-8fg4-j562-mjrc",
  "summary": "Low severity vulnerability that affects apache-airflow",
  "details": "In Apache Airflow 1.8.2 and earlier, an authenticated user can execute code remotely on the Airflow webserver by creating a special object.",
  "aliases": [
    "CVE-2017-15720"
  ],
  "modified": "2022-03-03T05:13:23.157394Z",
  "published": "2019-01-25T16:19:01Z",
  "database_specific": {
    "cwe_ids": [
      "CWE-20"
    ],
    "severity": "HIGH",
    "github_reviewed": true
  },
  "references": [
    {
      "type": "ADVISORY",
      "url": "https://nvd.nist.gov/vuln/detail/CVE-2017-15720"
    },
    {
      "type": "ADVISORY",
      "url": "https://github.com/advisories/GHSA-8fg4-j562-mjrc"
    },
    {
      "type": "WEB",
      "url": "https://lists.apache.org/thread.html/ade4d54ebf614f68dc81a08891755e60ea58ba88e0209233eeea5f57@%3Cdev.airflow.apache.org%3E"
    }
  ],
  "affected": [
    {
      "package": {
        "name": "apache-airflow",
        "ecosystem": "PyPI",
        "purl": "pkg:pypi/apache-airflow"
      },
      "ranges": [
        {
          "type": "ECOSYSTEM",
          "events": [
            {
              "introduced": "0"
            },
            {
              "fixed": "1.9.0"
            }
          ]
        }
      ],
      "versions": [
        "1.8.1",
        "1.8.2",
        "1.8.2rc1"
      ],
      "database_specific": {
        "last_known_affected_version_range": "<= 1.8.2",
        "source": "https://github.com/github/advisory-database/blob/main/advisories/github-reviewed/2019/01/GHSA-8fg4-j562-mjrc/GHSA-8fg4-j562-mjrc.json"
      }
    }
  ],
  "schema_version": "1.2.0",
  "severity": [
    {
      "type": "CVSS_V3",
      "score": "CVSS:3.0/AV:N/AC:L/PR:L/UI:N/S:U/C:H/I:H/A:H"
    }
  ]
}