{
  "id": "GHSA-8r8j-xvfj-36f9",
  "summary": "High severity vulnerability that affects ymlref",
  "details": "ymlref allows code injection.",
  "aliases": [
    "CVE-2018-20133"
  ],
  "modified": "2022-03-03T05:12:57.605866Z",
  "published": "2018-12-19T19:25:14Z",
  "database_specific": {
    "github_reviewed": true,
    "cwe_ids": [
      "CWE-94"
    ],
    "severity": "CRITICAL"
  },
  "references": [
    {
      "type": "ADVISORY",
      "url": "https://nvd.nist.gov/vuln/detail/CVE-2018-20133"
    },
    {
      "type": "WEB",
      "url": "https://github.com/dexter2206/ymlref/issues/2"
    },
    {
      "type": "ADVISORY",
      "url": "https://github.com/advisories/GHSA-8r8j-xvfj-36f9"
    },
    {
      "type": "PACKAGE",
      "url": "https://github.com/dexter2206/ymlref"
    }
  ],
  "affected": [
    {
      "package": {
        "name": "ymlref",
        "ecosystem": "PyPI",
        "purl": "pkg:pypi/ymlref"
      },
      "ranges": [
        {
          "type": "ECOSYSTEM",
          "events": [
            {
              "introduced": "0"
            }
          ]
        }
      ],
      "versions": [
        "0.1.0",
        "0.1.1"
      ],
      "database_specific": {
        "source": "https://github.com/github/advisory-database/blob/main/advisories/github-reviewed/2018/12/GHSA-8r8j-xvfj-36f9/GHSA-8r8j-xvfj-36f9.json",
        "last_known_affected_version_range": "<= 0.1.1"
      }
    }
  ],
  "schema_version": "1.2.0",
  "severity": [
    {
      "type": "CVSS_V3",
      "score": "CVSS:3.0/AV:N/AC:L/PR:N/UI:N/S:U/C:H/I:H/A:H"
    }
  ]
}