{
  "id": "GHSA-8fxc-qm65-vpxg",
  "summary": "Temporary urls leaked via logging",
  "details": "In OpenStack Swift prior to 2.15.2, the proxy-server logs full tempurl paths, potentially leaking reusable tempurl signatures to anyone with read access to these logs. All Swift deployments using the tempurl middleware are affected.",
  "aliases": [
    "CVE-2017-8761"
  ],
  "modified": "2022-03-03T05:13:37.549477Z",
  "published": "2021-06-08T19:23:22Z",
  "database_specific": {
    "github_reviewed": true,
    "cwe_ids": [
      "CWE-117",
      "CWE-200"
    ],
    "severity": "LOW"
  },
  "references": [
    {
      "type": "ADVISORY",
      "url": "https://nvd.nist.gov/vuln/detail/CVE-2017-8761"
    },
    {
      "type": "WEB",
      "url": "https://bugs.launchpad.net/swift/+bug/1685798/comments/18"
    },
    {
      "type": "WEB",
      "url": "https://launchpad.net/bugs/1685798"
    }
  ],
  "affected": [
    {
      "package": {
        "name": "swift",
        "ecosystem": "PyPI",
        "purl": "pkg:pypi/swift"
      },
      "ranges": [
        {
          "type": "ECOSYSTEM",
          "events": [
            {
              "introduced": "0"
            },
            {
              "fixed": "2.15.2"
            }
          ]
        }
      ],
      "versions": [
        "1.0.2"
      ],
      "database_specific": {
        "source": "https://github.com/github/advisory-database/blob/main/advisories/github-reviewed/2021/06/GHSA-8fxc-qm65-vpxg/GHSA-8fxc-qm65-vpxg.json"
      }
    }
  ],
  "schema_version": "1.2.0"
}