{
  "id": "GHSA-6c7v-2f49-8h26",
  "summary": "Cleartext Transmission of Sensitive Information in Django",
  "details": "An issue was discovered in Django 1.11 before 1.11.22, 2.1 before 2.1.10, and 2.2 before 2.2.3. An HTTP request is not redirected to HTTPS when the SECURE_PROXY_SSL_HEADER and SECURE_SSL_REDIRECT settings are used, and the proxy connects to Django via HTTPS. In other words, django.http.HttpRequest.scheme has incorrect behavior when a client uses HTTP.",
  "aliases": [
    "CVE-2019-12781"
  ],
  "modified": "2022-03-03T05:13:44.142429Z",
  "published": "2019-07-03T20:37:25Z",
  "database_specific": {
    "cwe_ids": [
      "CWE-319"
    ],
    "github_reviewed": true,
    "severity": "MODERATE"
  },
  "references": [
    {
      "type": "ADVISORY",
      "url": "https://nvd.nist.gov/vuln/detail/CVE-2019-12781"
    },
    {
      "type": "WEB",
      "url": "https://docs.djangoproject.com/en/dev/releases/security/"
    },
    {
      "type": "WEB",
      "url": "https://groups.google.com/forum/#!topic/django-announce/Is4kLY9ZcZQ"
    },
    {
      "type": "WEB",
      "url": "https://lists.fedoraproject.org/archives/list/package-announce@lists.fedoraproject.org/message/5VXXWIOQGXOB7JCGJ3CVUW673LDHKEYL/"
    },
    {
      "type": "WEB",
      "url": "https://seclists.org/bugtraq/2019/Jul/10"
    },
    {
      "type": "WEB",
      "url": "https://security.netapp.com/advisory/ntap-20190705-0002/"
    },
    {
      "type": "WEB",
      "url": "https://usn.ubuntu.com/4043-1/"
    },
    {
      "type": "WEB",
      "url": "https://www.debian.org/security/2019/dsa-4476"
    },
    {
      "type": "WEB",
      "url": "https://www.djangoproject.com/weblog/2019/jul/01/security-releases/"
    },
    {
      "type": "WEB",
      "url": "http://lists.opensuse.org/opensuse-security-announce/2019-08/msg00006.html"
    },
    {
      "type": "WEB",
      "url": "http://lists.opensuse.org/opensuse-security-announce/2019-08/msg00025.html"
    },
    {
      "type": "WEB",
      "url": "http://www.openwall.com/lists/oss-security/2019/07/01/3"
    },
    {
      "type": "WEB",
      "url": "http://www.securityfocus.com/bid/109018"
    }
  ],
  "affected": [
    {
      "package": {
        "name": "django",
        "ecosystem": "PyPI",
        "purl": "pkg:pypi/django"
      },
      "ranges": [
        {
          "type": "ECOSYSTEM",
          "events": [
            {
              "introduced": "1.11.0"
            },
            {
              "fixed": "1.11.22"
            }
          ]
        }
      ],
      "versions": [
        "1.11",
        "1.11.1",
        "1.11.10",
        "1.11.11",
        "1.11.12",
        "1.11.13",
        "1.11.14",
        "1.11.15",
        "1.11.16",
        "1.11.17",
        "1.11.18",
        "1.11.2",
        "1.11.20",
        "1.11.21",
        "1.11.3",
        "1.11.4",
        "1.11.5",
        "1.11.6",
        "1.11.7",
        "1.11.8",
        "1.11.9"
      ],
      "database_specific": {
        "source": "https://github.com/github/advisory-database/blob/main/advisories/github-reviewed/2019/07/GHSA-6c7v-2f49-8h26/GHSA-6c7v-2f49-8h26.json"
      }
    },
    {
      "package": {
        "name": "django",
        "ecosystem": "PyPI",
        "purl": "pkg:pypi/django"
      },
      "ranges": [
        {
          "type": "ECOSYSTEM",
          "events": [
            {
              "introduced": "2.1.0"
            },
            {
              "fixed": "2.1.10"
            }
          ]
        }
      ],
      "versions": [
        "2.1",
        "2.1.1",
        "2.1.2",
        "2.1.3",
        "2.1.4",
        "2.1.5",
        "2.1.7",
        "2.1.8",
        "2.1.9"
      ],
      "database_specific": {
        "source": "https://github.com/github/advisory-database/blob/main/advisories/github-reviewed/2019/07/GHSA-6c7v-2f49-8h26/GHSA-6c7v-2f49-8h26.json"
      }
    },
    {
      "package": {
        "name": "django",
        "ecosystem": "PyPI",
        "purl": "pkg:pypi/django"
      },
      "ranges": [
        {
          "type": "ECOSYSTEM",
          "events": [
            {
              "introduced": "2.2.0"
            },
            {
              "fixed": "2.2.3"
            }
          ]
        }
      ],
      "versions": [
        "2.2",
        "2.2.1",
        "2.2.2"
      ],
      "database_specific": {
        "source": "https://github.com/github/advisory-database/blob/main/advisories/github-reviewed/2019/07/GHSA-6c7v-2f49-8h26/GHSA-6c7v-2f49-8h26.json"
      }
    }
  ],
  "schema_version": "1.2.0",
  "severity": [
    {
      "type": "CVSS_V3",
      "score": "CVSS:3.0/AV:N/AC:L/PR:N/UI:N/S:U/C:L/I:N/A:N"
    }
  ]
}