{
  "id": "GHSA-3p3h-qghp-hvh2",
  "summary": "Open Redirect in werkzeug",
  "details": "Open redirect vulnerability in werkzeug before 0.11.6 via a double slash in the URL.",
  "aliases": [
    "CVE-2020-28724"
  ],
  "modified": "2022-03-03T05:13:09.831117Z",
  "published": "2021-04-20T16:30:26Z",
  "database_specific": {
    "severity": "MODERATE",
    "cwe_ids": [
      "CWE-601"
    ],
    "github_reviewed": true
  },
  "references": [
    {
      "type": "ADVISORY",
      "url": "https://nvd.nist.gov/vuln/detail/CVE-2020-28724"
    },
    {
      "type": "WEB",
      "url": "https://github.com/pallets/flask/issues/1639"
    },
    {
      "type": "WEB",
      "url": "https://github.com/pallets/werkzeug/issues/822"
    },
    {
      "type": "WEB",
      "url": "https://github.com/pallets/werkzeug/pull/890/files"
    }
  ],
  "affected": [
    {
      "package": {
        "name": "werkzeug",
        "ecosystem": "PyPI",
        "purl": "pkg:pypi/werkzeug"
      },
      "ranges": [
        {
          "type": "ECOSYSTEM",
          "events": [
            {
              "introduced": "0"
            },
            {
              "fixed": "0.11.6"
            }
          ]
        }
      ],
      "versions": [
        "0.1",
        "0.10",
        "0.10.1",
        "0.10.2",
        "0.10.3",
        "0.10.4",
        "0.11",
        "0.11.1",
        "0.11.2",
        "0.11.3",
        "0.11.4",
        "0.11.5",
        "0.2",
        "0.3",
        "0.3.1",
        "0.4",
        "0.4.1",
        "0.5",
        "0.5.1",
        "0.6",
        "0.6.1",
        "0.6.2",
        "0.7",
        "0.7.1",
        "0.7.2",
        "0.8",
        "0.8.1",
        "0.8.2",
        "0.8.3",
        "0.9",
        "0.9.1",
        "0.9.2",
        "0.9.3",
        "0.9.4",
        "0.9.5",
        "0.9.6"
      ],
      "database_specific": {
        "source": "https://github.com/github/advisory-database/blob/main/advisories/github-reviewed/2021/04/GHSA-3p3h-qghp-hvh2/GHSA-3p3h-qghp-hvh2.json"
      }
    }
  ],
  "schema_version": "1.2.0",
  "severity": [
    {
      "type": "CVSS_V3",
      "score": "CVSS:3.1/AV:N/AC:L/PR:N/UI:R/S:C/C:L/I:L/A:N"
    }
  ]
}