{
  "id": "GHSA-9ccv-p7fg-m73x",
  "summary": "XML Injection in python-libnmap",
  "details": "python-libnmap is affected by: XML Injection. The impact is: Denial of service (DoS) by consuming resources. The component is: XML Parsing. The attack vector is: Specially crafted XML payload.",
  "aliases": [
    "CVE-2019-1010017"
  ],
  "modified": "2022-03-03T05:14:15.963423Z",
  "published": "2019-07-18T15:38:41Z",
  "database_specific": {
    "severity": "HIGH",
    "cwe_ids": [
      "CWE-91"
    ],
    "github_reviewed": true
  },
  "references": [
    {
      "type": "ADVISORY",
      "url": "https://nvd.nist.gov/vuln/detail/CVE-2019-1010017"
    },
    {
      "type": "WEB",
      "url": "https://github.com/savon-noir/python-libnmap/issues/87"
    }
  ],
  "affected": [
    {
      "package": {
        "name": "python-libnmap",
        "ecosystem": "PyPI",
        "purl": "pkg:pypi/python-libnmap"
      },
      "ranges": [
        {
          "type": "ECOSYSTEM",
          "events": [
            {
              "introduced": "0"
            }
          ]
        }
      ],
      "versions": [
        "0.2.3",
        "0.2.4",
        "0.2.7",
        "0.2.8",
        "0.4.0",
        "0.4.6",
        "0.5.0",
        "0.5.1",
        "0.6",
        "0.6.1",
        "0.6.2",
        "0.6.3",
        "0.7.0",
        "0.7.2"
      ],
      "database_specific": {
        "source": "https://github.com/github/advisory-database/blob/main/advisories/github-reviewed/2019/07/GHSA-9ccv-p7fg-m73x/GHSA-9ccv-p7fg-m73x.json",
        "last_known_affected_version_range": "<= 0.7.0"
      }
    }
  ],
  "schema_version": "1.2.0",
  "severity": [
    {
      "type": "CVSS_V3",
      "score": "CVSS:3.0/AV:N/AC:L/PR:N/UI:N/S:U/C:N/I:N/A:H"
    }
  ]
}