{
  "id": "GHSA-634c-v2xv-ffpg",
  "summary": "Out-of-bounds Write in OpenCV",
  "details": "OpenCV (Open Source Computer Vision Library) 3.3 (corresponding to OpenCV-Python 3.3.0.9) has an out-of-bounds write error in the function FillColorRow1 in utils.cpp when reading an image file by using cv::imread. NOTE: this vulnerability exists because of an incomplete fix for CVE-2017-12597.",
  "aliases": [
    "CVE-2017-14136"
  ],
  "modified": "2022-03-03T05:13:23.497420Z",
  "published": "2021-10-12T22:02:51Z",
  "database_specific": {
    "cwe_ids": [
      "CWE-787"
    ],
    "severity": "MODERATE",
    "github_reviewed": true
  },
  "references": [
    {
      "type": "ADVISORY",
      "url": "https://nvd.nist.gov/vuln/detail/CVE-2017-14136"
    },
    {
      "type": "WEB",
      "url": "https://github.com/opencv/opencv/issues/9443"
    },
    {
      "type": "WEB",
      "url": "https://github.com/opencv/opencv/pull/9448"
    },
    {
      "type": "WEB",
      "url": "https://github.com/xiaoqx/pocs/blob/master/opencv.md"
    },
    {
      "type": "WEB",
      "url": "https://lists.debian.org/debian-lts-announce/2018/07/msg00030.html"
    },
    {
      "type": "WEB",
      "url": "https://security.gentoo.org/glsa/201712-02"
    },
    {
      "type": "PACKAGE",
      "url": "https://github.com/opencv/opencv-python"
    }
  ],
  "affected": [
    {
      "package": {
        "name": "opencv-python",
        "ecosystem": "PyPI",
        "purl": "pkg:pypi/opencv-python"
      },
      "ranges": [
        {
          "type": "ECOSYSTEM",
          "events": [
            {
              "introduced": "0"
            },
            {
              "fixed": "3.3.1.11"
            }
          ]
        }
      ],
      "versions": [
        "3.1.0",
        "3.1.0.0",
        "3.1.0.1",
        "3.1.0.2",
        "3.1.0.3",
        "3.1.0.4",
        "3.1.0.5",
        "3.2.0.6",
        "3.2.0.7",
        "3.2.0.8",
        "3.3.0.10",
        "3.3.0.9"
      ],
      "database_specific": {
        "source": "https://github.com/github/advisory-database/blob/main/advisories/github-reviewed/2021/10/GHSA-634c-v2xv-ffpg/GHSA-634c-v2xv-ffpg.json",
        "last_known_affected_version_range": "<= 3.3.0.9"
      }
    },
    {
      "package": {
        "name": "opencv-contrib-python",
        "ecosystem": "PyPI",
        "purl": "pkg:pypi/opencv-contrib-python"
      },
      "ranges": [
        {
          "type": "ECOSYSTEM",
          "events": [
            {
              "introduced": "0"
            },
            {
              "fixed": "3.3.1.11"
            }
          ]
        }
      ],
      "versions": [
        "3.1.0.0",
        "3.2.0.7",
        "3.2.0.8",
        "3.3.0.10",
        "3.3.0.9"
      ],
      "database_specific": {
        "source": "https://github.com/github/advisory-database/blob/main/advisories/github-reviewed/2021/10/GHSA-634c-v2xv-ffpg/GHSA-634c-v2xv-ffpg.json",
        "last_known_affected_version_range": "<= 3.3.0.9"
      }
    }
  ],
  "schema_version": "1.2.0",
  "severity": [
    {
      "type": "CVSS_V3",
      "score": "CVSS:3.0/AV:N/AC:L/PR:N/UI:R/S:U/C:N/I:N/A:H"
    }
  ]
}