{
  "id": "GHSA-99cv-8cvv-666c",
  "summary": "High severity vulnerability that affects apache-airflow",
  "details": "In Apache Airflow before 1.10.2, a malicious admin user could edit the state of objects in the Airflow metadata database to execute arbitrary javascript on certain page views.",
  "aliases": [
    "CVE-2018-20244"
  ],
  "modified": "2022-03-03T05:13:27.928344Z",
  "published": "2019-03-06T17:35:58Z",
  "database_specific": {
    "cwe_ids": [
      "CWE-79"
    ],
    "severity": "MODERATE",
    "github_reviewed": true
  },
  "references": [
    {
      "type": "ADVISORY",
      "url": "https://nvd.nist.gov/vuln/detail/CVE-2018-20244"
    },
    {
      "type": "ADVISORY",
      "url": "https://github.com/advisories/GHSA-99cv-8cvv-666c"
    },
    {
      "type": "WEB",
      "url": "https://lists.apache.org/thread.html/2de387213d45bc626d27554a1bde7b8c67d08720901f82a50b6f4231@%3Cdev.airflow.apache.org%3E"
    },
    {
      "type": "WEB",
      "url": "https://lists.apache.org/thread.html/f656fddf9c49293b3ec450437c46709eb01a12d1645136b2f1b8573b@%3Cdev.airflow.apache.org%3E"
    },
    {
      "type": "WEB",
      "url": "http://www.openwall.com/lists/oss-security/2019/04/10/6"
    }
  ],
  "affected": [
    {
      "package": {
        "name": "apache-airflow",
        "ecosystem": "PyPI",
        "purl": "pkg:pypi/apache-airflow"
      },
      "ranges": [
        {
          "type": "ECOSYSTEM",
          "events": [
            {
              "introduced": "0"
            },
            {
              "fixed": "1.10.2"
            }
          ]
        }
      ],
      "versions": [
        "1.10.0",
        "1.10.1",
        "1.10.1b1",
        "1.10.1rc2",
        "1.10.2b2",
        "1.10.2rc1",
        "1.10.2rc2",
        "1.10.2rc3",
        "1.8.1",
        "1.8.2",
        "1.8.2rc1",
        "1.9.0"
      ],
      "database_specific": {
        "source": "https://github.com/github/advisory-database/blob/main/advisories/github-reviewed/2019/03/GHSA-99cv-8cvv-666c/GHSA-99cv-8cvv-666c.json"
      }
    }
  ],
  "schema_version": "1.2.0",
  "severity": [
    {
      "type": "CVSS_V3",
      "score": "CVSS:3.0/AV:N/AC:L/PR:H/UI:N/S:C/C:L/I:L/A:N"
    }
  ]
}