{
  "id": "GHSA-4w8p-x6g8-fv64",
  "summary": "Server-Side Request Forgery in calibreweb",
  "details": "calibreweb prior to version 0.6.16 contains a Server-Side Request Forgery (SSRF) vulnerability.",
  "aliases": [
    "CVE-2022-0339"
  ],
  "modified": "2022-03-03T05:13:38.969426Z",
  "published": "2022-02-01T00:48:54Z",
  "database_specific": {
    "github_reviewed": true,
    "severity": "MODERATE",
    "cwe_ids": [
      "CWE-918"
    ]
  },
  "references": [
    {
      "type": "ADVISORY",
      "url": "https://nvd.nist.gov/vuln/detail/CVE-2022-0339"
    },
    {
      "type": "WEB",
      "url": "https://github.com/janeczku/calibre-web/commit/35f6f4c727c887f8f3607fe3233dbc1980d15020"
    },
    {
      "type": "WEB",
      "url": "https://github.com/janeczku/calibre-web/releases/tag/0.6.16"
    },
    {
      "type": "WEB",
      "url": "https://huntr.dev/bounties/499688c4-6ac4-4047-a868-7922c3eab369"
    },
    {
      "type": "PACKAGE",
      "url": "https://github.com/janeczku/calibre-web"
    }
  ],
  "affected": [
    {
      "package": {
        "name": "calibreweb",
        "ecosystem": "PyPI",
        "purl": "pkg:pypi/calibreweb"
      },
      "ranges": [
        {
          "type": "ECOSYSTEM",
          "events": [
            {
              "introduced": "0"
            },
            {
              "fixed": "0.6.16"
            }
          ]
        }
      ],
      "versions": [
        "0.6.12",
        "0.6.13",
        "0.6.14",
        "0.6.15"
      ],
      "database_specific": {
        "source": "https://github.com/github/advisory-database/blob/main/advisories/github-reviewed/2022/02/GHSA-4w8p-x6g8-fv64/GHSA-4w8p-x6g8-fv64.json"
      }
    }
  ],
  "schema_version": "1.2.0",
  "severity": [
    {
      "type": "CVSS_V3",
      "score": "CVSS:3.0/AV:N/AC:L/PR:N/UI:N/S:U/C:L/I:L/A:N"
    }
  ]
}