{
  "id": "GHSA-9hx2-hgq2-2g4f",
  "summary": "Regular Expression Denial of Service (ReDoS) in Pillow",
  "details": "An issue was discovered in Pillow before 8.1.1. The PDF parser allows a regular expression DoS (ReDoS) attack via a crafted PDF file because of a catastrophic backtracking regex.",
  "aliases": [
    "CVE-2021-25292"
  ],
  "modified": "2022-03-03T05:13:09.680069Z",
  "published": "2021-03-29T16:35:46Z",
  "database_specific": {
    "severity": "MODERATE",
    "github_reviewed": true,
    "cwe_ids": [
      "CWE-400"
    ]
  },
  "references": [
    {
      "type": "ADVISORY",
      "url": "https://nvd.nist.gov/vuln/detail/CVE-2021-25292"
    },
    {
      "type": "WEB",
      "url": "https://github.com/python-pillow/Pillow/commit/3bce145966374dd39ce58a6fc0083f8d1890719c"
    },
    {
      "type": "WEB",
      "url": "https://github.com/python-pillow/Pillow/commit/6207b44ab1ff4a91d8ddc7579619876d0bb191a4"
    },
    {
      "type": "WEB",
      "url": "https://pillow.readthedocs.io/en/stable/releasenotes/8.1.1.html"
    },
    {
      "type": "WEB",
      "url": "https://security.gentoo.org/glsa/202107-33"
    },
    {
      "type": "PACKAGE",
      "url": "https://github.com/python-pillow/Pillow/"
    }
  ],
  "affected": [
    {
      "package": {
        "name": "Pillow",
        "ecosystem": "PyPI",
        "purl": "pkg:pypi/Pillow"
      },
      "ranges": [
        {
          "type": "ECOSYSTEM",
          "events": [
            {
              "introduced": "5.1.0"
            },
            {
              "fixed": "8.1.1"
            }
          ]
        }
      ],
      "versions": [
        "5.1.0",
        "5.2.0",
        "5.3.0",
        "5.4.0",
        "5.4.0.dev0",
        "5.4.1",
        "6.0.0",
        "6.1.0",
        "6.2.0",
        "6.2.1",
        "6.2.2",
        "7.0.0",
        "7.1.0",
        "7.1.1",
        "7.1.2",
        "7.2.0",
        "8.0.0",
        "8.0.1",
        "8.1.0"
      ],
      "database_specific": {
        "source": "https://github.com/github/advisory-database/blob/main/advisories/github-reviewed/2021/03/GHSA-9hx2-hgq2-2g4f/GHSA-9hx2-hgq2-2g4f.json"
      }
    }
  ],
  "schema_version": "1.2.0",
  "severity": [
    {
      "type": "CVSS_V3",
      "score": "CVSS:3.1/AV:N/AC:L/PR:N/UI:R/S:U/C:N/I:N/A:H"
    }
  ]
}