{
  "id": "GHSA-8w3x-457r-wg53",
  "summary": "Out-of-bounds Write in OpenCV",
  "details": "OpenCV (Open Source Computer Vision Library) through 3.3 (corresponding to opencv-python and opencv-contrib-python through 3.3.0.9) has an out-of-bounds write error in the function FillColorRow1 in utils.cpp when reading an image file by using cv::imread.",
  "aliases": [
    "CVE-2017-12597"
  ],
  "modified": "2022-03-03T05:13:24.769844Z",
  "published": "2021-10-12T22:00:41Z",
  "database_specific": {
    "github_reviewed": true,
    "cwe_ids": [
      "CWE-787"
    ],
    "severity": "HIGH"
  },
  "references": [
    {
      "type": "ADVISORY",
      "url": "https://nvd.nist.gov/vuln/detail/CVE-2017-12597"
    },
    {
      "type": "WEB",
      "url": "https://github.com/opencv/opencv/issues/9309"
    },
    {
      "type": "WEB",
      "url": "https://github.com/opencv/opencv/pull/9376"
    },
    {
      "type": "WEB",
      "url": "https://github.com/opencv/opencv-python/releases/tag/11"
    },
    {
      "type": "WEB",
      "url": "https://github.com/opencv/opencv-python/releases/tag/9"
    },
    {
      "type": "WEB",
      "url": "https://github.com/xiaoqx/pocs/blob/master/opencv.md"
    },
    {
      "type": "WEB",
      "url": "https://lists.debian.org/debian-lts-announce/2018/07/msg00030.html"
    },
    {
      "type": "WEB",
      "url": "https://lists.debian.org/debian-lts-announce/2021/10/msg00028.html"
    },
    {
      "type": "WEB",
      "url": "https://security.gentoo.org/glsa/201712-02"
    },
    {
      "type": "PACKAGE",
      "url": "https://github.com/opencv/opencv-python"
    }
  ],
  "affected": [
    {
      "package": {
        "name": "opencv-python",
        "ecosystem": "PyPI",
        "purl": "pkg:pypi/opencv-python"
      },
      "ranges": [
        {
          "type": "ECOSYSTEM",
          "events": [
            {
              "introduced": "0"
            },
            {
              "fixed": "3.3.1.11"
            }
          ]
        }
      ],
      "versions": [
        "3.1.0",
        "3.1.0.0",
        "3.1.0.1",
        "3.1.0.2",
        "3.1.0.3",
        "3.1.0.4",
        "3.1.0.5",
        "3.2.0.6",
        "3.2.0.7",
        "3.2.0.8",
        "3.3.0.10",
        "3.3.0.9"
      ],
      "database_specific": {
        "last_known_affected_version_range": "<= 3.3.0.9",
        "source": "https://github.com/github/advisory-database/blob/main/advisories/github-reviewed/2021/10/GHSA-8w3x-457r-wg53/GHSA-8w3x-457r-wg53.json"
      }
    },
    {
      "package": {
        "name": "opencv-contrib-python",
        "ecosystem": "PyPI",
        "purl": "pkg:pypi/opencv-contrib-python"
      },
      "ranges": [
        {
          "type": "ECOSYSTEM",
          "events": [
            {
              "introduced": "0"
            },
            {
              "fixed": "3.3.1.11"
            }
          ]
        }
      ],
      "versions": [
        "3.1.0.0",
        "3.2.0.7",
        "3.2.0.8",
        "3.3.0.10",
        "3.3.0.9"
      ],
      "database_specific": {
        "source": "https://github.com/github/advisory-database/blob/main/advisories/github-reviewed/2021/10/GHSA-8w3x-457r-wg53/GHSA-8w3x-457r-wg53.json",
        "last_known_affected_version_range": "<= 3.3.0.9"
      }
    }
  ],
  "schema_version": "1.2.0",
  "severity": [
    {
      "type": "CVSS_V3",
      "score": "CVSS:3.0/AV:N/AC:L/PR:N/UI:R/S:U/C:H/I:H/A:H"
    }
  ]
}