{
  "id": "GHSA-fpwp-69xv-c67f",
  "summary": "Moderate severity vulnerability that affects aiohttp-session",
  "details": "The pypi package aiohttp-session before 2.4.0 contained a Session Fixation vulnerability in load_session function for RedisStorage  that can result in Session Hijacking. This attack appear to be exploitable via Any method that allows setting session cookies (?session=<>, or meta tags or script tags with Set-Cookie).",
  "aliases": [
    "CVE-2018-1000519"
  ],
  "modified": "2022-03-03T05:13:40.535531Z",
  "published": "2018-09-13T15:46:40Z",
  "database_specific": {
    "severity": "MODERATE",
    "cwe_ids": [
      "CWE-384"
    ],
    "github_reviewed": true
  },
  "references": [
    {
      "type": "ADVISORY",
      "url": "https://nvd.nist.gov/vuln/detail/CVE-2018-1000519"
    },
    {
      "type": "WEB",
      "url": "https://github.com/aio-libs/aiohttp-session/issues/272"
    },
    {
      "type": "ADVISORY",
      "url": "https://github.com/advisories/GHSA-fpwp-69xv-c67f"
    },
    {
      "type": "WEB",
      "url": "https://github.com/aio-libs/aiohttp-session/blob/master/aiohttp_session/redis_storage.py#L60"
    },
    {
      "type": "PACKAGE",
      "url": "https://github.com/aio-libs/aiohttp-session"
    }
  ],
  "affected": [
    {
      "package": {
        "name": "aiohttp-session",
        "ecosystem": "PyPI",
        "purl": "pkg:pypi/aiohttp-session"
      },
      "ranges": [
        {
          "type": "ECOSYSTEM",
          "events": [
            {
              "introduced": "0"
            },
            {
              "fixed": "2.4.0"
            }
          ]
        }
      ],
      "versions": [
        "0.0.1",
        "0.1.0",
        "0.1.1",
        "0.1.2",
        "0.2.0",
        "0.3.0",
        "0.4.0",
        "0.5.0",
        "0.7.0",
        "0.7.1",
        "0.8.0",
        "1.0.0",
        "1.0.1",
        "1.1.0",
        "1.2.0",
        "1.2.1",
        "2.0.0",
        "2.0.1",
        "2.1.0",
        "2.2.0",
        "2.3.0"
      ],
      "database_specific": {
        "source": "https://github.com/github/advisory-database/blob/main/advisories/github-reviewed/2018/09/GHSA-fpwp-69xv-c67f/GHSA-fpwp-69xv-c67f.json"
      }
    }
  ],
  "schema_version": "1.2.0",
  "severity": [
    {
      "type": "CVSS_V3",
      "score": "CVSS:3.0/AV:N/AC:L/PR:N/UI:R/S:U/C:N/I:H/A:N"
    }
  ]
}