{
  "id": "GHSA-894g-6j7q-2hx6",
  "summary": "High severity vulnerability that affects flask-admin",
  "details": "helpers.py in Flask-Admin 1.5.2 has Reflected XSS via a crafted URL.",
  "aliases": [
    "CVE-2018-16516"
  ],
  "modified": "2022-03-03T05:12:26.361294Z",
  "published": "2018-12-19T19:23:52Z",
  "database_specific": {
    "cwe_ids": [
      "CWE-79"
    ],
    "github_reviewed": true,
    "severity": "MODERATE"
  },
  "references": [
    {
      "type": "ADVISORY",
      "url": "https://nvd.nist.gov/vuln/detail/CVE-2018-16516"
    },
    {
      "type": "WEB",
      "url": "https://github.com/flask-admin/flask-admin/pull/1699"
    },
    {
      "type": "ADVISORY",
      "url": "https://github.com/advisories/GHSA-894g-6j7q-2hx6"
    },
    {
      "type": "WEB",
      "url": "https://lists.fedoraproject.org/archives/list/package-announce@lists.fedoraproject.org/message/UJIYCWIH3BRLI2QNC53CQXLKVP27X7EH/"
    },
    {
      "type": "WEB",
      "url": "https://lists.fedoraproject.org/archives/list/package-announce@lists.fedoraproject.org/message/ZU2VKULURVXEU4YFTLMBQGYMPSXQ4MBN/"
    },
    {
      "type": "PACKAGE",
      "url": "https://github.com/flask-admin/flask-admin"
    }
  ],
  "affected": [
    {
      "package": {
        "name": "flask-admin",
        "ecosystem": "PyPI",
        "purl": "pkg:pypi/flask-admin"
      },
      "ranges": [
        {
          "type": "ECOSYSTEM",
          "events": [
            {
              "introduced": "0"
            }
          ]
        }
      ],
      "versions": [
        "0.1",
        "0.1.1",
        "0.1.2",
        "0.1.3",
        "0.1.4",
        "0.2.0",
        "0.2.1",
        "0.2.2",
        "0.3.0",
        "0.4.0",
        "0.4.1",
        "0.4.2",
        "1.0.0",
        "1.0.1",
        "1.0.2",
        "1.0.3",
        "1.0.4",
        "1.0.5",
        "1.0.6",
        "1.0.7",
        "1.0.8",
        "1.0.9",
        "1.1.0",
        "1.2.0",
        "1.3.0",
        "1.4.0",
        "1.4.1",
        "1.4.2",
        "1.5.0",
        "1.5.1",
        "1.5.2",
        "1.5.3",
        "1.5.4",
        "1.5.5",
        "1.5.6",
        "1.5.7",
        "1.5.8",
        "1.6.0"
      ],
      "database_specific": {
        "source": "https://github.com/github/advisory-database/blob/main/advisories/github-reviewed/2018/12/GHSA-894g-6j7q-2hx6/GHSA-894g-6j7q-2hx6.json",
        "last_known_affected_version_range": "<= 1.5.2"
      }
    }
  ],
  "schema_version": "1.2.0",
  "severity": [
    {
      "type": "CVSS_V3",
      "score": "CVSS:3.0/AV:N/AC:L/PR:N/UI:R/S:C/C:L/I:L/A:N"
    }
  ]
}