{
  "id": "GHSA-2xpj-f5g2-8p7m",
  "summary": "Access of Uninitialized Pointer",
  "details": "asyncpg before 0.21.0 allows a malicious PostgreSQL server to trigger a crash or execute arbitrary code (on a database client) via a crafted server response, because of access to an uninitialized pointer in the array data decoder.",
  "aliases": [
    "CVE-2020-17446"
  ],
  "modified": "2022-03-03T05:12:57.647477Z",
  "published": "2021-04-20T16:30:51Z",
  "database_specific": {
    "cwe_ids": [
      "CWE-824"
    ],
    "github_reviewed": true,
    "severity": "HIGH"
  },
  "references": [
    {
      "type": "ADVISORY",
      "url": "https://nvd.nist.gov/vuln/detail/CVE-2020-17446"
    },
    {
      "type": "WEB",
      "url": "https://github.com/MagicStack/asyncpg/releases/tag/v0.21.0"
    },
    {
      "type": "WEB",
      "url": "https://lists.debian.org/debian-lts-announce/2020/09/msg00002.html"
    }
  ],
  "affected": [
    {
      "package": {
        "name": "asyncpg",
        "ecosystem": "PyPI",
        "purl": "pkg:pypi/asyncpg"
      },
      "ranges": [
        {
          "type": "ECOSYSTEM",
          "events": [
            {
              "introduced": "0"
            },
            {
              "fixed": "0.21.0"
            }
          ]
        }
      ],
      "versions": [
        "0.10.0",
        "0.10.1",
        "0.11.0",
        "0.12.0",
        "0.13.0",
        "0.14.0",
        "0.15.0",
        "0.16.0",
        "0.17.0",
        "0.18.0",
        "0.18.1",
        "0.18.2",
        "0.18.3",
        "0.19.0",
        "0.20.0",
        "0.20.1",
        "0.5.0",
        "0.5.1",
        "0.5.2",
        "0.5.3",
        "0.5.4",
        "0.6.1",
        "0.6.2",
        "0.6.3",
        "0.7.0",
        "0.8.0",
        "0.8.1",
        "0.8.2",
        "0.8.3",
        "0.8.4",
        "0.9.0",
        "0.9.0.dev1"
      ],
      "database_specific": {
        "source": "https://github.com/github/advisory-database/blob/main/advisories/github-reviewed/2021/04/GHSA-2xpj-f5g2-8p7m/GHSA-2xpj-f5g2-8p7m.json"
      }
    }
  ],
  "schema_version": "1.2.0",
  "severity": [
    {
      "type": "CVSS_V3",
      "score": "CVSS:3.1/AV:N/AC:L/PR:N/UI:N/S:U/C:H/I:H/A:H"
    }
  ]
}