{
  "id": "GHSA-6cw3-g6wv-c2xv",
  "summary": "Infinite Loop in Django",
  "details": "An issue was discovered in MultiPartParser in Django 2.2 before 2.2.27, 3.2 before 3.2.12, and 4.0 before 4.0.2. Passing certain inputs to multipart forms could result in an infinite loop when parsing files.",
  "aliases": [
    "CVE-2022-23833"
  ],
  "modified": "2022-03-03T05:12:51.704454Z",
  "published": "2022-02-04T00:00:26Z",
  "database_specific": {
    "severity": "HIGH",
    "cwe_ids": [
      "CWE-835"
    ],
    "github_reviewed": true
  },
  "references": [
    {
      "type": "ADVISORY",
      "url": "https://nvd.nist.gov/vuln/detail/CVE-2022-23833"
    },
    {
      "type": "WEB",
      "url": "https://docs.djangoproject.com/en/4.0/releases/security/"
    },
    {
      "type": "WEB",
      "url": "https://groups.google.com/forum/#!forum/django-announce"
    },
    {
      "type": "WEB",
      "url": "https://lists.fedoraproject.org/archives/list/package-announce@lists.fedoraproject.org/message/B4SQG2EAF4WCI2SLRL6XRDJ3RPK3ZRDV/"
    },
    {
      "type": "WEB",
      "url": "https://security.netapp.com/advisory/ntap-20220221-0003/"
    },
    {
      "type": "WEB",
      "url": "https://www.djangoproject.com/weblog/2022/feb/01/security-releases/"
    },
    {
      "type": "PACKAGE",
      "url": "https://github.com/django/django"
    }
  ],
  "affected": [
    {
      "package": {
        "name": "django",
        "ecosystem": "PyPI",
        "purl": "pkg:pypi/django"
      },
      "ranges": [
        {
          "type": "ECOSYSTEM",
          "events": [
            {
              "introduced": "2.2.0"
            },
            {
              "fixed": "2.2.27"
            }
          ]
        }
      ],
      "versions": [
        "2.2",
        "2.2.1",
        "2.2.10",
        "2.2.11",
        "2.2.12",
        "2.2.13",
        "2.2.14",
        "2.2.15",
        "2.2.16",
        "2.2.17",
        "2.2.18",
        "2.2.19",
        "2.2.2",
        "2.2.20",
        "2.2.21",
        "2.2.22",
        "2.2.23",
        "2.2.24",
        "2.2.25",
        "2.2.26",
        "2.2.3",
        "2.2.4",
        "2.2.5",
        "2.2.6",
        "2.2.7",
        "2.2.8",
        "2.2.9"
      ],
      "database_specific": {
        "source": "https://github.com/github/advisory-database/blob/main/advisories/github-reviewed/2022/02/GHSA-6cw3-g6wv-c2xv/GHSA-6cw3-g6wv-c2xv.json"
      }
    },
    {
      "package": {
        "name": "django",
        "ecosystem": "PyPI",
        "purl": "pkg:pypi/django"
      },
      "ranges": [
        {
          "type": "ECOSYSTEM",
          "events": [
            {
              "introduced": "3.2.0"
            },
            {
              "fixed": "3.2.12"
            }
          ]
        }
      ],
      "versions": [
        "3.2",
        "3.2.1",
        "3.2.10",
        "3.2.11",
        "3.2.2",
        "3.2.3",
        "3.2.4",
        "3.2.5",
        "3.2.6",
        "3.2.7",
        "3.2.8",
        "3.2.9"
      ],
      "database_specific": {
        "source": "https://github.com/github/advisory-database/blob/main/advisories/github-reviewed/2022/02/GHSA-6cw3-g6wv-c2xv/GHSA-6cw3-g6wv-c2xv.json"
      }
    },
    {
      "package": {
        "name": "django",
        "ecosystem": "PyPI",
        "purl": "pkg:pypi/django"
      },
      "ranges": [
        {
          "type": "ECOSYSTEM",
          "events": [
            {
              "introduced": "4.0.0"
            },
            {
              "fixed": "4.0.2"
            }
          ]
        }
      ],
      "versions": [
        "4.0",
        "4.0.1"
      ],
      "database_specific": {
        "source": "https://github.com/github/advisory-database/blob/main/advisories/github-reviewed/2022/02/GHSA-6cw3-g6wv-c2xv/GHSA-6cw3-g6wv-c2xv.json"
      }
    }
  ],
  "schema_version": "1.2.0",
  "severity": [
    {
      "type": "CVSS_V3",
      "score": "CVSS:3.1/AV:N/AC:L/PR:N/UI:N/S:U/C:N/I:N/A:H"
    }
  ]
}