{
  "id": "GHSA-3j5x-7ccf-ppgm",
  "summary": "Cross-site scripting in recommender-xblock",
  "details": "Recommender before 1.3.1 allows XSS.",
  "aliases": [
    "CVE-2018-20858"
  ],
  "modified": "2021-08-17T21:16:29Z",
  "published": "2019-08-21T16:15:33Z",
  "database_specific": {
    "cwe_ids": [
      "CWE-79"
    ],
    "github_reviewed": true,
    "severity": "MODERATE"
  },
  "references": [
    {
      "type": "ADVISORY",
      "url": "https://nvd.nist.gov/vuln/detail/CVE-2018-20858"
    },
    {
      "type": "WEB",
      "url": "https://github.com/edx/RecommenderXBlock/pull/2"
    },
    {
      "type": "WEB",
      "url": "https://groups.google.com/forum/#!topic/openedx-announce/SF8Sn6MuUTg"
    }
  ],
  "affected": [
    {
      "package": {
        "name": "recommender-xblock",
        "ecosystem": "PyPI",
        "purl": "pkg:pypi/recommender-xblock"
      },
      "ranges": [
        {
          "type": "ECOSYSTEM",
          "events": [
            {
              "introduced": "0"
            },
            {
              "fixed": "1.3.1"
            }
          ]
        }
      ],
      "database_specific": {
        "source": "https://github.com/github/advisory-database/blob/main/advisories/github-reviewed/2019/08/GHSA-3j5x-7ccf-ppgm/GHSA-3j5x-7ccf-ppgm.json"
      },
      "versions": []
    }
  ],
  "schema_version": "1.2.0",
  "severity": [
    {
      "type": "CVSS_V3",
      "score": "CVSS:3.0/AV:N/AC:L/PR:N/UI:R/S:C/C:L/I:L/A:N"
    }
  ]
}