{
  "id": "GHSA-9c29-9h4m-wg5p",
  "summary": "Users can view database names in Apache Superset",
  "details": "In Apache Incubator Superset before 0.32, a user can view database names that he has no access to on a dropdown list in SQLLab",
  "aliases": [
    "CVE-2019-12414"
  ],
  "modified": "2021-08-19T19:25:35Z",
  "published": "2020-02-26T19:55:14Z",
  "database_specific": {
    "cwe_ids": [
      "CWE-200"
    ],
    "github_reviewed": true,
    "severity": "MODERATE"
  },
  "references": [
    {
      "type": "ADVISORY",
      "url": "https://nvd.nist.gov/vuln/detail/CVE-2019-12414"
    },
    {
      "type": "WEB",
      "url": "https://lists.apache.org/thread.html/396034aabe08dd349ff44eb062c718aadcf1b4e86f6372c7d5e988c0%40%3Cdev.superset.apache.org%3E"
    }
  ],
  "affected": [
    {
      "package": {
        "name": "apache-superset",
        "ecosystem": "PyPI",
        "purl": "pkg:pypi/apache-superset"
      },
      "ranges": [
        {
          "type": "ECOSYSTEM",
          "events": [
            {
              "introduced": "0"
            },
            {
              "fixed": "0.32.0"
            }
          ]
        }
      ],
      "database_specific": {
        "source": "https://github.com/github/advisory-database/blob/main/advisories/github-reviewed/2020/02/GHSA-9c29-9h4m-wg5p/GHSA-9c29-9h4m-wg5p.json"
      },
      "versions": []
    }
  ],
  "schema_version": "1.2.0",
  "severity": [
    {
      "type": "CVSS_V3",
      "score": "CVSS:3.1/AV:N/AC:L/PR:N/UI:N/S:U/C:L/I:N/A:N"
    }
  ]
}