{
  "id": "GHSA-5xc6-fpc7-4qvg",
  "summary": "High severity vulnerability that affects CoAPthon",
  "details": "The Serialize.deserialize() method in CoAPthon 3.1, 4.0.0, 4.0.1, and 4.0.2 mishandles certain exceptions, leading to a denial of service in applications that use this library (e.g., the standard CoAP server, CoAP client, CoAP reverse proxy, example collect CoAP server and client) when they receive crafted CoAP messages.",
  "aliases": [
    "CVE-2018-12680"
  ],
  "modified": "2022-03-03T05:12:43.141511Z",
  "published": "2019-04-08T15:19:01Z",
  "database_specific": {
    "github_reviewed": true,
    "severity": "HIGH",
    "cwe_ids": [
      "CWE-502"
    ]
  },
  "references": [
    {
      "type": "ADVISORY",
      "url": "https://nvd.nist.gov/vuln/detail/CVE-2018-12680"
    },
    {
      "type": "WEB",
      "url": "https://github.com/Tanganelli/CoAPthon/issues/135"
    },
    {
      "type": "ADVISORY",
      "url": "https://github.com/advisories/GHSA-5xc6-fpc7-4qvg"
    },
    {
      "type": "PACKAGE",
      "url": "https://github.com/Tanganelli/CoAPthon"
    }
  ],
  "affected": [
    {
      "package": {
        "name": "CoAPthon",
        "ecosystem": "PyPI",
        "purl": "pkg:pypi/CoAPthon"
      },
      "ranges": [
        {
          "type": "ECOSYSTEM",
          "events": [
            {
              "introduced": "0"
            }
          ]
        }
      ],
      "versions": [
        "4.0.0",
        "4.0.1",
        "4.0.2"
      ],
      "database_specific": {
        "last_known_affected_version_range": "<= 4.0.2",
        "source": "https://github.com/github/advisory-database/blob/main/advisories/github-reviewed/2019/04/GHSA-5xc6-fpc7-4qvg/GHSA-5xc6-fpc7-4qvg.json"
      }
    }
  ],
  "schema_version": "1.2.0",
  "severity": [
    {
      "type": "CVSS_V3",
      "score": "CVSS:3.0/AV:N/AC:L/PR:N/UI:N/S:U/C:N/I:N/A:H"
    }
  ]
}