{
  "id": "GHSA-c6jq-h4jp-72pr",
  "summary": "NULL Pointer Dereference in aubio",
  "details": "aubio v0.4.0 to v0.4.8 has a new_aubio_onset NULL pointer dereference.",
  "aliases": [
    "CVE-2018-19802"
  ],
  "modified": "2022-03-03T05:13:23.679223Z",
  "published": "2019-07-26T16:10:25Z",
  "database_specific": {
    "cwe_ids": [
      "CWE-476"
    ],
    "severity": "HIGH",
    "github_reviewed": true
  },
  "references": [
    {
      "type": "ADVISORY",
      "url": "https://nvd.nist.gov/vuln/detail/CVE-2018-19802"
    },
    {
      "type": "WEB",
      "url": "https://github.com/aubio/aubio/blob/0.4.9/ChangeLog"
    }
  ],
  "affected": [
    {
      "package": {
        "name": "aubio",
        "ecosystem": "PyPI",
        "purl": "pkg:pypi/aubio"
      },
      "ranges": [
        {
          "type": "ECOSYSTEM",
          "events": [
            {
              "introduced": "0.4.0"
            },
            {
              "fixed": "0.4.9"
            }
          ]
        }
      ],
      "versions": [
        "0.4.3",
        "0.4.3.post1",
        "0.4.3a1",
        "0.4.3a2",
        "0.4.4",
        "0.4.5",
        "0.4.6",
        "0.4.7",
        "0.4.8"
      ],
      "database_specific": {
        "source": "https://github.com/github/advisory-database/blob/main/advisories/github-reviewed/2019/07/GHSA-c6jq-h4jp-72pr/GHSA-c6jq-h4jp-72pr.json"
      }
    }
  ],
  "schema_version": "1.2.0",
  "severity": [
    {
      "type": "CVSS_V3",
      "score": "CVSS:3.0/AV:N/AC:L/PR:N/UI:N/S:U/C:N/I:N/A:H"
    }
  ]
}