{
  "id": "GHSA-8xjv-v9xq-m5h9",
  "summary": "Moderate severity vulnerability that affects Pillow",
  "details": "Buffer overflow in the ImagingFliDecode function in libImaging/FliDecode.c in Pillow before 3.1.1 allows remote attackers to cause a denial of service (crash) via a crafted FLI file.",
  "aliases": [
    "CVE-2016-0775"
  ],
  "modified": "2022-03-03T05:13:11.215565Z",
  "published": "2018-07-24T20:15:36Z",
  "database_specific": {
    "severity": "MODERATE",
    "github_reviewed": true,
    "cwe_ids": [
      "CWE-119"
    ]
  },
  "references": [
    {
      "type": "ADVISORY",
      "url": "https://nvd.nist.gov/vuln/detail/CVE-2016-0775"
    },
    {
      "type": "WEB",
      "url": "https://github.com/python-pillow/Pillow/commit/893a40850c2d5da41537958e40569c029a6e127b"
    },
    {
      "type": "ADVISORY",
      "url": "https://github.com/advisories/GHSA-8xjv-v9xq-m5h9"
    },
    {
      "type": "WEB",
      "url": "https://github.com/python-pillow/Pillow/blob/c3cb690fed5d4bf0c45576759de55d054916c165/CHANGES.rst"
    },
    {
      "type": "WEB",
      "url": "https://security.gentoo.org/glsa/201612-52"
    },
    {
      "type": "WEB",
      "url": "http://www.debian.org/security/2016/dsa-3499"
    },
    {
      "type": "PACKAGE",
      "url": "https://github.com/python-pillow/Pillow"
    }
  ],
  "affected": [
    {
      "package": {
        "name": "Pillow",
        "ecosystem": "PyPI",
        "purl": "pkg:pypi/Pillow"
      },
      "ranges": [
        {
          "type": "ECOSYSTEM",
          "events": [
            {
              "introduced": "0"
            },
            {
              "fixed": "3.1.1"
            }
          ]
        }
      ],
      "versions": [
        "1.0",
        "1.1",
        "1.2",
        "1.3",
        "1.4",
        "1.5",
        "1.6",
        "1.7.0",
        "1.7.1",
        "1.7.2",
        "1.7.3",
        "1.7.4",
        "1.7.5",
        "1.7.6",
        "1.7.7",
        "1.7.8",
        "2.0.0",
        "2.1.0",
        "2.2.0",
        "2.2.1",
        "2.2.2",
        "2.3.0",
        "2.3.1",
        "2.3.2",
        "2.4.0",
        "2.5.0",
        "2.5.1",
        "2.5.2",
        "2.5.3",
        "2.6.0",
        "2.6.1",
        "2.6.2",
        "2.7.0",
        "2.8.0",
        "2.8.1",
        "2.8.2",
        "2.9.0",
        "3.0.0",
        "3.1.0",
        "3.1.0.rc1",
        "3.1.0rc1"
      ],
      "database_specific": {
        "source": "https://github.com/github/advisory-database/blob/main/advisories/github-reviewed/2018/07/GHSA-8xjv-v9xq-m5h9/GHSA-8xjv-v9xq-m5h9.json"
      }
    }
  ],
  "schema_version": "1.2.0",
  "severity": [
    {
      "type": "CVSS_V3",
      "score": "CVSS:3.0/AV:N/AC:L/PR:N/UI:R/S:U/C:N/I:N/A:H"
    }
  ]
}