{
  "id": "GHSA-cvcq-gmc3-q6m8",
  "summary": "Plain text storage of passwords in Apache Airflow",
  "details": "In Airflow versions prior to 1.10.13, when creating a user using airflow CLI, the password gets logged in plain text in the Log table in Airflow Metadatase. Same happened when creating a Connection with a password field.",
  "aliases": [
    "CVE-2020-17511"
  ],
  "modified": "2022-03-03T05:13:05.111214Z",
  "published": "2020-12-17T21:00:56Z",
  "database_specific": {
    "severity": "MODERATE",
    "cwe_ids": [
      "CWE-312"
    ],
    "github_reviewed": true
  },
  "references": [
    {
      "type": "ADVISORY",
      "url": "https://nvd.nist.gov/vuln/detail/CVE-2020-17511"
    },
    {
      "type": "WEB",
      "url": "https://github.com/apache/airflow/commit/4e32546faf227a6497ce8b282fff7450cae6f665"
    },
    {
      "type": "WEB",
      "url": "https://lists.apache.org/thread.html/ree782a29d927b96bf0b39fb92e2f1f09ea3112a985f7a08ce93765ac%40%3Cusers.airflow.apache.org%3E"
    }
  ],
  "affected": [
    {
      "package": {
        "name": "apache-airflow",
        "ecosystem": "PyPI",
        "purl": "pkg:pypi/apache-airflow"
      },
      "ranges": [
        {
          "type": "ECOSYSTEM",
          "events": [
            {
              "introduced": "0"
            },
            {
              "fixed": "1.10.13"
            }
          ]
        }
      ],
      "versions": [
        "1.10.0",
        "1.10.1",
        "1.10.10",
        "1.10.10rc1",
        "1.10.10rc2",
        "1.10.10rc3",
        "1.10.10rc4",
        "1.10.10rc5",
        "1.10.11",
        "1.10.11rc1",
        "1.10.11rc2",
        "1.10.12",
        "1.10.12rc1",
        "1.10.12rc2",
        "1.10.12rc3",
        "1.10.12rc4",
        "1.10.13rc1",
        "1.10.1b1",
        "1.10.1rc2",
        "1.10.2",
        "1.10.2b2",
        "1.10.2rc1",
        "1.10.2rc2",
        "1.10.2rc3",
        "1.10.3",
        "1.10.3b1",
        "1.10.3b2",
        "1.10.3rc1",
        "1.10.3rc2",
        "1.10.4",
        "1.10.4b2",
        "1.10.4rc1",
        "1.10.4rc2",
        "1.10.4rc3",
        "1.10.4rc4",
        "1.10.4rc5",
        "1.10.5",
        "1.10.5rc1",
        "1.10.6",
        "1.10.6rc1",
        "1.10.6rc2",
        "1.10.7",
        "1.10.7rc1",
        "1.10.7rc2",
        "1.10.7rc3",
        "1.10.8",
        "1.10.8rc1",
        "1.10.9",
        "1.10.9rc1",
        "1.8.1",
        "1.8.2",
        "1.8.2rc1",
        "1.9.0"
      ],
      "database_specific": {
        "source": "https://github.com/github/advisory-database/blob/main/advisories/github-reviewed/2020/12/GHSA-cvcq-gmc3-q6m8/GHSA-cvcq-gmc3-q6m8.json"
      }
    }
  ],
  "schema_version": "1.2.0"
}