{
  "id": "GHSA-2ghc-6v89-pw9j",
  "summary": "Prototype Pollution in body-parser-xml ",
  "details": "body-parser-xml is vulnerable to Improperly Controlled Modification of Object Prototype Attributes ('Prototype Pollution')",
  "aliases": [
    "CVE-2021-3666"
  ],
  "modified": "2021-09-14T18:39:31Z",
  "published": "2021-09-14T20:25:35Z",
  "database_specific": {
    "github_reviewed": true,
    "severity": "HIGH",
    "cwe_ids": [
      "CWE-1321",
      "CWE-915"
    ]
  },
  "references": [
    {
      "type": "ADVISORY",
      "url": "https://nvd.nist.gov/vuln/detail/CVE-2021-3666"
    },
    {
      "type": "WEB",
      "url": "https://github.com/fiznool/body-parser-xml/commit/d46ca622560f7c9a033cd9321c61e92558150d63"
    },
    {
      "type": "WEB",
      "url": "https://huntr.dev/bounties/1-other-fiznool/body-parser-xml"
    },
    {
      "type": "PACKAGE",
      "url": "https://github.com/fiznool/body-parser-xml"
    }
  ],
  "affected": [
    {
      "package": {
        "name": "body-parser-xml",
        "ecosystem": "npm",
        "purl": "pkg:npm/body-parser-xml"
      },
      "ranges": [
        {
          "type": "SEMVER",
          "events": [
            {
              "introduced": "0"
            },
            {
              "fixed": "2.0.3"
            }
          ]
        }
      ],
      "database_specific": {
        "source": "https://github.com/github/advisory-database/blob/main/advisories/github-reviewed/2021/09/GHSA-2ghc-6v89-pw9j/GHSA-2ghc-6v89-pw9j.json"
      }
    },
    {
      "package": {
        "name": "body-parser-xml-nuget",
        "ecosystem": "NuGet",
        "purl": "pkg:nuget/body-parser-xml-nuget"
      },
      "ranges": [
        {
          "type": "ECOSYSTEM",
          "events": [
            {
              "introduced": "0"
            },
            {
              "fixed": "1.0.0"
            }
          ]
        }
      ],
      "database_specific": {
        "source": "https://github.com/github/advisory-database/blob/main/advisories/github-reviewed/2021/09/GHSA-2ghc-6v89-pw9j/GHSA-2ghc-6v89-pw9j.json"
      }
    },
    {
      "package": {
        "name": "body-parser-xml-pip",
        "ecosystem": "PyPI",
        "purl": "pkg:pypi/body-parser-xml-pip"
      },
      "ranges": [
        {
          "type": "ECOSYSTEM",
          "events": [
            {
              "introduced": "0"
            },
            {
              "fixed": "3.0.0"
            }
          ]
        }
      ],
      "database_specific": {
        "source": "https://github.com/github/advisory-database/blob/main/advisories/github-reviewed/2021/09/GHSA-2ghc-6v89-pw9j/GHSA-2ghc-6v89-pw9j.json"
      }
    }
  ],
  "schema_version": "1.2.0",
  "severity": [
    {
      "type": "CVSS_V3",
      "score": "CVSS:3.0/AV:N/AC:L/PR:L/UI:N/S:U/C:L/I:L/A:H"
    }
  ]
}