{
  "id": "GHSA-92x2-jw7w-xvvx",
  "summary": "Cookie and header exposure in twisted",
  "details": "### Impact\n\nCookie and Authorization headers are leaked when following cross-origin redirects in `twited.web.client.RedirectAgent` and `twisted.web.client.BrowserLikeRedirectAgent`.",
  "aliases": [
    "CVE-2022-21712"
  ],
  "modified": "2022-03-03T05:13:31.166572Z",
  "published": "2022-02-07T22:36:00Z",
  "database_specific": {
    "severity": "HIGH",
    "github_reviewed": true,
    "cwe_ids": [
      "CWE-200",
      "CWE-346"
    ]
  },
  "references": [
    {
      "type": "WEB",
      "url": "https://github.com/twisted/twisted/security/advisories/GHSA-92x2-jw7w-xvvx"
    },
    {
      "type": "ADVISORY",
      "url": "https://nvd.nist.gov/vuln/detail/CVE-2022-21712"
    },
    {
      "type": "WEB",
      "url": "https://github.com/twisted/twisted/commit/af8fe78542a6f2bf2235ccee8158d9c88d31e8e2"
    },
    {
      "type": "WEB",
      "url": "https://github.com/twisted/twisted/releases/tag/twisted-22.1.0"
    },
    {
      "type": "WEB",
      "url": "https://lists.debian.org/debian-lts-announce/2022/02/msg00021.html"
    },
    {
      "type": "PACKAGE",
      "url": "https://github.com/twisted/twisted"
    }
  ],
  "affected": [
    {
      "package": {
        "name": "twisted",
        "ecosystem": "PyPI",
        "purl": "pkg:pypi/twisted"
      },
      "ranges": [
        {
          "type": "ECOSYSTEM",
          "events": [
            {
              "introduced": "11.1"
            },
            {
              "fixed": "22.1"
            }
          ]
        }
      ],
      "versions": [
        "11.1.0",
        "12.0.0",
        "12.1.0",
        "12.2.0",
        "12.3.0",
        "13.0.0",
        "13.1.0",
        "13.2.0",
        "14.0.0",
        "14.0.1",
        "14.0.2",
        "15.0.0",
        "15.1.0",
        "15.2.0",
        "15.2.1",
        "15.3.0",
        "15.4.0",
        "15.5.0",
        "16.0.0",
        "16.1.0",
        "16.1.1",
        "16.2.0",
        "16.3.0",
        "16.3.1",
        "16.3.2",
        "16.4.0",
        "16.4.1",
        "16.5.0",
        "16.5.0rc1",
        "16.5.0rc2",
        "16.6.0",
        "16.6.0rc1",
        "16.7.0rc1",
        "16.7.0rc2",
        "17.1.0",
        "17.1.0rc1",
        "17.5.0",
        "17.9.0",
        "17.9.0rc1",
        "18.4.0",
        "18.4.0rc1",
        "18.7.0",
        "18.7.0rc1",
        "18.7.0rc2",
        "18.9.0",
        "18.9.0rc1",
        "19.10.0",
        "19.10.0rc1",
        "19.2.0",
        "19.2.0rc1",
        "19.2.0rc2",
        "19.2.1",
        "19.7.0",
        "19.7.0rc1",
        "20.3.0",
        "20.3.0rc1",
        "21.2.0",
        "21.2.0rc1",
        "21.7.0",
        "21.7.0rc1",
        "21.7.0rc2",
        "21.7.0rc3",
        "22.1.0rc1"
      ],
      "database_specific": {
        "source": "https://github.com/github/advisory-database/blob/main/advisories/github-reviewed/2022/02/GHSA-92x2-jw7w-xvvx/GHSA-92x2-jw7w-xvvx.json"
      }
    }
  ],
  "schema_version": "1.2.0",
  "severity": [
    {
      "type": "CVSS_V3",
      "score": "CVSS:3.1/AV:N/AC:L/PR:N/UI:N/S:U/C:H/I:N/A:N"
    }
  ]
}