{
  "id": "GHSA-c2vx-49jm-h3f6",
  "summary": "Moderate severity vulnerability that affects pysaml2",
  "details": "XML External Entity (XXE) vulnerability in PySAML2 4.4.0 and earlier allows remote attackers to read arbitrary files via a crafted SAML XML request or response.",
  "aliases": [
    "CVE-2016-10149"
  ],
  "modified": "2022-03-03T05:14:07.283884Z",
  "published": "2018-07-16T16:50:12Z",
  "database_specific": {
    "cwe_ids": [
      "CWE-611"
    ],
    "severity": "HIGH",
    "github_reviewed": true
  },
  "references": [
    {
      "type": "ADVISORY",
      "url": "https://nvd.nist.gov/vuln/detail/CVE-2016-10149"
    },
    {
      "type": "WEB",
      "url": "https://github.com/rohe/pysaml2/issues/366"
    },
    {
      "type": "WEB",
      "url": "https://github.com/rohe/pysaml2/pull/379"
    },
    {
      "type": "WEB",
      "url": "https://github.com/rohe/pysaml2/commit/6e09a25d9b4b7aa7a506853210a9a14100b8bc9b"
    },
    {
      "type": "WEB",
      "url": "https://access.redhat.com/errata/RHSA-2017:0936"
    },
    {
      "type": "WEB",
      "url": "https://access.redhat.com/errata/RHSA-2017:0937"
    },
    {
      "type": "WEB",
      "url": "https://access.redhat.com/errata/RHSA-2017:0938"
    },
    {
      "type": "WEB",
      "url": "https://bugs.debian.org/cgi-bin/bugreport.cgi?bug=850716"
    },
    {
      "type": "ADVISORY",
      "url": "https://github.com/advisories/GHSA-c2vx-49jm-h3f6"
    },
    {
      "type": "WEB",
      "url": "http://www.debian.org/security/2017/dsa-3759"
    },
    {
      "type": "WEB",
      "url": "http://www.openwall.com/lists/oss-security/2017/01/19/5"
    },
    {
      "type": "WEB",
      "url": "http://www.securityfocus.com/bid/97692"
    },
    {
      "type": "PACKAGE",
      "url": "https://github.com/rohe/pysaml2"
    }
  ],
  "affected": [
    {
      "package": {
        "name": "pysaml2",
        "ecosystem": "PyPI",
        "purl": "pkg:pypi/pysaml2"
      },
      "ranges": [
        {
          "type": "ECOSYSTEM",
          "events": [
            {
              "introduced": "0"
            },
            {
              "fixed": "4.5.0"
            }
          ]
        }
      ],
      "versions": [
        "0.4.3",
        "1.0.1",
        "1.0.2",
        "1.0.3",
        "1.1.0",
        "2.0.0",
        "2.1.0",
        "2.2.0",
        "2.3.0",
        "2.4.0",
        "3.0.0",
        "3.0.2",
        "4.0.0",
        "4.0.1",
        "4.0.2",
        "4.0.3",
        "4.0.4",
        "4.0.5",
        "4.0.5rc1",
        "4.1.0",
        "4.2.0",
        "4.3.0",
        "4.4.0"
      ],
      "database_specific": {
        "last_known_affected_version_range": "<= 4.4.0",
        "source": "https://github.com/github/advisory-database/blob/main/advisories/github-reviewed/2018/07/GHSA-c2vx-49jm-h3f6/GHSA-c2vx-49jm-h3f6.json"
      }
    }
  ],
  "schema_version": "1.2.0",
  "severity": [
    {
      "type": "CVSS_V3",
      "score": "CVSS:3.0/AV:N/AC:L/PR:N/UI:N/S:U/C:H/I:N/A:N"
    }
  ]
}