{
  "id": "GHSA-5gm3-px64-rw72",
  "summary": "Uncontrolled Resource Consumption in Pillow",
  "details": "There is a DoS vulnerability in Pillow before 6.2.2 caused by FpxImagePlugin.py calling the range function on an unvalidated 32-bit integer if the number of bands is large. On Windows running 32-bit Python, this results in an OverflowError or MemoryError due to the 2 GB limit. However, on Linux running 64-bit Python this results in the process being terminated by the OOM killer.",
  "aliases": [
    "CVE-2019-19911"
  ],
  "modified": "2022-03-03T05:13:26.301897Z",
  "published": "2020-04-01T16:36:44Z",
  "database_specific": {
    "github_reviewed": true,
    "cwe_ids": [
      "CWE-190"
    ],
    "severity": "HIGH"
  },
  "references": [
    {
      "type": "ADVISORY",
      "url": "https://nvd.nist.gov/vuln/detail/CVE-2019-19911"
    },
    {
      "type": "WEB",
      "url": "https://github.com/python-pillow/Pillow/commit/774e53bb132461d8d5ebefec1162e29ec0ebc63d"
    },
    {
      "type": "WEB",
      "url": "https://github.com/python-pillow/Pillow/blob/master/CHANGES.rst#622-2020-01-02"
    },
    {
      "type": "WEB",
      "url": "https://lists.fedoraproject.org/archives/list/package-announce@lists.fedoraproject.org/message/3DUMIBUYGJRAVJCTFUWBRLVQKOUTVX5P/"
    },
    {
      "type": "WEB",
      "url": "https://pillow.readthedocs.io/en/stable/releasenotes/6.2.2.html"
    },
    {
      "type": "WEB",
      "url": "https://usn.ubuntu.com/4272-1/"
    },
    {
      "type": "WEB",
      "url": "https://www.debian.org/security/2020/dsa-4631"
    }
  ],
  "affected": [
    {
      "package": {
        "name": "Pillow",
        "ecosystem": "PyPI",
        "purl": "pkg:pypi/Pillow"
      },
      "ranges": [
        {
          "type": "ECOSYSTEM",
          "events": [
            {
              "introduced": "0"
            },
            {
              "fixed": "6.2.2"
            }
          ]
        }
      ],
      "versions": [
        "1.0",
        "1.1",
        "1.2",
        "1.3",
        "1.4",
        "1.5",
        "1.6",
        "1.7.0",
        "1.7.1",
        "1.7.2",
        "1.7.3",
        "1.7.4",
        "1.7.5",
        "1.7.6",
        "1.7.7",
        "1.7.8",
        "2.0.0",
        "2.1.0",
        "2.2.0",
        "2.2.1",
        "2.2.2",
        "2.3.0",
        "2.3.1",
        "2.3.2",
        "2.4.0",
        "2.5.0",
        "2.5.1",
        "2.5.2",
        "2.5.3",
        "2.6.0",
        "2.6.1",
        "2.6.2",
        "2.7.0",
        "2.8.0",
        "2.8.1",
        "2.8.2",
        "2.9.0",
        "3.0.0",
        "3.1.0",
        "3.1.0.rc1",
        "3.1.0rc1",
        "3.1.1",
        "3.1.2",
        "3.2.0",
        "3.3.0",
        "3.3.1",
        "3.3.2",
        "3.3.3",
        "3.4.0",
        "3.4.1",
        "3.4.2",
        "4.0.0",
        "4.1.0",
        "4.1.1",
        "4.2.0",
        "4.2.1",
        "4.3.0",
        "5.0.0",
        "5.1.0",
        "5.2.0",
        "5.3.0",
        "5.4.0",
        "5.4.0.dev0",
        "5.4.1",
        "6.0.0",
        "6.1.0",
        "6.2.0",
        "6.2.1"
      ],
      "database_specific": {
        "source": "https://github.com/github/advisory-database/blob/main/advisories/github-reviewed/2020/04/GHSA-5gm3-px64-rw72/GHSA-5gm3-px64-rw72.json"
      }
    }
  ],
  "schema_version": "1.2.0",
  "severity": [
    {
      "type": "CVSS_V3",
      "score": "CVSS:3.1/AV:N/AC:L/PR:N/UI:N/S:U/C:N/I:N/A:H"
    }
  ]
}