{
  "id": "GHSA-8xjq-8fcg-g5hw",
  "summary": "Out-of-bounds Write in Pillow",
  "details": "An issue was discovered in Pillow before 8.1.1. In TiffDecode.c, there is a negative-offset memcpy with an invalid size.",
  "aliases": [
    "CVE-2021-25290"
  ],
  "modified": "2022-03-03T05:13:02.853238Z",
  "published": "2021-03-29T16:35:36Z",
  "database_specific": {
    "cwe_ids": [
      "CWE-787"
    ],
    "github_reviewed": true,
    "severity": "HIGH"
  },
  "references": [
    {
      "type": "ADVISORY",
      "url": "https://nvd.nist.gov/vuln/detail/CVE-2021-25290"
    },
    {
      "type": "WEB",
      "url": "https://github.com/python-pillow/Pillow/commit/86f02f7c70862a0954bfe8133736d352db978eaa"
    },
    {
      "type": "WEB",
      "url": "https://lists.debian.org/debian-lts-announce/2021/07/msg00018.html"
    },
    {
      "type": "WEB",
      "url": "https://pillow.readthedocs.io/en/stable/releasenotes/8.1.1.html"
    },
    {
      "type": "WEB",
      "url": "https://security.gentoo.org/glsa/202107-33"
    }
  ],
  "affected": [
    {
      "package": {
        "name": "Pillow",
        "ecosystem": "PyPI",
        "purl": "pkg:pypi/Pillow"
      },
      "ranges": [
        {
          "type": "ECOSYSTEM",
          "events": [
            {
              "introduced": "0"
            },
            {
              "fixed": "8.1.1"
            }
          ]
        }
      ],
      "versions": [
        "1.0",
        "1.1",
        "1.2",
        "1.3",
        "1.4",
        "1.5",
        "1.6",
        "1.7.0",
        "1.7.1",
        "1.7.2",
        "1.7.3",
        "1.7.4",
        "1.7.5",
        "1.7.6",
        "1.7.7",
        "1.7.8",
        "2.0.0",
        "2.1.0",
        "2.2.0",
        "2.2.1",
        "2.2.2",
        "2.3.0",
        "2.3.1",
        "2.3.2",
        "2.4.0",
        "2.5.0",
        "2.5.1",
        "2.5.2",
        "2.5.3",
        "2.6.0",
        "2.6.1",
        "2.6.2",
        "2.7.0",
        "2.8.0",
        "2.8.1",
        "2.8.2",
        "2.9.0",
        "3.0.0",
        "3.1.0",
        "3.1.0.rc1",
        "3.1.0rc1",
        "3.1.1",
        "3.1.2",
        "3.2.0",
        "3.3.0",
        "3.3.1",
        "3.3.2",
        "3.3.3",
        "3.4.0",
        "3.4.1",
        "3.4.2",
        "4.0.0",
        "4.1.0",
        "4.1.1",
        "4.2.0",
        "4.2.1",
        "4.3.0",
        "5.0.0",
        "5.1.0",
        "5.2.0",
        "5.3.0",
        "5.4.0",
        "5.4.0.dev0",
        "5.4.1",
        "6.0.0",
        "6.1.0",
        "6.2.0",
        "6.2.1",
        "6.2.2",
        "7.0.0",
        "7.1.0",
        "7.1.1",
        "7.1.2",
        "7.2.0",
        "8.0.0",
        "8.0.1",
        "8.1.0"
      ],
      "database_specific": {
        "source": "https://github.com/github/advisory-database/blob/main/advisories/github-reviewed/2021/03/GHSA-8xjq-8fcg-g5hw/GHSA-8xjq-8fcg-g5hw.json"
      }
    }
  ],
  "schema_version": "1.2.0",
  "severity": [
    {
      "type": "CVSS_V3",
      "score": "CVSS:3.1/AV:N/AC:L/PR:N/UI:N/S:U/C:N/I:N/A:H"
    }
  ]
}