{
  "id": "GHSA-c3xq-cj8f-7829",
  "summary": "Inadequate Encryption Strength in python-keystoneclient",
  "details": "python-keystoneclient version 0.2.3 to 0.2.5 has middleware memcache encryption bypass",
  "aliases": [
    "CVE-2013-2166"
  ],
  "modified": "2022-03-03T05:14:00.867660Z",
  "published": "2021-10-12T16:31:43Z",
  "database_specific": {
    "severity": "CRITICAL",
    "github_reviewed": true,
    "cwe_ids": [
      "CWE-326"
    ]
  },
  "references": [
    {
      "type": "ADVISORY",
      "url": "https://nvd.nist.gov/vuln/detail/CVE-2013-2166"
    },
    {
      "type": "WEB",
      "url": "https://github.com/openstack/python-keystoneclient/commit/eeefb784f24c37d5f56a421e1ccc911cace9385e"
    },
    {
      "type": "WEB",
      "url": "https://access.redhat.com/security/cve/cve-2013-2166"
    },
    {
      "type": "WEB",
      "url": "https://bugzilla.redhat.com/show_bug.cgi?id=CVE-2013-2166"
    },
    {
      "type": "WEB",
      "url": "https://bugzilla.suse.com/show_bug.cgi?id=CVE-2013-2166"
    },
    {
      "type": "WEB",
      "url": "https://security-tracker.debian.org/tracker/CVE-2013-2166"
    },
    {
      "type": "WEB",
      "url": "http://lists.fedoraproject.org/pipermail/package-announce/2013-August/113944.html"
    },
    {
      "type": "WEB",
      "url": "http://rhn.redhat.com/errata/RHSA-2013-0992.html"
    },
    {
      "type": "WEB",
      "url": "http://www.openwall.com/lists/oss-security/2013/06/19/5"
    },
    {
      "type": "WEB",
      "url": "http://www.securityfocus.com/bid/60684"
    },
    {
      "type": "PACKAGE",
      "url": "https://github.com/openstack/python-keystoneclient"
    }
  ],
  "affected": [
    {
      "package": {
        "name": "python-keystoneclient",
        "ecosystem": "PyPI",
        "purl": "pkg:pypi/python-keystoneclient"
      },
      "ranges": [
        {
          "type": "ECOSYSTEM",
          "events": [
            {
              "introduced": "0.2.3"
            },
            {
              "fixed": "0.3.0"
            }
          ]
        }
      ],
      "versions": [
        "0.2.3",
        "0.2.4",
        "0.2.5"
      ],
      "database_specific": {
        "source": "https://github.com/github/advisory-database/blob/main/advisories/github-reviewed/2021/10/GHSA-c3xq-cj8f-7829/GHSA-c3xq-cj8f-7829.json",
        "last_known_affected_version_range": "<= 0.2.5"
      }
    }
  ],
  "schema_version": "1.2.0",
  "severity": [
    {
      "type": "CVSS_V3",
      "score": "CVSS:3.1/AV:N/AC:L/PR:N/UI:N/S:U/C:H/I:H/A:H"
    }
  ]
}