{
  "id": "GHSA-63rq-p8fp-524q",
  "summary": "Potential API key leak",
  "details": "If a user is actively blackholing the location or weather APIs, or those APIs become otherwise unavailable, it is possible for the API keys to get leaked to the active IRC channel.\n\nThis is patched in v1.2.4",
  "modified": "2022-03-03T05:11:58.131675Z",
  "published": "2021-04-13T15:12:06Z",
  "database_specific": {
    "cwe_ids": [
      "CWE-200"
    ],
    "github_reviewed": true,
    "severity": "MODERATE"
  },
  "references": [
    {
      "type": "WEB",
      "url": "https://github.com/sopel-irc/sopel-weather/security/advisories/GHSA-63rq-p8fp-524q"
    }
  ],
  "affected": [
    {
      "package": {
        "name": "sopel-modules.weather",
        "ecosystem": "PyPI",
        "purl": "pkg:pypi/sopel-modules.weather"
      },
      "ranges": [
        {
          "type": "ECOSYSTEM",
          "events": [
            {
              "introduced": "0"
            },
            {
              "fixed": "1.2.4"
            }
          ]
        }
      ],
      "versions": [
        "0.0.1",
        "0.0.2",
        "0.0.3",
        "0.0.4",
        "0.0.5",
        "0.0.6",
        "0.0.7",
        "1.0.0",
        "1.0.1",
        "1.0.2",
        "1.1.0",
        "1.2.0",
        "1.2.1",
        "1.2.2"
      ],
      "database_specific": {
        "source": "https://github.com/github/advisory-database/blob/main/advisories/github-reviewed/2021/04/GHSA-63rq-p8fp-524q/GHSA-63rq-p8fp-524q.json"
      }
    }
  ],
  "schema_version": "1.2.0"
}