{
  "id": "GHSA-43fq-w8qq-v88h",
  "summary": "Out-of-bounds read in Pillow",
  "details": "In libImaging/SgiRleDecode.c in Pillow through 7.0.0, a number of out-of-bounds reads exist in the parsing of SGI image files, a different issue than CVE-2020-5311.",
  "aliases": [
    "CVE-2020-11538"
  ],
  "modified": "2022-03-03T05:13:46.477221Z",
  "published": "2020-07-27T21:52:36Z",
  "database_specific": {
    "severity": "HIGH",
    "cwe_ids": [
      "CWE-125"
    ],
    "github_reviewed": true
  },
  "references": [
    {
      "type": "ADVISORY",
      "url": "https://nvd.nist.gov/vuln/detail/CVE-2020-11538"
    },
    {
      "type": "WEB",
      "url": "https://github.com/python-pillow/Pillow/pull/4504"
    },
    {
      "type": "WEB",
      "url": "https://github.com/python-pillow/Pillow/pull/4538"
    },
    {
      "type": "WEB",
      "url": "https://github.com/python-pillow/Pillow/commit/2ef59fdbaeb756bc512ab3f2ad15ac45665b303d"
    },
    {
      "type": "WEB",
      "url": "https://github.com/python-pillow/Pillow/blob/master/docs/releasenotes/7.1.0.rst#security"
    },
    {
      "type": "WEB",
      "url": "https://lists.fedoraproject.org/archives/list/package-announce@lists.fedoraproject.org/message/BEBCPE4F2VHTIT6EZA2YZQZLPVDEBJGD/"
    },
    {
      "type": "WEB",
      "url": "https://lists.fedoraproject.org/archives/list/package-announce@lists.fedoraproject.org/message/HOKHNWV2VS5GESY7IBD237E7C6T3I427/"
    },
    {
      "type": "WEB",
      "url": "https://pillow.readthedocs.io/en/stable/releasenotes/7.1.0.html"
    },
    {
      "type": "WEB",
      "url": "https://pillow.readthedocs.io/en/stable/releasenotes/index.html"
    },
    {
      "type": "WEB",
      "url": "https://snyk.io/vuln/SNYK-PYTHON-PILLOW-574574"
    },
    {
      "type": "WEB",
      "url": "https://usn.ubuntu.com/4430-1/"
    },
    {
      "type": "WEB",
      "url": "https://usn.ubuntu.com/4430-2/"
    },
    {
      "type": "PACKAGE",
      "url": "https://github.com/python-pillow/Pillow"
    }
  ],
  "affected": [
    {
      "package": {
        "name": "Pillow",
        "ecosystem": "PyPI",
        "purl": "pkg:pypi/Pillow"
      },
      "ranges": [
        {
          "type": "ECOSYSTEM",
          "events": [
            {
              "introduced": "0"
            },
            {
              "fixed": "7.1.0"
            }
          ]
        }
      ],
      "versions": [
        "1.0",
        "1.1",
        "1.2",
        "1.3",
        "1.4",
        "1.5",
        "1.6",
        "1.7.0",
        "1.7.1",
        "1.7.2",
        "1.7.3",
        "1.7.4",
        "1.7.5",
        "1.7.6",
        "1.7.7",
        "1.7.8",
        "2.0.0",
        "2.1.0",
        "2.2.0",
        "2.2.1",
        "2.2.2",
        "2.3.0",
        "2.3.1",
        "2.3.2",
        "2.4.0",
        "2.5.0",
        "2.5.1",
        "2.5.2",
        "2.5.3",
        "2.6.0",
        "2.6.1",
        "2.6.2",
        "2.7.0",
        "2.8.0",
        "2.8.1",
        "2.8.2",
        "2.9.0",
        "3.0.0",
        "3.1.0",
        "3.1.0.rc1",
        "3.1.0rc1",
        "3.1.1",
        "3.1.2",
        "3.2.0",
        "3.3.0",
        "3.3.1",
        "3.3.2",
        "3.3.3",
        "3.4.0",
        "3.4.1",
        "3.4.2",
        "4.0.0",
        "4.1.0",
        "4.1.1",
        "4.2.0",
        "4.2.1",
        "4.3.0",
        "5.0.0",
        "5.1.0",
        "5.2.0",
        "5.3.0",
        "5.4.0",
        "5.4.0.dev0",
        "5.4.1",
        "6.0.0",
        "6.1.0",
        "6.2.0",
        "6.2.1",
        "6.2.2",
        "7.0.0"
      ],
      "database_specific": {
        "source": "https://github.com/github/advisory-database/blob/main/advisories/github-reviewed/2020/07/GHSA-43fq-w8qq-v88h/GHSA-43fq-w8qq-v88h.json"
      }
    }
  ],
  "schema_version": "1.2.0",
  "severity": [
    {
      "type": "CVSS_V3",
      "score": "CVSS:3.1/AV:N/AC:H/PR:N/UI:N/S:U/C:H/I:H/A:H"
    }
  ]
}