{
  "id": "GHSA-3v7g-4pg3-7r6j",
  "summary": "OS Command injection in apache airflow",
  "details": "In Apache Airflow, prior to version 2.2.4, some example DAGs did not properly sanitize user-provided params, making them susceptible to OS Command Injection from the web UI.",
  "aliases": [
    "CVE-2022-24288"
  ],
  "modified": "2022-03-03T05:14:16.018601Z",
  "published": "2022-02-26T00:00:44Z",
  "database_specific": {
    "severity": "HIGH",
    "cwe_ids": [
      "CWE-78"
    ],
    "github_reviewed": true
  },
  "references": [
    {
      "type": "ADVISORY",
      "url": "https://nvd.nist.gov/vuln/detail/CVE-2022-24288"
    },
    {
      "type": "WEB",
      "url": "https://lists.apache.org/thread/dbw5ozcmr0h0lhs0yjph7xdc64oht23t"
    },
    {
      "type": "PACKAGE",
      "url": "https://github.com/apache/airflow"
    }
  ],
  "affected": [
    {
      "package": {
        "name": "apache-airflow",
        "ecosystem": "PyPI",
        "purl": "pkg:pypi/apache-airflow"
      },
      "ranges": [
        {
          "type": "ECOSYSTEM",
          "events": [
            {
              "introduced": "0"
            },
            {
              "fixed": "2.2.4"
            }
          ]
        }
      ],
      "versions": [
        "1.10.0",
        "1.10.1",
        "1.10.10",
        "1.10.10rc1",
        "1.10.10rc2",
        "1.10.10rc3",
        "1.10.10rc4",
        "1.10.10rc5",
        "1.10.11",
        "1.10.11rc1",
        "1.10.11rc2",
        "1.10.12",
        "1.10.12rc1",
        "1.10.12rc2",
        "1.10.12rc3",
        "1.10.12rc4",
        "1.10.13",
        "1.10.13rc1",
        "1.10.14",
        "1.10.14rc1",
        "1.10.14rc2",
        "1.10.14rc3",
        "1.10.14rc4",
        "1.10.15",
        "1.10.15rc1",
        "1.10.1b1",
        "1.10.1rc2",
        "1.10.2",
        "1.10.2b2",
        "1.10.2rc1",
        "1.10.2rc2",
        "1.10.2rc3",
        "1.10.3",
        "1.10.3b1",
        "1.10.3b2",
        "1.10.3rc1",
        "1.10.3rc2",
        "1.10.4",
        "1.10.4b2",
        "1.10.4rc1",
        "1.10.4rc2",
        "1.10.4rc3",
        "1.10.4rc4",
        "1.10.4rc5",
        "1.10.5",
        "1.10.5rc1",
        "1.10.6",
        "1.10.6rc1",
        "1.10.6rc2",
        "1.10.7",
        "1.10.7rc1",
        "1.10.7rc2",
        "1.10.7rc3",
        "1.10.8",
        "1.10.8rc1",
        "1.10.9",
        "1.10.9rc1",
        "1.8.1",
        "1.8.2",
        "1.8.2rc1",
        "1.9.0",
        "2.0.0",
        "2.0.0b1",
        "2.0.0b2",
        "2.0.0b3",
        "2.0.0rc1",
        "2.0.0rc2",
        "2.0.0rc3",
        "2.0.1",
        "2.0.1rc1",
        "2.0.1rc2",
        "2.0.2",
        "2.0.2rc1",
        "2.1.0",
        "2.1.0rc1",
        "2.1.0rc2",
        "2.1.1",
        "2.1.1rc1",
        "2.1.2",
        "2.1.2rc1",
        "2.1.3",
        "2.1.3rc1",
        "2.1.4",
        "2.1.4rc1",
        "2.1.4rc2",
        "2.2.0",
        "2.2.0b1",
        "2.2.0b2",
        "2.2.0rc1",
        "2.2.1",
        "2.2.1rc1",
        "2.2.1rc2",
        "2.2.2",
        "2.2.2rc1",
        "2.2.2rc2",
        "2.2.3",
        "2.2.3rc1",
        "2.2.3rc2",
        "2.2.4rc1"
      ],
      "database_specific": {
        "source": "https://github.com/github/advisory-database/blob/main/advisories/github-reviewed/2022/02/GHSA-3v7g-4pg3-7r6j/GHSA-3v7g-4pg3-7r6j.json"
      }
    }
  ],
  "schema_version": "1.2.0"
}