{
  "id": "GHSA-3gw4-m5w7-v89c",
  "summary": "Uncontrolled Resource Consumption in Indy Node",
  "details": "# Summary\nIndy Node has a bug in TAA handling code. The current primary can be crashed with a malformed transaction from a client, which leads to a view change. Repeated rapid view changes have the potential of bringing down the network.\n\n# Discovery\nOn May 18, Evernym's monitoring of Sovrin StagingNet showed a report of StagingNet losing sufficient consensus to validate write transactions. The problem resolved itself within a few minutes. On May 20th we saw the alert multiple times, and we began analyzing the logs of our steward node. On May 21st we continued to see the alerts with increasing frequency.\n\nIt appears that someone is unknowingly sending a malformed transaction, and retrying when the transaction fails. The cause of the errors appear to be the TAA acceptance.\n\n# Proposed actions\n* Reproduce problem in integration tests and create a fix\n* Do a hotfix release branching from last stable (current master have some things merged that are too risky)\n* Upgrade BuilderNet, StagingNet and MainNet as soon as possible\n* Improve testing strategy on Indy Node to reduce probability of such bugs\n\n# Notes\n* The journalctl logs also show an out-of-memory problem on the Australia node. We need to evaluate if this should be raised as a separate issue.",
  "aliases": [
    "CVE-2020-11090"
  ],
  "modified": "2022-03-03T05:12:40.002966Z",
  "published": "2020-06-11T00:04:15Z",
  "database_specific": {
    "severity": "HIGH",
    "github_reviewed": true,
    "cwe_ids": [
      "CWE-400"
    ]
  },
  "references": [
    {
      "type": "WEB",
      "url": "https://github.com/hyperledger/indy-node/security/advisories/GHSA-3gw4-m5w7-v89c"
    },
    {
      "type": "ADVISORY",
      "url": "https://nvd.nist.gov/vuln/detail/CVE-2020-11090"
    },
    {
      "type": "WEB",
      "url": "https://github.com/hyperledger/indy-node/blob/master/CHANGELOG.md#1123"
    },
    {
      "type": "WEB",
      "url": "https://pypi.org/project/indy-node/1.12.3/"
    }
  ],
  "affected": [
    {
      "package": {
        "name": "indy-node",
        "ecosystem": "PyPI",
        "purl": "pkg:pypi/indy-node"
      },
      "ranges": [
        {
          "type": "ECOSYSTEM",
          "events": [
            {
              "introduced": "1.12.2"
            },
            {
              "fixed": "1.12.3"
            }
          ]
        }
      ],
      "versions": [
        "1.12.2",
        "1.12.3rc1"
      ],
      "database_specific": {
        "source": "https://github.com/github/advisory-database/blob/main/advisories/github-reviewed/2020/06/GHSA-3gw4-m5w7-v89c/GHSA-3gw4-m5w7-v89c.json"
      }
    }
  ],
  "schema_version": "1.2.0",
  "severity": [
    {
      "type": "CVSS_V3",
      "score": "CVSS:3.1/AV:N/AC:L/PR:N/UI:N/S:U/C:N/I:N/A:H"
    }
  ]
}