{
  "id": "GHSA-fpcv-j2q9-vqhw",
  "summary": "Moderate severity vulnerability that affects mayan-edms",
  "details": "An issue was discovered in Mayan EDMS before 3.0.2. The Appearance app sets window.location directly, leading to XSS.",
  "aliases": [
    "CVE-2018-16405"
  ],
  "modified": "2022-03-03T05:13:40.184748Z",
  "published": "2018-09-06T03:24:50Z",
  "database_specific": {
    "github_reviewed": true,
    "cwe_ids": [
      "CWE-79"
    ],
    "severity": "MODERATE"
  },
  "references": [
    {
      "type": "ADVISORY",
      "url": "https://nvd.nist.gov/vuln/detail/CVE-2018-16405"
    },
    {
      "type": "ADVISORY",
      "url": "https://github.com/advisories/GHSA-fpcv-j2q9-vqhw"
    },
    {
      "type": "WEB",
      "url": "https://gitlab.com/mayan-edms/mayan-edms/blob/master/HISTORY.rst"
    },
    {
      "type": "WEB",
      "url": "https://gitlab.com/mayan-edms/mayan-edms/commit/9ebe80595afe4fdd1e2c74358d6a9421f4ce130e"
    },
    {
      "type": "WEB",
      "url": "https://gitlab.com/mayan-edms/mayan-edms/issues/494"
    },
    {
      "type": "PACKAGE",
      "url": "https://gitlab.com/mayan-edms/mayan-edms"
    }
  ],
  "affected": [
    {
      "package": {
        "name": "mayan-edms",
        "ecosystem": "PyPI",
        "purl": "pkg:pypi/mayan-edms"
      },
      "ranges": [
        {
          "type": "ECOSYSTEM",
          "events": [
            {
              "introduced": "0"
            },
            {
              "fixed": "3.0.2"
            }
          ]
        }
      ],
      "versions": [
        "1.0.0",
        "1.0.rc1",
        "1.0.rc2",
        "1.0.rc3",
        "1.1.0",
        "1.1.1",
        "2.0.0",
        "2.0.0b1",
        "2.0.0b2",
        "2.0.0rc1",
        "2.0.1",
        "2.0.2",
        "2.1",
        "2.1.1",
        "2.1.10",
        "2.1.11",
        "2.1.2",
        "2.1.3",
        "2.1.4",
        "2.1.5",
        "2.1.6",
        "2.1rc1",
        "2.1rc2",
        "2.2",
        "2.2b1",
        "2.2b2",
        "2.2b3",
        "2.2rc1",
        "2.3",
        "2.4",
        "2.5",
        "2.5.1",
        "2.5.2",
        "2.6",
        "2.6.1",
        "2.6.2",
        "2.6.3",
        "2.6.4",
        "2.7",
        "2.7.1",
        "2.7.2",
        "2.7.3",
        "3.0",
        "3.0.1"
      ],
      "database_specific": {
        "source": "https://github.com/github/advisory-database/blob/main/advisories/github-reviewed/2018/09/GHSA-fpcv-j2q9-vqhw/GHSA-fpcv-j2q9-vqhw.json"
      }
    }
  ],
  "schema_version": "1.2.0",
  "severity": [
    {
      "type": "CVSS_V3",
      "score": "CVSS:3.0/AV:N/AC:L/PR:N/UI:R/S:C/C:L/I:L/A:N"
    }
  ]
}