{
  "id": "GHSA-3hfw-x7gx-437c",
  "summary": "Path traversal in Matrix Synapse",
  "details": "### Impact\n\nSynapse instances with the media repository enabled can be tricked into downloading a file from a remote server into an arbitrary directory, potentially outside the media store directory.\n\nThe last two directories and file name of the path are chosen randomly by Synapse and cannot be controlled by an attacker, which limits the impact.\n\nHomeservers with the media repository disabled are unaffected. Homeservers configured with a federation whitelist are also unaffected.\n\n### Patches\nServer administrators should upgrade to 1.47.1 or later.\n\n### Workarounds\nServer administrators using a reverse proxy could, at the expense of losing media functionality, block the following endpoints:\n\n* `/_matrix/media/r0/download/{serverName}/{mediaId}`\n* `/_matrix/media/r0/download/{serverName}/{mediaId}/{fileName}`\n* `/_matrix/media/r0/thumbnail/{serverName}/{mediaId}`\n\nAlternatively, non-containerized deployments can be adapted to use the hardened systemd config, located at `contrib/systemd/override-hardened.conf`.\n\n### References\nn/a\n\n### For more information\n\nIf you have any questions or comments about this advisory, e-mail us at security@matrix.org.\n",
  "aliases": [
    "CVE-2021-41281"
  ],
  "modified": "2022-03-03T05:13:03.790930Z",
  "published": "2021-11-23T21:58:56Z",
  "database_specific": {
    "severity": "HIGH",
    "cwe_ids": [
      "CWE-22"
    ],
    "github_reviewed": true
  },
  "references": [
    {
      "type": "WEB",
      "url": "https://github.com/matrix-org/synapse/security/advisories/GHSA-3hfw-x7gx-437c"
    },
    {
      "type": "ADVISORY",
      "url": "https://nvd.nist.gov/vuln/detail/CVE-2021-41281"
    },
    {
      "type": "WEB",
      "url": "https://github.com/matrix-org/synapse/commit/91f2bd090"
    },
    {
      "type": "WEB",
      "url": "https://github.com/matrix-org/synapse/releases/tag/v1.47.1"
    },
    {
      "type": "WEB",
      "url": "https://lists.fedoraproject.org/archives/list/package-announce@lists.fedoraproject.org/message/EU7QRE55U4IUEDLKT5IYPWL3UXMELFAS/"
    },
    {
      "type": "WEB",
      "url": "https://lists.fedoraproject.org/archives/list/package-announce@lists.fedoraproject.org/message/N3WY56LCEZ4ZECLWV5KMAXF2PSMUB4F2/"
    },
    {
      "type": "PACKAGE",
      "url": "https://github.com/matrix-org/synapse"
    }
  ],
  "affected": [
    {
      "package": {
        "name": "matrix-synapse",
        "ecosystem": "PyPI",
        "purl": "pkg:pypi/matrix-synapse"
      },
      "ranges": [
        {
          "type": "ECOSYSTEM",
          "events": [
            {
              "introduced": "0"
            },
            {
              "fixed": "1.47.1"
            }
          ]
        }
      ],
      "versions": [
        "0.33.5",
        "0.33.5.1",
        "0.33.6",
        "0.33.6rc1",
        "0.33.7",
        "0.33.7rc1",
        "0.33.7rc2",
        "0.33.8",
        "0.33.8rc2",
        "0.33.9",
        "0.34.0",
        "0.34.0.1",
        "0.34.0rc1",
        "0.34.0rc2",
        "0.34.1.1",
        "0.99.0",
        "0.99.0rc1",
        "0.99.0rc2",
        "0.99.0rc3",
        "0.99.0rc4",
        "0.99.1",
        "0.99.1.1",
        "0.99.1rc1",
        "0.99.1rc2",
        "0.99.2",
        "0.99.2rc1",
        "0.99.3",
        "0.99.3.1",
        "0.99.3.2",
        "0.99.3rc1",
        "0.99.4",
        "0.99.4rc1",
        "0.99.5",
        "0.99.5.1",
        "0.99.5.2",
        "0.99.5rc1",
        "1.0.0",
        "1.0.0rc1",
        "1.0.0rc2",
        "1.0.0rc3",
        "1.1.0",
        "1.1.0rc1",
        "1.1.0rc2",
        "1.10.0",
        "1.10.0rc1",
        "1.10.0rc2",
        "1.10.0rc3",
        "1.10.0rc5",
        "1.10.1",
        "1.11.0",
        "1.11.0rc1",
        "1.11.1",
        "1.12.0",
        "1.12.0rc1",
        "1.12.1",
        "1.12.1rc1",
        "1.12.2",
        "1.12.3",
        "1.12.4",
        "1.12.4rc1",
        "1.13.0",
        "1.13.0rc1",
        "1.13.0rc2",
        "1.13.0rc3",
        "1.14.0",
        "1.14.0rc1",
        "1.14.0rc2",
        "1.15.0",
        "1.15.0rc1",
        "1.15.1",
        "1.15.2",
        "1.16.0",
        "1.16.0rc1",
        "1.16.0rc2",
        "1.16.1",
        "1.17.0",
        "1.17.0rc1",
        "1.18.0",
        "1.18.0rc1",
        "1.18.0rc2",
        "1.19.0",
        "1.19.0rc1",
        "1.19.1",
        "1.19.1rc1",
        "1.19.2",
        "1.19.3",
        "1.2.0",
        "1.2.0rc1",
        "1.2.0rc2",
        "1.2.1",
        "1.20.0",
        "1.20.0rc1",
        "1.20.0rc2",
        "1.20.0rc3",
        "1.20.0rc4",
        "1.20.0rc5",
        "1.20.1",
        "1.21.0",
        "1.21.0rc1",
        "1.21.0rc2",
        "1.21.0rc3",
        "1.21.1",
        "1.21.2",
        "1.22.0",
        "1.22.0rc1",
        "1.22.0rc2",
        "1.22.1",
        "1.23.0",
        "1.23.0rc1",
        "1.23.1",
        "1.24.0",
        "1.24.0rc1",
        "1.24.0rc2",
        "1.25.0",
        "1.25.0rc1",
        "1.26.0",
        "1.26.0rc1",
        "1.26.0rc2",
        "1.27.0",
        "1.27.0rc1",
        "1.27.0rc2",
        "1.28.0",
        "1.28.0rc1",
        "1.29.0",
        "1.29.0rc1",
        "1.3.0",
        "1.3.0rc1",
        "1.3.1",
        "1.30.0",
        "1.30.0rc1",
        "1.30.1",
        "1.31.0",
        "1.31.0rc1",
        "1.32.0",
        "1.32.0rc1",
        "1.32.1",
        "1.32.2",
        "1.33.0",
        "1.33.0rc1",
        "1.33.0rc2",
        "1.33.1",
        "1.33.2",
        "1.34.0",
        "1.34.0rc1",
        "1.35.0",
        "1.35.0rc1",
        "1.35.0rc2",
        "1.35.0rc3",
        "1.35.1",
        "1.36.0",
        "1.36.0rc1",
        "1.36.0rc2",
        "1.37.0",
        "1.37.0rc1",
        "1.37.1",
        "1.37.1rc1",
        "1.38.0",
        "1.38.0rc1",
        "1.38.0rc2",
        "1.38.0rc3",
        "1.38.1",
        "1.39.0",
        "1.39.0rc1",
        "1.39.0rc2",
        "1.39.0rc3",
        "1.4.0",
        "1.4.0rc1",
        "1.4.0rc2",
        "1.4.1",
        "1.4.1rc1",
        "1.40.0",
        "1.40.0rc1",
        "1.40.0rc2",
        "1.40.0rc3",
        "1.41.0",
        "1.41.0rc1",
        "1.41.1",
        "1.42.0",
        "1.42.0rc1",
        "1.42.0rc2",
        "1.43.0",
        "1.43.0rc1",
        "1.43.0rc2",
        "1.44.0",
        "1.44.0rc1",
        "1.44.0rc2",
        "1.44.0rc3",
        "1.45.0",
        "1.45.0rc1",
        "1.45.0rc2",
        "1.45.1",
        "1.46.0",
        "1.46.0rc1",
        "1.47.0",
        "1.47.0rc1",
        "1.47.0rc2",
        "1.47.0rc3",
        "1.5.0",
        "1.5.0rc1",
        "1.5.0rc2",
        "1.5.1",
        "1.6.0",
        "1.6.0rc1",
        "1.6.0rc2",
        "1.6.1",
        "1.7.0",
        "1.7.0rc1",
        "1.7.0rc2",
        "1.7.1",
        "1.7.2",
        "1.7.3",
        "1.8.0",
        "1.8.0rc1",
        "1.9.0",
        "1.9.0.dev1",
        "1.9.0.dev2",
        "1.9.0rc1",
        "1.9.1"
      ],
      "database_specific": {
        "source": "https://github.com/github/advisory-database/blob/main/advisories/github-reviewed/2021/11/GHSA-3hfw-x7gx-437c/GHSA-3hfw-x7gx-437c.json"
      }
    }
  ],
  "schema_version": "1.2.0",
  "severity": [
    {
      "type": "CVSS_V3",
      "score": "CVSS:3.1/AV:N/AC:L/PR:N/UI:N/S:U/C:N/I:H/A:N"
    }
  ]
}