{
  "id": "GHSA-6cwv-x26c-w2q4",
  "summary": "Low severity vulnerability that affects notebook",
  "details": "In Jupyter Notebook before 5.4.1, a maliciously forged notebook file can bypass sanitization to execute JavaScript in the notebook context. Specifically, invalid HTML is 'fixed' by jQuery after sanitization, making it dangerous.",
  "aliases": [
    "CVE-2018-8768"
  ],
  "modified": "2022-03-03T05:13:35.977743Z",
  "published": "2018-07-12T12:00:00Z",
  "database_specific": {
    "severity": "HIGH",
    "cwe_ids": [],
    "github_reviewed": true
  },
  "references": [
    {
      "type": "ADVISORY",
      "url": "https://nvd.nist.gov/vuln/detail/CVE-2018-8768"
    },
    {
      "type": "ADVISORY",
      "url": "https://github.com/advisories/GHSA-6cwv-x26c-w2q4"
    },
    {
      "type": "WEB",
      "url": "https://lists.debian.org/debian-lts-announce/2020/11/msg00033.html"
    },
    {
      "type": "WEB",
      "url": "http://openwall.com/lists/oss-security/2018/03/15/2"
    }
  ],
  "affected": [
    {
      "package": {
        "name": "notebook",
        "ecosystem": "PyPI",
        "purl": "pkg:pypi/notebook"
      },
      "ranges": [
        {
          "type": "ECOSYSTEM",
          "events": [
            {
              "introduced": "0"
            },
            {
              "fixed": "5.4.1"
            }
          ]
        }
      ],
      "versions": [
        "0.0.0",
        "4.0.0",
        "4.0.1",
        "4.0.2",
        "4.0.4",
        "4.0.5",
        "4.0.6",
        "4.1.0",
        "4.2.0",
        "4.2.0b1",
        "4.2.1",
        "4.2.2",
        "4.2.3",
        "4.3.0",
        "4.3.1",
        "4.3.2",
        "4.4.0",
        "4.4.1",
        "5.0.0",
        "5.0.0b1",
        "5.0.0b2",
        "5.0.0rc1",
        "5.0.0rc2",
        "5.1.0",
        "5.1.0rc1",
        "5.1.0rc2",
        "5.1.0rc3",
        "5.2.0",
        "5.2.0rc1",
        "5.2.1",
        "5.2.1rc1",
        "5.2.2",
        "5.3.0",
        "5.3.0rc1",
        "5.3.1",
        "5.4.0"
      ],
      "database_specific": {
        "source": "https://github.com/github/advisory-database/blob/main/advisories/github-reviewed/2018/07/GHSA-6cwv-x26c-w2q4/GHSA-6cwv-x26c-w2q4.json"
      }
    }
  ],
  "schema_version": "1.2.0",
  "severity": [
    {
      "type": "CVSS_V3",
      "score": "CVSS:3.0/AV:L/AC:L/PR:N/UI:R/S:U/C:H/I:H/A:H"
    }
  ]
}