{
  "id": "GHSA-8vj2-vxx3-667w",
  "summary": "Arbitrary expression injection in Pillow",
  "details": "PIL.ImageMath.eval in Pillow before 9.0.0 allows evaluation of arbitrary expressions, such as ones that use the Python exec method.",
  "aliases": [
    "CVE-2022-22817"
  ],
  "modified": "2022-03-03T21:45:09.821138Z",
  "published": "2022-01-12T20:07:33Z",
  "database_specific": {
    "cwe_ids": [
      "CWE-74"
    ],
    "severity": "CRITICAL",
    "github_reviewed": true
  },
  "references": [
    {
      "type": "ADVISORY",
      "url": "https://nvd.nist.gov/vuln/detail/CVE-2022-22817"
    },
    {
      "type": "WEB",
      "url": "https://github.com/python-pillow/Pillow/commit/8531b01d6cdf0b70f256f93092caa2a5d91afc11"
    },
    {
      "type": "WEB",
      "url": "https://lists.debian.org/debian-lts-announce/2022/01/msg00018.html"
    },
    {
      "type": "WEB",
      "url": "https://pillow.readthedocs.io/en/stable/releasenotes/9.0.0.html#restrict-builtins-available-to-imagemath-eval"
    },
    {
      "type": "WEB",
      "url": "https://www.debian.org/security/2022/dsa-5053"
    },
    {
      "type": "PACKAGE",
      "url": "https://github.com/python-pillow/Pillow"
    }
  ],
  "affected": [
    {
      "package": {
        "name": "Pillow",
        "ecosystem": "PyPI",
        "purl": "pkg:pypi/Pillow"
      },
      "ranges": [
        {
          "type": "ECOSYSTEM",
          "events": [
            {
              "introduced": "0"
            },
            {
              "fixed": "9.0.0"
            }
          ]
        }
      ],
      "versions": [
        "1.0",
        "1.1",
        "1.2",
        "1.3",
        "1.4",
        "1.5",
        "1.6",
        "1.7.0",
        "1.7.1",
        "1.7.2",
        "1.7.3",
        "1.7.4",
        "1.7.5",
        "1.7.6",
        "1.7.7",
        "1.7.8",
        "2.0.0",
        "2.1.0",
        "2.2.0",
        "2.2.1",
        "2.2.2",
        "2.3.0",
        "2.3.1",
        "2.3.2",
        "2.4.0",
        "2.5.0",
        "2.5.1",
        "2.5.2",
        "2.5.3",
        "2.6.0",
        "2.6.1",
        "2.6.2",
        "2.7.0",
        "2.8.0",
        "2.8.1",
        "2.8.2",
        "2.9.0",
        "3.0.0",
        "3.1.0",
        "3.1.0.rc1",
        "3.1.0rc1",
        "3.1.1",
        "3.1.2",
        "3.2.0",
        "3.3.0",
        "3.3.1",
        "3.3.2",
        "3.3.3",
        "3.4.0",
        "3.4.1",
        "3.4.2",
        "4.0.0",
        "4.1.0",
        "4.1.1",
        "4.2.0",
        "4.2.1",
        "4.3.0",
        "5.0.0",
        "5.1.0",
        "5.2.0",
        "5.3.0",
        "5.4.0",
        "5.4.0.dev0",
        "5.4.1",
        "6.0.0",
        "6.1.0",
        "6.2.0",
        "6.2.1",
        "6.2.2",
        "7.0.0",
        "7.1.0",
        "7.1.1",
        "7.1.2",
        "7.2.0",
        "8.0.0",
        "8.0.1",
        "8.1.0",
        "8.1.1",
        "8.1.2",
        "8.2.0",
        "8.3.0",
        "8.3.1",
        "8.3.2",
        "8.4.0"
      ],
      "ecosystem_specific": {
        "affected_functions": [
          "PIL.ImageMath.eval"
        ]
      },
      "database_specific": {
        "source": "https://github.com/github/advisory-database/blob/main/advisories/github-reviewed/2022/01/GHSA-8vj2-vxx3-667w/GHSA-8vj2-vxx3-667w.json"
      }
    }
  ],
  "schema_version": "1.2.0",
  "severity": [
    {
      "type": "CVSS_V3",
      "score": "CVSS:3.1/AV:N/AC:L/PR:N/UI:N/S:U/C:H/I:H/A:H"
    }
  ]
}