{
  "id": "GHSA-68wv-rjrm-576p",
  "summary": "Low severity vulnerability that affects apache-airflow",
  "details": "In Apache Airflow 1.8.2 and earlier, a CSRF vulnerability allowed for a remote command injection on a default install of Airflow.",
  "aliases": [
    "CVE-2017-17835"
  ],
  "modified": "2022-03-03T05:13:05.913048Z",
  "published": "2019-01-25T16:19:14Z",
  "database_specific": {
    "cwe_ids": [
      "CWE-352"
    ],
    "github_reviewed": true,
    "severity": "HIGH"
  },
  "references": [
    {
      "type": "ADVISORY",
      "url": "https://nvd.nist.gov/vuln/detail/CVE-2017-17835"
    },
    {
      "type": "ADVISORY",
      "url": "https://github.com/advisories/GHSA-68wv-rjrm-576p"
    },
    {
      "type": "WEB",
      "url": "https://lists.apache.org/thread.html/ade4d54ebf614f68dc81a08891755e60ea58ba88e0209233eeea5f57@%3Cdev.airflow.apache.org%3E"
    }
  ],
  "affected": [
    {
      "package": {
        "name": "apache-airflow",
        "ecosystem": "PyPI",
        "purl": "pkg:pypi/apache-airflow"
      },
      "ranges": [
        {
          "type": "ECOSYSTEM",
          "events": [
            {
              "introduced": "0"
            },
            {
              "fixed": "1.9.0"
            }
          ]
        }
      ],
      "versions": [
        "1.8.1",
        "1.8.2",
        "1.8.2rc1"
      ],
      "database_specific": {
        "last_known_affected_version_range": "<= 1.8.2",
        "source": "https://github.com/github/advisory-database/blob/main/advisories/github-reviewed/2019/01/GHSA-68wv-rjrm-576p/GHSA-68wv-rjrm-576p.json"
      }
    }
  ],
  "schema_version": "1.2.0",
  "severity": [
    {
      "type": "CVSS_V3",
      "score": "CVSS:3.0/AV:N/AC:L/PR:N/UI:R/S:U/C:H/I:H/A:H"
    }
  ]
}