{
  "id": "GHSA-7rp2-fm2h-wchj",
  "summary": "Cross-site Scripting in Django",
  "details": "An issue was discovered in Django 1.11 before 1.11.21, 2.1 before 2.1.9, and 2.2 before 2.2.2. The clickable Current URL value displayed by the AdminURLFieldWidget displays the provided value without validating it as a safe URL. Thus, an unvalidated value stored in the database, or a value provided as a URL query parameter payload, could result in an clickable JavaScript link.",
  "aliases": [
    "CVE-2019-12308"
  ],
  "modified": "2022-03-03T05:13:25.188172Z",
  "published": "2019-06-10T18:43:25Z",
  "database_specific": {
    "cwe_ids": [
      "CWE-79"
    ],
    "github_reviewed": true,
    "severity": "MODERATE"
  },
  "references": [
    {
      "type": "ADVISORY",
      "url": "https://nvd.nist.gov/vuln/detail/CVE-2019-12308"
    },
    {
      "type": "WEB",
      "url": "https://docs.djangoproject.com/en/dev/releases/1.11.21/"
    },
    {
      "type": "WEB",
      "url": "https://docs.djangoproject.com/en/dev/releases/2.1.9/"
    },
    {
      "type": "WEB",
      "url": "https://docs.djangoproject.com/en/dev/releases/2.2.2/"
    },
    {
      "type": "WEB",
      "url": "https://docs.djangoproject.com/en/dev/releases/security/"
    },
    {
      "type": "WEB",
      "url": "https://groups.google.com/forum/#!topic/django-announce/GEbHU7YoVz8"
    },
    {
      "type": "WEB",
      "url": "https://www.djangoproject.com/weblog/2019/jun/03/security-releases/"
    },
    {
      "type": "WEB",
      "url": "http://www.openwall.com/lists/oss-security/2019/06/03/2"
    }
  ],
  "affected": [
    {
      "package": {
        "name": "django",
        "ecosystem": "PyPI",
        "purl": "pkg:pypi/django"
      },
      "ranges": [
        {
          "type": "ECOSYSTEM",
          "events": [
            {
              "introduced": "1.11.0"
            },
            {
              "fixed": "1.11.21"
            }
          ]
        }
      ],
      "versions": [
        "1.11",
        "1.11.1",
        "1.11.10",
        "1.11.11",
        "1.11.12",
        "1.11.13",
        "1.11.14",
        "1.11.15",
        "1.11.16",
        "1.11.17",
        "1.11.18",
        "1.11.2",
        "1.11.20",
        "1.11.3",
        "1.11.4",
        "1.11.5",
        "1.11.6",
        "1.11.7",
        "1.11.8",
        "1.11.9"
      ],
      "database_specific": {
        "source": "https://github.com/github/advisory-database/blob/main/advisories/github-reviewed/2019/06/GHSA-7rp2-fm2h-wchj/GHSA-7rp2-fm2h-wchj.json"
      }
    },
    {
      "package": {
        "name": "django",
        "ecosystem": "PyPI",
        "purl": "pkg:pypi/django"
      },
      "ranges": [
        {
          "type": "ECOSYSTEM",
          "events": [
            {
              "introduced": "2.1.0"
            },
            {
              "fixed": "2.1.9"
            }
          ]
        }
      ],
      "versions": [
        "2.1",
        "2.1.1",
        "2.1.2",
        "2.1.3",
        "2.1.4",
        "2.1.5",
        "2.1.7",
        "2.1.8"
      ],
      "database_specific": {
        "source": "https://github.com/github/advisory-database/blob/main/advisories/github-reviewed/2019/06/GHSA-7rp2-fm2h-wchj/GHSA-7rp2-fm2h-wchj.json"
      }
    },
    {
      "package": {
        "name": "django",
        "ecosystem": "PyPI",
        "purl": "pkg:pypi/django"
      },
      "ranges": [
        {
          "type": "ECOSYSTEM",
          "events": [
            {
              "introduced": "2.2.0"
            },
            {
              "fixed": "2.2.2"
            }
          ]
        }
      ],
      "versions": [
        "2.2",
        "2.2.1"
      ],
      "database_specific": {
        "source": "https://github.com/github/advisory-database/blob/main/advisories/github-reviewed/2019/06/GHSA-7rp2-fm2h-wchj/GHSA-7rp2-fm2h-wchj.json"
      }
    }
  ],
  "schema_version": "1.2.0",
  "severity": [
    {
      "type": "CVSS_V3",
      "score": "CVSS:3.0/AV:N/AC:L/PR:N/UI:R/S:C/C:L/I:L/A:N"
    }
  ]
}