{
  "id": "GHSA-fj67-w3m4-rfmp",
  "summary": "Cross-site scripting in Plone",
  "details": "Plone through 5.2.4 allows XSS via the inline_diff methods in Products.CMFDiffTool.",
  "aliases": [
    "CVE-2021-33513"
  ],
  "modified": "2022-03-03T05:14:15.551704Z",
  "published": "2021-06-08T23:19:28Z",
  "database_specific": {
    "cwe_ids": [
      "CWE-79"
    ],
    "github_reviewed": true,
    "severity": "MODERATE"
  },
  "references": [
    {
      "type": "ADVISORY",
      "url": "https://nvd.nist.gov/vuln/detail/CVE-2021-33513"
    },
    {
      "type": "WEB",
      "url": "https://plone.org/security/hotfix/20210518/xss-vulnerability-in-cmfdifftool"
    },
    {
      "type": "WEB",
      "url": "http://www.openwall.com/lists/oss-security/2021/05/22/1"
    }
  ],
  "affected": [
    {
      "package": {
        "name": "Plone",
        "ecosystem": "PyPI",
        "purl": "pkg:pypi/Plone"
      },
      "ranges": [
        {
          "type": "ECOSYSTEM",
          "events": [
            {
              "introduced": "0"
            }
          ]
        }
      ],
      "versions": [
        "3.2",
        "3.2.1",
        "3.2.2",
        "3.2.3",
        "3.2a1",
        "3.2rc1",
        "3.3",
        "3.3.1",
        "3.3.2",
        "3.3.3",
        "3.3.4",
        "3.3.5",
        "3.3.6",
        "3.3b1",
        "3.3rc1",
        "3.3rc2",
        "3.3rc3",
        "3.3rc4",
        "3.3rc5",
        "4.0",
        "4.0.1",
        "4.0.10",
        "4.0.2",
        "4.0.3",
        "4.0.4",
        "4.0.5",
        "4.0.6",
        "4.0.7",
        "4.0.8",
        "4.0.9",
        "4.0a1",
        "4.0a2",
        "4.0a3",
        "4.0a4",
        "4.0a5",
        "4.0b1",
        "4.0b2",
        "4.0b3",
        "4.0b4",
        "4.0b5",
        "4.0rc1",
        "4.1",
        "4.1.1",
        "4.1.2",
        "4.1.3",
        "4.1.4",
        "4.1.5",
        "4.1.6",
        "4.1a1",
        "4.1a2",
        "4.1a3",
        "4.1b1",
        "4.1b2",
        "4.1rc2",
        "4.1rc3",
        "4.2",
        "4.2.1",
        "4.2.2",
        "4.2.3",
        "4.2.4",
        "4.2.5",
        "4.2.6",
        "4.2.7",
        "4.2a1",
        "4.2a2",
        "4.2b1",
        "4.2b2",
        "4.2rc1",
        "4.2rc2",
        "4.3",
        "4.3.1",
        "4.3.10",
        "4.3.11",
        "4.3.12",
        "4.3.13",
        "4.3.14",
        "4.3.15",
        "4.3.16",
        "4.3.17",
        "4.3.18",
        "4.3.19",
        "4.3.2",
        "4.3.20",
        "4.3.3",
        "4.3.4",
        "4.3.5",
        "4.3.6",
        "4.3.7",
        "4.3.8",
        "4.3.9",
        "4.3a1",
        "4.3a2",
        "4.3b1",
        "4.3b2",
        "4.3rc1",
        "5.0",
        "5.0.1",
        "5.0.10",
        "5.0.2",
        "5.0.3",
        "5.0.4",
        "5.0.5",
        "5.0.6",
        "5.0.7",
        "5.0.8",
        "5.0.9",
        "5.0a1",
        "5.0a2",
        "5.0a3",
        "5.0b1",
        "5.0b2",
        "5.0b3",
        "5.0b4",
        "5.0rc1",
        "5.0rc2",
        "5.0rc3",
        "5.1.0",
        "5.1.1",
        "5.1.2",
        "5.1.3",
        "5.1.4",
        "5.1.5",
        "5.1.6",
        "5.1.7",
        "5.1a1",
        "5.1a2",
        "5.1b1",
        "5.1b2",
        "5.1b3",
        "5.1b4",
        "5.1rc1",
        "5.1rc2",
        "5.2.0",
        "5.2.1",
        "5.2.2",
        "5.2.3",
        "5.2.4",
        "5.2.5",
        "5.2.6",
        "5.2.7",
        "5.2a1",
        "5.2a2",
        "5.2b1",
        "5.2rc1",
        "5.2rc2",
        "5.2rc3",
        "5.2rc4",
        "5.2rc5",
        "6.0.0a1",
        "6.0.0a2",
        "6.0.0a3"
      ],
      "database_specific": {
        "last_known_affected_version_range": "<= 5.2.4",
        "source": "https://github.com/github/advisory-database/blob/main/advisories/github-reviewed/2021/06/GHSA-fj67-w3m4-rfmp/GHSA-fj67-w3m4-rfmp.json"
      }
    }
  ],
  "schema_version": "1.2.0",
  "severity": [
    {
      "type": "CVSS_V3",
      "score": "CVSS:3.1/AV:N/AC:L/PR:L/UI:R/S:C/C:L/I:L/A:N"
    }
  ]
}