{
  "id": "GHSA-4ph2-8337-hm62",
  "summary": "Key Caching behavior in the DynamoDB Encryption Client.",
  "details": "### Impact\nThis advisory concerns users of MostRecentProvider in the DynamoDB Encryption Client with a key provider like AWS Key Management Service that allows for permissions on keys to be modified.\n\nWhen key usage permissions were changed at the key provider, time-based key reauthorization logic in MostRecentProvider did not reauthorize the use of the key. This created the potential for keys to be used in the DynamoDB Encryption Client after permissions to do so were revoked at the key provider.\n\n### Patches\nFixed as of 1.3.0.  We recommend users to modify their code and adopt `CachingMostRecentProvider`.\n\n\n### Workarounds\nUsers who cannot upgrade to use the `CachingMostRecentProvider` can call `clear()` on the cache to manually flush all of its contents. Next use of the key will force a re-validation to occur with the key provider.",
  "modified": "2022-03-03T05:13:41.146598Z",
  "published": "2021-02-08T17:43:49Z",
  "database_specific": {
    "severity": "LOW",
    "github_reviewed": true,
    "cwe_ids": [
      "CWE-862"
    ]
  },
  "references": [
    {
      "type": "WEB",
      "url": "https://github.com/aws/aws-dynamodb-encryption-python/security/advisories/GHSA-4ph2-8337-hm62"
    },
    {
      "type": "WEB",
      "url": "https://github.com/aws/aws-dynamodb-encryption-python/commit/90606ec9af7c2b5cb338d64639a62ee867d38d6b"
    },
    {
      "type": "WEB",
      "url": "https://github.com/aws/aws-dynamodb-encryption-python/blob/master/CHANGELOG.rst#130----2021-02-04"
    },
    {
      "type": "WEB",
      "url": "https://pypi.org/project/dynamodb-encryption-sdk"
    }
  ],
  "affected": [
    {
      "package": {
        "name": "dynamodb-encryption-sdk",
        "ecosystem": "PyPI",
        "purl": "pkg:pypi/dynamodb-encryption-sdk"
      },
      "ranges": [
        {
          "type": "ECOSYSTEM",
          "events": [
            {
              "introduced": "0"
            },
            {
              "fixed": "1.3.0"
            }
          ]
        }
      ],
      "versions": [
        "1.0.0",
        "1.0.1",
        "1.0.2",
        "1.0.3",
        "1.0.4",
        "1.0.5",
        "1.0.6",
        "1.0.7",
        "1.1.0",
        "1.1.1",
        "1.2.0"
      ],
      "database_specific": {
        "source": "https://github.com/github/advisory-database/blob/main/advisories/github-reviewed/2021/02/GHSA-4ph2-8337-hm62/GHSA-4ph2-8337-hm62.json"
      }
    }
  ],
  "schema_version": "1.2.0"
}