{
  "id": "GHSA-77hv-8796-8ccp",
  "summary": "Moderate severity vulnerability that affects Plone and Zope2",
  "details": "ZPublisher.HTTPRequest._scrubHeader in Zope 2 before 2.13.19, as used in Plone before 4.3 beta 1, allows remote attackers to inject arbitrary HTTP headers via a linefeed (LF) character.",
  "aliases": [
    "CVE-2012-5486"
  ],
  "modified": "2022-03-03T05:14:05.475059Z",
  "published": "2018-07-23T19:51:50Z",
  "database_specific": {
    "github_reviewed": true,
    "severity": "MODERATE",
    "cwe_ids": []
  },
  "references": [
    {
      "type": "ADVISORY",
      "url": "https://nvd.nist.gov/vuln/detail/CVE-2012-5486"
    },
    {
      "type": "WEB",
      "url": "https://bugs.launchpad.net/zope2/+bug/930812"
    },
    {
      "type": "ADVISORY",
      "url": "https://github.com/advisories/GHSA-77hv-8796-8ccp"
    },
    {
      "type": "WEB",
      "url": "https://plone.org/products/plone-hotfix/releases/20121106"
    },
    {
      "type": "WEB",
      "url": "https://plone.org/products/plone/security/advisories/20121106/02"
    },
    {
      "type": "WEB",
      "url": "http://rhn.redhat.com/errata/RHSA-2014-1194.html"
    },
    {
      "type": "WEB",
      "url": "http://www.openwall.com/lists/oss-security/2012/11/10/1"
    }
  ],
  "affected": [
    {
      "package": {
        "name": "Zope2",
        "ecosystem": "PyPI",
        "purl": "pkg:pypi/Zope2"
      },
      "ranges": [
        {
          "type": "ECOSYSTEM",
          "events": [
            {
              "introduced": "0"
            },
            {
              "fixed": "2.13.19"
            }
          ]
        }
      ],
      "versions": [
        "2.12.0",
        "2.12.0.a1",
        "2.12.0a2",
        "2.12.0a3",
        "2.12.0a4",
        "2.12.0b1",
        "2.12.0b2",
        "2.12.0b3",
        "2.12.0b4",
        "2.12.0c1",
        "2.12.1",
        "2.12.10",
        "2.12.11",
        "2.12.12",
        "2.12.13",
        "2.12.14",
        "2.12.15",
        "2.12.16",
        "2.12.17",
        "2.12.18",
        "2.12.19",
        "2.12.2",
        "2.12.20",
        "2.12.21",
        "2.12.22",
        "2.12.23",
        "2.12.24",
        "2.12.25",
        "2.12.26",
        "2.12.27",
        "2.12.28",
        "2.12.3",
        "2.12.4",
        "2.12.5",
        "2.12.6",
        "2.12.7",
        "2.12.8",
        "2.12.9",
        "2.13.0",
        "2.13.0a1",
        "2.13.0a2",
        "2.13.0a3",
        "2.13.0a4",
        "2.13.0b1",
        "2.13.0c1",
        "2.13.1",
        "2.13.10",
        "2.13.11",
        "2.13.12",
        "2.13.13",
        "2.13.14",
        "2.13.15",
        "2.13.16",
        "2.13.17",
        "2.13.18",
        "2.13.2",
        "2.13.3",
        "2.13.4",
        "2.13.5",
        "2.13.6",
        "2.13.7",
        "2.13.8",
        "2.13.9"
      ],
      "database_specific": {
        "source": "https://github.com/github/advisory-database/blob/main/advisories/github-reviewed/2018/07/GHSA-77hv-8796-8ccp/GHSA-77hv-8796-8ccp.json"
      }
    },
    {
      "package": {
        "name": "Plone",
        "ecosystem": "PyPI",
        "purl": "pkg:pypi/Plone"
      },
      "ranges": [
        {
          "type": "ECOSYSTEM",
          "events": [
            {
              "introduced": "3.3.2"
            },
            {
              "fixed": "4.2.3"
            }
          ]
        }
      ],
      "versions": [
        "3.3.2",
        "3.3.3",
        "3.3.4",
        "3.3.5",
        "3.3.6",
        "4.0",
        "4.0.1",
        "4.0.10",
        "4.0.2",
        "4.0.3",
        "4.0.4",
        "4.0.5",
        "4.0.6",
        "4.0.7",
        "4.0.8",
        "4.0.9",
        "4.0a1",
        "4.0a2",
        "4.0a3",
        "4.0a4",
        "4.0a5",
        "4.0b1",
        "4.0b2",
        "4.0b3",
        "4.0b4",
        "4.0b5",
        "4.0rc1",
        "4.1",
        "4.1.1",
        "4.1.2",
        "4.1.3",
        "4.1.4",
        "4.1.5",
        "4.1.6",
        "4.1a1",
        "4.1a2",
        "4.1a3",
        "4.1b1",
        "4.1b2",
        "4.1rc2",
        "4.1rc3",
        "4.2",
        "4.2.1",
        "4.2.2",
        "4.2a1",
        "4.2a2",
        "4.2b1",
        "4.2b2",
        "4.2rc1",
        "4.2rc2"
      ],
      "database_specific": {
        "source": "https://github.com/github/advisory-database/blob/main/advisories/github-reviewed/2018/07/GHSA-77hv-8796-8ccp/GHSA-77hv-8796-8ccp.json"
      }
    },
    {
      "package": {
        "name": "Plone",
        "ecosystem": "PyPI",
        "purl": "pkg:pypi/Plone"
      },
      "ranges": [
        {
          "type": "ECOSYSTEM",
          "events": [
            {
              "introduced": "4.3a1"
            },
            {
              "fixed": "4.3b1"
            }
          ]
        }
      ],
      "versions": [
        "4.3a1",
        "4.3a2"
      ],
      "database_specific": {
        "source": "https://github.com/github/advisory-database/blob/main/advisories/github-reviewed/2018/07/GHSA-77hv-8796-8ccp/GHSA-77hv-8796-8ccp.json",
        "last_known_affected_version_range": "<= 4.3a2"
      }
    }
  ],
  "schema_version": "1.2.0"
}