{
  "id": "GHSA-3vcg-8p79-jpcv",
  "summary": "Improper Restriction of XML External Entity Reference in svglib",
  "details": "The svglib package through 0.9.3 for Python allows XXE attacks via an svg2rlg call.",
  "aliases": [
    "CVE-2020-10799"
  ],
  "modified": "2022-03-03T05:13:25.818108Z",
  "published": "2021-05-06T18:52:01Z",
  "database_specific": {
    "severity": "HIGH",
    "github_reviewed": true,
    "cwe_ids": [
      "CWE-611"
    ]
  },
  "references": [
    {
      "type": "ADVISORY",
      "url": "https://nvd.nist.gov/vuln/detail/CVE-2020-10799"
    },
    {
      "type": "WEB",
      "url": "https://github.com/deeplook/svglib/issues/229"
    }
  ],
  "affected": [
    {
      "package": {
        "name": "svglib",
        "ecosystem": "PyPI",
        "purl": "pkg:pypi/svglib"
      },
      "ranges": [
        {
          "type": "ECOSYSTEM",
          "events": [
            {
              "introduced": "0"
            },
            {
              "fixed": "0.9.4"
            }
          ]
        }
      ],
      "versions": [
        "0.6.0",
        "0.6.1",
        "0.6.2",
        "0.6.3",
        "0.8.0",
        "0.8.1",
        "0.9.0",
        "0.9.0b0",
        "0.9.1",
        "0.9.2",
        "0.9.3"
      ],
      "database_specific": {
        "source": "https://github.com/github/advisory-database/blob/main/advisories/github-reviewed/2021/05/GHSA-3vcg-8p79-jpcv/GHSA-3vcg-8p79-jpcv.json",
        "last_known_affected_version_range": "<= 0.9.3"
      }
    }
  ],
  "schema_version": "1.2.0",
  "severity": [
    {
      "type": "CVSS_V3",
      "score": "CVSS:3.1/AV:N/AC:L/PR:N/UI:N/S:U/C:H/I:H/A:H"
    }
  ]
}