{
  "id": "GHSA-9236-8w7q-rmrv",
  "summary": "archivy is vulnerable to Cross-Site Request Forgery (CSRF)",
  "details": "archivy is vulnerable to Cross-Site Request Forgery (CSRF). There is [a fix](https://github.com/archivy/archivy/commit/796c3ae318eea183fc88c87ec5a27355b0f6a99d) available in the master branch.",
  "aliases": [
    "CVE-2021-4162"
  ],
  "modified": "2022-03-03T05:13:53.359632Z",
  "published": "2022-01-06T21:59:50Z",
  "database_specific": {
    "cwe_ids": [
      "CWE-352"
    ],
    "github_reviewed": true,
    "severity": "MODERATE"
  },
  "references": [
    {
      "type": "ADVISORY",
      "url": "https://nvd.nist.gov/vuln/detail/CVE-2021-4162"
    },
    {
      "type": "WEB",
      "url": "https://github.com/archivy/archivy/commit/796c3ae318eea183fc88c87ec5a27355b0f6a99d"
    },
    {
      "type": "WEB",
      "url": "https://huntr.dev/bounties/e204a768-2129-4b6f-abad-e436309c7c32"
    },
    {
      "type": "PACKAGE",
      "url": "https://github.com/archivy/archivy/"
    }
  ],
  "affected": [
    {
      "package": {
        "name": "archivy",
        "ecosystem": "PyPI",
        "purl": "pkg:pypi/archivy"
      },
      "ranges": [
        {
          "type": "ECOSYSTEM",
          "events": [
            {
              "introduced": "0"
            }
          ]
        }
      ],
      "versions": [
        "0.0.1",
        "0.0.2",
        "0.0.3",
        "0.0.4",
        "0.0.5",
        "0.0.6",
        "0.0.7",
        "0.0.8",
        "0.1.0",
        "0.10.0",
        "0.10.1",
        "0.11.0",
        "0.11.1",
        "0.2.0",
        "0.3.0",
        "0.4.0",
        "0.4.1",
        "0.5.0",
        "0.6.0",
        "0.6.1",
        "0.6.2",
        "0.7.0",
        "0.7.1",
        "0.7.2",
        "0.7.3",
        "0.8.0",
        "0.8.1",
        "0.8.2",
        "0.8.3",
        "0.8.4",
        "0.8.5",
        "0.9.0",
        "0.9.1",
        "0.9.2",
        "0.9.3",
        "1.0.0",
        "1.0.0rc2",
        "1.0.1",
        "1.0.2",
        "1.1.0",
        "1.1.1",
        "1.1.2",
        "1.1.3",
        "1.1.3rc1",
        "1.1.4",
        "1.2.0",
        "1.3.0",
        "1.3.1",
        "1.4.0",
        "1.5.0",
        "1.6.0",
        "1.6.0rc1",
        "1.6.0rc3",
        "1.6.1",
        "1.6.2",
        "1.6rc2",
        "1.7.0",
        "1.7.1"
      ],
      "database_specific": {
        "source": "https://github.com/github/advisory-database/blob/main/advisories/github-reviewed/2022/01/GHSA-9236-8w7q-rmrv/GHSA-9236-8w7q-rmrv.json",
        "last_known_affected_version_range": "<= 1.6.1"
      }
    }
  ],
  "schema_version": "1.2.0",
  "severity": [
    {
      "type": "CVSS_V3",
      "score": "CVSS:3.1/AV:N/AC:L/PR:N/UI:R/S:U/C:N/I:L/A:N"
    }
  ]
}