{
  "id": "GHSA-22wc-c9wj-6q2v",
  "summary": "VVE-2021-0001: Memory corruption using function calls within arrays",
  "details": "### Impact\nWhen performing a function call inside an array, there is a memory corruption issue that occurs because of an incorrect pointer to the the tip of the stack.\n\n### Patches\nThis issue was partially fixed in [VVE-2020-0004](https://github.com/vyperlang/vyper/security/advisories/GHSA-2r3x-4mrv-mcxf), however the fix did not update similar code for arrays, which had a similar issue. The issue is fully fixed in https://github.com/vyperlang/vyper/pull/2345",
  "modified": "2022-03-03T05:13:32.598774Z",
  "published": "2021-04-19T15:12:05Z",
  "database_specific": {
    "github_reviewed": true,
    "cwe_ids": [
      "CWE-129"
    ],
    "severity": "MODERATE"
  },
  "references": [
    {
      "type": "WEB",
      "url": "https://github.com/vyperlang/vyper/security/advisories/GHSA-22wc-c9wj-6q2v"
    },
    {
      "type": "WEB",
      "url": "https://github.com/vyperlang/vyper/pull/2345"
    },
    {
      "type": "WEB",
      "url": "https://github.com/vyperlang/vyper/commit/11b7b5b7e59bc9dc859d51cd41a924b59fe47c9e"
    },
    {
      "type": "WEB",
      "url": "https://pypi.org/project/vyper"
    }
  ],
  "affected": [
    {
      "package": {
        "name": "vyper",
        "ecosystem": "PyPI",
        "purl": "pkg:pypi/vyper"
      },
      "ranges": [
        {
          "type": "ECOSYSTEM",
          "events": [
            {
              "introduced": "0"
            },
            {
              "fixed": "0.2.12"
            }
          ]
        }
      ],
      "versions": [
        "0.1.0b1",
        "0.1.0b10",
        "0.1.0b11",
        "0.1.0b12",
        "0.1.0b13",
        "0.1.0b14",
        "0.1.0b15",
        "0.1.0b16",
        "0.1.0b17",
        "0.1.0b2",
        "0.1.0b3",
        "0.1.0b4",
        "0.1.0b5",
        "0.1.0b6",
        "0.1.0b7",
        "0.1.0b8",
        "0.1.0b9",
        "0.2.1",
        "0.2.10",
        "0.2.11",
        "0.2.2",
        "0.2.3",
        "0.2.4",
        "0.2.5",
        "0.2.6",
        "0.2.7",
        "0.2.8",
        "0.2.9"
      ],
      "database_specific": {
        "source": "https://github.com/github/advisory-database/blob/main/advisories/github-reviewed/2021/04/GHSA-22wc-c9wj-6q2v/GHSA-22wc-c9wj-6q2v.json"
      }
    }
  ],
  "schema_version": "1.2.0"
}