{
  "id": "GHSA-5m69-3chg-6f8m",
  "summary": "Cross Site Scripting (XSS) in Quokka",
  "details": "Cross Site Scripting (XSS) in Quokka v0.4.0 allows remote attackers to execute arbitrary code via the 'Username' parameter in the component 'quokka/admin/actions.py'.",
  "aliases": [
    "CVE-2020-18702"
  ],
  "modified": "2022-03-03T05:13:08.358979Z",
  "published": "2021-08-30T16:23:26Z",
  "database_specific": {
    "cwe_ids": [
      "CWE-79"
    ],
    "github_reviewed": true,
    "severity": "MODERATE"
  },
  "references": [
    {
      "type": "ADVISORY",
      "url": "https://nvd.nist.gov/vuln/detail/CVE-2020-18702"
    },
    {
      "type": "WEB",
      "url": "https://github.com/rochacbruno/quokka/issues/675"
    },
    {
      "type": "PACKAGE",
      "url": "https://github.com/rochacbruno/quokka"
    }
  ],
  "affected": [
    {
      "package": {
        "name": "quokka",
        "ecosystem": "PyPI",
        "purl": "pkg:pypi/quokka"
      },
      "ranges": [
        {
          "type": "ECOSYSTEM",
          "events": [
            {
              "introduced": "0"
            }
          ]
        }
      ],
      "versions": [
        "0.0.1.dev84",
        "0.1.0",
        "0.2.0",
        "0.3.0",
        "0.3.1",
        "0.3.2",
        "0.3.3",
        "0.3.4",
        "0.3.6.dev1",
        "0.3.7.dev1",
        "0.4.0",
        "0.4.1.dev22",
        "0.4.1.dev6"
      ],
      "database_specific": {
        "source": "https://github.com/github/advisory-database/blob/main/advisories/github-reviewed/2021/08/GHSA-5m69-3chg-6f8m/GHSA-5m69-3chg-6f8m.json",
        "last_known_affected_version_range": "<= 0.4.0"
      }
    }
  ],
  "schema_version": "1.2.0",
  "severity": [
    {
      "type": "CVSS_V3",
      "score": "CVSS:3.1/AV:N/AC:L/PR:N/UI:R/S:C/C:L/I:L/A:N"
    }
  ]
}