{
  "id": "GHSA-fjq3-5pxw-4wj4",
  "summary": "Cross-Site Request Forgery in Webargs",
  "details": "flaskparser.py in Webargs 5.x through 5.5.2 doesn't check that the Content-Type header is application/json when receiving JSON input. If the request body is valid JSON, it will accept it even if the content type is application/x-www-form-urlencoded. This allows for JSON POST requests to be made across domains, leading to CSRF.",
  "aliases": [
    "CVE-2020-7965"
  ],
  "modified": "2022-03-03T05:13:49.252451Z",
  "published": "2021-04-07T21:06:30Z",
  "database_specific": {
    "severity": "MODERATE",
    "cwe_ids": [
      "CWE-352"
    ],
    "github_reviewed": true
  },
  "references": [
    {
      "type": "ADVISORY",
      "url": "https://nvd.nist.gov/vuln/detail/CVE-2020-7965"
    },
    {
      "type": "WEB",
      "url": "https://webargs.readthedocs.io/en/latest/changelog.html"
    }
  ],
  "affected": [
    {
      "package": {
        "name": "webargs",
        "ecosystem": "PyPI",
        "purl": "pkg:pypi/webargs"
      },
      "ranges": [
        {
          "type": "ECOSYSTEM",
          "events": [
            {
              "introduced": "5.0.0"
            },
            {
              "fixed": "5.5.3"
            }
          ]
        }
      ],
      "versions": [
        "5.0.0",
        "5.1.0",
        "5.1.1",
        "5.1.1.post0",
        "5.1.2",
        "5.1.3",
        "5.2.0",
        "5.3.0",
        "5.3.1",
        "5.3.2",
        "5.4.0",
        "5.5.0",
        "5.5.1",
        "5.5.2"
      ],
      "database_specific": {
        "last_known_affected_version_range": "<= 5.5.2",
        "source": "https://github.com/github/advisory-database/blob/main/advisories/github-reviewed/2021/04/GHSA-fjq3-5pxw-4wj4/GHSA-fjq3-5pxw-4wj4.json"
      }
    }
  ],
  "schema_version": "1.2.0",
  "severity": [
    {
      "type": "CVSS_V3",
      "score": "CVSS:3.1/AV:N/AC:L/PR:N/UI:R/S:U/C:H/I:H/A:H"
    }
  ]
}