{
  "id": "GHSA-77g3-3j5w-64w4",
  "summary": "Exposure of Resource to Wrong Sphere and Insecure Temporary File in Ansible",
  "details": "A flaw was found in Ansible Engine affecting Ansible Engine versions 2.7.x before 2.7.17 and 2.8.x before 2.8.11 and 2.9.x before 2.9.7 as well as Ansible Tower before and including versions 3.4.5 and 3.5.5 and 3.6.3 when using modules which decrypts vault files such as assemble, script, unarchive, win_copy, aws_s3 or copy modules. The temporary directory is created in /tmp leaves the s ts unencrypted. On Operating Systems which /tmp is not a tmpfs but part of the root partition, the directory is only cleared on boot and the decryp emains when the host is switched off. The system will be vulnerable when the system is not running. So decrypted data must be cleared as soon as possible and the data which normally is encrypted ble.",
  "aliases": [
    "CVE-2020-10685"
  ],
  "modified": "2022-03-03T05:13:02.019725Z",
  "published": "2021-04-07T20:36:46Z",
  "database_specific": {
    "cwe_ids": [
      "CWE-377",
      "CWE-459",
      "CWE-668"
    ],
    "github_reviewed": true,
    "severity": "LOW"
  },
  "references": [
    {
      "type": "ADVISORY",
      "url": "https://nvd.nist.gov/vuln/detail/CVE-2020-10685"
    },
    {
      "type": "WEB",
      "url": "https://github.com/ansible/ansible/pull/68433"
    },
    {
      "type": "WEB",
      "url": "https://bugzilla.redhat.com/show_bug.cgi?id=CVE-2020-10685"
    },
    {
      "type": "WEB",
      "url": "https://security.gentoo.org/glsa/202006-11"
    },
    {
      "type": "WEB",
      "url": "https://www.debian.org/security/2021/dsa-4950"
    },
    {
      "type": "PACKAGE",
      "url": "https://github.com/ansible/ansible"
    }
  ],
  "affected": [
    {
      "package": {
        "name": "ansible",
        "ecosystem": "PyPI",
        "purl": "pkg:pypi/ansible"
      },
      "ranges": [
        {
          "type": "ECOSYSTEM",
          "events": [
            {
              "introduced": "2.7.0"
            },
            {
              "fixed": "2.7.17"
            }
          ]
        }
      ],
      "versions": [
        "2.7.0",
        "2.7.1",
        "2.7.10",
        "2.7.11",
        "2.7.12",
        "2.7.13",
        "2.7.14",
        "2.7.15",
        "2.7.16",
        "2.7.2",
        "2.7.3",
        "2.7.4",
        "2.7.5",
        "2.7.6",
        "2.7.7",
        "2.7.8",
        "2.7.9"
      ],
      "database_specific": {
        "source": "https://github.com/github/advisory-database/blob/main/advisories/github-reviewed/2021/04/GHSA-77g3-3j5w-64w4/GHSA-77g3-3j5w-64w4.json"
      }
    },
    {
      "package": {
        "name": "ansible",
        "ecosystem": "PyPI",
        "purl": "pkg:pypi/ansible"
      },
      "ranges": [
        {
          "type": "ECOSYSTEM",
          "events": [
            {
              "introduced": "2.8.0"
            },
            {
              "fixed": "2.8.11"
            }
          ]
        }
      ],
      "versions": [
        "2.8.0",
        "2.8.1",
        "2.8.10",
        "2.8.2",
        "2.8.3",
        "2.8.4",
        "2.8.5",
        "2.8.6",
        "2.8.7",
        "2.8.8",
        "2.8.9"
      ],
      "database_specific": {
        "source": "https://github.com/github/advisory-database/blob/main/advisories/github-reviewed/2021/04/GHSA-77g3-3j5w-64w4/GHSA-77g3-3j5w-64w4.json"
      }
    },
    {
      "package": {
        "name": "ansible",
        "ecosystem": "PyPI",
        "purl": "pkg:pypi/ansible"
      },
      "ranges": [
        {
          "type": "ECOSYSTEM",
          "events": [
            {
              "introduced": "2.9.0"
            },
            {
              "fixed": "2.9.7"
            }
          ]
        }
      ],
      "versions": [
        "2.9.0",
        "2.9.1",
        "2.9.2",
        "2.9.3",
        "2.9.4",
        "2.9.5",
        "2.9.6"
      ],
      "database_specific": {
        "source": "https://github.com/github/advisory-database/blob/main/advisories/github-reviewed/2021/04/GHSA-77g3-3j5w-64w4/GHSA-77g3-3j5w-64w4.json"
      }
    }
  ],
  "schema_version": "1.2.0",
  "severity": [
    {
      "type": "CVSS_V3",
      "score": "CVSS:3.1/AV:L/AC:L/PR:L/UI:N/S:U/C:H/I:N/A:N"
    }
  ]
}