{
  "id": "GHSA-375m-5fvv-xq23",
  "summary": "VVE-2021-0002: Incorrect `returndatasize` when using simple forwarder proxies deployed prior to EIP-1167 adoption",
  "details": "## Background\n\n@tjayrush reported a data handling issue with certain Web3 libraries using Vyper-deploy forwarder proxy contracts using our Vyper's built-in `create_forwarder_to` function prior to our change to support EIP-1167 style forwarder proxies.\n\n### Impact\nIf you are an end user of a forwarder-style proxy deployed using Vyper's built-in `create_forwarder_to` function AND you have a function that returns >4096 bytes AND you do no return data sanitation on the value returned, you could potentially see a data corruption issue.\n\nOtherwise, if you are handling the result of a return call AND you expect a specific `RETURNDATASIZE` that is less than 4096 (such as `SafeERC20.safeTransfer`) then the call will fail that check.\n\n### Patches\nThe issue was patched when we upgraded to EIP-1167 style forwarder proxies in #2281.\n\n### Workarounds\nIf you are making a call to a contract method that is expected to return <= 4096 bytes, there is no issue as the ABI decoders in both Solidity and Vyper will truncate the data properly. Web3 libraries will also do this, unless you are doing `eth_call` or `eth_sendTransaction` directly.\n\nIf you are using a Solidity library that checks `RETURNDATASIZE` of an external call to a forwarder proxy deployed prior to this patch, it will fail on that assertion (such as `SafeERC20.safeTransfer`). The workaround is to always do a greater than or equal to check, rather than a strict equals to check.",
  "modified": "2022-03-03T05:12:42.615898Z",
  "published": "2021-04-19T15:11:54Z",
  "database_specific": {
    "severity": "LOW",
    "github_reviewed": true,
    "cwe_ids": [
      "CWE-20"
    ]
  },
  "references": [
    {
      "type": "WEB",
      "url": "https://github.com/vyperlang/vyper/security/advisories/GHSA-375m-5fvv-xq23"
    },
    {
      "type": "WEB",
      "url": "https://github.com/vyperlang/vyper/pull/2281"
    },
    {
      "type": "WEB",
      "url": "https://pypi.org/project/vyper/"
    }
  ],
  "affected": [
    {
      "package": {
        "name": "vyper",
        "ecosystem": "PyPI",
        "purl": "pkg:pypi/vyper"
      },
      "ranges": [
        {
          "type": "ECOSYSTEM",
          "events": [
            {
              "introduced": "0"
            },
            {
              "fixed": "0.2.9"
            }
          ]
        }
      ],
      "versions": [
        "0.1.0b1",
        "0.1.0b10",
        "0.1.0b11",
        "0.1.0b12",
        "0.1.0b13",
        "0.1.0b14",
        "0.1.0b15",
        "0.1.0b16",
        "0.1.0b17",
        "0.1.0b2",
        "0.1.0b3",
        "0.1.0b4",
        "0.1.0b5",
        "0.1.0b6",
        "0.1.0b7",
        "0.1.0b8",
        "0.1.0b9",
        "0.2.1",
        "0.2.2",
        "0.2.3",
        "0.2.4",
        "0.2.5",
        "0.2.6",
        "0.2.7",
        "0.2.8"
      ],
      "database_specific": {
        "source": "https://github.com/github/advisory-database/blob/main/advisories/github-reviewed/2021/04/GHSA-375m-5fvv-xq23/GHSA-375m-5fvv-xq23.json"
      }
    }
  ],
  "schema_version": "1.2.0"
}