{
  "id": "GHSA-83rh-hx5x-q9p5",
  "summary": "Out-of-bounds Read in OpenCV",
  "details": "In OpenCV 3.3.1 (corresponding with OpenCV-Python 3.3.1.11), a heap-based buffer over-read exists in the function cv::HdrDecoder::checkSignature in modules/imgcodecs/src/grfmt_hdr.cpp.",
  "aliases": [
    "CVE-2017-18009"
  ],
  "modified": "2022-03-03T05:13:35.314834Z",
  "published": "2021-10-12T22:03:23Z",
  "database_specific": {
    "severity": "HIGH",
    "cwe_ids": [
      "CWE-125"
    ],
    "github_reviewed": true
  },
  "references": [
    {
      "type": "ADVISORY",
      "url": "https://nvd.nist.gov/vuln/detail/CVE-2017-18009"
    },
    {
      "type": "WEB",
      "url": "https://github.com/opencv/opencv/issues/10479"
    },
    {
      "type": "WEB",
      "url": "https://github.com/opencv/opencv/pull/10480/commits/4ca89db22dea962690f31c1781bce5937ee91837"
    },
    {
      "type": "WEB",
      "url": "http://www.securityfocus.com/bid/106945"
    },
    {
      "type": "PACKAGE",
      "url": "https://github.com/opencv/opencv-python"
    }
  ],
  "affected": [
    {
      "package": {
        "name": "opencv-python",
        "ecosystem": "PyPI",
        "purl": "pkg:pypi/opencv-python"
      },
      "ranges": [
        {
          "type": "ECOSYSTEM",
          "events": [
            {
              "introduced": "0"
            },
            {
              "fixed": "3.4.1.15"
            }
          ]
        }
      ],
      "versions": [
        "3.1.0",
        "3.1.0.0",
        "3.1.0.1",
        "3.1.0.2",
        "3.1.0.3",
        "3.1.0.4",
        "3.1.0.5",
        "3.2.0.6",
        "3.2.0.7",
        "3.2.0.8",
        "3.3.0.10",
        "3.3.0.9",
        "3.3.1.11",
        "3.4.0.12",
        "3.4.0.14"
      ],
      "database_specific": {
        "last_known_affected_version_range": "<= 3.3.1.11",
        "source": "https://github.com/github/advisory-database/blob/main/advisories/github-reviewed/2021/10/GHSA-83rh-hx5x-q9p5/GHSA-83rh-hx5x-q9p5.json"
      }
    },
    {
      "package": {
        "name": "opencv-contrib-python",
        "ecosystem": "PyPI",
        "purl": "pkg:pypi/opencv-contrib-python"
      },
      "ranges": [
        {
          "type": "ECOSYSTEM",
          "events": [
            {
              "introduced": "0"
            },
            {
              "fixed": "3.4.1.15"
            }
          ]
        }
      ],
      "versions": [
        "3.1.0.0",
        "3.2.0.7",
        "3.2.0.8",
        "3.3.0.10",
        "3.3.0.9",
        "3.3.1.11",
        "3.4.0.12",
        "3.4.0.14"
      ],
      "database_specific": {
        "last_known_affected_version_range": "<= 3.3.1.11",
        "source": "https://github.com/github/advisory-database/blob/main/advisories/github-reviewed/2021/10/GHSA-83rh-hx5x-q9p5/GHSA-83rh-hx5x-q9p5.json"
      }
    }
  ],
  "schema_version": "1.2.0",
  "severity": [
    {
      "type": "CVSS_V3",
      "score": "CVSS:3.0/AV:N/AC:L/PR:N/UI:N/S:U/C:N/I:N/A:H"
    }
  ]
}