{
  "id": "GHSA-435p-f82x-mxwm",
  "summary": "Command injection in Yamale",
  "details": "23andMe Yamale before 3.0.8 allows remote attackers to execute arbitrary code via a crafted schema file. The schema parser uses eval as part of its processing, and tries to protect from malicious expressions by limiting the builtins that are passed to the eval. When processing the schema, each line is run through Python's eval function to make the validator available. A well-constructed string within the schema rules can execute system commands; thus, by exploiting the vulnerability, an attacker can run arbitrary code on the image that invokes Yamale.",
  "aliases": [
    "CVE-2021-38305"
  ],
  "modified": "2022-03-03T05:14:14.343285Z",
  "published": "2021-08-11T15:19:23Z",
  "database_specific": {
    "github_reviewed": true,
    "cwe_ids": [
      "CWE-434",
      "CWE-78"
    ],
    "severity": "HIGH"
  },
  "references": [
    {
      "type": "ADVISORY",
      "url": "https://nvd.nist.gov/vuln/detail/CVE-2021-38305"
    },
    {
      "type": "WEB",
      "url": "https://github.com/23andMe/Yamale/pull/165"
    },
    {
      "type": "WEB",
      "url": "https://github.com/23andMe/Yamale/releases/tag/3.0.8"
    },
    {
      "type": "PACKAGE",
      "url": "https://github.com/23andMe/Yamale"
    }
  ],
  "affected": [
    {
      "package": {
        "name": "yamale",
        "ecosystem": "PyPI",
        "purl": "pkg:pypi/yamale"
      },
      "ranges": [
        {
          "type": "ECOSYSTEM",
          "events": [
            {
              "introduced": "0"
            },
            {
              "fixed": "3.0.8"
            }
          ]
        }
      ],
      "versions": [
        "1.1.3",
        "1.10.0",
        "1.10.1",
        "1.2.0",
        "1.2.1",
        "1.3.0",
        "1.3.1",
        "1.4.0",
        "1.4.1",
        "1.5.0",
        "1.5.2",
        "1.5.3",
        "1.5.4",
        "1.5.5",
        "1.5.6",
        "1.6.0",
        "1.6.1",
        "1.6.2",
        "1.6.3",
        "1.6.4",
        "1.7.0",
        "1.7.1",
        "1.8.0",
        "1.8.1",
        "1.9.0",
        "2.0",
        "2.0.1",
        "2.1.0",
        "2.2.0",
        "3.0.0",
        "3.0.1",
        "3.0.2",
        "3.0.3",
        "3.0.4",
        "3.0.5",
        "3.0.6",
        "3.0.7"
      ],
      "database_specific": {
        "source": "https://github.com/github/advisory-database/blob/main/advisories/github-reviewed/2021/08/GHSA-435p-f82x-mxwm/GHSA-435p-f82x-mxwm.json"
      }
    }
  ],
  "schema_version": "1.2.0",
  "severity": [
    {
      "type": "CVSS_V3",
      "score": "CVSS:3.1/AV:L/AC:L/PR:N/UI:R/S:U/C:H/I:H/A:H"
    }
  ]
}