{
  "id": "GHSA-926q-wxr6-3crq",
  "summary": "Moderate severity vulnerability that affects roundup",
  "details": "Roundup 1.6 allows XSS via the URI because frontends/roundup.cgi and roundup/cgi/wsgi_handler.py mishandle 404 errors.",
  "aliases": [
    "CVE-2019-10904"
  ],
  "modified": "2022-03-03T05:14:03.497527Z",
  "published": "2019-04-09T19:47:14Z",
  "database_specific": {
    "github_reviewed": true,
    "severity": "MODERATE",
    "cwe_ids": [
      "CWE-79"
    ]
  },
  "references": [
    {
      "type": "ADVISORY",
      "url": "https://nvd.nist.gov/vuln/detail/CVE-2019-10904"
    },
    {
      "type": "WEB",
      "url": "https://github.com/python/bugs.python.org/issues/34"
    },
    {
      "type": "WEB",
      "url": "https://bugs.python.org/issue36391"
    },
    {
      "type": "ADVISORY",
      "url": "https://github.com/advisories/GHSA-926q-wxr6-3crq"
    },
    {
      "type": "WEB",
      "url": "https://lists.debian.org/debian-lts-announce/2019/04/msg00009.html"
    },
    {
      "type": "WEB",
      "url": "https://www.openwall.com/lists/oss-security/2019/04/05/1"
    },
    {
      "type": "WEB",
      "url": "http://www.openwall.com/lists/oss-security/2019/04/07/1"
    }
  ],
  "affected": [
    {
      "package": {
        "name": "roundup",
        "ecosystem": "PyPI",
        "purl": "pkg:pypi/roundup"
      },
      "ranges": [
        {
          "type": "ECOSYSTEM",
          "events": [
            {
              "introduced": "0"
            }
          ]
        }
      ],
      "versions": [
        "0.5.9",
        "0.6.11",
        "0.6.8",
        "0.6.9",
        "0.7.0",
        "0.7.0b3",
        "0.7.1",
        "0.7.11",
        "0.7.12",
        "0.7.2",
        "0.7.3",
        "0.7.4",
        "0.7.5",
        "0.7.7",
        "0.7.8",
        "0.7.9",
        "0.8.0",
        "0.8.0b1",
        "0.8.1",
        "0.8.2",
        "0.8.3",
        "0.8.4",
        "0.8.5",
        "0.8.6",
        "0.9.0b1",
        "1.0",
        "1.0.1",
        "1.1.0",
        "1.1.1",
        "1.1.2",
        "1.2.0",
        "1.2.1",
        "1.3.0",
        "1.3.1",
        "1.3.2",
        "1.3.3",
        "1.4.0",
        "1.4.1",
        "1.4.10",
        "1.4.11",
        "1.4.12",
        "1.4.13",
        "1.4.14",
        "1.4.15",
        "1.4.16",
        "1.4.17",
        "1.4.18",
        "1.4.19",
        "1.4.2",
        "1.4.20",
        "1.4.21",
        "1.4.3",
        "1.4.4",
        "1.4.5.1",
        "1.4.6",
        "1.4.7",
        "1.4.8",
        "1.4.9",
        "1.5.0",
        "1.5.1",
        "1.6.0",
        "1.6.1",
        "2.0.0",
        "2.0.0alpha0",
        "2.0.0beta0",
        "2.1.0",
        "2.1.0b1"
      ],
      "database_specific": {
        "last_known_affected_version_range": "<= 1.6",
        "source": "https://github.com/github/advisory-database/blob/main/advisories/github-reviewed/2019/04/GHSA-926q-wxr6-3crq/GHSA-926q-wxr6-3crq.json"
      }
    }
  ],
  "schema_version": "1.2.0",
  "severity": [
    {
      "type": "CVSS_V3",
      "score": "CVSS:3.0/AV:N/AC:L/PR:N/UI:R/S:C/C:L/I:L/A:N"
    }
  ]
}