{
  "id": "GHSA-7xwj-5r4v-429p",
  "summary": "NPE in TFLite",
  "details": "### Impact\nThe implementation of SVDF in TFLite is [vulnerable to a null pointer error](https://github.com/tensorflow/tensorflow/blob/460e000de3a83278fb00b61a16d161b1964f15f4/tensorflow/lite/kernels/svdf.cc#L300-L313):\n\n```cc\n  TfLiteTensor* state = GetVariableInput(context, node, kStateTensor);\n  // ...\n  GetTensorData<float>(state)\n```\n\nThe [`GetVariableInput` function](https://github.com/tensorflow/tensorflow/blob/460e000de3a83278fb00b61a16d161b1964f15f4/tensorflow/lite/kernels/kernel_util.cc#L115-L119) can return a null pointer but `GetTensorData` assumes that the argument is always a valid tensor.\n\n```cc\nTfLiteTensor* GetVariableInput(TfLiteContext* context, const TfLiteNode* node,\n                               int index) {\n  TfLiteTensor* tensor = GetMutableInput(context, node, index);\n  return tensor->is_variable ? tensor : nullptr;\n}\n```\n\nFurthermore, because `GetVariableInput` calls [`GetMutableInput`](https://github.com/tensorflow/tensorflow/blob/460e000de3a83278fb00b61a16d161b1964f15f4/tensorflow/lite/kernels/kernel_util.cc#L82-L90) which might return `nullptr`, the `tensor->is_variable` expression can also trigger a null pointer exception.\n\n### Patches\nWe have patched the issue in GitHub commit [5b048e87e4e55990dae6b547add4dae59f4e1c76](https://github.com/tensorflow/tensorflow/commit/5b048e87e4e55990dae6b547add4dae59f4e1c76).\n\nThe fix will be included in TensorFlow 2.6.0. We will also cherrypick this commit on TensorFlow 2.5.1, TensorFlow 2.4.3, and TensorFlow 2.3.4, as these are also affected and still in supported range.\n\n### For more information\nPlease consult [our security guide](https://github.com/tensorflow/tensorflow/blob/master/SECURITY.md) for more information regarding the security model and how to contact us with issues and questions.\n\n### Attribution\nThis vulnerability has been reported by members of the Aivul Team from Qihoo 360.",
  "aliases": [
    "CVE-2021-37681"
  ],
  "modified": "2021-08-24T16:30:14Z",
  "published": "2021-08-25T14:40:35Z",
  "database_specific": {
    "github_reviewed": true,
    "cwe_ids": [
      "CWE-476"
    ],
    "severity": "HIGH"
  },
  "references": [
    {
      "type": "WEB",
      "url": "https://github.com/tensorflow/tensorflow/security/advisories/GHSA-7xwj-5r4v-429p"
    },
    {
      "type": "ADVISORY",
      "url": "https://nvd.nist.gov/vuln/detail/CVE-2021-37681"
    },
    {
      "type": "WEB",
      "url": "https://github.com/tensorflow/tensorflow/commit/5b048e87e4e55990dae6b547add4dae59f4e1c76"
    },
    {
      "type": "PACKAGE",
      "url": "https://github.com/tensorflow/tensorflow"
    }
  ],
  "affected": [
    {
      "package": {
        "name": "tensorflow-lite",
        "ecosystem": "PyPI",
        "purl": "pkg:pypi/tensorflow-lite"
      },
      "ranges": [
        {
          "type": "ECOSYSTEM",
          "events": [
            {
              "introduced": "0"
            },
            {
              "fixed": "2.3.4"
            }
          ]
        }
      ],
      "database_specific": {
        "source": "https://github.com/github/advisory-database/blob/main/advisories/github-reviewed/2021/08/GHSA-7xwj-5r4v-429p/GHSA-7xwj-5r4v-429p.json"
      },
      "versions": []
    },
    {
      "package": {
        "name": "tensorflow-lite",
        "ecosystem": "PyPI",
        "purl": "pkg:pypi/tensorflow-lite"
      },
      "ranges": [
        {
          "type": "ECOSYSTEM",
          "events": [
            {
              "introduced": "2.4.0"
            },
            {
              "fixed": "2.4.3"
            }
          ]
        }
      ],
      "database_specific": {
        "source": "https://github.com/github/advisory-database/blob/main/advisories/github-reviewed/2021/08/GHSA-7xwj-5r4v-429p/GHSA-7xwj-5r4v-429p.json"
      },
      "versions": []
    },
    {
      "package": {
        "name": "tensorflow-lite",
        "ecosystem": "PyPI",
        "purl": "pkg:pypi/tensorflow-lite"
      },
      "ranges": [
        {
          "type": "ECOSYSTEM",
          "events": [
            {
              "introduced": "2.5.0"
            },
            {
              "fixed": "2.5.1"
            }
          ]
        }
      ],
      "versions": [
        "2.5.0"
      ],
      "database_specific": {
        "source": "https://github.com/github/advisory-database/blob/main/advisories/github-reviewed/2021/08/GHSA-7xwj-5r4v-429p/GHSA-7xwj-5r4v-429p.json"
      }
    }
  ],
  "schema_version": "1.2.0",
  "severity": [
    {
      "type": "CVSS_V3",
      "score": "CVSS:3.1/AV:L/AC:L/PR:L/UI:N/S:U/C:H/I:H/A:H"
    }
  ]
}