{
  "id": "GHSA-9w7f-m4j4-j3xw",
  "summary": "Gerapy < 0.9.8 may cause remote code execution",
  "details": "### Impact\n\nproject_configure function exist remote code execute in Gerapy < 0.9.8\n\n### Patches\n\nPatched in version 0.9.8, please install with:\n\n```\npip3 install -U gerapy\n```",
  "aliases": [
    "CVE-2021-43857"
  ],
  "modified": "2022-03-03T05:13:29.100217Z",
  "published": "2022-01-06T17:36:38Z",
  "database_specific": {
    "cwe_ids": [
      "CWE-78"
    ],
    "severity": "HIGH",
    "github_reviewed": true
  },
  "references": [
    {
      "type": "WEB",
      "url": "https://github.com/Gerapy/Gerapy/security/advisories/GHSA-9w7f-m4j4-j3xw"
    },
    {
      "type": "ADVISORY",
      "url": "https://nvd.nist.gov/vuln/detail/CVE-2021-43857"
    },
    {
      "type": "WEB",
      "url": "https://github.com/Gerapy/Gerapy/issues/219"
    },
    {
      "type": "WEB",
      "url": "https://github.com/Gerapy/Gerapy/commit/49bcb19be5e0320e7e1535f34fe00f16a3cf3b28"
    },
    {
      "type": "WEB",
      "url": "http://packetstormsecurity.com/files/165459/Gerapy-0.9.7-Remote-Code-Execution.html"
    },
    {
      "type": "PACKAGE",
      "url": "https://github.com/Gerapy/Gerapy"
    }
  ],
  "affected": [
    {
      "package": {
        "name": "gerapy",
        "ecosystem": "PyPI",
        "purl": "pkg:pypi/gerapy"
      },
      "ranges": [
        {
          "type": "ECOSYSTEM",
          "events": [
            {
              "introduced": "0"
            },
            {
              "fixed": "0.9.8"
            }
          ]
        }
      ],
      "versions": [
        "0.6.6",
        "0.6.7",
        "0.6.8",
        "0.6.9",
        "0.7.0",
        "0.7.1",
        "0.7.2",
        "0.7.3",
        "0.7.6",
        "0.7.7",
        "0.7.8",
        "0.7.9",
        "0.8.0",
        "0.8.1",
        "0.8.2",
        "0.8.3",
        "0.8.4rc2",
        "0.8.5",
        "0.8.5rc2",
        "0.8.6",
        "0.8.6a0",
        "0.8.6b0",
        "0.8.6b1",
        "0.8.6rc1",
        "0.8.6rc2",
        "0.8.7",
        "0.8.8",
        "0.9.0",
        "0.9.1",
        "0.9.2",
        "0.9.2a0",
        "0.9.2rc1",
        "0.9.3",
        "0.9.3a1",
        "0.9.3a2",
        "0.9.3b1",
        "0.9.5",
        "0.9.6",
        "0.9.6a1",
        "0.9.7"
      ],
      "database_specific": {
        "source": "https://github.com/github/advisory-database/blob/main/advisories/github-reviewed/2022/01/GHSA-9w7f-m4j4-j3xw/GHSA-9w7f-m4j4-j3xw.json"
      }
    }
  ],
  "schema_version": "1.2.0",
  "severity": [
    {
      "type": "CVSS_V3",
      "score": "CVSS:3.1/AV:N/AC:L/PR:N/UI:N/S:U/C:H/I:H/A:H"
    }
  ]
}