{
  "id": "GHSA-7257-96vg-qf6x",
  "summary": "Remote Code Execution in Red Discord Bot",
  "details": "### Impact\nA RCE exploit has been discovered in the Streams module: this exploit allows Discord users with specifically crafted \"going live\" messages to inject code into the Streams module's going live message. By abusing this exploit, it's possible to perform destructive actions and/or access sensitive information.\n\n### Patches\nThis critical exploit has been fixed on version ``3.3.12`` & ``3.4``.\n\n### Workarounds\nUnloading the Streams module with ``unload streams`` can render this exploit not accessible. We still highly recommend updating to ``3.3.12`` or ``3.4`` to completely patch this issue.\n\n### References\n* https://github.com/Cog-Creators/Red-DiscordBot/pull/4183\n\n### For more information\nIf you have any questions or comments about this advisory:\n* Open an issue in [Cog-Creators/Red-DiscordBot](https://github.com/Cog-Creators/Red-DiscordBot)\n* Over on our [Discord server](https://discord.gg/red)",
  "aliases": [
    "CVE-2020-15147"
  ],
  "modified": "2022-03-03T05:13:02.222242Z",
  "published": "2020-08-21T17:03:24Z",
  "database_specific": {
    "cwe_ids": [
      "CWE-74",
      "CWE-94"
    ],
    "github_reviewed": true,
    "severity": "HIGH"
  },
  "references": [
    {
      "type": "WEB",
      "url": "https://github.com/Cog-Creators/Red-DiscordBot/security/advisories/GHSA-7257-96vg-qf6x"
    },
    {
      "type": "ADVISORY",
      "url": "https://nvd.nist.gov/vuln/detail/CVE-2020-15147"
    },
    {
      "type": "WEB",
      "url": "https://github.com/Cog-Creators/Red-DiscordBot/pull/4183"
    },
    {
      "type": "WEB",
      "url": "https://github.com/Cog-Creators/Red-DiscordBot/pull/4183/commits/e269ea0d3bc88417163c18431b1df38a9be92bfc"
    },
    {
      "type": "PACKAGE",
      "url": "https://github.com/Cog-Creators/Red-DiscordBot/"
    }
  ],
  "affected": [
    {
      "package": {
        "name": "Red-DiscordBot",
        "ecosystem": "PyPI",
        "purl": "pkg:pypi/Red-DiscordBot"
      },
      "ranges": [
        {
          "type": "ECOSYSTEM",
          "events": [
            {
              "introduced": "0"
            },
            {
              "fixed": "3.3.12"
            }
          ]
        }
      ],
      "versions": [
        "3.0.0",
        "3.0.0b16",
        "3.0.0b17",
        "3.0.0b18",
        "3.0.0b19",
        "3.0.0b20",
        "3.0.0b21",
        "3.0.0rc1",
        "3.0.0rc1.post1",
        "3.0.0rc2",
        "3.0.0rc3",
        "3.0.0rc3.post1",
        "3.0.1",
        "3.0.2",
        "3.1.0",
        "3.1.1",
        "3.1.2",
        "3.1.3",
        "3.1.4",
        "3.1.5",
        "3.1.6",
        "3.1.7",
        "3.1.8",
        "3.1.9",
        "3.2.0",
        "3.2.1",
        "3.2.2",
        "3.2.3",
        "3.3.0",
        "3.3.1",
        "3.3.10",
        "3.3.11",
        "3.3.2",
        "3.3.3",
        "3.3.4",
        "3.3.5",
        "3.3.6",
        "3.3.7",
        "3.3.8",
        "3.3.9"
      ],
      "database_specific": {
        "source": "https://github.com/github/advisory-database/blob/main/advisories/github-reviewed/2020/08/GHSA-7257-96vg-qf6x/GHSA-7257-96vg-qf6x.json",
        "last_known_affected_version_range": "<= 3.3.11"
      }
    }
  ],
  "schema_version": "1.2.0",
  "severity": [
    {
      "type": "CVSS_V3",
      "score": "CVSS:3.1/AV:N/AC:H/PR:L/UI:N/S:C/C:H/I:H/A:H"
    }
  ]
}