{
  "id": "GHSA-656c-6cxf-hvcv",
  "summary": "Deserialization of Untrusted Data in Flask-Caching",
  "details": "The Flask-Caching extension through 1.10.1 for Flask relies on Pickle for serialization, which may lead to remote code execution or local privilege escalation. If an attacker gains access to cache storage (e.g., filesystem, Memcached, Redis, etc.), they can construct a crafted payload, poison the cache, and execute Python code.",
  "aliases": [
    "CVE-2021-33026"
  ],
  "modified": "2022-03-03T05:13:07.592247Z",
  "published": "2021-06-18T18:33:40Z",
  "database_specific": {
    "severity": "MODERATE",
    "cwe_ids": [
      "CWE-269",
      "CWE-502"
    ],
    "github_reviewed": true
  },
  "references": [
    {
      "type": "ADVISORY",
      "url": "https://nvd.nist.gov/vuln/detail/CVE-2021-33026"
    },
    {
      "type": "WEB",
      "url": "https://github.com/sh4nks/flask-caching/pull/209"
    }
  ],
  "affected": [
    {
      "package": {
        "name": "Flask-Caching",
        "ecosystem": "PyPI",
        "purl": "pkg:pypi/Flask-Caching"
      },
      "ranges": [
        {
          "type": "ECOSYSTEM",
          "events": [
            {
              "introduced": "0"
            }
          ]
        }
      ],
      "versions": [
        "1.0.0",
        "1.0.1",
        "1.1.0",
        "1.1.1",
        "1.10.0",
        "1.10.1",
        "1.2.0",
        "1.3.0",
        "1.3.1",
        "1.3.2",
        "1.3.3",
        "1.4.0",
        "1.5.0",
        "1.6.0",
        "1.7.0",
        "1.7.1",
        "1.7.2",
        "1.8.0",
        "1.9.0"
      ],
      "database_specific": {
        "source": "https://github.com/github/advisory-database/blob/main/advisories/github-reviewed/2021/06/GHSA-656c-6cxf-hvcv/GHSA-656c-6cxf-hvcv.json",
        "last_known_affected_version_range": "<= 1.10.1"
      }
    }
  ],
  "schema_version": "1.2.0"
}