{
  "id": "GHSA-7qqv-r2q4-jxhm",
  "summary": "High severity vulnerability that affects privacyIDEA",
  "details": "privacyIDEA version 2.23.1 and earlier contains a Improper Input Validation vulnerability in token validation api that can result in Denial-of-Service. This attack appear to be exploitable via http request with user=<space>&pass= to /validate/check url. This vulnerability appears to have been fixed in 2.23.2.",
  "aliases": [
    "CVE-2018-1000809"
  ],
  "modified": "2022-03-03T05:13:06.315310Z",
  "published": "2019-01-14T16:19:31Z",
  "database_specific": {
    "cwe_ids": [
      "CWE-20"
    ],
    "severity": "HIGH",
    "github_reviewed": true
  },
  "references": [
    {
      "type": "ADVISORY",
      "url": "https://nvd.nist.gov/vuln/detail/CVE-2018-1000809"
    },
    {
      "type": "WEB",
      "url": "https://github.com/privacyidea/privacyidea/issues/1227"
    },
    {
      "type": "WEB",
      "url": "https://github.com/privacyidea/privacyidea/commit/a3edc09beffa2104f357fe24971ea3211ce40751"
    },
    {
      "type": "ADVISORY",
      "url": "https://github.com/advisories/GHSA-7qqv-r2q4-jxhm"
    },
    {
      "type": "PACKAGE",
      "url": "https://github.com/privacyidea/privacyidea"
    }
  ],
  "affected": [
    {
      "package": {
        "name": "privacyIDEA",
        "ecosystem": "PyPI",
        "purl": "pkg:pypi/privacyIDEA"
      },
      "ranges": [
        {
          "type": "ECOSYSTEM",
          "events": [
            {
              "introduced": "0"
            },
            {
              "fixed": "2.23.2"
            }
          ]
        }
      ],
      "versions": [
        "1.0",
        "1.0dev4",
        "1.0dev5",
        "1.0dev6",
        "1.0dev7",
        "1.1",
        "1.2",
        "1.2.1",
        "1.2.1-dev0",
        "1.2.2",
        "1.2.3",
        "1.3",
        "1.3.1",
        "1.3.2",
        "1.3.3",
        "1.4",
        "1.4.1",
        "1.4dev5",
        "1.5",
        "1.5.1",
        "1.5.1.1",
        "2.0",
        "2.0.1",
        "2.0dev1",
        "2.1",
        "2.10",
        "2.10.1",
        "2.10.2",
        "2.10dev2",
        "2.10dev4",
        "2.10dev5",
        "2.10dev6",
        "2.11",
        "2.11.1",
        "2.11.2",
        "2.11.3",
        "2.11dev2",
        "2.12",
        "2.12.1",
        "2.13",
        "2.14",
        "2.15",
        "2.16",
        "2.16.1",
        "2.17",
        "2.17.dev4",
        "2.17.dev5",
        "2.17.dev6",
        "2.18",
        "2.18.1",
        "2.18.dev3",
        "2.18.dev4",
        "2.18.dev5",
        "2.18.dev6",
        "2.18.dev7",
        "2.19",
        "2.19.1",
        "2.19.dev2",
        "2.2",
        "2.2.1",
        "2.20",
        "2.20.1",
        "2.20.dev1",
        "2.20.dev2",
        "2.20.dev3",
        "2.20.dev4",
        "2.21",
        "2.21.1",
        "2.21.2",
        "2.21.3",
        "2.21.4",
        "2.21.dev2",
        "2.22",
        "2.22.1",
        "2.22.1.dev1",
        "2.22.2",
        "2.22.2.dev1",
        "2.22.4",
        "2.22.dev3",
        "2.22.dev4",
        "2.22.dev7",
        "2.23",
        "2.23.1",
        "2.23.dev3",
        "2.23.dev4",
        "2.23.dev5",
        "2.23.dev6",
        "2.23.dev7",
        "2.23.dev8",
        "2.23.dev9",
        "2.3",
        "2.3.1",
        "2.3.2",
        "2.4",
        "2.5",
        "2.6",
        "2.6dev0",
        "2.6dev1",
        "2.6dev2",
        "2.6dev4",
        "2.6dev5",
        "2.7",
        "2.7.1",
        "2.7dev3",
        "2.8",
        "2.8.1",
        "2.8dev4",
        "2.8dev5",
        "2.8dev7",
        "2.9",
        "2.9dev2"
      ],
      "database_specific": {
        "source": "https://github.com/github/advisory-database/blob/main/advisories/github-reviewed/2019/01/GHSA-7qqv-r2q4-jxhm/GHSA-7qqv-r2q4-jxhm.json"
      }
    }
  ],
  "schema_version": "1.2.0",
  "severity": [
    {
      "type": "CVSS_V3",
      "score": "CVSS:3.0/AV:N/AC:L/PR:N/UI:N/S:U/C:N/I:N/A:H"
    }
  ]
}