{
  "id": "GHSA-c6fm-rgw4-8q73",
  "summary": "Moderate severity vulnerability that affects CoAPthon3",
  "details": "The Serialize.deserialize() method in CoAPthon3 1.0 and 1.0.1 mishandles certain exceptions, leading to a denial of service in applications that use this library (e.g., the standard CoAP server, CoAP client, example collect CoAP server and client) when they receive crafted CoAP messages.",
  "aliases": [
    "CVE-2018-12679"
  ],
  "modified": "2022-03-03T05:12:11.093194Z",
  "published": "2019-04-08T15:18:57Z",
  "database_specific": {
    "github_reviewed": true,
    "severity": "HIGH",
    "cwe_ids": [
      "CWE-502"
    ]
  },
  "references": [
    {
      "type": "ADVISORY",
      "url": "https://nvd.nist.gov/vuln/detail/CVE-2018-12679"
    },
    {
      "type": "WEB",
      "url": "https://github.com/Tanganelli/CoAPthon3/issues/16"
    },
    {
      "type": "ADVISORY",
      "url": "https://github.com/advisories/GHSA-c6fm-rgw4-8q73"
    },
    {
      "type": "PACKAGE",
      "url": "https://github.com/Tanganelli/CoAPthon3"
    }
  ],
  "affected": [
    {
      "package": {
        "name": "CoAPthon3",
        "ecosystem": "PyPI",
        "purl": "pkg:pypi/CoAPthon3"
      },
      "ranges": [
        {
          "type": "ECOSYSTEM",
          "events": [
            {
              "introduced": "0"
            }
          ]
        }
      ],
      "versions": [
        "1.0.1",
        "1.0.2"
      ],
      "database_specific": {
        "last_known_affected_version_range": "<= 1.0.1",
        "source": "https://github.com/github/advisory-database/blob/main/advisories/github-reviewed/2019/04/GHSA-c6fm-rgw4-8q73/GHSA-c6fm-rgw4-8q73.json"
      }
    }
  ],
  "schema_version": "1.2.0",
  "severity": [
    {
      "type": "CVSS_V3",
      "score": "CVSS:3.0/AV:N/AC:L/PR:N/UI:N/S:U/C:N/I:N/A:H"
    }
  ]
}