{
  "id": "GHSA-f865-m6cq-j9vx",
  "summary": "ReDOS in Mpmath",
  "details": "A Regular Expression Denial of Service (ReDOS) vulnerability was discovered in Mpmath v1.0.0 when the mpmathify function is called.",
  "aliases": [
    "CVE-2021-29063"
  ],
  "modified": "2022-03-03T05:12:52.232066Z",
  "published": "2021-08-09T20:44:51Z",
  "database_specific": {
    "severity": "HIGH",
    "github_reviewed": true,
    "cwe_ids": [
      "CWE-770"
    ]
  },
  "references": [
    {
      "type": "ADVISORY",
      "url": "https://nvd.nist.gov/vuln/detail/CVE-2021-29063"
    },
    {
      "type": "WEB",
      "url": "https://github.com/fredrik-johansson/mpmath/issues/548"
    },
    {
      "type": "WEB",
      "url": "https://github.com/npm/hosted-git-info/pull/76"
    },
    {
      "type": "WEB",
      "url": "https://github.com/fredrik-johansson/mpmath/commit/c811b37c65a4372a7ce613111d2a508c204f9833"
    },
    {
      "type": "WEB",
      "url": "https://github.com/yetingli/PoCs/blob/main/CVE-2021-29063/Mpmath.md"
    },
    {
      "type": "WEB",
      "url": "https://github.com/yetingli/SaveResults/blob/main/js/hosted-git-info.js"
    },
    {
      "type": "WEB",
      "url": "https://lists.fedoraproject.org/archives/list/package-announce@lists.fedoraproject.org/message/3M5O55E7VUDMXCPQR6MQTOIFDKHP36AA/"
    },
    {
      "type": "WEB",
      "url": "https://lists.fedoraproject.org/archives/list/package-announce@lists.fedoraproject.org/message/EIUX3XWY2K3MSO7QXMZXQQYAURARSPC5/"
    },
    {
      "type": "WEB",
      "url": "https://lists.fedoraproject.org/archives/list/package-announce@lists.fedoraproject.org/message/MS2U6GLXQSRZJE2HVUAUMVFR2DWQLCZG/"
    },
    {
      "type": "WEB",
      "url": "https://www.npmjs.com/package/hosted-git-info"
    },
    {
      "type": "PACKAGE",
      "url": "https://github.com/fredrik-johansson/mpmath"
    }
  ],
  "affected": [
    {
      "package": {
        "name": "mpmath",
        "ecosystem": "PyPI",
        "purl": "pkg:pypi/mpmath"
      },
      "ranges": [
        {
          "type": "ECOSYSTEM",
          "events": [
            {
              "introduced": "0"
            }
          ]
        }
      ],
      "versions": [
        "0.1",
        "0.10",
        "0.11",
        "0.12",
        "0.13",
        "0.14",
        "0.15",
        "0.16",
        "0.17",
        "0.18",
        "0.19",
        "0.2",
        "0.3",
        "0.4",
        "0.5",
        "0.6",
        "0.7",
        "0.8",
        "0.9",
        "1.0.0",
        "1.1.0",
        "1.2.1"
      ],
      "database_specific": {
        "last_known_affected_version_range": "<= 1.0.0",
        "source": "https://github.com/github/advisory-database/blob/main/advisories/github-reviewed/2021/08/GHSA-f865-m6cq-j9vx/GHSA-f865-m6cq-j9vx.json"
      }
    }
  ],
  "schema_version": "1.2.0",
  "severity": [
    {
      "type": "CVSS_V3",
      "score": "CVSS:3.1/AV:N/AC:L/PR:N/UI:N/S:U/C:N/I:N/A:H"
    }
  ]
}