{
  "id": "GHSA-6g87-ff9q-v847",
  "summary": "High severity vulnerability that affects websockets",
  "details": "The Python websockets library version 4 contains a CWE-409: Improper Handling of Highly Compressed Data (Data Amplification) vulnerability in Servers and clients, unless configured with compression=None that can result in Denial of Service by memory exhaustion. This attack appears to be exploitable via sending a specially crafted frame on an established connection. This vulnerability appears to have been fixed in version 5.0",
  "aliases": [
    "CVE-2018-1000518"
  ],
  "modified": "2022-03-03T05:14:09.020307Z",
  "published": "2018-09-17T20:46:52Z",
  "database_specific": {
    "github_reviewed": true,
    "cwe_ids": [
      "CWE-400"
    ],
    "severity": "HIGH"
  },
  "references": [
    {
      "type": "ADVISORY",
      "url": "https://nvd.nist.gov/vuln/detail/CVE-2018-1000518"
    },
    {
      "type": "WEB",
      "url": "https://github.com/aaugustin/websockets/pull/407"
    },
    {
      "type": "ADVISORY",
      "url": "https://github.com/advisories/GHSA-6g87-ff9q-v847"
    },
    {
      "type": "PACKAGE",
      "url": "https://github.com/aaugustin/websockets"
    }
  ],
  "affected": [
    {
      "package": {
        "name": "websockets",
        "ecosystem": "PyPI",
        "purl": "pkg:pypi/websockets"
      },
      "ranges": [
        {
          "type": "ECOSYSTEM",
          "events": [
            {
              "introduced": "4.0"
            },
            {
              "fixed": "5.0"
            }
          ]
        }
      ],
      "versions": [
        "4.0",
        "4.0.1"
      ],
      "database_specific": {
        "source": "https://github.com/github/advisory-database/blob/main/advisories/github-reviewed/2018/09/GHSA-6g87-ff9q-v847/GHSA-6g87-ff9q-v847.json"
      }
    }
  ],
  "schema_version": "1.2.0",
  "severity": [
    {
      "type": "CVSS_V3",
      "score": "CVSS:3.0/AV:N/AC:L/PR:N/UI:N/S:U/C:N/I:N/A:H"
    }
  ]
}