{
  "id": "GHSA-5rpc-gwh9-q9fg",
  "summary": "Improper Restriction of Operations within the Bounds of a Memory Buffer in OpenCV",
  "details": "In modules/imgcodecs/src/grfmt_pxm.cpp, the length of buffer AutoBuffer _src is small than expected, which will cause copy buffer overflow later. If the image is from remote, may lead to remote code execution or denial of service. This affects OpenCV 3.3 (corresponding to OpenCV-Python 3.3.0.9) and earlier.",
  "aliases": [
    "CVE-2017-12862"
  ],
  "modified": "2022-03-03T05:13:56.010393Z",
  "published": "2021-10-12T22:02:21Z",
  "database_specific": {
    "severity": "HIGH",
    "cwe_ids": [
      "CWE-119",
      "CWE-787"
    ],
    "github_reviewed": true
  },
  "references": [
    {
      "type": "ADVISORY",
      "url": "https://nvd.nist.gov/vuln/detail/CVE-2017-12862"
    },
    {
      "type": "WEB",
      "url": "https://github.com/opencv/opencv/issues/9370"
    },
    {
      "type": "WEB",
      "url": "https://github.com/opencv/opencv/pull/9376"
    },
    {
      "type": "WEB",
      "url": "https://lists.debian.org/debian-lts-announce/2018/07/msg00030.html"
    },
    {
      "type": "WEB",
      "url": "https://lists.debian.org/debian-lts-announce/2021/10/msg00028.html"
    },
    {
      "type": "WEB",
      "url": "https://security.gentoo.org/glsa/201712-02"
    },
    {
      "type": "PACKAGE",
      "url": "https://github.com/opencv/opencv-python"
    }
  ],
  "affected": [
    {
      "package": {
        "name": "opencv-python",
        "ecosystem": "PyPI",
        "purl": "pkg:pypi/opencv-python"
      },
      "ranges": [
        {
          "type": "ECOSYSTEM",
          "events": [
            {
              "introduced": "0"
            },
            {
              "fixed": "3.3.1.11"
            }
          ]
        }
      ],
      "versions": [
        "3.1.0",
        "3.1.0.0",
        "3.1.0.1",
        "3.1.0.2",
        "3.1.0.3",
        "3.1.0.4",
        "3.1.0.5",
        "3.2.0.6",
        "3.2.0.7",
        "3.2.0.8",
        "3.3.0.10",
        "3.3.0.9"
      ],
      "database_specific": {
        "last_known_affected_version_range": "<= 3.3.0.9",
        "source": "https://github.com/github/advisory-database/blob/main/advisories/github-reviewed/2021/10/GHSA-5rpc-gwh9-q9fg/GHSA-5rpc-gwh9-q9fg.json"
      }
    },
    {
      "package": {
        "name": "opencv-contrib-python",
        "ecosystem": "PyPI",
        "purl": "pkg:pypi/opencv-contrib-python"
      },
      "ranges": [
        {
          "type": "ECOSYSTEM",
          "events": [
            {
              "introduced": "0"
            },
            {
              "fixed": "3.3.1.11"
            }
          ]
        }
      ],
      "versions": [
        "3.1.0.0",
        "3.2.0.7",
        "3.2.0.8",
        "3.3.0.10",
        "3.3.0.9"
      ],
      "database_specific": {
        "last_known_affected_version_range": "<= 3.3.0.9",
        "source": "https://github.com/github/advisory-database/blob/main/advisories/github-reviewed/2021/10/GHSA-5rpc-gwh9-q9fg/GHSA-5rpc-gwh9-q9fg.json"
      }
    }
  ],
  "schema_version": "1.2.0",
  "severity": [
    {
      "type": "CVSS_V3",
      "score": "CVSS:3.0/AV:N/AC:L/PR:N/UI:R/S:U/C:H/I:H/A:H"
    }
  ]
}