{
  "id": "GHSA-6h52-4vmh-8x4f",
  "summary": "Moderate severity vulnerability that affects feedparser",
  "details": "feedparser.py in Universal Feed Parser (aka feedparser or python-feedparser) before 5.0.1 allows remote attackers to cause a denial of service (application crash) via a malformed DOCTYPE declaration.",
  "aliases": [
    "CVE-2011-1156"
  ],
  "modified": "2022-03-03T05:13:12.483440Z",
  "published": "2018-07-23T19:50:33Z",
  "database_specific": {
    "github_reviewed": true,
    "severity": "MODERATE",
    "cwe_ids": []
  },
  "references": [
    {
      "type": "ADVISORY",
      "url": "https://nvd.nist.gov/vuln/detail/CVE-2011-1156"
    },
    {
      "type": "WEB",
      "url": "https://bugzilla.novell.com/show_bug.cgi?id=680074"
    },
    {
      "type": "WEB",
      "url": "https://bugzilla.redhat.com/show_bug.cgi?id=684877"
    },
    {
      "type": "WEB",
      "url": "https://code.google.com/p/feedparser/issues/detail?id=91"
    },
    {
      "type": "ADVISORY",
      "url": "https://github.com/advisories/GHSA-6h52-4vmh-8x4f"
    },
    {
      "type": "WEB",
      "url": "http://lists.opensuse.org/opensuse-updates/2011-04/msg00026.html"
    },
    {
      "type": "WEB",
      "url": "http://openwall.com/lists/oss-security/2011/03/14/18"
    },
    {
      "type": "WEB",
      "url": "http://openwall.com/lists/oss-security/2011/03/15/11"
    },
    {
      "type": "WEB",
      "url": "http://secunia.com/advisories/43730"
    },
    {
      "type": "WEB",
      "url": "http://secunia.com/advisories/44074"
    },
    {
      "type": "WEB",
      "url": "http://support.novell.com/security/cve/CVE-2011-1156.html"
    },
    {
      "type": "WEB",
      "url": "http://www.mandriva.com/security/advisories?name=MDVSA-2011:082"
    },
    {
      "type": "WEB",
      "url": "http://www.securityfocus.com/bid/46867"
    }
  ],
  "affected": [
    {
      "package": {
        "name": "feedparser",
        "ecosystem": "PyPI",
        "purl": "pkg:pypi/feedparser"
      },
      "ranges": [
        {
          "type": "ECOSYSTEM",
          "events": [
            {
              "introduced": "4.1"
            },
            {
              "fixed": "5.0.1"
            }
          ]
        }
      ],
      "versions": [
        "4.1",
        "5.0"
      ],
      "database_specific": {
        "source": "https://github.com/github/advisory-database/blob/main/advisories/github-reviewed/2018/07/GHSA-6h52-4vmh-8x4f/GHSA-6h52-4vmh-8x4f.json"
      }
    }
  ],
  "schema_version": "1.2.0"
}