{
  "id": "GHSA-2qx8-589j-gcpx",
  "summary": "Moderate severity vulnerability that affects Plone and plone.app.users",
  "details": "plone.app.users in Plone 4.0 and 4.1 allows remote authenticated users to modify the properties of arbitrary accounts via unspecified vectors, as exploited in the wild in June 2011.",
  "aliases": [
    "CVE-2011-1950"
  ],
  "modified": "2022-03-03T05:14:03.044447Z",
  "published": "2018-07-23T20:26:45Z",
  "database_specific": {
    "cwe_ids": [],
    "github_reviewed": true,
    "severity": "MODERATE"
  },
  "references": [
    {
      "type": "ADVISORY",
      "url": "https://nvd.nist.gov/vuln/detail/CVE-2011-1950"
    },
    {
      "type": "WEB",
      "url": "https://exchange.xforce.ibmcloud.com/vulnerabilities/67695"
    },
    {
      "type": "ADVISORY",
      "url": "https://github.com/advisories/GHSA-2qx8-589j-gcpx"
    },
    {
      "type": "WEB",
      "url": "http://osvdb.org/72729"
    },
    {
      "type": "WEB",
      "url": "http://plone.org/products/plone/security/advisories/CVE-2011-1950"
    },
    {
      "type": "WEB",
      "url": "http://secunia.com/advisories/44775"
    },
    {
      "type": "WEB",
      "url": "http://securityreason.com/securityalert/8269"
    },
    {
      "type": "WEB",
      "url": "http://www.securityfocus.com/archive/1/518155/100/0/threaded"
    },
    {
      "type": "WEB",
      "url": "http://www.securityfocus.com/bid/48005"
    }
  ],
  "affected": [
    {
      "package": {
        "name": "plone.app.users",
        "ecosystem": "PyPI",
        "purl": "pkg:pypi/plone.app.users"
      },
      "ranges": [
        {
          "type": "ECOSYSTEM",
          "events": [
            {
              "introduced": "1.0a1"
            },
            {
              "fixed": "1.0.5"
            }
          ]
        }
      ],
      "versions": [
        "1.0",
        "1.0.1",
        "1.0.2",
        "1.0.3",
        "1.0.4",
        "1.0a1",
        "1.0a2",
        "1.0a3",
        "1.0b1",
        "1.0b2",
        "1.0b3",
        "1.0b4",
        "1.0b5",
        "1.0b6",
        "1.0b7",
        "1.0b8",
        "1.0b9"
      ],
      "database_specific": {
        "source": "https://github.com/github/advisory-database/blob/main/advisories/github-reviewed/2018/07/GHSA-2qx8-589j-gcpx/GHSA-2qx8-589j-gcpx.json"
      }
    },
    {
      "package": {
        "name": "plone.app.users",
        "ecosystem": "PyPI",
        "purl": "pkg:pypi/plone.app.users"
      },
      "ranges": [
        {
          "type": "ECOSYSTEM",
          "events": [
            {
              "introduced": "1.1b1"
            },
            {
              "fixed": "1.1.1"
            }
          ]
        }
      ],
      "versions": [
        "1.1",
        "1.1b1",
        "1.1b2"
      ],
      "database_specific": {
        "source": "https://github.com/github/advisory-database/blob/main/advisories/github-reviewed/2018/07/GHSA-2qx8-589j-gcpx/GHSA-2qx8-589j-gcpx.json"
      }
    },
    {
      "package": {
        "name": "Plone",
        "ecosystem": "PyPI",
        "purl": "pkg:pypi/Plone"
      },
      "ranges": [
        {
          "type": "ECOSYSTEM",
          "events": [
            {
              "introduced": "4.0.1"
            },
            {
              "fixed": "4.0.6"
            }
          ]
        }
      ],
      "versions": [
        "4.0.1",
        "4.0.2",
        "4.0.3",
        "4.0.4",
        "4.0.5"
      ],
      "database_specific": {
        "source": "https://github.com/github/advisory-database/blob/main/advisories/github-reviewed/2018/07/GHSA-2qx8-589j-gcpx/GHSA-2qx8-589j-gcpx.json"
      }
    }
  ],
  "schema_version": "1.2.0"
}