{
  "id": "GHSA-c2w9-48qc-qpj4",
  "summary": "High severity vulnerability that affects ansible",
  "details": "An exploitable vulnerability exists in the yaml loading functionality of ansible-vault before 1.0.5. A specially crafted vault can execute arbitrary python commands resulting in command execution. An attacker can insert python into the vault to trigger this vulnerability.",
  "aliases": [
    "CVE-2017-2809"
  ],
  "modified": "2022-03-03T05:12:59.249805Z",
  "published": "2018-07-13T15:16:54Z",
  "database_specific": {
    "severity": "HIGH",
    "cwe_ids": [
      "CWE-94"
    ],
    "github_reviewed": true
  },
  "references": [
    {
      "type": "ADVISORY",
      "url": "https://nvd.nist.gov/vuln/detail/CVE-2017-2809"
    },
    {
      "type": "WEB",
      "url": "https://github.com/tomoh1r/ansible-vault/issues/4"
    },
    {
      "type": "WEB",
      "url": "https://github.com/tomoh1r/ansible-vault/commit/3f8f659ef443ab870bb19f95d43543470168ae04"
    },
    {
      "type": "ADVISORY",
      "url": "https://github.com/advisories/GHSA-c2w9-48qc-qpj4"
    },
    {
      "type": "WEB",
      "url": "https://github.com/tomoh1r/ansible-vault/blob/v1.0.5/CHANGES.txt"
    },
    {
      "type": "WEB",
      "url": "https://www.talosintelligence.com/vulnerability_reports/TALOS-2017-0305"
    },
    {
      "type": "WEB",
      "url": "http://www.securityfocus.com/bid/100824"
    },
    {
      "type": "PACKAGE",
      "url": "https://github.com/tomoh1r/ansible-vault"
    }
  ],
  "affected": [
    {
      "package": {
        "name": "ansible",
        "ecosystem": "PyPI",
        "purl": "pkg:pypi/ansible"
      },
      "ranges": [
        {
          "type": "ECOSYSTEM",
          "events": [
            {
              "introduced": "0"
            },
            {
              "fixed": "1.0.5"
            }
          ]
        }
      ],
      "versions": [
        "1.0"
      ],
      "database_specific": {
        "source": "https://github.com/github/advisory-database/blob/main/advisories/github-reviewed/2018/07/GHSA-c2w9-48qc-qpj4/GHSA-c2w9-48qc-qpj4.json"
      }
    }
  ],
  "schema_version": "1.2.0",
  "severity": [
    {
      "type": "CVSS_V3",
      "score": "CVSS:3.0/AV:L/AC:L/PR:N/UI:R/S:U/C:H/I:H/A:H"
    }
  ]
}