{
  "id": "OSV-2021-449",
  "summary": "UNKNOWN READ in std::pair<absl::lts_NUMBER_02_25::container_internal::raw_hash_set<absl::lts_NUM",
  "details": "OSS-Fuzz report: https://bugs.chromium.org/p/oss-fuzz/issues/detail?id=31393\n\nCrash type: UNKNOWN READ\nCrash state:\nstd::pair<absl::lts_NUMBER_02_25::container_internal::raw_hash_set<absl::lts_NUM\ntensorflow::SparseCount<long, long>::Compute\ntensorflow::KernelAndDeviceOp::Run\n",
  "modified": "2021-06-23T06:25:11.843993Z",
  "published": "2021-02-27T00:00:29.109256Z",
  "references": [
    {
      "type": "REPORT",
      "url": "https://bugs.chromium.org/p/oss-fuzz/issues/detail?id=31393"
    }
  ],
  "affected": [
    {
      "package": {
        "name": "tensorflow",
        "ecosystem": "PyPI",
        "purl": "pkg:pypi/tensorflow"
      },
      "ranges": [
        {
          "type": "GIT",
          "repo": "https://github.com/tensorflow/tensorflow",
          "events": [
            {
              "introduced": "0834086910de00f55876040943975e388b645e7a"
            },
            {
              "fixed": "7677422a56f18c10e3827e29dc8da8a7b23fbede"
            }
          ]
        }
      ],
      "ecosystem_specific": {
        "fixed_range": "62dfa9e1bf26c58cae6aaa0663d69a872f543dc1:7677422a56f18c10e3827e29dc8da8a7b23fbede"
      },
      "database_specific": {
        "source": "https://github.com/google/oss-fuzz-vulns/blob/main/vulns/tensorflow/OSV-2021-449.yaml"
      },
      "versions": []
    }
  ],
  "schema_version": "1.2.0"
}