{
  "id": "GHSA-2wqp-jmcc-mc77",
  "summary": "Regular expression denial of service (ReDoS) in EmailField component in Vaadin 14 and 15-17",
  "details": "Unsafe validation RegEx in `EmailField` component in `com.vaadin:vaadin-text-field-flow` versions 2.0.4 through 2.3.2 (Vaadin 14.0.6 through 14.4.3), and 3.0.0 through 4.0.2 (Vaadin 15.0.0 through 17.0.10) allows attackers to cause uncontrolled resource consumption by submitting malicious email addresses.\n\n- https://vaadin.com/security/cve-2021-31405",
  "aliases": [
    "CVE-2021-31405"
  ],
  "modified": "2022-03-02T05:21:33.519357Z",
  "published": "2021-04-19T14:47:34Z",
  "database_specific": {
    "github_reviewed": true,
    "severity": "HIGH",
    "cwe_ids": [
      "CWE-400"
    ]
  },
  "references": [
    {
      "type": "WEB",
      "url": "https://github.com/vaadin/platform/security/advisories/GHSA-2wqp-jmcc-mc77"
    },
    {
      "type": "ADVISORY",
      "url": "https://nvd.nist.gov/vuln/detail/CVE-2021-31405"
    },
    {
      "type": "WEB",
      "url": "https://github.com/vaadin/flow-components/pull/442"
    },
    {
      "type": "WEB",
      "url": "https://vaadin.com/security/cve-2021-31405"
    }
  ],
  "affected": [
    {
      "package": {
        "name": "com.vaadin:vaadin-bom",
        "ecosystem": "Maven",
        "purl": "pkg:maven/com.vaadin/vaadin-bom"
      },
      "ranges": [
        {
          "type": "ECOSYSTEM",
          "events": [
            {
              "introduced": "14.0.6"
            },
            {
              "fixed": "14.4.4"
            }
          ]
        }
      ],
      "versions": [
        "14.0.10",
        "14.0.11",
        "14.0.12",
        "14.0.13",
        "14.0.14",
        "14.0.15",
        "14.0.6",
        "14.0.7",
        "14.0.8",
        "14.0.9",
        "14.1.0",
        "14.1.1",
        "14.1.16",
        "14.1.17",
        "14.1.18",
        "14.1.19",
        "14.1.2",
        "14.1.20",
        "14.1.21",
        "14.1.22",
        "14.1.23",
        "14.1.24",
        "14.1.25",
        "14.1.26",
        "14.1.27",
        "14.1.28",
        "14.1.3",
        "14.1.4",
        "14.1.5",
        "14.2.0",
        "14.2.1",
        "14.2.2",
        "14.2.3",
        "14.3.0",
        "14.3.1",
        "14.3.2",
        "14.3.3",
        "14.3.4",
        "14.3.5",
        "14.3.6",
        "14.3.7",
        "14.3.8",
        "14.3.9",
        "14.4.0",
        "14.4.1",
        "14.4.2",
        "14.4.3"
      ],
      "database_specific": {
        "source": "https://github.com/github/advisory-database/blob/main/advisories/github-reviewed/2021/04/GHSA-2wqp-jmcc-mc77/GHSA-2wqp-jmcc-mc77.json"
      }
    },
    {
      "package": {
        "name": "com.vaadin:vaadin-bom",
        "ecosystem": "Maven",
        "purl": "pkg:maven/com.vaadin/vaadin-bom"
      },
      "ranges": [
        {
          "type": "ECOSYSTEM",
          "events": [
            {
              "introduced": "15.0.0"
            },
            {
              "fixed": "17.0.11"
            }
          ]
        }
      ],
      "versions": [
        "15.0.0",
        "15.0.1",
        "15.0.2",
        "15.0.3",
        "15.0.4",
        "15.0.5",
        "15.0.6",
        "16.0.0",
        "16.0.1",
        "16.0.2",
        "16.0.3",
        "16.0.4",
        "16.0.5",
        "17.0.0",
        "17.0.1",
        "17.0.10",
        "17.0.2",
        "17.0.3",
        "17.0.4",
        "17.0.6",
        "17.0.7",
        "17.0.8",
        "17.0.9"
      ],
      "database_specific": {
        "source": "https://github.com/github/advisory-database/blob/main/advisories/github-reviewed/2021/04/GHSA-2wqp-jmcc-mc77/GHSA-2wqp-jmcc-mc77.json"
      }
    }
  ],
  "schema_version": "1.2.0",
  "severity": [
    {
      "type": "CVSS_V3",
      "score": "CVSS:3.1/AV:N/AC:L/PR:N/UI:N/S:U/C:N/I:N/A:H"
    }
  ]
}