{
  "id": "GHSA-2j2x-hx4g-2gf4",
  "summary": "Moderate severity vulnerability that affects org.bouncycastle:bcprov-jdk14 and org.bouncycastle:bcprov-jdk15",
  "details": "In the Bouncy Castle JCE Provider version 1.55 and earlier the DHIES implementation allowed the use of ECB mode. This mode is regarded as unsafe and support for it has been removed from the provider.",
  "aliases": [
    "CVE-2016-1000344"
  ],
  "modified": "2022-03-02T05:21:53.292956Z",
  "published": "2018-10-18T17:43:55Z",
  "database_specific": {
    "severity": "HIGH",
    "github_reviewed": true,
    "cwe_ids": [
      "CWE-1310"
    ]
  },
  "references": [
    {
      "type": "ADVISORY",
      "url": "https://nvd.nist.gov/vuln/detail/CVE-2016-1000344"
    },
    {
      "type": "WEB",
      "url": "https://github.com/bcgit/bc-java/commit/9385b0ebd277724b167fe1d1456e3c112112be1f"
    },
    {
      "type": "WEB",
      "url": "https://access.redhat.com/errata/RHSA-2018:2669"
    },
    {
      "type": "WEB",
      "url": "https://access.redhat.com/errata/RHSA-2018:2927"
    },
    {
      "type": "ADVISORY",
      "url": "https://github.com/advisories/GHSA-2j2x-hx4g-2gf4"
    },
    {
      "type": "WEB",
      "url": "https://security.netapp.com/advisory/ntap-20181127-0004/"
    },
    {
      "type": "WEB",
      "url": "https://www.oracle.com/security-alerts/cpuoct2020.html"
    }
  ],
  "affected": [
    {
      "package": {
        "name": "org.bouncycastle:bcprov-jdk14",
        "ecosystem": "Maven",
        "purl": "pkg:maven/org.bouncycastle/bcprov-jdk14"
      },
      "ranges": [
        {
          "type": "ECOSYSTEM",
          "events": [
            {
              "introduced": "0"
            },
            {
              "fixed": "1.56"
            }
          ]
        }
      ],
      "versions": [
        "1.38",
        "1.43",
        "1.44",
        "1.45",
        "1.46",
        "1.47",
        "1.48",
        "1.49",
        "1.50",
        "1.51",
        "1.53",
        "1.54",
        "1.55"
      ],
      "database_specific": {
        "source": "https://github.com/github/advisory-database/blob/main/advisories/github-reviewed/2018/10/GHSA-2j2x-hx4g-2gf4/GHSA-2j2x-hx4g-2gf4.json"
      }
    },
    {
      "package": {
        "name": "org.bouncycastle:bcprov-jdk15",
        "ecosystem": "Maven",
        "purl": "pkg:maven/org.bouncycastle/bcprov-jdk15"
      },
      "ranges": [
        {
          "type": "ECOSYSTEM",
          "events": [
            {
              "introduced": "0"
            },
            {
              "fixed": "1.56"
            }
          ]
        }
      ],
      "versions": [
        "1.32",
        "1.38",
        "1.40",
        "1.43",
        "1.44",
        "1.45",
        "1.46"
      ],
      "database_specific": {
        "source": "https://github.com/github/advisory-database/blob/main/advisories/github-reviewed/2018/10/GHSA-2j2x-hx4g-2gf4/GHSA-2j2x-hx4g-2gf4.json"
      }
    }
  ],
  "schema_version": "1.2.0",
  "severity": [
    {
      "type": "CVSS_V3",
      "score": "CVSS:3.0/AV:N/AC:H/PR:N/UI:N/S:U/C:H/I:H/A:N"
    }
  ]
}