{
  "id": "GHSA-9wx7-jrvc-28mm",
  "summary": "Signature verification vulnerability in Stark Bank ecdsa libraries",
  "details": "An attacker can forge signatures on arbitrary messages that will verify for any public key. This may allow attackers to authenticate as any user within the Stark Bank platform, and bypass signature verification needed to perform operations on the platform, such as send payments and transfer funds. Additionally, the ability for attackers to forge signatures may impact other users and projects using these libraries in different and unforeseen ways.",
  "modified": "2022-03-02T05:21:21.334910Z",
  "published": "2021-11-08T21:51:18Z",
  "database_specific": {
    "github_reviewed": true,
    "severity": "HIGH",
    "cwe_ids": [
      "CWE-347"
    ]
  },
  "references": [
    {
      "type": "WEB",
      "url": "https://github.com/starkbank/ecdsa-dotnet"
    },
    {
      "type": "WEB",
      "url": "https://github.com/starkbank/ecdsa-java"
    },
    {
      "type": "WEB",
      "url": "https://github.com/starkbank/ecdsa-node"
    },
    {
      "type": "WEB",
      "url": "https://github.com/starkbank/ecdsa-python/releases/tag/v2.0.1"
    },
    {
      "type": "WEB",
      "url": "https://research.nccgroup.com/2021/11/08/technical-advisory-arbitrary-signature-forgery-in-stark-bank-ecdsa-libraries/"
    },
    {
      "type": "PACKAGE",
      "url": "https://github.com/starkbank/ecdsa-python"
    }
  ],
  "affected": [
    {
      "package": {
        "name": "starkbank-ecdsa",
        "ecosystem": "PyPI",
        "purl": "pkg:pypi/starkbank-ecdsa"
      },
      "ranges": [
        {
          "type": "ECOSYSTEM",
          "events": [
            {
              "introduced": "0"
            },
            {
              "fixed": "2.0.1"
            }
          ]
        }
      ],
      "versions": [
        "0.1",
        "0.1.1",
        "0.1.2",
        "0.1.3",
        "0.1.4",
        "0.1.5",
        "0.1.6",
        "0.1.7",
        "0.1.8",
        "0.1.9",
        "1.0.0",
        "1.1.0",
        "1.1.1",
        "2.0.0"
      ],
      "database_specific": {
        "source": "https://github.com/github/advisory-database/blob/main/advisories/github-reviewed/2021/11/GHSA-9wx7-jrvc-28mm/GHSA-9wx7-jrvc-28mm.json"
      }
    },
    {
      "package": {
        "name": "com.starkbank:ecdsa-java",
        "ecosystem": "Maven",
        "purl": "pkg:maven/com.starkbank/ecdsa-java"
      },
      "ranges": [
        {
          "type": "ECOSYSTEM",
          "events": [
            {
              "introduced": "1.0.0"
            },
            {
              "fixed": "1.0.1"
            }
          ]
        }
      ],
      "versions": [
        "1.0.0"
      ],
      "database_specific": {
        "source": "https://github.com/github/advisory-database/blob/main/advisories/github-reviewed/2021/11/GHSA-9wx7-jrvc-28mm/GHSA-9wx7-jrvc-28mm.json"
      }
    },
    {
      "package": {
        "name": "starkbank-ecdsa",
        "ecosystem": "NuGet",
        "purl": "pkg:nuget/starkbank-ecdsa"
      },
      "ranges": [
        {
          "type": "ECOSYSTEM",
          "events": [
            {
              "introduced": "1.3.1"
            },
            {
              "fixed": "1.3.2"
            }
          ]
        }
      ],
      "versions": [
        "1.3.1"
      ],
      "database_specific": {
        "source": "https://github.com/github/advisory-database/blob/main/advisories/github-reviewed/2021/11/GHSA-9wx7-jrvc-28mm/GHSA-9wx7-jrvc-28mm.json"
      }
    },
    {
      "package": {
        "name": "starkbank-ecdsa",
        "ecosystem": "npm",
        "purl": "pkg:npm/starkbank-ecdsa"
      },
      "ranges": [
        {
          "type": "SEMVER",
          "events": [
            {
              "introduced": "1.1.2"
            },
            {
              "fixed": "1.1.3"
            }
          ]
        }
      ],
      "versions": [
        "1.1.2"
      ],
      "database_specific": {
        "source": "https://github.com/github/advisory-database/blob/main/advisories/github-reviewed/2021/11/GHSA-9wx7-jrvc-28mm/GHSA-9wx7-jrvc-28mm.json"
      }
    }
  ],
  "schema_version": "1.2.0"
}