{
  "id": "GHSA-7rjp-fgwj-47rw",
  "summary": "Missing authentication in ShenYu",
  "details": "Missing authentication on ShenYu Admin when register by HTTP. This issue affected Apache ShenYu 2.4.0 and 2.4.1.",
  "aliases": [
    "CVE-2022-23945"
  ],
  "modified": "2022-03-02T05:21:37.348057Z",
  "published": "2022-01-28T22:14:11Z",
  "database_specific": {
    "severity": "HIGH",
    "cwe_ids": [
      "CWE-306",
      "CWE-862"
    ],
    "github_reviewed": true
  },
  "references": [
    {
      "type": "ADVISORY",
      "url": "https://nvd.nist.gov/vuln/detail/CVE-2022-23945"
    },
    {
      "type": "WEB",
      "url": "https://lists.apache.org/thread/q2gg6ny6lpkph7nkrvjzqdvqpm805v8s"
    },
    {
      "type": "WEB",
      "url": "http://www.openwall.com/lists/oss-security/2022/01/25/6"
    },
    {
      "type": "WEB",
      "url": "http://www.openwall.com/lists/oss-security/2022/01/26/3"
    },
    {
      "type": "PACKAGE",
      "url": "https://github.com/apache/incubator-shenyu/"
    }
  ],
  "affected": [
    {
      "package": {
        "name": "org.apache.shenyu:shenyu-common",
        "ecosystem": "Maven",
        "purl": "pkg:maven/org.apache.shenyu/shenyu-common"
      },
      "ranges": [
        {
          "type": "ECOSYSTEM",
          "events": [
            {
              "introduced": "2.4.0"
            },
            {
              "fixed": "2.4.2"
            }
          ]
        }
      ],
      "versions": [
        "2.4.0",
        "2.4.1"
      ],
      "database_specific": {
        "source": "https://github.com/github/advisory-database/blob/main/advisories/github-reviewed/2022/01/GHSA-7rjp-fgwj-47rw/GHSA-7rjp-fgwj-47rw.json"
      }
    }
  ],
  "schema_version": "1.2.0",
  "severity": [
    {
      "type": "CVSS_V3",
      "score": "CVSS:3.1/AV:N/AC:L/PR:N/UI:N/S:U/C:N/I:H/A:N"
    }
  ]
}