{
  "id": "GHSA-744r-vv2g-2x6g",
  "summary": "Apache NiFi information disclosure by XXE",
  "details": "The XMLFileLookupService in NiFi versions 1.3.0 to 1.9.2 allowed trusted users to inadvertently configure a potentially malicious XML file. The XML file has the ability to make external calls to services (via XXE) and reveal information such as the versions of Java, Jersey, and Apache that the NiFI instance uses.",
  "aliases": [
    "CVE-2019-10080"
  ],
  "modified": "2022-03-02T05:21:54.832865Z",
  "published": "2019-12-02T18:17:36Z",
  "database_specific": {
    "github_reviewed": true,
    "cwe_ids": [
      "CWE-611"
    ],
    "severity": "MODERATE"
  },
  "references": [
    {
      "type": "ADVISORY",
      "url": "https://nvd.nist.gov/vuln/detail/CVE-2019-10080"
    },
    {
      "type": "WEB",
      "url": "https://github.com/apache/nifi/pull/3507"
    },
    {
      "type": "WEB",
      "url": "https://lists.apache.org/thread.html/rca37935d661f4689cb4119f1b3b224413b22be161b678e6e6ce0c69b@%3Ccommits.nifi.apache.org%3E"
    },
    {
      "type": "WEB",
      "url": "https://nifi.apache.org/security.html#CVE-2019-10080"
    },
    {
      "type": "WEB",
      "url": "https://www.oracle.com/security-alerts/cpuApr2021.html"
    }
  ],
  "affected": [
    {
      "package": {
        "name": "org.apache.nifi:nifi-security",
        "ecosystem": "Maven",
        "purl": "pkg:maven/org.apache.nifi/nifi-security"
      },
      "ranges": [
        {
          "type": "ECOSYSTEM",
          "events": [
            {
              "introduced": "1.3.0"
            },
            {
              "fixed": "1.10.0"
            }
          ]
        }
      ],
      "versions": [
        "1.3.0",
        "1.4.0",
        "1.5.0",
        "1.6.0",
        "1.7.0",
        "1.7.1",
        "1.8.0",
        "1.9.0",
        "1.9.1",
        "1.9.2"
      ],
      "database_specific": {
        "source": "https://github.com/github/advisory-database/blob/main/advisories/github-reviewed/2019/12/GHSA-744r-vv2g-2x6g/GHSA-744r-vv2g-2x6g.json"
      }
    },
    {
      "package": {
        "name": "org.apache.nifi:nifi",
        "ecosystem": "Maven",
        "purl": "pkg:maven/org.apache.nifi/nifi"
      },
      "ranges": [
        {
          "type": "ECOSYSTEM",
          "events": [
            {
              "introduced": "1.3.0"
            },
            {
              "fixed": "1.10.0"
            }
          ]
        }
      ],
      "versions": [
        "1.3.0",
        "1.4.0",
        "1.5.0",
        "1.6.0",
        "1.7.0",
        "1.7.1",
        "1.8.0",
        "1.9.0",
        "1.9.1",
        "1.9.2"
      ],
      "database_specific": {
        "source": "https://github.com/github/advisory-database/blob/main/advisories/github-reviewed/2019/12/GHSA-744r-vv2g-2x6g/GHSA-744r-vv2g-2x6g.json"
      }
    }
  ],
  "schema_version": "1.2.0",
  "severity": [
    {
      "type": "CVSS_V3",
      "score": "CVSS:3.1/AV:N/AC:L/PR:L/UI:N/S:U/C:H/I:N/A:N"
    }
  ]
}