{
  "id": "GHSA-c8cc-p3j7-4c7f",
  "summary": "Moderate severity vulnerability that affects org.apache.mesos:mesos",
  "details": "Apache Mesos can be configured to require authentication to call the Executor HTTP API using JSON Web Token (JWT). In Apache Mesos versions pre-1.4.2, 1.5.0, 1.5.1, 1.6.0 the comparison of the generated HMAC value against the provided signature in the JWT implementation used is vulnerable to a timing attack because instead of a constant-time string comparison routine a standard `==` operator has been used. A malicious actor can therefore abuse the timing difference of when the JWT validation function returns to reveal the correct HMAC value.",
  "aliases": [
    "CVE-2018-8023"
  ],
  "modified": "2022-03-02T05:21:32.929558Z",
  "published": "2018-10-17T19:54:14Z",
  "database_specific": {
    "severity": "MODERATE",
    "cwe_ids": [
      "CWE-200"
    ],
    "github_reviewed": true
  },
  "references": [
    {
      "type": "ADVISORY",
      "url": "https://nvd.nist.gov/vuln/detail/CVE-2018-8023"
    },
    {
      "type": "ADVISORY",
      "url": "https://github.com/advisories/GHSA-c8cc-p3j7-4c7f"
    },
    {
      "type": "WEB",
      "url": "https://lists.apache.org/thread.html/9b9d3f6bd09f3ebd2284b82077033bdc71da550a1c4c010c2494acc3@%3Cdev.mesos.apache.org%3E"
    },
    {
      "type": "WEB",
      "url": "https://lists.apache.org/thread.html/r0dd7ff197b2e3bdd80a0326587ca3d0c22e10d1dba17c769d6da7d7a@%3Cuser.flink.apache.org%3E"
    }
  ],
  "affected": [
    {
      "package": {
        "name": "org.apache.mesos:mesos",
        "ecosystem": "Maven",
        "purl": "pkg:maven/org.apache.mesos/mesos"
      },
      "ranges": [
        {
          "type": "ECOSYSTEM",
          "events": [
            {
              "introduced": "0"
            },
            {
              "fixed": "1.4.2"
            }
          ]
        }
      ],
      "versions": [
        "0.10.0-incubating",
        "0.11.0-incubating",
        "0.12.0-incubating",
        "0.12.1",
        "0.13.0",
        "0.14.0",
        "0.14.1",
        "0.14.2",
        "0.15.0",
        "0.15.0-rc3",
        "0.15.0-rc4",
        "0.16.0",
        "0.16.0-rc4",
        "0.16.0-rc5",
        "0.17.0",
        "0.17.0-rc1",
        "0.17.0-rc2",
        "0.18.0",
        "0.18.0-rc1",
        "0.18.0-rc2",
        "0.18.0-rc3",
        "0.18.0-rc4",
        "0.18.0-rc5",
        "0.18.0-rc6",
        "0.18.1",
        "0.18.1-rc1",
        "0.18.1-rc2",
        "0.18.2",
        "0.18.2-rc1",
        "0.19.0",
        "0.19.0-rc3",
        "0.19.1",
        "0.19.1-rc1",
        "0.20.0",
        "0.20.0-rc1",
        "0.20.0-rc2",
        "0.20.1",
        "0.20.1-rc1",
        "0.20.1-rc2",
        "0.20.1-rc3",
        "0.21.0",
        "0.21.0-rc1",
        "0.21.0-rc2",
        "0.21.0-rc3",
        "0.21.1",
        "0.21.1-rc1",
        "0.21.1-rc2",
        "0.21.2",
        "0.21.2-rc1",
        "0.22.0",
        "0.22.0-rc4",
        "0.22.1",
        "0.22.1-rc5",
        "0.22.1-rc6",
        "0.22.2",
        "0.22.2-rc1",
        "0.23.0",
        "0.23.0-rc1",
        "0.23.0-rc2",
        "0.23.0-rc3",
        "0.23.0-rc4",
        "0.23.1",
        "0.23.1-rc1",
        "0.24.0",
        "0.24.0-rc1",
        "0.24.0-rc2",
        "0.24.1",
        "0.24.1-rc1",
        "0.24.2",
        "0.24.2-rc1",
        "0.24.2-rc2",
        "0.24.2-rc3",
        "0.24.2-rc4",
        "0.24.2-rc5",
        "0.25.0",
        "0.25.0-rc1",
        "0.25.0-rc2",
        "0.25.0-rc3",
        "0.25.1",
        "0.25.1-rc1",
        "0.25.1-rc2",
        "0.25.1-rc3",
        "0.25.1-rc4",
        "0.26.0",
        "0.26.0-rc1",
        "0.26.0-rc2",
        "0.26.0-rc3",
        "0.26.0-rc4",
        "0.26.0-rc5",
        "0.26.1",
        "0.26.1-rc1",
        "0.26.1-rc2",
        "0.26.1-rc3",
        "0.26.1-rc4",
        "0.26.2",
        "0.26.2-rc1",
        "0.27.0",
        "0.27.0-rc1",
        "0.27.0-rc2",
        "0.27.1",
        "0.27.1-rc1",
        "0.27.2",
        "0.27.2-rc1",
        "0.27.3",
        "0.27.3-rc1",
        "0.28.0",
        "0.28.0-rc1",
        "0.28.0-rc2",
        "0.28.1",
        "0.28.1-rc1",
        "0.28.1-rc2",
        "0.28.2",
        "0.28.2-rc1",
        "0.28.3",
        "0.28.3-rc1",
        "0.9.0-incubating",
        "1.0.0",
        "1.0.0-rc1",
        "1.0.0-rc2",
        "1.0.0-rc3",
        "1.0.0-rc4",
        "1.0.1",
        "1.0.1-rc1",
        "1.0.2",
        "1.0.2-rc1",
        "1.0.2-rc2",
        "1.0.2-rc3",
        "1.0.3",
        "1.0.3-rc1",
        "1.0.3-rc2",
        "1.0.4",
        "1.0.4-rc1",
        "1.0.4-rc2",
        "1.1.0",
        "1.1.0-rc1",
        "1.1.0-rc2",
        "1.1.0-rc3",
        "1.1.1",
        "1.1.1-rc1",
        "1.1.1-rc2",
        "1.1.2",
        "1.1.2-rc1",
        "1.1.2-rc2",
        "1.1.3",
        "1.1.3-rc1",
        "1.1.3-rc2",
        "1.2.0",
        "1.2.0-rc1",
        "1.2.0-rc2",
        "1.2.1",
        "1.2.1-rc1",
        "1.2.2",
        "1.2.2-rc1",
        "1.2.3",
        "1.2.3-rc1",
        "1.3.0",
        "1.3.0-rc1",
        "1.3.0-rc2",
        "1.3.0-rc3",
        "1.3.1",
        "1.3.1-rc1",
        "1.3.2",
        "1.3.2-rc1",
        "1.3.3-rc1",
        "1.4.0",
        "1.4.0-rc1",
        "1.4.0-rc2",
        "1.4.0-rc3",
        "1.4.1"
      ],
      "database_specific": {
        "source": "https://github.com/github/advisory-database/blob/main/advisories/github-reviewed/2018/10/GHSA-c8cc-p3j7-4c7f/GHSA-c8cc-p3j7-4c7f.json"
      }
    },
    {
      "package": {
        "name": "org.apache.mesos:mesos",
        "ecosystem": "Maven",
        "purl": "pkg:maven/org.apache.mesos/mesos"
      },
      "ranges": [
        {
          "type": "ECOSYSTEM",
          "events": [
            {
              "introduced": "1.5.0"
            },
            {
              "fixed": "1.5.2"
            }
          ]
        }
      ],
      "versions": [
        "1.5.0"
      ],
      "database_specific": {
        "source": "https://github.com/github/advisory-database/blob/main/advisories/github-reviewed/2018/10/GHSA-c8cc-p3j7-4c7f/GHSA-c8cc-p3j7-4c7f.json"
      }
    },
    {
      "package": {
        "name": "org.apache.mesos:mesos",
        "ecosystem": "Maven",
        "purl": "pkg:maven/org.apache.mesos/mesos"
      },
      "ranges": [
        {
          "type": "ECOSYSTEM",
          "events": [
            {
              "introduced": "1.6.0"
            },
            {
              "fixed": "1.6.1"
            }
          ]
        }
      ],
      "versions": [
        "1.6.0"
      ],
      "database_specific": {
        "source": "https://github.com/github/advisory-database/blob/main/advisories/github-reviewed/2018/10/GHSA-c8cc-p3j7-4c7f/GHSA-c8cc-p3j7-4c7f.json"
      }
    }
  ],
  "schema_version": "1.2.0",
  "severity": [
    {
      "type": "CVSS_V3",
      "score": "CVSS:3.0/AV:N/AC:H/PR:N/UI:N/S:U/C:H/I:N/A:N"
    }
  ]
}