{
  "id": "GHSA-4r7g-7cpj-5jr7",
  "summary": "Moderate severity vulnerability that affects org.apache.qpid:qpid-broker",
  "details": "In Apache Qpid Broker-J versions 6.1.0 through 6.1.4 (inclusive) the broker does not properly enforce a maximum frame size in AMQP 1.0 frames. A remote unauthenticated attacker could exploit this to cause the broker to exhaust all available memory and eventually terminate.  Older AMQP protocols are not affected.",
  "aliases": [
    "CVE-2017-15701"
  ],
  "modified": "2022-03-02T05:21:49.280642Z",
  "published": "2018-10-19T16:41:15Z",
  "database_specific": {
    "cwe_ids": [
      "CWE-400"
    ],
    "severity": "HIGH",
    "github_reviewed": true
  },
  "references": [
    {
      "type": "ADVISORY",
      "url": "https://nvd.nist.gov/vuln/detail/CVE-2017-15701"
    },
    {
      "type": "ADVISORY",
      "url": "https://github.com/advisories/GHSA-4r7g-7cpj-5jr7"
    },
    {
      "type": "WEB",
      "url": "https://issues.apache.org/jira/browse/QPID-7947"
    },
    {
      "type": "WEB",
      "url": "https://lists.apache.org/thread.html/4054e1c90993f337eeea24a312841c0661653e673c0ff8e2cd9520fe@%3Cdev.qpid.apache.org%3E"
    },
    {
      "type": "WEB",
      "url": "https://qpid.apache.org/cves/CVE-2017-15701.html"
    },
    {
      "type": "WEB",
      "url": "http://www.securityfocus.com/bid/102041"
    }
  ],
  "affected": [
    {
      "package": {
        "name": "org.apache.qpid:qpid-broker",
        "ecosystem": "Maven",
        "purl": "pkg:maven/org.apache.qpid/qpid-broker"
      },
      "ranges": [
        {
          "type": "ECOSYSTEM",
          "events": [
            {
              "introduced": "6.1.0"
            },
            {
              "fixed": "6.1.5"
            }
          ]
        }
      ],
      "versions": [
        "6.1.0",
        "6.1.1",
        "6.1.2",
        "6.1.3",
        "6.1.4"
      ],
      "database_specific": {
        "source": "https://github.com/github/advisory-database/blob/main/advisories/github-reviewed/2018/10/GHSA-4r7g-7cpj-5jr7/GHSA-4r7g-7cpj-5jr7.json"
      }
    }
  ],
  "schema_version": "1.2.0",
  "severity": [
    {
      "type": "CVSS_V3",
      "score": "CVSS:3.0/AV:N/AC:L/PR:N/UI:N/S:U/C:N/I:N/A:H"
    }
  ]
}