{
  "id": "GHSA-7v35-qwwj-p98g",
  "summary": "Improper Restriction of XML External Entity Reference in DiffPlug Spotless",
  "details": "In DiffPlug Spotless before 1.20.0 (library and Maven plugin) and before 3.20.0 (Gradle plugin), the XML parser would resolve external entities over both HTTP and HTTPS and didn't respect the resolveExternalEntities setting. For example, this allows disclosure of file contents to a MITM attacker if a victim performs a spotlessApply operation on an untrusted XML file.",
  "aliases": [
    "CVE-2019-9843"
  ],
  "modified": "2022-03-02T05:21:03.832958Z",
  "published": "2019-07-05T21:07:40Z",
  "database_specific": {
    "github_reviewed": true,
    "severity": "HIGH",
    "cwe_ids": [
      "CWE-611"
    ]
  },
  "references": [
    {
      "type": "ADVISORY",
      "url": "https://nvd.nist.gov/vuln/detail/CVE-2019-9843"
    },
    {
      "type": "WEB",
      "url": "https://github.com/diffplug/spotless/issues/358"
    },
    {
      "type": "WEB",
      "url": "https://github.com/diffplug/spotless/pull/369"
    },
    {
      "type": "WEB",
      "url": "https://github.com/diffplug/spotless/blob/master/plugin-gradle/CHANGES.md#version-3200---march-11th-2018-javadoc-jcenter"
    },
    {
      "type": "WEB",
      "url": "https://github.com/diffplug/spotless/blob/master/plugin-maven/CHANGES.md#version-1200---march-14th-2018-javadoc-jcenter"
    }
  ],
  "affected": [
    {
      "package": {
        "name": "com.diffplug.spotless:spotless-plugin-gradle",
        "ecosystem": "Maven",
        "purl": "pkg:maven/com.diffplug.spotless/spotless-plugin-gradle"
      },
      "ranges": [
        {
          "type": "ECOSYSTEM",
          "events": [
            {
              "introduced": "0"
            },
            {
              "fixed": "3.20.0"
            }
          ]
        }
      ],
      "versions": [
        "3.0.0",
        "3.0.0.BETA2",
        "3.0.0.BETA3",
        "3.0.0.RC1",
        "3.0.0.RC2",
        "3.1.0",
        "3.10.0",
        "3.12.0",
        "3.13.0",
        "3.14.0",
        "3.15.0",
        "3.16.0",
        "3.17.0",
        "3.18.0",
        "3.19.0",
        "3.2.0",
        "3.3.0",
        "3.3.1",
        "3.3.2",
        "3.4.0",
        "3.4.1",
        "3.5.0",
        "3.5.1",
        "3.5.2",
        "3.6.0",
        "3.7.0",
        "3.8.0",
        "3.9.0"
      ],
      "database_specific": {
        "source": "https://github.com/github/advisory-database/blob/main/advisories/github-reviewed/2019/07/GHSA-7v35-qwwj-p98g/GHSA-7v35-qwwj-p98g.json"
      }
    },
    {
      "package": {
        "name": "com.diffplug.spotless:spotless-plugin-maven",
        "ecosystem": "Maven",
        "purl": "pkg:maven/com.diffplug.spotless/spotless-plugin-maven"
      },
      "ranges": [
        {
          "type": "ECOSYSTEM",
          "events": [
            {
              "introduced": "0"
            },
            {
              "fixed": "1.20.0"
            }
          ]
        }
      ],
      "database_specific": {
        "source": "https://github.com/github/advisory-database/blob/main/advisories/github-reviewed/2019/07/GHSA-7v35-qwwj-p98g/GHSA-7v35-qwwj-p98g.json"
      },
      "versions": []
    }
  ],
  "schema_version": "1.2.0",
  "severity": [
    {
      "type": "CVSS_V3",
      "score": "CVSS:3.0/AV:N/AC:H/PR:N/UI:R/S:U/C:H/I:H/A:H"
    }
  ]
}