{
  "id": "GHSA-7hmh-8gwv-mfvq",
  "summary": "SQL Injection in Kylin",
  "details": "Kylin has some restful apis which will concatenate SQLs with the user input string, a user is likely to be able to run malicious database queries.",
  "aliases": [
    "CVE-2020-1937"
  ],
  "modified": "2022-03-02T05:21:20.183466Z",
  "published": "2020-07-27T22:51:47Z",
  "database_specific": {
    "github_reviewed": true,
    "severity": "MODERATE",
    "cwe_ids": [
      "CWE-89"
    ]
  },
  "references": [
    {
      "type": "ADVISORY",
      "url": "https://nvd.nist.gov/vuln/detail/CVE-2020-1937"
    },
    {
      "type": "WEB",
      "url": "https://github.com/apache/kylin/commit/e373c64c96a54a7abfe4bccb82e8feb60db04749"
    },
    {
      "type": "WEB",
      "url": "https://lists.apache.org/thread.html/r021baf9d8d4ae41e8c8332c167c4fa96c91b5086563d9be55d2d7acf@%3Ccommits.kylin.apache.org%3E"
    },
    {
      "type": "WEB",
      "url": "https://lists.apache.org/thread.html/r61666760d8a4e8764b2d5fe158d8a48b569414480fbfadede574cdc0@%3Ccommits.kylin.apache.org%3E"
    },
    {
      "type": "WEB",
      "url": "https://lists.apache.org/thread.html/rc574fef23740522f62ab3bbda4f6171be98aa7a25f3f54be143a80a8%40%3Cuser.kylin.apache.org%3E"
    },
    {
      "type": "WEB",
      "url": "https://snyk.io/vuln/SNYK-JAVA-ORGAPACHEKYLIN-552148"
    },
    {
      "type": "PACKAGE",
      "url": "https://github.com/apache/kylin"
    }
  ],
  "affected": [
    {
      "package": {
        "name": "org.apache.kylin:kylin-server-base",
        "ecosystem": "Maven",
        "purl": "pkg:maven/org.apache.kylin/kylin-server-base"
      },
      "ranges": [
        {
          "type": "ECOSYSTEM",
          "events": [
            {
              "introduced": "0"
            },
            {
              "fixed": "2.6.5"
            }
          ]
        }
      ],
      "versions": [
        "1.5.3",
        "1.5.4",
        "1.5.4.1",
        "1.6.0",
        "2.0.0",
        "2.1.0",
        "2.2.0",
        "2.3.0",
        "2.3.1",
        "2.3.2",
        "2.4.0",
        "2.4.1",
        "2.5.0",
        "2.5.1",
        "2.5.2",
        "2.6.0",
        "2.6.1",
        "2.6.2",
        "2.6.3",
        "2.6.4"
      ],
      "database_specific": {
        "source": "https://github.com/github/advisory-database/blob/main/advisories/github-reviewed/2020/07/GHSA-7hmh-8gwv-mfvq/GHSA-7hmh-8gwv-mfvq.json"
      }
    },
    {
      "package": {
        "name": "org.apache.kylin:kylin-server-base",
        "ecosystem": "Maven",
        "purl": "pkg:maven/org.apache.kylin/kylin-server-base"
      },
      "ranges": [
        {
          "type": "ECOSYSTEM",
          "events": [
            {
              "introduced": "3.0.0"
            },
            {
              "fixed": "3.0.1"
            }
          ]
        }
      ],
      "versions": [
        "3.0.0"
      ],
      "database_specific": {
        "source": "https://github.com/github/advisory-database/blob/main/advisories/github-reviewed/2020/07/GHSA-7hmh-8gwv-mfvq/GHSA-7hmh-8gwv-mfvq.json"
      }
    }
  ],
  "schema_version": "1.2.0",
  "severity": [
    {
      "type": "CVSS_V3",
      "score": "CVSS:3.1/AV:N/AC:L/PR:L/UI:N/S:U/C:N/I:H/A:N"
    }
  ]
}