{
  "id": "GHSA-c58c-w527-h77p",
  "summary": "Deserialization of untrusted data in Apache Cayenne",
  "details": "Hessian serialization is a network protocol that supports object-based transmission. Apache Cayenne's optional Remote Object Persistence (ROP) feature is a web services-based technology that provides object persistence and query functionality to 'remote' applications. In Apache Cayenne 4.1 and earlier, running on non-current patch versions of Java, an attacker with client access to Cayenne ROP can transmit a malicious payload to any vulnerable third-party dependency on the server. This can result in arbitrary code execution.",
  "aliases": [
    "CVE-2022-24289"
  ],
  "modified": "2022-03-02T05:20:40.810591Z",
  "published": "2022-02-12T00:00:48Z",
  "database_specific": {
    "github_reviewed": true,
    "severity": "HIGH",
    "cwe_ids": [
      "CWE-502"
    ]
  },
  "references": [
    {
      "type": "ADVISORY",
      "url": "https://nvd.nist.gov/vuln/detail/CVE-2022-24289"
    },
    {
      "type": "WEB",
      "url": "https://lists.apache.org/thread/zthjy83t3o66x7xcbygn2vg3yjvlc9vc"
    },
    {
      "type": "WEB",
      "url": "http://www.openwall.com/lists/oss-security/2022/02/11/1"
    }
  ],
  "affected": [
    {
      "package": {
        "name": "org.apache.cayenne:cayenne-server",
        "ecosystem": "Maven",
        "purl": "pkg:maven/org.apache.cayenne/cayenne-server"
      },
      "ranges": [
        {
          "type": "ECOSYSTEM",
          "events": [
            {
              "introduced": "0"
            },
            {
              "fixed": "4.1.1"
            }
          ]
        }
      ],
      "versions": [
        "3.0",
        "3.0.1",
        "3.0.2",
        "3.0B1",
        "3.0M1",
        "3.0M2",
        "3.0M3",
        "3.0M4",
        "3.0M5",
        "3.0M6",
        "3.0RC1",
        "3.0RC2",
        "3.0RC3",
        "3.1",
        "3.1.1",
        "3.1.2",
        "3.1.3",
        "3.1B1",
        "3.1B2",
        "3.1M1",
        "3.1M2",
        "3.1M3",
        "3.1RC1",
        "3.2M1",
        "4.0",
        "4.0.1",
        "4.0.2",
        "4.0.B1",
        "4.0.B2",
        "4.0.M2",
        "4.0.M3",
        "4.0.M4",
        "4.0.M5",
        "4.0.RC1",
        "4.1",
        "4.1.B1",
        "4.1.B2",
        "4.1.M1",
        "4.1.M2",
        "4.1.RC1",
        "4.1.RC2"
      ],
      "database_specific": {
        "source": "https://github.com/github/advisory-database/blob/main/advisories/github-reviewed/2022/02/GHSA-c58c-w527-h77p/GHSA-c58c-w527-h77p.json"
      }
    }
  ],
  "schema_version": "1.2.0",
  "severity": [
    {
      "type": "CVSS_V3",
      "score": "CVSS:3.1/AV:N/AC:L/PR:L/UI:N/S:U/C:H/I:H/A:H"
    }
  ]
}