{
  "id": "GHSA-8786-wg74-f522",
  "summary": "Improper Control of Dynamically-Managed Code Resources in Crafter CMS Crafter Studio",
  "details": "Improper Control of Dynamically-Managed Code Resources vulnerability in Crafter Studio of Crafter CMS allows authenticated developers to execute OS commands via FreeMarker template exposed objects. This issue affects: Crafter Software Crafter CMS 3.0 versions prior to 3.0.27; 3.1 versions prior to 3.1.7.",
  "aliases": [
    "CVE-2020-25803"
  ],
  "modified": "2022-03-02T05:21:29.343550Z",
  "published": "2022-02-09T23:07:54Z",
  "database_specific": {
    "github_reviewed": true,
    "severity": "HIGH",
    "cwe_ids": [
      "CWE-913"
    ]
  },
  "references": [
    {
      "type": "ADVISORY",
      "url": "https://nvd.nist.gov/vuln/detail/CVE-2020-25803"
    },
    {
      "type": "WEB",
      "url": "https://docs.craftercms.org/en/3.1/security/advisory.html#cv-2020080102"
    }
  ],
  "affected": [
    {
      "package": {
        "name": "org.craftercms:crafter-studio",
        "ecosystem": "Maven",
        "purl": "pkg:maven/org.craftercms/crafter-studio"
      },
      "ranges": [
        {
          "type": "ECOSYSTEM",
          "events": [
            {
              "introduced": "3.0"
            },
            {
              "fixed": "3.0.27"
            }
          ]
        }
      ],
      "versions": [
        "3.0.0",
        "3.0.1",
        "3.0.10",
        "3.0.11",
        "3.0.12",
        "3.0.13",
        "3.0.14",
        "3.0.15",
        "3.0.16",
        "3.0.17",
        "3.0.18",
        "3.0.19",
        "3.0.2",
        "3.0.20",
        "3.0.21",
        "3.0.22",
        "3.0.23",
        "3.0.24",
        "3.0.25",
        "3.0.26",
        "3.0.3",
        "3.0.4",
        "3.0.5",
        "3.0.6",
        "3.0.7",
        "3.0.8",
        "3.0.9"
      ],
      "database_specific": {
        "source": "https://github.com/github/advisory-database/blob/main/advisories/github-reviewed/2022/02/GHSA-8786-wg74-f522/GHSA-8786-wg74-f522.json"
      }
    },
    {
      "package": {
        "name": "org.craftercms:crafter-studio",
        "ecosystem": "Maven",
        "purl": "pkg:maven/org.craftercms/crafter-studio"
      },
      "ranges": [
        {
          "type": "ECOSYSTEM",
          "events": [
            {
              "introduced": "3.1"
            },
            {
              "fixed": "3.1.7"
            }
          ]
        }
      ],
      "versions": [
        "3.1.0",
        "3.1.1",
        "3.1.2",
        "3.1.3",
        "3.1.4",
        "3.1.4E",
        "3.1.4t",
        "3.1.5",
        "3.1.5E",
        "3.1.6",
        "3.1.6E"
      ],
      "database_specific": {
        "source": "https://github.com/github/advisory-database/blob/main/advisories/github-reviewed/2022/02/GHSA-8786-wg74-f522/GHSA-8786-wg74-f522.json"
      }
    }
  ],
  "schema_version": "1.2.0",
  "severity": [
    {
      "type": "CVSS_V3",
      "score": "CVSS:3.1/AV:N/AC:L/PR:H/UI:N/S:U/C:H/I:H/A:H"
    }
  ]
}