{
  "id": "GHSA-72w9-fcj5-3fcg",
  "summary": "Improper Authentication in Apache Shiro",
  "details": "Apache Shiro before 1.5.3, when using Apache Shiro with Spring dynamic controllers, a specially crafted request may cause an authentication bypass.",
  "aliases": [
    "CVE-2020-11989"
  ],
  "modified": "2022-03-02T05:21:43.884873Z",
  "published": "2021-05-07T15:53:10Z",
  "database_specific": {
    "severity": "CRITICAL",
    "cwe_ids": [
      "CWE-287"
    ],
    "github_reviewed": true
  },
  "references": [
    {
      "type": "ADVISORY",
      "url": "https://nvd.nist.gov/vuln/detail/CVE-2020-11989"
    },
    {
      "type": "WEB",
      "url": "https://lists.apache.org/thread.html/r2d2612c034ab21a3a19d2132d47d3e4aa70105008dd58af62b653040@%3Ccommits.shiro.apache.org%3E"
    },
    {
      "type": "WEB",
      "url": "https://lists.apache.org/thread.html/r408fe60bc8fdfd7c74135249d646d7abadb807ebf90f6fd2b014df21@%3Cdev.geode.apache.org%3E"
    },
    {
      "type": "WEB",
      "url": "https://lists.apache.org/thread.html/r72815a124a119c450b86189767d06848e0d380b1795c6c511d54a675%40%3Cuser.shiro.apache.org%3E"
    },
    {
      "type": "WEB",
      "url": "https://lists.apache.org/thread.html/r72815a124a119c450b86189767d06848e0d380b1795c6c511d54a675@%3Cdev.shiro.apache.org%3E"
    },
    {
      "type": "WEB",
      "url": "https://lists.apache.org/thread.html/r72815a124a119c450b86189767d06848e0d380b1795c6c511d54a675@%3Cuser.shiro.apache.org%3E"
    },
    {
      "type": "WEB",
      "url": "https://lists.apache.org/thread.html/rab1972d6b177f7b5c3dde9cfb0a40f03bca75f0eaf1d8311e5762cb3@%3Ccommits.shiro.apache.org%3E"
    },
    {
      "type": "WEB",
      "url": "https://lists.apache.org/thread.html/rc8b39ea8b3ef71ddc1cd74ffc866546182683c8adecf19c263fe7ac0@%3Ccommits.shiro.apache.org%3E"
    },
    {
      "type": "WEB",
      "url": "https://lists.apache.org/thread.html/rcf3d8041e1232201fe5d74fc612a193e435784d64002409b448b58fe@%3Cdev.geode.apache.org%3E"
    }
  ],
  "affected": [
    {
      "package": {
        "name": "org.apache.shiro:shiro-core",
        "ecosystem": "Maven",
        "purl": "pkg:maven/org.apache.shiro/shiro-core"
      },
      "ranges": [
        {
          "type": "ECOSYSTEM",
          "events": [
            {
              "introduced": "0"
            },
            {
              "fixed": "1.5.3"
            }
          ]
        }
      ],
      "versions": [
        "1.0.0-incubating",
        "1.1.0",
        "1.2.0",
        "1.2.1",
        "1.2.2",
        "1.2.3",
        "1.2.4",
        "1.2.5",
        "1.2.6",
        "1.3.0",
        "1.3.1",
        "1.3.2",
        "1.4.0",
        "1.4.0-RC2",
        "1.4.1",
        "1.4.2",
        "1.5.0",
        "1.5.1",
        "1.5.2"
      ],
      "database_specific": {
        "source": "https://github.com/github/advisory-database/blob/main/advisories/github-reviewed/2021/05/GHSA-72w9-fcj5-3fcg/GHSA-72w9-fcj5-3fcg.json"
      }
    }
  ],
  "schema_version": "1.2.0",
  "severity": [
    {
      "type": "CVSS_V3",
      "score": "CVSS:3.1/AV:N/AC:L/PR:N/UI:N/S:U/C:H/I:H/A:H"
    }
  ]
}