{
  "id": "GHSA-8j39-fgfp-vxh8",
  "summary": "Moderate severity vulnerability that affects com.xuxueli:xxl-conf",
  "details": "An issue was discovered in XXL-CONF 1.6.0. There is a path traversal vulnerability via ../ in the keys parameter that can download any configuration file, related to ConfController.java and PropUtil.java.",
  "aliases": [
    "CVE-2018-20094"
  ],
  "modified": "2022-03-02T05:21:59.543851Z",
  "published": "2018-12-19T19:25:04Z",
  "database_specific": {
    "github_reviewed": true,
    "cwe_ids": [
      "CWE-22"
    ],
    "severity": "HIGH"
  },
  "references": [
    {
      "type": "ADVISORY",
      "url": "https://nvd.nist.gov/vuln/detail/CVE-2018-20094"
    },
    {
      "type": "WEB",
      "url": "https://github.com/xuxueli/xxl-conf/issues/61"
    },
    {
      "type": "ADVISORY",
      "url": "https://github.com/advisories/GHSA-8j39-fgfp-vxh8"
    },
    {
      "type": "PACKAGE",
      "url": "https://github.com/xuxueli/xxl-conf"
    }
  ],
  "affected": [
    {
      "package": {
        "name": "com.xuxueli:xxl-conf",
        "ecosystem": "Maven",
        "purl": "pkg:maven/com.xuxueli/xxl-conf"
      },
      "ranges": [
        {
          "type": "ECOSYSTEM",
          "events": [
            {
              "introduced": "0"
            }
          ]
        }
      ],
      "versions": [
        "1.3.0",
        "1.4.0",
        "1.4.1",
        "1.4.2",
        "1.5.0",
        "1.5.1",
        "1.5.2",
        "1.6.0",
        "1.6.1"
      ],
      "database_specific": {
        "source": "https://github.com/github/advisory-database/blob/main/advisories/github-reviewed/2018/12/GHSA-8j39-fgfp-vxh8/GHSA-8j39-fgfp-vxh8.json",
        "last_known_affected_version_range": "<= 1.6.0"
      }
    }
  ],
  "schema_version": "1.2.0",
  "severity": [
    {
      "type": "CVSS_V3",
      "score": "CVSS:3.0/AV:N/AC:L/PR:N/UI:N/S:U/C:H/I:N/A:N"
    }
  ]
}