{
  "id": "GHSA-395w-qhqr-9fr6",
  "summary": "Path Traversal in Apache Flink",
  "details": "A change introduced in Apache Flink 1.11.0 (and released in 1.11.1 and 1.11.2 as well) allows attackers to read any file on the local filesystem of the JobManager through the REST interface of the JobManager process. Access is restricted to files accessible by the JobManager process. All users should upgrade to Flink 1.11.3 or 1.12.0 if their Flink instance(s) are exposed. The issue was fixed in commit b561010b0ee741543c3953306037f00d7a9f0801 from apache/flink:master.",
  "aliases": [
    "CVE-2020-17519"
  ],
  "modified": "2022-03-02T05:21:20.963225Z",
  "published": "2021-01-06T20:01:34Z",
  "database_specific": {
    "github_reviewed": true,
    "severity": "MODERATE",
    "cwe_ids": [
      "CWE-22",
      "CWE-552"
    ]
  },
  "references": [
    {
      "type": "ADVISORY",
      "url": "https://nvd.nist.gov/vuln/detail/CVE-2020-17519"
    },
    {
      "type": "WEB",
      "url": "https://lists.apache.org/thread.html/r0a433be10676f4fe97ca423d08f914e0ead341c901216f292d2bbe83@%3Cissues.flink.apache.org%3E"
    },
    {
      "type": "WEB",
      "url": "https://lists.apache.org/thread.html/r1125f3044a0946d1e7e6f125a6170b58d413ebd4a95157e4608041c7@%3Cannounce.apache.org%3E"
    },
    {
      "type": "WEB",
      "url": "https://lists.apache.org/thread.html/r229167538863518738e02f4c1c5a8bb34c1d45dadcc97adf6676b0c1@%3Cdev.flink.apache.org%3E"
    },
    {
      "type": "WEB",
      "url": "https://lists.apache.org/thread.html/r26fcdd4fe288323006253437ebc4dd6fdfadfb5e93465a0e4f68420d@%3Cuser-zh.flink.apache.org%3E"
    },
    {
      "type": "WEB",
      "url": "https://lists.apache.org/thread.html/r28f17e564950d663e68cc6fe75756012dda62ac623766bb9bc5e7034@%3Cissues.flink.apache.org%3E"
    },
    {
      "type": "WEB",
      "url": "https://lists.apache.org/thread.html/r2fc60b30557e4a537c2a6293023049bd1c49fd92b518309aa85a0398@%3Cissues.flink.apache.org%3E"
    },
    {
      "type": "WEB",
      "url": "https://lists.apache.org/thread.html/r4e1b72bfa789ea5bc20b8afe56119200ed25bdab0eb80d664fa5bfe2@%3Cdev.flink.apache.org%3E"
    },
    {
      "type": "WEB",
      "url": "https://lists.apache.org/thread.html/r6843202556a6d0bce9607ebc02e303f68fc88e9038235598bde3b50d%40%3Cdev.flink.apache.org%3E"
    },
    {
      "type": "WEB",
      "url": "https://lists.apache.org/thread.html/r6843202556a6d0bce9607ebc02e303f68fc88e9038235598bde3b50d@%3Cannounce.apache.org%3E"
    },
    {
      "type": "WEB",
      "url": "https://lists.apache.org/thread.html/r6843202556a6d0bce9607ebc02e303f68fc88e9038235598bde3b50d@%3Cdev.flink.apache.org%3E"
    },
    {
      "type": "WEB",
      "url": "https://lists.apache.org/thread.html/r6843202556a6d0bce9607ebc02e303f68fc88e9038235598bde3b50d@%3Cuser.flink.apache.org%3E"
    },
    {
      "type": "WEB",
      "url": "https://lists.apache.org/thread.html/r88b55f3ebf1f8f4e1cc61f030252aaef4b77060b56557a243abb92a1@%3Cissues.flink.apache.org%3E"
    },
    {
      "type": "WEB",
      "url": "https://lists.apache.org/thread.html/r88f427865fb6aa6e6378efe07632a1906b430365e15e3b9621aabe1d@%3Cissues.flink.apache.org%3E"
    },
    {
      "type": "WEB",
      "url": "https://lists.apache.org/thread.html/r90890afea72a9571d666820b2fe5942a0a5f86be406fa31da3dd0922@%3Cannounce.apache.org%3E"
    },
    {
      "type": "WEB",
      "url": "https://lists.apache.org/thread.html/ra8c96bf3ccb4e491f9ce87ba35f134b4449beb2a38d1ce28fd89001f@%3Cdev.flink.apache.org%3E"
    },
    {
      "type": "WEB",
      "url": "http://packetstormsecurity.com/files/160849/Apache-Flink-1.11.0-Arbitrary-File-Read-Directory-Traversal.html"
    },
    {
      "type": "WEB",
      "url": "http://www.openwall.com/lists/oss-security/2021/01/05/2"
    }
  ],
  "affected": [
    {
      "package": {
        "name": "org.apache.flink:flink-runtime_2.11",
        "ecosystem": "Maven",
        "purl": "pkg:maven/org.apache.flink/flink-runtime_2.11"
      },
      "ranges": [
        {
          "type": "ECOSYSTEM",
          "events": [
            {
              "introduced": "0"
            },
            {
              "fixed": "1.11.3"
            }
          ]
        }
      ],
      "versions": [
        "0.10.0",
        "0.10.1",
        "0.10.2",
        "1.0.0",
        "1.0.1",
        "1.0.2",
        "1.0.3",
        "1.1.0",
        "1.1.1",
        "1.1.2",
        "1.1.3",
        "1.1.4",
        "1.1.5",
        "1.10.0",
        "1.10.1",
        "1.10.2",
        "1.10.3",
        "1.11.0",
        "1.11.1",
        "1.11.2",
        "1.2.0",
        "1.2.1",
        "1.3.0",
        "1.3.1",
        "1.3.2",
        "1.3.3",
        "1.4.0",
        "1.4.1",
        "1.4.2",
        "1.5.0",
        "1.5.1",
        "1.5.2",
        "1.5.3",
        "1.5.4",
        "1.5.5",
        "1.5.6",
        "1.6.0",
        "1.6.1",
        "1.6.2",
        "1.6.3",
        "1.6.4",
        "1.7.0",
        "1.7.1",
        "1.7.2",
        "1.8.0",
        "1.8.1",
        "1.8.2",
        "1.8.3",
        "1.9.0",
        "1.9.1",
        "1.9.2",
        "1.9.3"
      ],
      "database_specific": {
        "source": "https://github.com/github/advisory-database/blob/main/advisories/github-reviewed/2021/01/GHSA-395w-qhqr-9fr6/GHSA-395w-qhqr-9fr6.json"
      }
    },
    {
      "package": {
        "name": "org.apache.flink:flink-runtime_2.12",
        "ecosystem": "Maven",
        "purl": "pkg:maven/org.apache.flink/flink-runtime_2.12"
      },
      "ranges": [
        {
          "type": "ECOSYSTEM",
          "events": [
            {
              "introduced": "0"
            },
            {
              "fixed": "1.11.3"
            }
          ]
        }
      ],
      "versions": [
        "1.10.0",
        "1.10.1",
        "1.10.2",
        "1.10.3",
        "1.11.0",
        "1.11.1",
        "1.11.2",
        "1.7.0",
        "1.7.1",
        "1.7.2",
        "1.8.0",
        "1.8.1",
        "1.8.2",
        "1.8.3",
        "1.9.0",
        "1.9.1",
        "1.9.2",
        "1.9.3"
      ],
      "database_specific": {
        "source": "https://github.com/github/advisory-database/blob/main/advisories/github-reviewed/2021/01/GHSA-395w-qhqr-9fr6/GHSA-395w-qhqr-9fr6.json"
      }
    }
  ],
  "schema_version": "1.2.0"
}