{
  "id": "GHSA-4284-x26r-4hhc",
  "summary": "Cross Site Request Forgery in Apache JSPWiki",
  "details": "Apache JSPWiki user preferences form is vulnerable to CSRF attacks, which can lead to account takeover. Apache JSPWiki users should upgrade to 2.11.2 or later.",
  "aliases": [
    "CVE-2022-24947"
  ],
  "modified": "2022-03-02T05:21:04.698231Z",
  "published": "2022-02-26T00:00:44Z",
  "database_specific": {
    "severity": "HIGH",
    "cwe_ids": [
      "CWE-352"
    ],
    "github_reviewed": true
  },
  "references": [
    {
      "type": "ADVISORY",
      "url": "https://nvd.nist.gov/vuln/detail/CVE-2022-24947"
    },
    {
      "type": "WEB",
      "url": "https://lists.apache.org/thread/txrgykjkpt80t57kzpbjo8kfrv8ss02c"
    },
    {
      "type": "WEB",
      "url": "http://www.openwall.com/lists/oss-security/2022/02/25/1"
    }
  ],
  "affected": [
    {
      "package": {
        "name": "org.apache.jspwiki:jspwiki-main",
        "ecosystem": "Maven",
        "purl": "pkg:maven/org.apache.jspwiki/jspwiki-main"
      },
      "ranges": [
        {
          "type": "ECOSYSTEM",
          "events": [
            {
              "introduced": "0"
            },
            {
              "fixed": "2.11.2"
            }
          ]
        }
      ],
      "versions": [
        "2.11.0",
        "2.11.0.M1",
        "2.11.0.M2",
        "2.11.0.M3",
        "2.11.0.M4",
        "2.11.0.M5",
        "2.11.0.M6",
        "2.11.0.M7",
        "2.11.0.M8",
        "2.11.1"
      ],
      "database_specific": {
        "source": "https://github.com/github/advisory-database/blob/main/advisories/github-reviewed/2022/02/GHSA-4284-x26r-4hhc/GHSA-4284-x26r-4hhc.json"
      }
    }
  ],
  "schema_version": "1.2.0"
}