{
  "id": "GHSA-869j-5855-hjpm",
  "summary": "Moderate severity vulnerability that affects org.apache.karaf:apache-karaf and org.apache.karaf:karaf",
  "details": "Apache Karaf kar deployer reads .kar archives and extracts the paths from the \"repository/\" and \"resources/\" entries in the zip file. It then writes out the content of these paths to the Karaf repo and resources directories. However, it doesn't do any validation on the paths in the zip file. This means that a malicious user could craft a .kar file with \"..\" directory names and break out of the directories to write arbitrary content to the filesystem. This is the \"Zip-slip\" vulnerability - https://snyk.io/research/zip-slip-vulnerability. This vulnerability is low if the Karaf process user has limited permission on the filesystem. Any Apache Karaf releases prior 4.2.3 is impacted.",
  "aliases": [
    "CVE-2019-0191"
  ],
  "modified": "2022-03-02T05:21:41.538574Z",
  "published": "2019-03-25T16:16:44Z",
  "database_specific": {
    "github_reviewed": true,
    "severity": "MODERATE",
    "cwe_ids": [
      "CWE-22"
    ]
  },
  "references": [
    {
      "type": "ADVISORY",
      "url": "https://nvd.nist.gov/vuln/detail/CVE-2019-0191"
    },
    {
      "type": "ADVISORY",
      "url": "https://github.com/advisories/GHSA-869j-5855-hjpm"
    },
    {
      "type": "WEB",
      "url": "https://lists.apache.org/thread.html/6856aa7ed7dd805eaf65d0e5e95027dda3b2307aacd1ab4a838c5cd1@%3Cuser.karaf.apache.org%3E"
    },
    {
      "type": "WEB",
      "url": "https://lists.apache.org/thread.html/cef9a2d4b547625e5214684283ac5c59c9d9740e092e777dc3f85070@%3Ccommits.karaf.apache.org%3E"
    },
    {
      "type": "WEB",
      "url": "http://www.securityfocus.com/bid/107462"
    }
  ],
  "affected": [
    {
      "package": {
        "name": "org.apache.karaf:karaf",
        "ecosystem": "Maven",
        "purl": "pkg:maven/org.apache.karaf/karaf"
      },
      "ranges": [
        {
          "type": "ECOSYSTEM",
          "events": [
            {
              "introduced": "0"
            },
            {
              "fixed": "4.2.3"
            }
          ]
        }
      ],
      "versions": [
        "2.0.0",
        "2.1.0",
        "2.1.1",
        "2.1.2",
        "2.1.3",
        "2.1.4",
        "2.1.5",
        "2.1.6",
        "2.2.0",
        "2.2.1",
        "2.2.10",
        "2.2.11",
        "2.2.2",
        "2.2.3",
        "2.2.4",
        "2.2.5",
        "2.2.6",
        "2.2.7",
        "2.2.8",
        "2.2.9",
        "2.3.0",
        "2.3.1",
        "2.3.10",
        "2.3.11",
        "2.3.12",
        "2.3.2",
        "2.3.3",
        "2.3.4",
        "2.3.5",
        "2.3.6",
        "2.3.7",
        "2.3.8",
        "2.3.9",
        "2.4.0",
        "2.4.1",
        "2.4.2",
        "2.4.3",
        "2.4.4",
        "3.0.0",
        "3.0.0.RC1",
        "3.0.1",
        "3.0.10",
        "3.0.2",
        "3.0.3",
        "3.0.4",
        "3.0.5",
        "3.0.6",
        "3.0.7",
        "3.0.8",
        "3.0.9",
        "4.0.0",
        "4.0.0.M1",
        "4.0.0.M2",
        "4.0.0.M3",
        "4.0.1",
        "4.0.10",
        "4.0.2",
        "4.0.3",
        "4.0.4",
        "4.0.5",
        "4.0.6",
        "4.0.7",
        "4.0.8",
        "4.0.9",
        "4.1.0",
        "4.1.1",
        "4.1.2",
        "4.1.3",
        "4.1.4",
        "4.1.5",
        "4.1.6",
        "4.1.7",
        "4.2.0",
        "4.2.0.M1",
        "4.2.0.M2",
        "4.2.1",
        "4.2.2"
      ],
      "database_specific": {
        "source": "https://github.com/github/advisory-database/blob/main/advisories/github-reviewed/2019/03/GHSA-869j-5855-hjpm/GHSA-869j-5855-hjpm.json"
      }
    },
    {
      "package": {
        "name": "org.apache.karaf:apache-karaf",
        "ecosystem": "Maven",
        "purl": "pkg:maven/org.apache.karaf/apache-karaf"
      },
      "ranges": [
        {
          "type": "ECOSYSTEM",
          "events": [
            {
              "introduced": "0"
            },
            {
              "fixed": "4.2.3"
            }
          ]
        }
      ],
      "versions": [
        "2.0.0",
        "2.1.0",
        "2.1.1",
        "2.1.2",
        "2.1.3",
        "2.1.4",
        "2.1.5",
        "2.1.6",
        "2.2.0",
        "2.2.1",
        "2.2.10",
        "2.2.11",
        "2.2.2",
        "2.2.3",
        "2.2.4",
        "2.2.5",
        "2.2.6",
        "2.2.7",
        "2.2.8",
        "2.2.9",
        "2.3.0",
        "2.3.1",
        "2.3.10",
        "2.3.11",
        "2.3.12",
        "2.3.2",
        "2.3.3",
        "2.3.4",
        "2.3.5",
        "2.3.6",
        "2.3.7",
        "2.3.8",
        "2.3.9",
        "2.4.0",
        "2.4.1",
        "2.4.2",
        "2.4.3",
        "2.4.4",
        "3.0.0",
        "3.0.0.RC1",
        "3.0.1",
        "3.0.10",
        "3.0.2",
        "3.0.3",
        "3.0.4",
        "3.0.5",
        "3.0.6",
        "3.0.7",
        "3.0.8",
        "3.0.9",
        "4.0.0",
        "4.0.0.M1",
        "4.0.0.M2",
        "4.0.0.M3",
        "4.0.1",
        "4.0.10",
        "4.0.2",
        "4.0.3",
        "4.0.4",
        "4.0.5",
        "4.0.6",
        "4.0.7",
        "4.0.8",
        "4.0.9",
        "4.1.0",
        "4.1.1",
        "4.1.2",
        "4.1.3",
        "4.1.4",
        "4.1.5",
        "4.1.6",
        "4.1.7",
        "4.2.0",
        "4.2.0.M1",
        "4.2.0.M2",
        "4.2.1",
        "4.2.2"
      ],
      "database_specific": {
        "source": "https://github.com/github/advisory-database/blob/main/advisories/github-reviewed/2019/03/GHSA-869j-5855-hjpm/GHSA-869j-5855-hjpm.json"
      }
    }
  ],
  "schema_version": "1.2.0",
  "severity": [
    {
      "type": "CVSS_V3",
      "score": "CVSS:3.0/AV:N/AC:L/PR:L/UI:N/S:U/C:N/I:H/A:N"
    }
  ]
}