{
  "id": "GHSA-3qp6-m7hp-jrwf",
  "summary": "Cross-site Scripting in Apache Pluto",
  "details": "The \"first name\" and \"last name\" fields of the Apache Pluto 3.1.0 MVCBean JSP portlet maven archetype are vulnerable to Cross-Site Scripting (XSS) attacks.",
  "aliases": [
    "CVE-2021-36739"
  ],
  "modified": "2022-03-02T05:21:54.672732Z",
  "published": "2022-01-08T00:46:21Z",
  "database_specific": {
    "severity": "MODERATE",
    "github_reviewed": true,
    "cwe_ids": [
      "CWE-79"
    ]
  },
  "references": [
    {
      "type": "ADVISORY",
      "url": "https://nvd.nist.gov/vuln/detail/CVE-2021-36739"
    },
    {
      "type": "WEB",
      "url": "https://lists.apache.org/thread/m5j87nn1lmvzp8b9lmh7gqq68g5lnb7p"
    },
    {
      "type": "PACKAGE",
      "url": "https://github.com/apache/portals-pluto"
    }
  ],
  "affected": [
    {
      "package": {
        "name": "org.apache.portals.pluto:pluto-portal",
        "ecosystem": "Maven",
        "purl": "pkg:maven/org.apache.portals.pluto/pluto-portal"
      },
      "ranges": [
        {
          "type": "ECOSYSTEM",
          "events": [
            {
              "introduced": "0"
            },
            {
              "fixed": "3.1.1"
            }
          ]
        }
      ],
      "versions": [
        "2.0.0",
        "2.0.1",
        "2.0.2",
        "2.0.3",
        "2.1.0-M1",
        "2.1.0-M2",
        "2.1.0-M3",
        "3.0.0",
        "3.0.1",
        "3.1.0"
      ],
      "database_specific": {
        "source": "https://github.com/github/advisory-database/blob/main/advisories/github-reviewed/2022/01/GHSA-3qp6-m7hp-jrwf/GHSA-3qp6-m7hp-jrwf.json"
      }
    }
  ],
  "schema_version": "1.2.0"
}