{
  "id": "GHSA-4q98-wr72-h35w",
  "summary": "Improper input validation in Apache Santuario XML Security for Java",
  "details": "In version 2.0.3 Apache Santuario XML Security for Java, a caching mechanism was introduced to speed up creating new XML documents using a static pool of DocumentBuilders. However, if some untrusted code can register a malicious implementation with the thread context class loader first, then this implementation might be cached and re-used by Apache Santuario - XML Security for Java, leading to potential security flaws when validating signed documents, etc. The vulnerability affects Apache Santuario - XML Security for Java 2.0.x releases from 2.0.3 and all 2.1.x releases before 2.1.4.",
  "aliases": [
    "CVE-2019-12400"
  ],
  "modified": "2022-03-02T05:21:26.111136Z",
  "published": "2019-08-27T17:41:33Z",
  "database_specific": {
    "github_reviewed": true,
    "cwe_ids": [
      "CWE-20"
    ],
    "severity": "MODERATE"
  },
  "references": [
    {
      "type": "ADVISORY",
      "url": "https://nvd.nist.gov/vuln/detail/CVE-2019-12400"
    },
    {
      "type": "WEB",
      "url": "https://access.redhat.com/errata/RHSA-2020:0804"
    },
    {
      "type": "WEB",
      "url": "https://access.redhat.com/errata/RHSA-2020:0805"
    },
    {
      "type": "WEB",
      "url": "https://access.redhat.com/errata/RHSA-2020:0806"
    },
    {
      "type": "WEB",
      "url": "https://access.redhat.com/errata/RHSA-2020:0811"
    },
    {
      "type": "WEB",
      "url": "https://lists.apache.org/thread.html/8e814b925bf580bc527d96ff51e72ffe5bdeaa4b8bf5b89498cab24c@%3Cdev.santuario.apache.org%3E"
    },
    {
      "type": "WEB",
      "url": "https://lists.apache.org/thread.html/edaa7edb9c58e5f5bd0c950f2b6232b62b15f5c44ad803e8728308ce@%3Cdev.santuario.apache.org%3E"
    },
    {
      "type": "WEB",
      "url": "https://lists.apache.org/thread.html/r107bffb06a5e27457fe9af7dfe3a233d0d36c6c2f5122f117eb7f626@%3Ccommits.tomee.apache.org%3E"
    },
    {
      "type": "WEB",
      "url": "https://lists.apache.org/thread.html/r1c07a561426ec5579073046ad7f4207cdcef452bb3100abaf908e0cd@%3Ccommits.santuario.apache.org%3E"
    },
    {
      "type": "WEB",
      "url": "https://lists.apache.org/thread.html/rcdc0da94fe21b26493eae47ca987a290bdf90c721a7a42491fdd41d4@%3Ccommits.tomee.apache.org%3E"
    },
    {
      "type": "WEB",
      "url": "https://lists.apache.org/thread.html/rf82be0a7c98cd3545e20817bb96ed05551ea0020acbaf9a469fef402@%3Ccommits.tomee.apache.org%3E"
    },
    {
      "type": "WEB",
      "url": "https://lists.apache.org/thread.html/rf958cea96236de8829940109ae07e870aa3d59235345421e4924ff03@%3Ccommits.tomee.apache.org%3E"
    },
    {
      "type": "WEB",
      "url": "https://security.netapp.com/advisory/ntap-20190910-0003/"
    },
    {
      "type": "WEB",
      "url": "https://www.oracle.com/security-alerts/cpuoct2021.html"
    },
    {
      "type": "WEB",
      "url": "http://santuario.apache.org/secadv.data/CVE-2019-12400.asc?version=1&modificationDate=1566573083000&api=v2"
    }
  ],
  "affected": [
    {
      "package": {
        "name": "org.apache.santuario:xmlsec",
        "ecosystem": "Maven",
        "purl": "pkg:maven/org.apache.santuario/xmlsec"
      },
      "ranges": [
        {
          "type": "ECOSYSTEM",
          "events": [
            {
              "introduced": "2.0.3"
            },
            {
              "fixed": "2.1.4"
            }
          ]
        }
      ],
      "versions": [
        "2.0.10",
        "2.0.3",
        "2.0.4",
        "2.0.5",
        "2.0.6",
        "2.0.7",
        "2.0.8",
        "2.0.9",
        "2.1.0",
        "2.1.1",
        "2.1.2",
        "2.1.3"
      ],
      "database_specific": {
        "source": "https://github.com/github/advisory-database/blob/main/advisories/github-reviewed/2019/08/GHSA-4q98-wr72-h35w/GHSA-4q98-wr72-h35w.json"
      }
    }
  ],
  "schema_version": "1.2.0",
  "severity": [
    {
      "type": "CVSS_V3",
      "score": "CVSS:3.1/AV:L/AC:L/PR:L/UI:N/S:U/C:N/I:H/A:N"
    }
  ]
}