{
  "id": "GHSA-484q-784p-8m5h",
  "summary": "Cross-site Scripting in keycloak",
  "details": "A flaw was found in Keycloak before version 12.0.0, where it is possible to add unsafe schemes for the redirect_uri parameter. This flaw allows an attacker to perform a Cross-site scripting attack.",
  "aliases": [
    "CVE-2020-10776"
  ],
  "modified": "2022-03-02T05:21:07.907061Z",
  "published": "2022-02-09T00:58:15Z",
  "database_specific": {
    "github_reviewed": true,
    "cwe_ids": [
      "CWE-79"
    ],
    "severity": "MODERATE"
  },
  "references": [
    {
      "type": "ADVISORY",
      "url": "https://nvd.nist.gov/vuln/detail/CVE-2020-10776"
    },
    {
      "type": "WEB",
      "url": "https://bugzilla.redhat.com/show_bug.cgi?id=1847428"
    }
  ],
  "affected": [
    {
      "package": {
        "name": "org.keycloak:keycloak-parent",
        "ecosystem": "Maven",
        "purl": "pkg:maven/org.keycloak/keycloak-parent"
      },
      "ranges": [
        {
          "type": "ECOSYSTEM",
          "events": [
            {
              "introduced": "0"
            },
            {
              "fixed": "12.0.0"
            }
          ]
        }
      ],
      "versions": [
        "1.0-alpha-1",
        "1.0-alpha-1-12062013",
        "1.0-alpha-2",
        "1.0-alpha-3",
        "1.0-alpha-4",
        "1.0-beta-1",
        "1.0-beta-1-20150521",
        "1.0-beta-1-20150523",
        "1.0-beta-1-snapshot-05092014",
        "1.0-beta-2",
        "1.0-beta-3",
        "1.0-beta-4",
        "1.0-final",
        "1.0-rc-1",
        "1.0-rc-2",
        "1.0.1.Final",
        "1.0.2.Final",
        "1.0.3.Final",
        "1.0.4.Final",
        "1.0.5.Final",
        "1.1.0.Beta1",
        "1.1.0.Beta2",
        "1.1.0.Final",
        "1.1.1.Final",
        "1.2.0.Beta1",
        "1.2.0.CR1",
        "1.2.0.Final",
        "1.3.0.Final",
        "1.3.1.Final",
        "1.4.0.Final",
        "1.5.0-Final",
        "1.5.0.Final",
        "1.5.1.Final",
        "1.6.0.Final",
        "1.6.1.Final",
        "1.7.0.CR1",
        "1.7.0.Final",
        "1.8.0.Alpha1",
        "1.8.0.CR1",
        "1.8.0.CR2",
        "1.8.0.CR3",
        "1.8.0.Final",
        "1.8.1.Final",
        "1.9.0.CR1",
        "1.9.0.Final",
        "1.9.1.Final",
        "1.9.2.Final",
        "1.9.3.Final",
        "1.9.4.Final",
        "1.9.5.Final",
        "1.9.7.Final",
        "1.9.8.Final",
        "10.0.0",
        "10.0.1",
        "10.0.2",
        "11.0.0",
        "11.0.1",
        "11.0.2",
        "11.0.3",
        "2.0.0.CR1",
        "2.0.0.Final",
        "2.1.0-SNAPSHOT-16-08-06-2320",
        "2.1.0.CR1",
        "2.1.0.Final",
        "2.2.0.CR1",
        "2.2.0.Final",
        "2.2.1.Final",
        "2.3.0.CR1",
        "2.3.0.Final",
        "2.4.0.CR1",
        "2.4.0.Final",
        "2.5.0.CR1",
        "2.5.0.Final",
        "2.5.1.Final",
        "2.5.4.Final",
        "2.5.5.Final",
        "3.0.0.CR1",
        "3.0.0.Final",
        "3.1.0.CR1",
        "3.1.0.Final",
        "3.2.0.CR1",
        "3.2.0.Final",
        "3.2.1.Final",
        "3.3.0.CR1",
        "3.3.0.CR2",
        "3.3.0.Final",
        "3.4.0.CR1",
        "3.4.0.Final",
        "3.4.1.CR1",
        "3.4.1.Final",
        "3.4.2.Final",
        "3.4.3.Final",
        "4.0.0.Beta1",
        "4.0.0.Beta2",
        "4.0.0.Beta3",
        "4.0.0.Final",
        "4.1.0.Final",
        "4.2.0.Final",
        "4.2.1.Final",
        "4.3.0.Final",
        "4.4.0.Final",
        "4.5.0.Final",
        "4.6.0.Final",
        "4.7.0.Final",
        "4.8.0.Final",
        "4.8.1.Final",
        "4.8.2.Final",
        "4.8.3.Final",
        "5.0.0",
        "6.0.0",
        "6.0.1",
        "7.0.0",
        "7.0.1",
        "8.0.0",
        "8.0.1",
        "8.0.2",
        "9.0.0",
        "9.0.2",
        "9.0.3"
      ],
      "database_specific": {
        "source": "https://github.com/github/advisory-database/blob/main/advisories/github-reviewed/2022/02/GHSA-484q-784p-8m5h/GHSA-484q-784p-8m5h.json"
      }
    }
  ],
  "schema_version": "1.2.0",
  "severity": [
    {
      "type": "CVSS_V3",
      "score": "CVSS:3.1/AV:N/AC:L/PR:H/UI:R/S:C/C:L/I:L/A:N"
    }
  ]
}