{
  "id": "GHSA-5c66-v29h-xjh8",
  "summary": "XSS Cross Site Scripting",
  "details": "### Impact\nIt is possible to persistently inject scripts in XWiki.\n\nFor unregistred users:\n- By filling simple text fields\n\nFor registered users:\n- By filling their personal information\n- (if they have edit rights) By filling the values of static lists using App Within Minutes\n\nThat can lead to user's session hijacking, and if used in conjunction with a social engineering attack it can also lead to disclosure of sensitive data, CSRF attacks and other security vulnerabilities.\nThat can also lead to the attacker taking over an account.\nIf the victim has administrative rights it might even lead to code execution on the server, depending on the application and the privileges of the account.\n### Patches\nIt has been patched on XWiki 12.8 and 12.6.3.\n\n### Workarounds\nThere is no easy workaround except upgrading XWiki.\n\n### References\nhttps://jira.xwiki.org/browse/XWIKI-17374\n\n### For more information\nIf you have any questions or comments about this advisory:\n  * Open an issue in [Jira XWiki](https://jira.xwiki.org)\n  * Email us at our [security mailing list](mailto:security@xwiki.org)",
  "aliases": [
    "CVE-2021-29459"
  ],
  "modified": "2021-04-20T18:36:33Z",
  "published": "2021-04-22T16:11:55Z",
  "database_specific": {
    "cwe_ids": [
      "CWE-79"
    ],
    "severity": "CRITICAL",
    "github_reviewed": true
  },
  "references": [
    {
      "type": "WEB",
      "url": "https://github.com/xwiki/xwiki-platform/security/advisories/GHSA-5c66-v29h-xjh8"
    },
    {
      "type": "ADVISORY",
      "url": "https://nvd.nist.gov/vuln/detail/CVE-2021-29459"
    }
  ],
  "affected": [
    {
      "package": {
        "name": "org.xwiki.platform:xwiki-platform-oldcore",
        "ecosystem": "Maven",
        "purl": "pkg:maven/org.xwiki.platform/xwiki-platform-oldcore"
      },
      "ranges": [
        {
          "type": "ECOSYSTEM",
          "events": [
            {
              "introduced": "0"
            },
            {
              "fixed": "12.6.3"
            }
          ]
        }
      ],
      "database_specific": {
        "source": "https://github.com/github/advisory-database/blob/main/advisories/github-reviewed/2021/04/GHSA-5c66-v29h-xjh8/GHSA-5c66-v29h-xjh8.json"
      },
      "versions": []
    },
    {
      "package": {
        "name": "org.xwiki.platform:xwiki-platform-oldcore",
        "ecosystem": "Maven",
        "purl": "pkg:maven/org.xwiki.platform/xwiki-platform-oldcore"
      },
      "ranges": [
        {
          "type": "ECOSYSTEM",
          "events": [
            {
              "introduced": "12.6.4"
            },
            {
              "fixed": "12.8"
            }
          ]
        }
      ],
      "database_specific": {
        "source": "https://github.com/github/advisory-database/blob/main/advisories/github-reviewed/2021/04/GHSA-5c66-v29h-xjh8/GHSA-5c66-v29h-xjh8.json"
      },
      "versions": []
    },
    {
      "package": {
        "name": "org.xwiki.platform:xwiki-platform-web",
        "ecosystem": "Maven",
        "purl": "pkg:maven/org.xwiki.platform/xwiki-platform-web"
      },
      "ranges": [
        {
          "type": "ECOSYSTEM",
          "events": [
            {
              "introduced": "0"
            },
            {
              "fixed": "12.6.3"
            }
          ]
        }
      ],
      "database_specific": {
        "source": "https://github.com/github/advisory-database/blob/main/advisories/github-reviewed/2021/04/GHSA-5c66-v29h-xjh8/GHSA-5c66-v29h-xjh8.json"
      },
      "versions": []
    },
    {
      "package": {
        "name": "org.xwiki.platform:xwiki-platform-web",
        "ecosystem": "Maven",
        "purl": "pkg:maven/org.xwiki.platform/xwiki-platform-web"
      },
      "ranges": [
        {
          "type": "ECOSYSTEM",
          "events": [
            {
              "introduced": "12.6.4"
            },
            {
              "fixed": "12.8"
            }
          ]
        }
      ],
      "database_specific": {
        "source": "https://github.com/github/advisory-database/blob/main/advisories/github-reviewed/2021/04/GHSA-5c66-v29h-xjh8/GHSA-5c66-v29h-xjh8.json"
      },
      "versions": []
    }
  ],
  "schema_version": "1.2.0",
  "severity": [
    {
      "type": "CVSS_V3",
      "score": "CVSS:3.1/AV:N/AC:L/PR:N/UI:R/S:C/C:H/I:H/A:L"
    }
  ]
}