{
  "id": "GHSA-26hm-r6mg-963c",
  "summary": "SQL Injection in JeecgBoot",
  "details": "In JeecgBoot 3.0, there is a SQL injection vulnerability that can operate the database with root privileges. A patch has been released on the repository's `master` branch.",
  "aliases": [
    "CVE-2021-46089"
  ],
  "modified": "2022-03-02T05:21:51.973350Z",
  "published": "2022-01-26T00:01:25Z",
  "database_specific": {
    "severity": "CRITICAL",
    "github_reviewed": true,
    "cwe_ids": [
      "CWE-89"
    ]
  },
  "references": [
    {
      "type": "ADVISORY",
      "url": "https://nvd.nist.gov/vuln/detail/CVE-2021-46089"
    },
    {
      "type": "WEB",
      "url": "https://github.com/jeecgboot/jeecg-boot/issues/3331"
    },
    {
      "type": "WEB",
      "url": "https://github.com/jeecgboot/jeecg-boot/commit/baefc1338dd03de36384ce7d5846b08041b488d0"
    },
    {
      "type": "PACKAGE",
      "url": "https://github.com/jeecgboot/jeecg-boot"
    }
  ],
  "affected": [
    {
      "package": {
        "name": "org.jeecgframework.boot:jeecg-boot-base",
        "ecosystem": "Maven",
        "purl": "pkg:maven/org.jeecgframework.boot/jeecg-boot-base"
      },
      "ranges": [
        {
          "type": "ECOSYSTEM",
          "events": [
            {
              "introduced": "0"
            }
          ]
        }
      ],
      "versions": [
        "3.0"
      ],
      "database_specific": {
        "last_known_affected_version_range": "<= 3.0",
        "source": "https://github.com/github/advisory-database/blob/main/advisories/github-reviewed/2022/01/GHSA-26hm-r6mg-963c/GHSA-26hm-r6mg-963c.json"
      }
    },
    {
      "package": {
        "name": "org.jeecgframework.boot:jeecg-boot-base-core",
        "ecosystem": "Maven",
        "purl": "pkg:maven/org.jeecgframework.boot/jeecg-boot-base-core"
      },
      "ranges": [
        {
          "type": "ECOSYSTEM",
          "events": [
            {
              "introduced": "0"
            }
          ]
        }
      ],
      "versions": [
        "3.0"
      ],
      "database_specific": {
        "last_known_affected_version_range": "<= 3.0",
        "source": "https://github.com/github/advisory-database/blob/main/advisories/github-reviewed/2022/01/GHSA-26hm-r6mg-963c/GHSA-26hm-r6mg-963c.json"
      }
    }
  ],
  "schema_version": "1.2.0",
  "severity": [
    {
      "type": "CVSS_V3",
      "score": "CVSS:3.1/AV:N/AC:L/PR:N/UI:N/S:U/C:H/I:H/A:H"
    }
  ]
}