{
  "id": "GHSA-5q75-cxcq-wr26",
  "summary": "Low severity vulnerability that affects org.apache.jspwiki:jspwiki-war",
  "details": "A carefully crafted URL could trigger an XSS vulnerability on Apache JSPWiki, from versions up to 2.10.5, which could lead to session hijacking.",
  "aliases": [
    "CVE-2018-20242"
  ],
  "modified": "2022-03-02T05:21:53.536227Z",
  "published": "2019-02-12T17:26:07Z",
  "database_specific": {
    "cwe_ids": [
      "CWE-79"
    ],
    "severity": "MODERATE",
    "github_reviewed": true
  },
  "references": [
    {
      "type": "ADVISORY",
      "url": "https://nvd.nist.gov/vuln/detail/CVE-2018-20242"
    },
    {
      "type": "ADVISORY",
      "url": "https://github.com/advisories/GHSA-5q75-cxcq-wr26"
    },
    {
      "type": "WEB",
      "url": "https://lists.apache.org/thread.html/8ee4644432c0a433c5c514a57d940cf6dcb0a0094acd97b36290f0b4@%3Cuser.jspwiki.apache.org%3E"
    },
    {
      "type": "WEB",
      "url": "https://lists.apache.org/thread.html/aac253cfc33c0429b528e2fcbe82d3a42d742083c528f58d192dfd16@%3Ccommits.jspwiki.apache.org%3E"
    },
    {
      "type": "WEB",
      "url": "https://lists.apache.org/thread.html/e42d6e93384d4a33e939989cd00ea2a06ccf1e7bb1e6bdd3bf5187c1@%3Ccommits.jspwiki.apache.org%3E"
    },
    {
      "type": "WEB",
      "url": "http://www.securityfocus.com/bid/106804"
    }
  ],
  "affected": [
    {
      "package": {
        "name": "org.apache.jspwiki:jspwiki-war",
        "ecosystem": "Maven",
        "purl": "pkg:maven/org.apache.jspwiki/jspwiki-war"
      },
      "ranges": [
        {
          "type": "ECOSYSTEM",
          "events": [
            {
              "introduced": "0"
            },
            {
              "fixed": "2.11.0.M1"
            }
          ]
        }
      ],
      "versions": [
        "2.10.0",
        "2.10.1",
        "2.10.2",
        "2.10.3",
        "2.10.4",
        "2.10.5"
      ],
      "database_specific": {
        "last_known_affected_version_range": "<= 2.10.5",
        "source": "https://github.com/github/advisory-database/blob/main/advisories/github-reviewed/2019/02/GHSA-5q75-cxcq-wr26/GHSA-5q75-cxcq-wr26.json"
      }
    }
  ],
  "schema_version": "1.2.0",
  "severity": [
    {
      "type": "CVSS_V3",
      "score": "CVSS:3.0/AV:N/AC:L/PR:N/UI:R/S:C/C:L/I:L/A:N"
    }
  ]
}