{
  "id": "GHSA-9jg9-6wm2-x7p5",
  "summary": "Server-Side Request Forgery in Karaf",
  "details": "In Karaf, JMX authentication takes place using JAAS and authorization takes place using ACL files. By default, only an \"admin\" can actually invoke on an MBean. However there is a vulnerability there for someone who is not an admin, but has a \"viewer\" role. In the 'etc/jmx.acl.cfg', such as role can call get*. It's possible to authenticate as a viewer role + invokes on the MLet getMBeansFromURL method, which goes off to a remote server to fetch the desired MBean, which is then registered in Karaf. At this point the attack fails as \"viewer\" doesn't have the permission to invoke on the MBean. Still, it could act as a SSRF style attack and also it essentially allows a \"viewer\" role to pollute the MBean registry, which is a kind of privilege escalation. The vulnerability is low as it's possible to add a ACL to limit access. Users should update to Apache Karaf 4.2.9 or newer.",
  "aliases": [
    "CVE-2020-11980"
  ],
  "modified": "2022-03-02T05:21:18.846668Z",
  "published": "2022-02-10T23:04:32Z",
  "database_specific": {
    "cwe_ids": [
      "CWE-918"
    ],
    "github_reviewed": true,
    "severity": "MODERATE"
  },
  "references": [
    {
      "type": "ADVISORY",
      "url": "https://nvd.nist.gov/vuln/detail/CVE-2020-11980"
    },
    {
      "type": "WEB",
      "url": "http://karaf.apache.org/security/cve-2020-11980.txt"
    }
  ],
  "affected": [
    {
      "package": {
        "name": "org.apache.karaf:karaf",
        "ecosystem": "Maven",
        "purl": "pkg:maven/org.apache.karaf/karaf"
      },
      "ranges": [
        {
          "type": "ECOSYSTEM",
          "events": [
            {
              "introduced": "0"
            },
            {
              "fixed": "4.2.9"
            }
          ]
        }
      ],
      "versions": [
        "2.0.0",
        "2.1.0",
        "2.1.1",
        "2.1.2",
        "2.1.3",
        "2.1.4",
        "2.1.5",
        "2.1.6",
        "2.2.0",
        "2.2.1",
        "2.2.10",
        "2.2.11",
        "2.2.2",
        "2.2.3",
        "2.2.4",
        "2.2.5",
        "2.2.6",
        "2.2.7",
        "2.2.8",
        "2.2.9",
        "2.3.0",
        "2.3.1",
        "2.3.10",
        "2.3.11",
        "2.3.12",
        "2.3.2",
        "2.3.3",
        "2.3.4",
        "2.3.5",
        "2.3.6",
        "2.3.7",
        "2.3.8",
        "2.3.9",
        "2.4.0",
        "2.4.1",
        "2.4.2",
        "2.4.3",
        "2.4.4",
        "3.0.0",
        "3.0.0.RC1",
        "3.0.1",
        "3.0.10",
        "3.0.2",
        "3.0.3",
        "3.0.4",
        "3.0.5",
        "3.0.6",
        "3.0.7",
        "3.0.8",
        "3.0.9",
        "4.0.0",
        "4.0.0.M1",
        "4.0.0.M2",
        "4.0.0.M3",
        "4.0.1",
        "4.0.10",
        "4.0.2",
        "4.0.3",
        "4.0.4",
        "4.0.5",
        "4.0.6",
        "4.0.7",
        "4.0.8",
        "4.0.9",
        "4.1.0",
        "4.1.1",
        "4.1.2",
        "4.1.3",
        "4.1.4",
        "4.1.5",
        "4.1.6",
        "4.1.7",
        "4.2.0",
        "4.2.0.M1",
        "4.2.0.M2",
        "4.2.1",
        "4.2.2",
        "4.2.3",
        "4.2.4",
        "4.2.5",
        "4.2.6",
        "4.2.7",
        "4.2.8"
      ],
      "database_specific": {
        "source": "https://github.com/github/advisory-database/blob/main/advisories/github-reviewed/2022/02/GHSA-9jg9-6wm2-x7p5/GHSA-9jg9-6wm2-x7p5.json"
      }
    }
  ],
  "schema_version": "1.2.0",
  "severity": [
    {
      "type": "CVSS_V3",
      "score": "CVSS:3.1/AV:N/AC:L/PR:L/UI:N/S:U/C:L/I:L/A:L"
    }
  ]
}