{
  "id": "GHSA-c566-2grg-mjwg",
  "summary": "Serialization vulnerability in Apache Tapestry",
  "details": "A Java Serialization vulnerability was found in Apache Tapestry 4. Apache Tapestry 4 will attempt to deserialize the \"sp\" parameter even before invoking the page's validate method, leading to deserialization without authentication. Apache Tapestry 4 reached end of life in 2008 and no update to address this issue will be released. Apache Tapestry 5 versions are not vulnerable to this issue. Users of Apache Tapestry 4 should upgrade to the latest Apache Tapestry 5 version.",
  "aliases": [
    "CVE-2020-17531"
  ],
  "modified": "2022-03-02T05:20:59.790733Z",
  "published": "2022-02-09T22:50:50Z",
  "database_specific": {
    "github_reviewed": true,
    "severity": "CRITICAL",
    "cwe_ids": [
      "CWE-502"
    ]
  },
  "references": [
    {
      "type": "ADVISORY",
      "url": "https://nvd.nist.gov/vuln/detail/CVE-2020-17531"
    },
    {
      "type": "WEB",
      "url": "https://lists.apache.org/thread.html/r700a6aa234dbff0555d4187bdc8274d7e4c0afbf35b9a3457f09ee76%40%3Cusers.tapestry.apache.org%3E"
    },
    {
      "type": "WEB",
      "url": "https://lists.apache.org/thread.html/r700a6aa234dbff0555d4187bdc8274d7e4c0afbf35b9a3457f09ee76@%3Cusers.tapestry.apache.org%3E"
    },
    {
      "type": "WEB",
      "url": "https://security.netapp.com/advisory/ntap-20210115-0007/"
    }
  ],
  "affected": [
    {
      "package": {
        "name": "org.apache.tapestry:tapestry-project",
        "ecosystem": "Maven",
        "purl": "pkg:maven/org.apache.tapestry/tapestry-project"
      },
      "ranges": [
        {
          "type": "ECOSYSTEM",
          "events": [
            {
              "introduced": "0"
            },
            {
              "fixed": "5.0.1"
            }
          ]
        }
      ],
      "versions": [
        "4.1",
        "4.1.1",
        "4.1.2",
        "4.1.3",
        "4.1.5",
        "4.1.6"
      ],
      "database_specific": {
        "source": "https://github.com/github/advisory-database/blob/main/advisories/github-reviewed/2022/02/GHSA-c566-2grg-mjwg/GHSA-c566-2grg-mjwg.json"
      }
    }
  ],
  "schema_version": "1.2.0",
  "severity": [
    {
      "type": "CVSS_V3",
      "score": "CVSS:3.1/AV:N/AC:L/PR:N/UI:N/S:U/C:H/I:H/A:H"
    }
  ]
}