{
  "id": "GHSA-c332-w4jm-55wv",
  "summary": "Regular expression Denial of Service (ReDoS) in EmailValidator class in V7 compatibility module in Vaadin 8",
  "details": "Unsafe validation RegEx in `EmailValidator` component in `com.vaadin:vaadin-compatibility-server` versions 8.0.0 through 8.12.4 (Vaadin versions 8.0.0 through 8.12.4) allows attackers to cause uncontrolled resource consumption by submitting malicious email addresses.",
  "aliases": [
    "CVE-2021-31409"
  ],
  "modified": "2022-03-02T05:21:20.630206Z",
  "published": "2021-05-04T17:42:02Z",
  "database_specific": {
    "severity": "HIGH",
    "cwe_ids": [
      "CWE-400"
    ],
    "github_reviewed": true
  },
  "references": [
    {
      "type": "WEB",
      "url": "https://github.com/vaadin/framework/security/advisories/GHSA-c332-w4jm-55wv"
    },
    {
      "type": "ADVISORY",
      "url": "https://nvd.nist.gov/vuln/detail/CVE-2021-31409"
    },
    {
      "type": "WEB",
      "url": "https://github.com/vaadin/framework/issues/12240"
    },
    {
      "type": "WEB",
      "url": "https://github.com/vaadin/framework/pull/12241"
    },
    {
      "type": "WEB",
      "url": "https://vaadin.com/security/cve-2021-31409"
    }
  ],
  "affected": [
    {
      "package": {
        "name": "com.vaadin:vaadin-compatibility-server",
        "ecosystem": "Maven",
        "purl": "pkg:maven/com.vaadin/vaadin-compatibility-server"
      },
      "ranges": [
        {
          "type": "ECOSYSTEM",
          "events": [
            {
              "introduced": "8.0.0"
            },
            {
              "fixed": "8.13.0"
            }
          ]
        }
      ],
      "versions": [
        "8.0.0",
        "8.0.1",
        "8.0.2",
        "8.0.3",
        "8.0.4",
        "8.0.5",
        "8.0.6",
        "8.0.7",
        "8.1.0",
        "8.1.1",
        "8.1.2",
        "8.1.3",
        "8.1.4",
        "8.1.5",
        "8.1.6",
        "8.1.7",
        "8.1.8",
        "8.10.0",
        "8.10.1",
        "8.10.2",
        "8.10.3",
        "8.10.4",
        "8.10.5",
        "8.11.0",
        "8.11.1",
        "8.11.2",
        "8.11.3",
        "8.12.0",
        "8.12.1",
        "8.12.2",
        "8.12.3",
        "8.12.4",
        "8.2.0",
        "8.2.1",
        "8.3.0",
        "8.3.1",
        "8.3.2",
        "8.3.3",
        "8.4.0",
        "8.4.1",
        "8.4.2",
        "8.4.3",
        "8.4.4",
        "8.4.5",
        "8.5.0",
        "8.5.1",
        "8.5.2",
        "8.6.0",
        "8.6.1",
        "8.6.2",
        "8.6.3",
        "8.6.4",
        "8.7.0",
        "8.7.0.beta1",
        "8.7.1",
        "8.7.2",
        "8.8.0",
        "8.8.1",
        "8.8.2",
        "8.8.3",
        "8.8.4",
        "8.8.5",
        "8.8.6",
        "8.9.0",
        "8.9.1",
        "8.9.2",
        "8.9.3",
        "8.9.4"
      ],
      "database_specific": {
        "source": "https://github.com/github/advisory-database/blob/main/advisories/github-reviewed/2021/05/GHSA-c332-w4jm-55wv/GHSA-c332-w4jm-55wv.json"
      }
    }
  ],
  "schema_version": "1.2.0",
  "severity": [
    {
      "type": "CVSS_V3",
      "score": "CVSS:3.1/AV:N/AC:L/PR:N/UI:N/S:U/C:N/I:N/A:H"
    }
  ]
}