{
  "id": "GHSA-cf8j-64h9-6q58",
  "summary": "CSRF in Play Framework",
  "details": "In Play Framework 2.6.0 through 2.8.1, the CSRF filter can be bypassed by making CORS simple requests with content types that contain parameters that can't be parsed.",
  "aliases": [
    "CVE-2020-12480"
  ],
  "modified": "2022-03-02T05:21:32.839522Z",
  "published": "2020-08-18T17:30:25Z",
  "database_specific": {
    "severity": "MODERATE",
    "github_reviewed": true,
    "cwe_ids": [
      "CWE-352"
    ]
  },
  "references": [
    {
      "type": "ADVISORY",
      "url": "https://nvd.nist.gov/vuln/detail/CVE-2020-12480"
    },
    {
      "type": "WEB",
      "url": "https://github.com/playframework/playframework/pull/10285"
    },
    {
      "type": "WEB",
      "url": "https://github.com/playframework/playframework/commit/c82de44fc50b7c58c6e0580f1f67ff08aa7bd154"
    },
    {
      "type": "WEB",
      "url": "https://www.playframework.com/security/vulnerability"
    },
    {
      "type": "WEB",
      "url": "https://www.playframework.com/security/vulnerability/CVE-2020-12480-CsrfBlacklistBypass"
    },
    {
      "type": "PACKAGE",
      "url": "https://github.com/playframework/playframework"
    }
  ],
  "affected": [
    {
      "package": {
        "name": "com.typesafe.play:play_2.12",
        "ecosystem": "Maven",
        "purl": "pkg:maven/com.typesafe.play/play_2.12"
      },
      "ranges": [
        {
          "type": "ECOSYSTEM",
          "events": [
            {
              "introduced": "0"
            },
            {
              "fixed": "2.7.5"
            }
          ]
        }
      ],
      "versions": [
        "2.6.0",
        "2.6.0-M1",
        "2.6.0-M2",
        "2.6.0-M3",
        "2.6.0-M4",
        "2.6.0-M5",
        "2.6.0-RC1",
        "2.6.0-RC2",
        "2.6.1",
        "2.6.10",
        "2.6.11",
        "2.6.12",
        "2.6.13",
        "2.6.14",
        "2.6.15",
        "2.6.16",
        "2.6.17",
        "2.6.18",
        "2.6.19",
        "2.6.2",
        "2.6.20",
        "2.6.21",
        "2.6.22",
        "2.6.23",
        "2.6.24",
        "2.6.25",
        "2.6.3",
        "2.6.5",
        "2.6.6",
        "2.6.7",
        "2.6.9",
        "2.7.0",
        "2.7.0-M1",
        "2.7.0-M2",
        "2.7.0-M3",
        "2.7.0-M4",
        "2.7.0-RC3",
        "2.7.0-RC4",
        "2.7.0-RC5",
        "2.7.0-RC8",
        "2.7.0-RC9",
        "2.7.1",
        "2.7.2",
        "2.7.3",
        "2.7.4"
      ],
      "database_specific": {
        "source": "https://github.com/github/advisory-database/blob/main/advisories/github-reviewed/2020/08/GHSA-cf8j-64h9-6q58/GHSA-cf8j-64h9-6q58.json"
      }
    },
    {
      "package": {
        "name": "com.typesafe.play:play_2.12",
        "ecosystem": "Maven",
        "purl": "pkg:maven/com.typesafe.play/play_2.12"
      },
      "ranges": [
        {
          "type": "ECOSYSTEM",
          "events": [
            {
              "introduced": "2.8.0"
            },
            {
              "fixed": "2.8.2"
            }
          ]
        }
      ],
      "versions": [
        "2.8.0",
        "2.8.1"
      ],
      "database_specific": {
        "source": "https://github.com/github/advisory-database/blob/main/advisories/github-reviewed/2020/08/GHSA-cf8j-64h9-6q58/GHSA-cf8j-64h9-6q58.json"
      }
    }
  ],
  "schema_version": "1.2.0",
  "severity": [
    {
      "type": "CVSS_V3",
      "score": "CVSS:3.1/AV:N/AC:L/PR:N/UI:R/S:U/C:N/I:H/A:N"
    }
  ]
}