{
  "id": "GHSA-52vv-3vf7-f7wh",
  "summary": "Server-Side Request Forgery and Uncontrolled Resource Consumption in LemMinX",
  "details": "A flaw was found in vscode-xml in versions prior to 0.19.0. Schema download could lead to blind SSRF or DoS via a large file.",
  "aliases": [
    "CVE-2022-0671"
  ],
  "modified": "2022-03-02T21:57:09Z",
  "published": "2022-02-19T00:01:28Z",
  "database_specific": {
    "cwe_ids": [
      "CWE-400",
      "CWE-918"
    ],
    "severity": "CRITICAL",
    "github_reviewed": true
  },
  "references": [
    {
      "type": "ADVISORY",
      "url": "https://nvd.nist.gov/vuln/detail/CVE-2022-0671"
    },
    {
      "type": "WEB",
      "url": "https://github.com/eclipse/lemminx/issues/1169"
    },
    {
      "type": "WEB",
      "url": "https://github.com/eclipse/lemminx/blob/master/CHANGELOG.md#0190-february-14-2022"
    },
    {
      "type": "WEB",
      "url": "https://github.com/redhat-developer/vscode-xml/blob/master/CHANGELOG.md#0190-february-14-2022"
    },
    {
      "type": "PACKAGE",
      "url": "https://github.com/eclipse/lemminx"
    }
  ],
  "affected": [
    {
      "package": {
        "name": "org.eclipse.lemminx:lemminx-parent",
        "ecosystem": "Maven",
        "purl": "pkg:maven/org.eclipse.lemminx/lemminx-parent"
      },
      "ranges": [
        {
          "type": "ECOSYSTEM",
          "events": [
            {
              "introduced": "0"
            },
            {
              "fixed": "0.19.0"
            }
          ]
        }
      ],
      "database_specific": {
        "source": "https://github.com/github/advisory-database/blob/main/advisories/github-reviewed/2022/02/GHSA-52vv-3vf7-f7wh/GHSA-52vv-3vf7-f7wh.json"
      },
      "versions": []
    }
  ],
  "schema_version": "1.2.0",
  "severity": [
    {
      "type": "CVSS_V3",
      "score": "CVSS:3.1/AV:N/AC:L/PR:N/UI:N/S:U/C:H/I:N/A:H"
    }
  ]
}