{
  "id": "GHSA-2vgm-wxr3-6w2j",
  "summary": "Authentication bypass in Apache Shiro",
  "details": "Apache Shiro before 1.6.0, when using Apache Shiro, a specially crafted HTTP request may cause an authentication bypass.",
  "aliases": [
    "CVE-2020-13933"
  ],
  "modified": "2022-03-02T05:21:28.394121Z",
  "published": "2021-05-07T15:54:23Z",
  "database_specific": {
    "github_reviewed": true,
    "severity": "HIGH",
    "cwe_ids": [
      "CWE-287"
    ]
  },
  "references": [
    {
      "type": "ADVISORY",
      "url": "https://nvd.nist.gov/vuln/detail/CVE-2020-13933"
    },
    {
      "type": "WEB",
      "url": "https://lists.apache.org/thread.html/r18b45d560d76c4260813c802771cc9678aa651fb8340e09366bfa198@%3Cdev.geode.apache.org%3E"
    },
    {
      "type": "WEB",
      "url": "https://lists.apache.org/thread.html/r4506cedc401d6b8de83787f8436aac83956e411d66848c84785db46d@%3Cdev.shiro.apache.org%3E"
    },
    {
      "type": "WEB",
      "url": "https://lists.apache.org/thread.html/r4c1e1249e9e1acb868db0c80728c13f448d07333da06a0f1603c0a33@%3Cdev.shiro.apache.org%3E"
    },
    {
      "type": "WEB",
      "url": "https://lists.apache.org/thread.html/r539f87706094e79c5da0826030384373f0041068936912876856835f%40%3Cdev.shiro.apache.org%3E"
    },
    {
      "type": "WEB",
      "url": "https://lists.apache.org/thread.html/r575301804bfac87a064359cf4b4ae9d514f2d10db7d44120765f4129@%3Cdev.shiro.apache.org%3E"
    },
    {
      "type": "WEB",
      "url": "https://lists.apache.org/thread.html/r6ea0224c1971a91dc6ade1f22508119a9c3bd56cef656f0c44bbfabb@%3Cdev.shiro.apache.org%3E"
    },
    {
      "type": "WEB",
      "url": "https://lists.apache.org/thread.html/r70098e336d02047ce4d4e69293fe8d558cd68cde06f6430398959bc4@%3Cdev.shiro.apache.org%3E"
    },
    {
      "type": "WEB",
      "url": "https://lists.apache.org/thread.html/r70b907ccb306e9391145e2b10f56cc6914a245f91720a17a486c020a@%3Cdev.shiro.apache.org%3E"
    },
    {
      "type": "WEB",
      "url": "https://lists.apache.org/thread.html/r8097b81905f2a113ebdf925bcbc6d8c9d6863c807c9ee42e1e7c9293@%3Cdev.shiro.apache.org%3E"
    },
    {
      "type": "WEB",
      "url": "https://lists.apache.org/thread.html/r852971e28f54cafa7d325bd7033115c67d613b112a2a1076817390ac@%3Cdev.shiro.apache.org%3E"
    },
    {
      "type": "WEB",
      "url": "https://lists.apache.org/thread.html/r9d93dfb5df016b1a71a808486bc8f9fbafebbdbc8533625f91253f1d@%3Cdev.shiro.apache.org%3E"
    },
    {
      "type": "WEB",
      "url": "https://lists.apache.org/thread.html/r9ea6d8560d6354d41433ad006069904f0ed083527aa348b5999261a7@%3Cdev.geode.apache.org%3E"
    },
    {
      "type": "WEB",
      "url": "https://lists.apache.org/thread.html/rb47d88af224e396ee34ffb88ee99fb6d04510de5722cf14b7137e6bc@%3Cdev.shiro.apache.org%3E"
    },
    {
      "type": "WEB",
      "url": "https://lists.apache.org/thread.html/rb5edf49cd1451475dbcf53826ba6ef1bb7872dd6493d6112eb0c2bad@%3Cdev.shiro.apache.org%3E"
    },
    {
      "type": "WEB",
      "url": "https://lists.apache.org/thread.html/re25b8317b00a50272a7252c4552cf1a81a97984cc2111ef7728e48e0@%3Cdev.shiro.apache.org%3E"
    },
    {
      "type": "WEB",
      "url": "https://lists.debian.org/debian-lts-announce/2021/08/msg00002.html"
    }
  ],
  "affected": [
    {
      "package": {
        "name": "org.apache.shiro:shiro-core",
        "ecosystem": "Maven",
        "purl": "pkg:maven/org.apache.shiro/shiro-core"
      },
      "ranges": [
        {
          "type": "ECOSYSTEM",
          "events": [
            {
              "introduced": "0"
            },
            {
              "fixed": "1.6.0"
            }
          ]
        }
      ],
      "versions": [
        "1.0.0-incubating",
        "1.1.0",
        "1.2.0",
        "1.2.1",
        "1.2.2",
        "1.2.3",
        "1.2.4",
        "1.2.5",
        "1.2.6",
        "1.3.0",
        "1.3.1",
        "1.3.2",
        "1.4.0",
        "1.4.0-RC2",
        "1.4.1",
        "1.4.2",
        "1.5.0",
        "1.5.1",
        "1.5.2",
        "1.5.3"
      ],
      "database_specific": {
        "source": "https://github.com/github/advisory-database/blob/main/advisories/github-reviewed/2021/05/GHSA-2vgm-wxr3-6w2j/GHSA-2vgm-wxr3-6w2j.json"
      }
    }
  ],
  "schema_version": "1.2.0",
  "severity": [
    {
      "type": "CVSS_V3",
      "score": "CVSS:3.1/AV:N/AC:L/PR:N/UI:N/S:U/C:H/I:N/A:N"
    }
  ]
}