{
  "id": "GHSA-3357-829x-m9pr",
  "summary": "Moderate severity vulnerability that affects org.apache.cxf.fediz:fediz-spring2",
  "details": "Application plugins in Apache CXF Fediz before 1.1.3 and 1.2.x before 1.2.1 allow remote attackers to cause a denial of service.",
  "aliases": [
    "CVE-2015-5175"
  ],
  "modified": "2022-03-02T05:21:58.820613Z",
  "published": "2018-10-18T16:57:00Z",
  "database_specific": {
    "github_reviewed": true,
    "cwe_ids": [
      "CWE-20"
    ],
    "severity": "HIGH"
  },
  "references": [
    {
      "type": "ADVISORY",
      "url": "https://nvd.nist.gov/vuln/detail/CVE-2015-5175"
    },
    {
      "type": "WEB",
      "url": "https://cxf.apache.org/security-advisories.data/CVE-2015-5175.txt.asc?version=1&modificationDate=1440598018000&api=v2"
    },
    {
      "type": "WEB",
      "url": "https://git-wip-us.apache.org/repos/asf?p=cxf-fediz.git;a=commit;h=f65c961ea31e3c1851daba8e7e49fc37bbf77b19"
    },
    {
      "type": "ADVISORY",
      "url": "https://github.com/advisories/GHSA-3357-829x-m9pr"
    },
    {
      "type": "WEB",
      "url": "https://lists.apache.org/thread.html/r36e44ffc1a9b365327df62cdfaabe85b9a5637de102cea07d79b2dbf@%3Ccommits.cxf.apache.org%3E"
    },
    {
      "type": "WEB",
      "url": "https://lists.apache.org/thread.html/rc774278135816e7afc943dc9fc78eb0764f2c84a2b96470a0187315c@%3Ccommits.cxf.apache.org%3E"
    },
    {
      "type": "WEB",
      "url": "https://lists.apache.org/thread.html/rd49aabd984ed540c8ff7916d4d79405f3fa311d2fdbcf9ed307839a6@%3Ccommits.cxf.apache.org%3E"
    },
    {
      "type": "WEB",
      "url": "https://lists.apache.org/thread.html/rec7160382badd3ef4ad017a22f64a266c7188b9ba71394f0d321e2d4@%3Ccommits.cxf.apache.org%3E"
    },
    {
      "type": "WEB",
      "url": "https://lists.apache.org/thread.html/rfb87e0bf3995e7d560afeed750fac9329ff5f1ad49da365129b7f89e@%3Ccommits.cxf.apache.org%3E"
    },
    {
      "type": "WEB",
      "url": "https://lists.apache.org/thread.html/rff42cfa5e7d75b7c1af0e37589140a8f1999e578a75738740b244bd4@%3Ccommits.cxf.apache.org%3E"
    },
    {
      "type": "WEB",
      "url": "https://mail-archives.apache.org/mod_mbox/cxf-dev/201508.mbox/%3CCAB8XdGAx=VL_uepDSecE2h8ggTD4kpagXnyfegVjt7Axi_Ossw@mail.gmail.com%3E"
    },
    {
      "type": "WEB",
      "url": "http://www.openwall.com/lists/oss-security/2015/08/26/3"
    },
    {
      "type": "WEB",
      "url": "http://www.securityfocus.com/bid/76486"
    }
  ],
  "affected": [
    {
      "package": {
        "name": "org.apache.cxf.fediz:fediz-spring2",
        "ecosystem": "Maven",
        "purl": "pkg:maven/org.apache.cxf.fediz/fediz-spring2"
      },
      "ranges": [
        {
          "type": "ECOSYSTEM",
          "events": [
            {
              "introduced": "0"
            },
            {
              "fixed": "1.1.3"
            }
          ]
        }
      ],
      "versions": [
        "1.1.0",
        "1.1.1",
        "1.1.2"
      ],
      "database_specific": {
        "source": "https://github.com/github/advisory-database/blob/main/advisories/github-reviewed/2018/10/GHSA-3357-829x-m9pr/GHSA-3357-829x-m9pr.json"
      }
    },
    {
      "package": {
        "name": "org.apache.cxf.fediz:fediz-spring2",
        "ecosystem": "Maven",
        "purl": "pkg:maven/org.apache.cxf.fediz/fediz-spring2"
      },
      "ranges": [
        {
          "type": "ECOSYSTEM",
          "events": [
            {
              "introduced": "1.2.0"
            },
            {
              "fixed": "1.2.1"
            }
          ]
        }
      ],
      "versions": [
        "1.2.0"
      ],
      "database_specific": {
        "source": "https://github.com/github/advisory-database/blob/main/advisories/github-reviewed/2018/10/GHSA-3357-829x-m9pr/GHSA-3357-829x-m9pr.json"
      }
    }
  ],
  "schema_version": "1.2.0",
  "severity": [
    {
      "type": "CVSS_V3",
      "score": "CVSS:3.0/AV:N/AC:L/PR:N/UI:N/S:U/C:N/I:N/A:H"
    }
  ]
}