{
  "id": "GHSA-9295-mhf3-v33m",
  "summary": "Insecure temporary file in Netflix OSS Hollow",
  "details": "> ID: NFLX-2021-001\n> Title: Local information disclosure in Hollow\n> Release Date: 2021-03-23\n> Credit: Security Researcher @JLLeitschuh\n\n# Overview\n\nSecurity researcher @JLLeitschuh reported that Netflix Hollow (a Netflix OSS project available here: https://github.com/Netflix/hollow) writes to a local temporary directory before validating the permissions on it.\n\n# Impact\n\nAn attacker with the ability to create directories and set permissions on the local filesystem could pre-create this directory and read or modify anything written there by the Hollow process.\n\n# Description\n\nSince the `Files.exists(parent)` is run before creating the directories, an attacker can pre-create these directories with wide permissions. Additionally, since an insecure source of randomness is used, the file names to be created can be deterministically calculated.\n\n# Workarounds and Fixes\n\nAvoid running Hollow in configurations that share a filesystem with less-trusted processes. May be fixed in a future release.",
  "aliases": [
    "CVE-2021-28099"
  ],
  "modified": "2022-03-02T05:21:06.124729Z",
  "published": "2021-03-29T18:25:26Z",
  "database_specific": {
    "github_reviewed": true,
    "severity": "MODERATE",
    "cwe_ids": [
      "CWE-377"
    ]
  },
  "references": [
    {
      "type": "WEB",
      "url": "https://github.com/JLLeitschuh/security-research/security/advisories/GHSA-j83w-7qr9-wv86"
    },
    {
      "type": "ADVISORY",
      "url": "https://nvd.nist.gov/vuln/detail/CVE-2021-28099"
    },
    {
      "type": "WEB",
      "url": "https://github.com/Netflix/hollow/issues/502"
    },
    {
      "type": "WEB",
      "url": "https://github.com/Netflix/security-bulletins/blob/master/advisories/nflx-2021-001.md"
    }
  ],
  "affected": [
    {
      "package": {
        "name": "com.netflix.hollow:hollow",
        "ecosystem": "Maven",
        "purl": "pkg:maven/com.netflix.hollow/hollow"
      },
      "ranges": [
        {
          "type": "ECOSYSTEM",
          "events": [
            {
              "introduced": "0"
            }
          ]
        }
      ],
      "versions": [
        "2.0.0",
        "2.0.1",
        "2.0.2",
        "2.0.3",
        "2.0.4",
        "2.0.5",
        "2.1.0",
        "2.1.1",
        "2.10.0",
        "2.11.0",
        "2.11.1",
        "2.12.0",
        "2.14.0",
        "2.14.1",
        "2.15.0",
        "2.15.1",
        "2.15.2",
        "2.16.0",
        "2.16.1",
        "2.16.3",
        "2.16.4",
        "2.16.5",
        "2.16.6",
        "2.16.7",
        "2.17.1",
        "2.2.0",
        "2.2.1",
        "2.2.2",
        "2.2.3",
        "2.2.4",
        "2.2.5",
        "2.3.0",
        "2.3.1",
        "2.4.0",
        "2.4.1",
        "2.4.2",
        "2.4.3",
        "2.4.4",
        "2.5.0",
        "2.5.1",
        "2.5.2",
        "2.5.3",
        "2.5.4",
        "2.6.0",
        "2.6.1",
        "2.6.10",
        "2.6.11",
        "2.6.3",
        "2.6.4",
        "2.6.5",
        "2.6.6",
        "2.6.7",
        "2.6.8",
        "2.6.9",
        "2.7.0",
        "2.7.1",
        "2.7.2",
        "2.7.3",
        "2.7.4",
        "2.7.5",
        "2.7.6",
        "2.8.0",
        "2.8.1",
        "2.8.2",
        "2.8.3",
        "2.8.4",
        "2.8.5",
        "2.8.6",
        "2.8.7",
        "2.8.8",
        "2.8.9",
        "2.9.0",
        "2.9.1",
        "2.9.2",
        "2.9.3",
        "2.9.4",
        "2.9.5",
        "2.9.6",
        "2.9.7",
        "2.9.8",
        "2.9.9",
        "3.0.0",
        "3.0.1",
        "3.0.2",
        "3.1.0",
        "3.2.0",
        "3.3.0",
        "3.4.0",
        "3.4.1",
        "3.4.2",
        "3.4.3",
        "3.4.4",
        "3.4.5",
        "4.0.0",
        "4.0.1",
        "4.0.2",
        "4.0.3",
        "4.1.0",
        "4.1.1",
        "4.2.0",
        "4.2.1",
        "4.2.2",
        "4.2.3",
        "4.3.0",
        "4.4.0",
        "4.5.0",
        "4.6.0",
        "4.6.1",
        "4.6.2",
        "4.6.3",
        "4.6.4",
        "4.7.0",
        "4.7.1",
        "4.7.10",
        "4.7.11",
        "4.7.12",
        "4.7.13",
        "4.7.2",
        "4.7.3",
        "4.7.4",
        "4.7.5",
        "4.7.6",
        "4.7.7",
        "4.7.8",
        "4.7.9",
        "4.8.0",
        "4.8.1",
        "4.8.2",
        "4.8.3",
        "4.8.4",
        "4.9.0",
        "4.9.1",
        "4.9.3",
        "5.0.0",
        "5.0.1",
        "5.0.2",
        "5.0.3",
        "5.0.4",
        "5.0.5",
        "5.0.6",
        "5.0.7",
        "5.0.8",
        "5.1.0",
        "5.1.1",
        "5.1.2",
        "5.1.3",
        "5.2.0",
        "5.2.1",
        "5.2.2",
        "5.2.3",
        "5.2.4",
        "5.2.5",
        "6.0.0",
        "6.1.0",
        "6.1.1",
        "6.1.2",
        "6.1.3",
        "6.1.4",
        "6.1.5",
        "6.2.0",
        "6.2.1",
        "6.2.2",
        "6.2.3",
        "6.2.4",
        "6.2.5",
        "6.2.6",
        "6.3.0",
        "6.3.1",
        "6.3.2",
        "6.4.0",
        "6.4.1",
        "6.5.0",
        "7.0.0"
      ],
      "database_specific": {
        "source": "https://github.com/github/advisory-database/blob/main/advisories/github-reviewed/2021/03/GHSA-9295-mhf3-v33m/GHSA-9295-mhf3-v33m.json",
        "last_known_affected_version_range": "<= 6.1.0"
      }
    }
  ],
  "schema_version": "1.2.0"
}