{
  "id": "GHSA-6mqq-8r44-vmjc",
  "summary": "Low severity vulnerability that affects org.apache.spark:spark-core_2.10 and org.apache.spark:spark-core_2.11",
  "details": "In Apache Spark 1.0.0 to 2.1.2, 2.2.0 to 2.2.1, and 2.3.0, when using PySpark or SparkR, it's possible for a different local user to connect to the Spark application and impersonate the user running the Spark application.",
  "aliases": [
    "CVE-2018-1334"
  ],
  "modified": "2022-03-02T05:21:35.331231Z",
  "published": "2019-03-14T15:41:04Z",
  "database_specific": {
    "cwe_ids": [
      "CWE-200"
    ],
    "severity": "MODERATE",
    "github_reviewed": true
  },
  "references": [
    {
      "type": "ADVISORY",
      "url": "https://nvd.nist.gov/vuln/detail/CVE-2018-1334"
    },
    {
      "type": "ADVISORY",
      "url": "https://github.com/advisories/GHSA-6mqq-8r44-vmjc"
    },
    {
      "type": "WEB",
      "url": "https://lists.apache.org/thread.html/4d6d210e319a501b740293daaeeeadb51927111fb8261a3e4cd60060@%3Cdev.spark.apache.org%3E"
    },
    {
      "type": "WEB",
      "url": "https://spark.apache.org/security.html#CVE-2018-1334"
    }
  ],
  "affected": [
    {
      "package": {
        "name": "org.apache.spark:spark-core_2.10",
        "ecosystem": "Maven",
        "purl": "pkg:maven/org.apache.spark/spark-core_2.10"
      },
      "ranges": [
        {
          "type": "ECOSYSTEM",
          "events": [
            {
              "introduced": "1.0.0"
            },
            {
              "fixed": "2.1.3"
            }
          ]
        }
      ],
      "versions": [
        "1.0.0",
        "1.0.1",
        "1.0.2",
        "1.1.0",
        "1.1.1",
        "1.2.0",
        "1.2.1",
        "1.2.2",
        "1.3.0",
        "1.3.1",
        "1.4.0",
        "1.4.1",
        "1.5.0",
        "1.5.1",
        "1.5.2",
        "1.6.0",
        "1.6.1",
        "1.6.2",
        "1.6.3",
        "2.0.0",
        "2.0.0-preview",
        "2.0.1",
        "2.0.2",
        "2.1.0",
        "2.1.1",
        "2.1.2"
      ],
      "database_specific": {
        "source": "https://github.com/github/advisory-database/blob/main/advisories/github-reviewed/2019/03/GHSA-6mqq-8r44-vmjc/GHSA-6mqq-8r44-vmjc.json"
      }
    },
    {
      "package": {
        "name": "org.apache.spark:spark-core_2.10",
        "ecosystem": "Maven",
        "purl": "pkg:maven/org.apache.spark/spark-core_2.10"
      },
      "ranges": [
        {
          "type": "ECOSYSTEM",
          "events": [
            {
              "introduced": "2.2.0"
            },
            {
              "fixed": "2.2.2"
            }
          ]
        }
      ],
      "versions": [
        "2.2.0",
        "2.2.1"
      ],
      "database_specific": {
        "source": "https://github.com/github/advisory-database/blob/main/advisories/github-reviewed/2019/03/GHSA-6mqq-8r44-vmjc/GHSA-6mqq-8r44-vmjc.json"
      }
    },
    {
      "package": {
        "name": "org.apache.spark:spark-core_2.11",
        "ecosystem": "Maven",
        "purl": "pkg:maven/org.apache.spark/spark-core_2.11"
      },
      "ranges": [
        {
          "type": "ECOSYSTEM",
          "events": [
            {
              "introduced": "1.0.0"
            },
            {
              "fixed": "2.1.3"
            }
          ]
        }
      ],
      "versions": [
        "1.2.0",
        "1.2.1",
        "1.2.2",
        "1.3.0",
        "1.3.1",
        "1.4.0",
        "1.4.1",
        "1.5.0",
        "1.5.1",
        "1.5.2",
        "1.6.0",
        "1.6.1",
        "1.6.2",
        "1.6.3",
        "2.0.0",
        "2.0.0-preview",
        "2.0.1",
        "2.0.2",
        "2.1.0",
        "2.1.1",
        "2.1.2"
      ],
      "database_specific": {
        "source": "https://github.com/github/advisory-database/blob/main/advisories/github-reviewed/2019/03/GHSA-6mqq-8r44-vmjc/GHSA-6mqq-8r44-vmjc.json"
      }
    },
    {
      "package": {
        "name": "org.apache.spark:spark-core_2.11",
        "ecosystem": "Maven",
        "purl": "pkg:maven/org.apache.spark/spark-core_2.11"
      },
      "ranges": [
        {
          "type": "ECOSYSTEM",
          "events": [
            {
              "introduced": "2.2.0"
            },
            {
              "fixed": "2.2.2"
            }
          ]
        }
      ],
      "versions": [
        "2.2.0",
        "2.2.1"
      ],
      "database_specific": {
        "source": "https://github.com/github/advisory-database/blob/main/advisories/github-reviewed/2019/03/GHSA-6mqq-8r44-vmjc/GHSA-6mqq-8r44-vmjc.json"
      }
    },
    {
      "package": {
        "name": "org.apache.spark:spark-core_2.11",
        "ecosystem": "Maven",
        "purl": "pkg:maven/org.apache.spark/spark-core_2.11"
      },
      "ranges": [
        {
          "type": "ECOSYSTEM",
          "events": [
            {
              "introduced": "2.3.0"
            },
            {
              "fixed": "2.3.1"
            }
          ]
        }
      ],
      "versions": [
        "2.3.0"
      ],
      "database_specific": {
        "source": "https://github.com/github/advisory-database/blob/main/advisories/github-reviewed/2019/03/GHSA-6mqq-8r44-vmjc/GHSA-6mqq-8r44-vmjc.json"
      }
    }
  ],
  "schema_version": "1.2.0",
  "severity": [
    {
      "type": "CVSS_V3",
      "score": "CVSS:3.0/AV:L/AC:H/PR:L/UI:N/S:U/C:N/I:H/A:N"
    }
  ]
}