{
  "id": "GHSA-6v39-p2xq-g5c3",
  "summary": "Missing authentication in ShenYu",
  "details": "User can access /plugin api without authentication. This issue affected Apache ShenYu 2.4.0 and 2.4.1.",
  "aliases": [
    "CVE-2022-23944"
  ],
  "modified": "2022-03-02T05:21:30.740934Z",
  "published": "2022-01-28T22:13:44Z",
  "database_specific": {
    "severity": "CRITICAL",
    "github_reviewed": true,
    "cwe_ids": [
      "CWE-306",
      "CWE-862"
    ]
  },
  "references": [
    {
      "type": "ADVISORY",
      "url": "https://nvd.nist.gov/vuln/detail/CVE-2022-23944"
    },
    {
      "type": "WEB",
      "url": "https://lists.apache.org/thread/dbrjnnlrf80dr0f92k5r2ysfvf1kr67y"
    },
    {
      "type": "WEB",
      "url": "http://www.openwall.com/lists/oss-security/2022/01/25/15"
    },
    {
      "type": "WEB",
      "url": "http://www.openwall.com/lists/oss-security/2022/01/25/5"
    },
    {
      "type": "WEB",
      "url": "http://www.openwall.com/lists/oss-security/2022/01/26/2"
    },
    {
      "type": "PACKAGE",
      "url": "https://github.com/apache/incubator-shenyu/"
    }
  ],
  "affected": [
    {
      "package": {
        "name": "org.apache.shenyu:shenyu-common",
        "ecosystem": "Maven",
        "purl": "pkg:maven/org.apache.shenyu/shenyu-common"
      },
      "ranges": [
        {
          "type": "ECOSYSTEM",
          "events": [
            {
              "introduced": "2.4.0"
            },
            {
              "fixed": "2.4.2"
            }
          ]
        }
      ],
      "versions": [
        "2.4.0",
        "2.4.1"
      ],
      "database_specific": {
        "source": "https://github.com/github/advisory-database/blob/main/advisories/github-reviewed/2022/01/GHSA-6v39-p2xq-g5c3/GHSA-6v39-p2xq-g5c3.json"
      }
    }
  ],
  "schema_version": "1.2.0",
  "severity": [
    {
      "type": "CVSS_V3",
      "score": "CVSS:3.1/AV:N/AC:L/PR:N/UI:N/S:U/C:H/I:H/A:N"
    }
  ]
}