{
  "id": "GHSA-c7fh-chf7-jr5x",
  "summary": "ReDOS in Vfsjfilechooser2",
  "details": "A Regular Expression Denial of Service (ReDOS) vulnerability was discovered in Vfsjfilechooser2 which occurs when the application attempts to validate crafted URIs.",
  "aliases": [
    "CVE-2021-29061"
  ],
  "modified": "2022-03-02T05:21:34.318169Z",
  "published": "2022-01-06T18:44:27Z",
  "database_specific": {
    "cwe_ids": [
      "CWE-770"
    ],
    "github_reviewed": true,
    "severity": "HIGH"
  },
  "references": [
    {
      "type": "ADVISORY",
      "url": "https://nvd.nist.gov/vuln/detail/CVE-2021-29061"
    },
    {
      "type": "WEB",
      "url": "https://github.com/fracpete/vfsjfilechooser2/issues/7"
    },
    {
      "type": "WEB",
      "url": "https://github.com/fracpete/vfsjfilechooser2/commit/9c9f2c317f3de5ece60a3ae28c371e9796e3909b"
    },
    {
      "type": "WEB",
      "url": "https://github.com/fracpete/vfsjfilechooser2/releases/tag/vfsjfilechooser2-0.2.9"
    },
    {
      "type": "WEB",
      "url": "https://github.com/yetingli/PoCs/blob/main/CVE-2021-29061/Vfsjfilechooser2.md"
    },
    {
      "type": "WEB",
      "url": "https://github.com/yetingli/SaveResults/blob/main/md/vfsjfilechooser2.md"
    }
  ],
  "affected": [
    {
      "package": {
        "name": "com.github.fracpete:vfsjfilechooser2",
        "ecosystem": "Maven",
        "purl": "pkg:maven/com.github.fracpete/vfsjfilechooser2"
      },
      "ranges": [
        {
          "type": "ECOSYSTEM",
          "events": [
            {
              "introduced": "0"
            },
            {
              "fixed": "0.2.9"
            }
          ]
        }
      ],
      "versions": [
        "0.2.7",
        "0.2.8"
      ],
      "database_specific": {
        "source": "https://github.com/github/advisory-database/blob/main/advisories/github-reviewed/2022/01/GHSA-c7fh-chf7-jr5x/GHSA-c7fh-chf7-jr5x.json"
      }
    }
  ],
  "schema_version": "1.2.0",
  "severity": [
    {
      "type": "CVSS_V3",
      "score": "CVSS:3.1/AV:N/AC:L/PR:N/UI:N/S:U/C:N/I:N/A:H"
    }
  ]
}