{
  "id": "GHSA-683w-6h9j-57wq",
  "summary": "Moderate severity vulnerability that affects org.owasp.antisamy:antisamy",
  "details": "In OWASP AntiSamy before 1.5.5, by submitting a specially crafted input (a tag that supports style with active content), you could bypass the library protections and supply executable code. The impact is XSS.",
  "aliases": [
    "CVE-2016-10006"
  ],
  "modified": "2022-03-02T05:21:13.284932Z",
  "published": "2018-10-18T17:21:47Z",
  "database_specific": {
    "severity": "MODERATE",
    "github_reviewed": true,
    "cwe_ids": [
      "CWE-79"
    ]
  },
  "references": [
    {
      "type": "ADVISORY",
      "url": "https://nvd.nist.gov/vuln/detail/CVE-2016-10006"
    },
    {
      "type": "WEB",
      "url": "https://github.com/nahsra/antisamy/issues/2"
    },
    {
      "type": "ADVISORY",
      "url": "https://github.com/advisories/GHSA-683w-6h9j-57wq"
    },
    {
      "type": "WEB",
      "url": "http://www.securityfocus.com/bid/95101"
    },
    {
      "type": "WEB",
      "url": "http://www.securitytracker.com/id/1037532"
    },
    {
      "type": "PACKAGE",
      "url": "https://github.com/nahsra/antisamy"
    }
  ],
  "affected": [
    {
      "package": {
        "name": "org.owasp.antisamy:antisamy",
        "ecosystem": "Maven",
        "purl": "pkg:maven/org.owasp.antisamy/antisamy"
      },
      "ranges": [
        {
          "type": "ECOSYSTEM",
          "events": [
            {
              "introduced": "0"
            },
            {
              "fixed": "1.5.5"
            }
          ]
        }
      ],
      "versions": [
        "1.4.2",
        "1.4.3",
        "1.4.4",
        "1.4.5",
        "1.5",
        "1.5.1",
        "1.5.2",
        "1.5.3"
      ],
      "database_specific": {
        "source": "https://github.com/github/advisory-database/blob/main/advisories/github-reviewed/2018/10/GHSA-683w-6h9j-57wq/GHSA-683w-6h9j-57wq.json"
      }
    }
  ],
  "schema_version": "1.2.0",
  "severity": [
    {
      "type": "CVSS_V3",
      "score": "CVSS:3.1/AV:N/AC:L/PR:N/UI:R/S:C/C:L/I:L/A:N"
    }
  ]
}