{
  "id": "GHSA-95m6-mjh3-58gm",
  "summary": "Moderate severity vulnerability that affects org.keycloak:keycloak-core",
  "details": "It was found that the keycloak before 2.3.0 did not implement authentication flow correctly. An attacker could use this flaw to construct a phishing URL, from which he could hijack the user's session. This could lead to information disclosure, or permit further possible attacks.",
  "aliases": [
    "CVE-2016-8609"
  ],
  "modified": "2022-03-02T05:21:51.565112Z",
  "published": "2018-10-18T16:48:41Z",
  "database_specific": {
    "cwe_ids": [
      "CWE-287",
      "CWE-384"
    ],
    "severity": "HIGH",
    "github_reviewed": true
  },
  "references": [
    {
      "type": "ADVISORY",
      "url": "https://nvd.nist.gov/vuln/detail/CVE-2016-8609"
    },
    {
      "type": "ADVISORY",
      "url": "https://github.com/advisories/GHSA-95m6-mjh3-58gm"
    }
  ],
  "affected": [
    {
      "package": {
        "name": "org.keycloak:keycloak-core",
        "ecosystem": "Maven",
        "purl": "pkg:maven/org.keycloak/keycloak-core"
      },
      "ranges": [
        {
          "type": "ECOSYSTEM",
          "events": [
            {
              "introduced": "0"
            },
            {
              "fixed": "2.3.0"
            }
          ]
        }
      ],
      "versions": [
        "1.0-alpha-1",
        "1.0-alpha-1-12062013",
        "1.0-alpha-2",
        "1.0-alpha-3",
        "1.0-alpha-4",
        "1.0-beta-1",
        "1.0-beta-1-20150521",
        "1.0-beta-1-20150523",
        "1.0-beta-1-snapshot-05092014",
        "1.0-beta-2",
        "1.0-beta-3",
        "1.0-beta-4",
        "1.0-final",
        "1.0-rc-1",
        "1.0-rc-2",
        "1.0.1.Final",
        "1.0.2.Final",
        "1.0.3.Final",
        "1.0.4.Final",
        "1.0.5.Final",
        "1.1.0.Beta1",
        "1.1.0.Beta2",
        "1.1.0.Final",
        "1.1.1.Final",
        "1.2.0.Beta1",
        "1.2.0.CR1",
        "1.2.0.Final",
        "1.3.0.Final",
        "1.3.1.Final",
        "1.4.0.Final",
        "1.5.0-Final",
        "1.5.0.Final",
        "1.5.1.Final",
        "1.6.0.Final",
        "1.6.1.Final",
        "1.7.0.CR1",
        "1.7.0.Final",
        "1.8.0.Alpha1",
        "1.8.0.CR1",
        "1.8.0.CR2",
        "1.8.0.CR3",
        "1.8.0.Final",
        "1.8.1.Final",
        "1.9.0.CR1",
        "1.9.0.Final",
        "1.9.1.Final",
        "1.9.2.Final",
        "1.9.3.Final",
        "1.9.4.Final",
        "1.9.5.Final",
        "1.9.7.Final",
        "1.9.8.Final",
        "2.0.0.CR1",
        "2.0.0.Final",
        "2.1.0-SNAPSHOT-16-08-06-2320",
        "2.1.0.CR1",
        "2.1.0.Final",
        "2.2.0.CR1",
        "2.2.0.Final",
        "2.2.1.Final",
        "2.3.0.CR1"
      ],
      "database_specific": {
        "source": "https://github.com/github/advisory-database/blob/main/advisories/github-reviewed/2018/10/GHSA-95m6-mjh3-58gm/GHSA-95m6-mjh3-58gm.json"
      }
    }
  ],
  "schema_version": "1.2.0",
  "severity": [
    {
      "type": "CVSS_V3",
      "score": "CVSS:3.0/AV:N/AC:L/PR:N/UI:R/S:U/C:H/I:H/A:N"
    }
  ]
}