{
  "id": "GHSA-7fm6-2qw4-g3x3",
  "summary": "High severity vulnerability that affects ro.pippo:pippo-core",
  "details": "An issue was discovered in Pippo 1.11.0. The function SerializationSessionDataTranscoder.decode() calls ObjectInputStream.readObject() to deserialize a SessionData object without checking the object types. An attacker can create a malicious object, base64 encode it, and place it in the PIPPO_SESSION field of a cookie. Sending this cookie may lead to remote code execution.",
  "aliases": [
    "CVE-2018-18628"
  ],
  "modified": "2022-03-02T05:21:34.227431Z",
  "published": "2018-10-24T19:46:20Z",
  "database_specific": {
    "cwe_ids": [
      "CWE-502"
    ],
    "github_reviewed": true,
    "severity": "CRITICAL"
  },
  "references": [
    {
      "type": "ADVISORY",
      "url": "https://nvd.nist.gov/vuln/detail/CVE-2018-18628"
    },
    {
      "type": "WEB",
      "url": "https://github.com/pippo-java/pippo/issues/458"
    },
    {
      "type": "ADVISORY",
      "url": "https://github.com/advisories/GHSA-7fm6-2qw4-g3x3"
    },
    {
      "type": "PACKAGE",
      "url": "https://github.com/pippo-java/pippo"
    }
  ],
  "affected": [
    {
      "package": {
        "name": "ro.pippo:pippo-core",
        "ecosystem": "Maven",
        "purl": "pkg:maven/ro.pippo/pippo-core"
      },
      "ranges": [
        {
          "type": "ECOSYSTEM",
          "events": [
            {
              "introduced": "0"
            }
          ]
        }
      ],
      "versions": [
        "0.10.0",
        "0.4.0",
        "0.4.1",
        "0.4.2",
        "0.5.0",
        "0.6.0",
        "0.6.1",
        "0.7.0",
        "0.8.0",
        "0.9.0",
        "0.9.1",
        "1.0.0",
        "1.1.0",
        "1.10.0",
        "1.11.0",
        "1.12.0",
        "1.13.0",
        "1.13.1",
        "1.2.0",
        "1.3.0",
        "1.4.0",
        "1.5.0",
        "1.6.0",
        "1.7.0",
        "1.8.0",
        "1.9.0"
      ],
      "database_specific": {
        "source": "https://github.com/github/advisory-database/blob/main/advisories/github-reviewed/2018/10/GHSA-7fm6-2qw4-g3x3/GHSA-7fm6-2qw4-g3x3.json",
        "last_known_affected_version_range": "<= 1.11.0"
      }
    }
  ],
  "schema_version": "1.2.0",
  "severity": [
    {
      "type": "CVSS_V3",
      "score": "CVSS:3.0/AV:N/AC:L/PR:N/UI:N/S:U/C:H/I:H/A:H"
    }
  ]
}