{
  "id": "GHSA-2pqj-h3vj-pqgw",
  "summary": "Cross-Site Scripting in jquery",
  "details": "Affected versions of `jquery` are vulnerable to cross-site scripting. This occurs because the main `jquery` function uses a regular expression to differentiate between HTML and selectors, but does not properly anchor the regular expression. The result is that `jquery` may interpret HTML as selectors when given certain inputs, allowing for client side code execution.\n\n## Proof of Concept\n```\n$(\"#log\").html(\n    $(\"element[attribute='<img src=\\\"x\\\" onerror=\\\"alert(1)\\\" />']\").html()\n);\n```\n\n\n\n\n## Recommendation\n\nUpdate to version 1.9.0 or later.",
  "aliases": [
    "CVE-2012-6708"
  ],
  "modified": "2022-03-02T05:21:54.375387Z",
  "published": "2020-09-01T16:41:46Z",
  "database_specific": {
    "github_reviewed": true,
    "cwe_ids": [
      "CWE-64",
      "CWE-79"
    ],
    "severity": "HIGH"
  },
  "references": [
    {
      "type": "ADVISORY",
      "url": "https://nvd.nist.gov/vuln/detail/CVE-2012-6708"
    },
    {
      "type": "ADVISORY",
      "url": "https://nvd.nist.gov/vuln/detail/CVE-2017-16011"
    },
    {
      "type": "WEB",
      "url": "https://github.com/jquery/jquery/commit/05531fc4080ae24070930d15ae0cea7ae056457d"
    },
    {
      "type": "WEB",
      "url": "https://bugs.jquery.com/ticket/11290"
    },
    {
      "type": "WEB",
      "url": "https://bugs.jquery.com/ticket/12531"
    },
    {
      "type": "WEB",
      "url": "https://bugs.jquery.com/ticket/6429"
    },
    {
      "type": "WEB",
      "url": "https://bugs.jquery.com/ticket/9521"
    },
    {
      "type": "WEB",
      "url": "https://help.ecostruxureit.com/display/public/UADCE725/Security+fixes+in+StruxureWare+Data+Center+Expert+v7.6.0"
    },
    {
      "type": "WEB",
      "url": "https://lists.apache.org/thread.html/519eb0fd45642dcecd9ff74cb3e71c20a4753f7d82e2f07864b5108f@%3Cdev.drill.apache.org%3E"
    },
    {
      "type": "WEB",
      "url": "https://lists.apache.org/thread.html/b0656d359c7d40ec9f39c8cc61bca66802ef9a2a12ee199f5b0c1442@%3Cdev.drill.apache.org%3E"
    },
    {
      "type": "WEB",
      "url": "https://lists.apache.org/thread.html/f9bc3e55f4e28d1dcd1a69aae6d53e609a758e34d2869b4d798e13cc@%3Cissues.drill.apache.org%3E"
    },
    {
      "type": "WEB",
      "url": "https://snyk.io/vuln/npm:jquery:20120206"
    },
    {
      "type": "WEB",
      "url": "https://www.npmjs.com/advisories/329"
    },
    {
      "type": "WEB",
      "url": "http://lists.opensuse.org/opensuse-security-announce/2020-03/msg00041.html"
    },
    {
      "type": "WEB",
      "url": "http://packetstormsecurity.com/files/153237/RetireJS-CORS-Issue-Script-Execution.html"
    },
    {
      "type": "WEB",
      "url": "http://packetstormsecurity.com/files/161972/Linksys-EA7500-2.0.8.194281-Cross-Site-Scripting.html"
    },
    {
      "type": "WEB",
      "url": "http://www.securityfocus.com/bid/102792"
    }
  ],
  "affected": [
    {
      "package": {
        "name": "jquery",
        "ecosystem": "npm",
        "purl": "pkg:npm/jquery"
      },
      "ranges": [
        {
          "type": "SEMVER",
          "events": [
            {
              "introduced": "1.7.1"
            },
            {
              "fixed": "1.9.0"
            }
          ]
        }
      ],
      "database_specific": {
        "source": "https://github.com/github/advisory-database/blob/main/advisories/github-reviewed/2020/09/GHSA-2pqj-h3vj-pqgw/GHSA-2pqj-h3vj-pqgw.json",
        "last_known_affected_version_range": "<= 1.8.3"
      }
    },
    {
      "package": {
        "name": "org.webjars.npm:jquery",
        "ecosystem": "Maven",
        "purl": "pkg:maven/org.webjars.npm/jquery"
      },
      "ranges": [
        {
          "type": "ECOSYSTEM",
          "events": [
            {
              "introduced": "1.7.1"
            },
            {
              "fixed": "1.9.0"
            }
          ]
        }
      ],
      "versions": [
        "1.7.2",
        "1.7.3",
        "1.8.2",
        "1.8.3"
      ],
      "database_specific": {
        "source": "https://github.com/github/advisory-database/blob/main/advisories/github-reviewed/2020/09/GHSA-2pqj-h3vj-pqgw/GHSA-2pqj-h3vj-pqgw.json",
        "last_known_affected_version_range": "<= 1.8.3"
      }
    }
  ],
  "schema_version": "1.2.0"
}