{
  "id": "GHSA-6mcm-j9cj-3vc3",
  "summary": "Infinite loop in Apache MINA",
  "details": "In Apache MINA, a specifically crafted, malformed HTTP request may cause the HTTP Header decoder to loop indefinitely. The decoder assumed that the HTTP Header begins at the beginning of the buffer and loops if there is more data than expected. Please update MINA to 2.1.5 or greater.",
  "aliases": [
    "CVE-2021-41973"
  ],
  "modified": "2022-03-02T05:21:47.047671Z",
  "published": "2021-11-03T17:30:35Z",
  "database_specific": {
    "severity": "MODERATE",
    "cwe_ids": [
      "CWE-835"
    ],
    "github_reviewed": true
  },
  "references": [
    {
      "type": "ADVISORY",
      "url": "https://nvd.nist.gov/vuln/detail/CVE-2021-41973"
    },
    {
      "type": "WEB",
      "url": "https://lists.apache.org/thread.html/r0b907da9340d5ff4e6c1a4798ef4e79700a668657f27cca8a39e9250%40%3Cdev.mina.apache.org%3E"
    },
    {
      "type": "WEB",
      "url": "http://www.openwall.com/lists/oss-security/2021/11/01/2"
    },
    {
      "type": "WEB",
      "url": "http://www.openwall.com/lists/oss-security/2021/11/01/8"
    }
  ],
  "affected": [
    {
      "package": {
        "name": "org.apache.mina:mina-core",
        "ecosystem": "Maven",
        "purl": "pkg:maven/org.apache.mina/mina-core"
      },
      "ranges": [
        {
          "type": "ECOSYSTEM",
          "events": [
            {
              "introduced": "0"
            },
            {
              "fixed": "2.1.5"
            }
          ]
        }
      ],
      "versions": [
        "1.0.0",
        "1.0.1",
        "1.0.10",
        "1.0.2",
        "1.0.3",
        "1.0.4",
        "1.0.5",
        "1.0.6",
        "1.0.7",
        "1.0.8",
        "1.0.9",
        "1.1.0",
        "1.1.1",
        "1.1.2",
        "1.1.3",
        "1.1.4",
        "1.1.5",
        "1.1.6",
        "1.1.7",
        "2.0.0",
        "2.0.0-M1",
        "2.0.0-M2",
        "2.0.0-M3",
        "2.0.0-M4",
        "2.0.0-M5",
        "2.0.0-M6",
        "2.0.0-RC1",
        "2.0.1",
        "2.0.10",
        "2.0.11",
        "2.0.12",
        "2.0.13",
        "2.0.14",
        "2.0.15",
        "2.0.16",
        "2.0.17",
        "2.0.18",
        "2.0.19",
        "2.0.2",
        "2.0.20",
        "2.0.21",
        "2.0.22",
        "2.0.23",
        "2.0.3",
        "2.0.4",
        "2.0.5",
        "2.0.6",
        "2.0.7",
        "2.0.8",
        "2.0.9",
        "2.1.0",
        "2.1.1",
        "2.1.2",
        "2.1.3",
        "2.1.4"
      ],
      "database_specific": {
        "source": "https://github.com/github/advisory-database/blob/main/advisories/github-reviewed/2021/11/GHSA-6mcm-j9cj-3vc3/GHSA-6mcm-j9cj-3vc3.json"
      }
    }
  ],
  "schema_version": "1.2.0",
  "severity": [
    {
      "type": "CVSS_V3",
      "score": "CVSS:3.1/AV:N/AC:L/PR:N/UI:R/S:U/C:N/I:N/A:H"
    }
  ]
}