{
  "id": "GHSA-c43q-5hpj-4crv",
  "summary": "Local information disclosure via system temporary directory",
  "details": "## Impact\nEclipse Jersey 2.28 - 2.33 and Eclipse Jersey 3.0.0 - 3.0.1 contains a local information disclosure vulnerability. This is due to the use of the `File.createTempFile` which creates a file inside of the system temporary directory with the permissions: `-rw-r--r--`. Thus the contents of this file are viewable by all other users locally on the system. As such, if the contents written is security sensitive, it can be disclosed to other local users.\n\n## Workaround\n\nThis issue can be mitigated by manually setting the `java.io.tmpdir` system property when launching the JVM.\n\n## Patches\n\nJersey 2.34 and 3.0.2 forward sets the correct permissions on the temporary file created by Jersey.\n\n### References\n \n - https://github.com/eclipse-ee4j/jersey/pull/4712\n - [CWE-378: Creation of Temporary File With Insecure Permissions](https://cwe.mitre.org/data/definitions/378.html)\n - [CWE-379: Creation of Temporary File in Directory with Insecure Permissions](https://cwe.mitre.org/data/definitions/379.html)\n\n## Similar Vulnerabilities\n\nSimilar, but not the same:\n\n - JUnit 4 - https://github.com/junit-team/junit4/security/advisories/GHSA-269g-pwp5-87pp\n - Google Guava - https://github.com/google/guava/issues/4011\n - Apache Ant - https://nvd.nist.gov/vuln/detail/CVE-2020-1945\n - JetBrains Kotlin Compiler - https://nvd.nist.gov/vuln/detail/CVE-2020-15824\n - Eclipse Jetty - https://github.com/eclipse/jetty.project/security/advisories/GHSA-g3wg-6mcf-8jj6\n\n\n---\n\nOriginal Disclosure:\n\n> Hello Jersey Security Team,\n> \n> Utilizing a custom CodeQL query written as a part of the [GitHub Security Lab](https://securitylab.github.com/) [Bug Bounty program](https://securitylab.github.com/bounties), I've unearthed a local temporary file information disclosure vulnerability.\n> \n> You can see the custom CodeQL query utilized here:\n> https://lgtm.com/query/8831016213790320486/\n> \n> This particular vulnerability exists because on unix-like systems (not including modern versions of MacOS) the system temporary directory is shared between all users. As such, failure to correctly set file permissions and/or verify exclusive creation of directories can lead to either local information disclosure, or local file hijacking by another user.\n> \n> This vulnerability impacts the following locations in this project's source:\n> \n>  - https://github.com/eclipse-ee4j/jersey/blob/01c6a32a2064aeff2caa8133472e33affeb8a29a/core-common/src/main/java/org/glassfish/jersey/message/internal/FileProvider.java#L64-L73\n>  - https://github.com/eclipse-ee4j/jersey/blob/01c6a32a2064aeff2caa8133472e33affeb8a29a/media/multipart/src/main/java/org/glassfish/jersey/media/multipart/internal/FormDataParamValueParamProvider.java#L202-L208\n> \n> This vulnerability exists because of the vulnerability in the `Utils.createTempFile`:\n> \n> https://github.com/eclipse-ee4j/jersey/blob/01c6a32a2064aeff2caa8133472e33affeb8a29a/core-common/src/main/java/org/glassfish/jersey/message/internal/Utils.java#L42-L53\n> \n> This is because `File.createTempFile` creates a file inside of the system temporary directory with the permissions: `-rw-r--r--`. Thus the contents of this file are viewable by all other users locally on the system.\n> \n> If there is sensitive information written to these files, it is disclosed to other local users on this system.\n> \n> The fix for this vulnerability is to use the `Files` API (instead of the `File` API) to create temporary files/directories as this new API correctly sets the posix file permissions.",
  "aliases": [
    "CVE-2021-28168"
  ],
  "modified": "2022-03-02T05:21:19.739497Z",
  "published": "2021-04-23T16:55:01Z",
  "database_specific": {
    "severity": "MODERATE",
    "cwe_ids": [
      "CWE-378",
      "CWE-379",
      "CWE-732"
    ],
    "github_reviewed": true
  },
  "references": [
    {
      "type": "WEB",
      "url": "https://github.com/eclipse-ee4j/jersey/security/advisories/GHSA-c43q-5hpj-4crv"
    },
    {
      "type": "ADVISORY",
      "url": "https://nvd.nist.gov/vuln/detail/CVE-2021-28168"
    },
    {
      "type": "WEB",
      "url": "https://github.com/eclipse-ee4j/jersey/pull/4712"
    },
    {
      "type": "WEB",
      "url": "https://lists.apache.org/thread.html/r2721aba31a8562639c4b937150897e24f78f747cdbda8641c0f659fe@%3Cusers.kafka.apache.org%3E"
    },
    {
      "type": "WEB",
      "url": "https://lists.apache.org/thread.html/r280438f7cb4b3b1c9dfda9d7b05fa2a5cfab68618c6afee8169ecdaa@%3Ccommits.kafka.apache.org%3E"
    },
    {
      "type": "WEB",
      "url": "https://lists.apache.org/thread.html/r305fb82e5c005143c1e2ec986a19c0a44f42189ab2580344dc955359@%3Cdev.kafka.apache.org%3E"
    },
    {
      "type": "WEB",
      "url": "https://lists.apache.org/thread.html/r4066176a7352e021d7a81af460044bde8d57f40e98f8e4a31923af3a@%3Cjira.kafka.apache.org%3E"
    },
    {
      "type": "WEB",
      "url": "https://lists.apache.org/thread.html/r42fef440487a04cf5e487a9707ef5119d2dd5b809919f25ef4296fc4@%3Cjira.kafka.apache.org%3E"
    },
    {
      "type": "WEB",
      "url": "https://lists.apache.org/thread.html/r454f38e85db149869c5a92c993c402260a4f8599bf283f6cfaada972@%3Cjira.kafka.apache.org%3E"
    },
    {
      "type": "WEB",
      "url": "https://lists.apache.org/thread.html/r6dadc8fe82071aba841d673ffadf34728bff4357796b1990a66e3af1@%3Ccommits.kafka.apache.org%3E"
    },
    {
      "type": "WEB",
      "url": "https://lists.apache.org/thread.html/r96658b899fcdbf04947257d201dc5a0abdbb5fb0a8f4ec0a6c15e70f@%3Cjira.kafka.apache.org%3E"
    },
    {
      "type": "WEB",
      "url": "https://lists.apache.org/thread.html/ra2722171d569370a9e15147d9f3f6138ad9a188ee879c0156aa2d73a@%3Cjira.kafka.apache.org%3E"
    },
    {
      "type": "WEB",
      "url": "https://lists.apache.org/thread.html/ra3290fe51b4546fac195724c4187c4cb7fc5809bc596c2f7e97606f4@%3Cjira.kafka.apache.org%3E"
    },
    {
      "type": "WEB",
      "url": "https://lists.apache.org/thread.html/ra3d7cd37fc794981a885332af2f8df0d873753380ea19935d6d847fc@%3Cdev.kafka.apache.org%3E"
    },
    {
      "type": "WEB",
      "url": "https://lists.apache.org/thread.html/rafc3c4cee534f478cbf8acf91e48373e291a21151f030e8132662a7b@%3Cjira.kafka.apache.org%3E"
    },
    {
      "type": "WEB",
      "url": "https://lists.apache.org/thread.html/rc288874c330b3af9e29a1a114c5e0d24fff7a79eaa341f551535c8c0@%3Cjira.kafka.apache.org%3E"
    },
    {
      "type": "WEB",
      "url": "https://lists.apache.org/thread.html/rc6221670de35b819fe191e7d8f2d17bc000549bd554020cec644b71e@%3Cjira.kafka.apache.org%3E"
    },
    {
      "type": "WEB",
      "url": "https://lists.apache.org/thread.html/rd54b42edccc1b993853a9c4943a9b16db763f5e2febf6e64b7d0fe3c@%3Cjira.kafka.apache.org%3E"
    },
    {
      "type": "WEB",
      "url": "https://lists.apache.org/thread.html/rdff6939e6c8dd620e20b013d9a35f57d42b3cd19e1d0483d85dfa2fd@%3Cjira.kafka.apache.org%3E"
    }
  ],
  "affected": [
    {
      "package": {
        "name": "org.glassfish.jersey.core:jersey-common",
        "ecosystem": "Maven",
        "purl": "pkg:maven/org.glassfish.jersey.core/jersey-common"
      },
      "ranges": [
        {
          "type": "ECOSYSTEM",
          "events": [
            {
              "introduced": "2.28"
            },
            {
              "fixed": "2.34"
            }
          ]
        }
      ],
      "versions": [
        "2.28",
        "2.29",
        "2.29.1",
        "2.30",
        "2.30.1",
        "2.31",
        "2.32",
        "2.33"
      ],
      "database_specific": {
        "source": "https://github.com/github/advisory-database/blob/main/advisories/github-reviewed/2021/04/GHSA-c43q-5hpj-4crv/GHSA-c43q-5hpj-4crv.json",
        "last_known_affected_version_range": "<= 2.33"
      }
    },
    {
      "package": {
        "name": "org.glassfish.jersey.core:jersey-common",
        "ecosystem": "Maven",
        "purl": "pkg:maven/org.glassfish.jersey.core/jersey-common"
      },
      "ranges": [
        {
          "type": "ECOSYSTEM",
          "events": [
            {
              "introduced": "3.0.0"
            },
            {
              "fixed": "3.0.2"
            }
          ]
        }
      ],
      "versions": [
        "3.0.0",
        "3.0.1"
      ],
      "database_specific": {
        "last_known_affected_version_range": "<= 3.0.1",
        "source": "https://github.com/github/advisory-database/blob/main/advisories/github-reviewed/2021/04/GHSA-c43q-5hpj-4crv/GHSA-c43q-5hpj-4crv.json"
      }
    }
  ],
  "schema_version": "1.2.0",
  "severity": [
    {
      "type": "CVSS_V3",
      "score": "CVSS:3.1/AV:L/AC:L/PR:N/UI:N/S:U/C:H/I:N/A:N"
    }
  ]
}