{
  "id": "GHSA-c57f-4vp2-jqhm",
  "summary": "Insecure temporary directory usage in frontend build functionality of Vaadin 14 and 15-19",
  "details": "Insecure temporary directory usage in frontend build functionality of `com.vaadin:flow-server` versions 2.0.9 through 2.5.2 (Vaadin 14.0.3 through Vaadin 14.5.2), 3.0 prior to 6.0 (Vaadin 15 prior to 19), and 6.0.0 through 6.0.5 (Vaadin 19.0.0 through 19.0.4) allows local users to inject malicious code into frontend resources during application rebuilds.\n\n- https://vaadin.com/security/cve-2021-31411",
  "modified": "2022-03-02T05:21:18.646114Z",
  "published": "2021-05-06T15:27:04Z",
  "database_specific": {
    "github_reviewed": true,
    "cwe_ids": [
      "CWE-379"
    ],
    "severity": "MODERATE"
  },
  "references": [
    {
      "type": "WEB",
      "url": "https://github.com/vaadin/flow/security/advisories/GHSA-c57f-4vp2-jqhm"
    },
    {
      "type": "PACKAGE",
      "url": "https://github.com/vaadin/flow"
    }
  ],
  "affected": [
    {
      "package": {
        "name": "com.vaadin:flow-server",
        "ecosystem": "Maven",
        "purl": "pkg:maven/com.vaadin/flow-server"
      },
      "ranges": [
        {
          "type": "ECOSYSTEM",
          "events": [
            {
              "introduced": "2.0.9"
            },
            {
              "fixed": "2.5.3"
            }
          ]
        }
      ],
      "versions": [
        "2.0.10",
        "2.0.11",
        "2.0.12",
        "2.0.13",
        "2.0.14",
        "2.0.15",
        "2.0.16",
        "2.0.17",
        "2.0.18",
        "2.0.19",
        "2.0.9",
        "2.1.0",
        "2.1.0.beta2",
        "2.1.1",
        "2.1.2",
        "2.1.3",
        "2.1.4",
        "2.1.5",
        "2.1.6",
        "2.1.7",
        "2.1.8",
        "2.1.9",
        "2.2.0",
        "2.2.0.alpha11",
        "2.2.1",
        "2.2.2",
        "2.2.3",
        "2.3.0",
        "2.3.0.beta1",
        "2.3.1",
        "2.3.2",
        "2.3.3",
        "2.3.4",
        "2.3.5",
        "2.3.6",
        "2.3.7",
        "2.4.0",
        "2.4.1",
        "2.4.2",
        "2.4.3",
        "2.4.4",
        "2.4.5",
        "2.4.6",
        "2.4.7",
        "2.4.8",
        "2.4.9",
        "2.5.0",
        "2.5.1",
        "2.5.2"
      ],
      "database_specific": {
        "source": "https://github.com/github/advisory-database/blob/main/advisories/github-reviewed/2021/05/GHSA-c57f-4vp2-jqhm/GHSA-c57f-4vp2-jqhm.json",
        "last_known_affected_version_range": "<= 2.5.2"
      }
    },
    {
      "package": {
        "name": "com.vaadin:flow-server",
        "ecosystem": "Maven",
        "purl": "pkg:maven/com.vaadin/flow-server"
      },
      "ranges": [
        {
          "type": "ECOSYSTEM",
          "events": [
            {
              "introduced": "3.0.0"
            },
            {
              "fixed": "6.0.6"
            }
          ]
        }
      ],
      "versions": [
        "3.0.0",
        "3.0.1",
        "3.0.2",
        "3.0.3",
        "3.0.4",
        "3.0.5",
        "3.0.6",
        "3.0.7",
        "3.1.0",
        "3.1.1",
        "3.1.2",
        "3.1.3",
        "3.1.5",
        "3.1.6",
        "3.1.7",
        "4.0.0",
        "4.0.1",
        "4.0.2",
        "4.0.3",
        "4.0.4",
        "4.0.5",
        "4.0.6",
        "4.0.7",
        "4.0.8",
        "5.0.0",
        "5.0.1",
        "5.0.2",
        "5.0.3",
        "5.0.4",
        "6.0.0",
        "6.0.1",
        "6.0.2",
        "6.0.3",
        "6.0.4",
        "6.0.5"
      ],
      "database_specific": {
        "last_known_affected_version_range": "<= 6.0.5",
        "source": "https://github.com/github/advisory-database/blob/main/advisories/github-reviewed/2021/05/GHSA-c57f-4vp2-jqhm/GHSA-c57f-4vp2-jqhm.json"
      }
    }
  ],
  "schema_version": "1.2.0",
  "severity": [
    {
      "type": "CVSS_V3",
      "score": "CVSS:3.1/AV:L/AC:H/PR:L/UI:N/S:U/C:H/I:H/A:N"
    }
  ]
}