{
  "id": "GHSA-25pc-85qf-6j69",
  "summary": "Deserialization of Untrusted Data in Apache Storm",
  "details": "In Apache Storm versions 1.1.0 to 1.2.2, when the user is using the storm-kafka-client or storm-kafka modules, it is possible to cause the Storm UI daemon to deserialize user provided bytes into a Java class.",
  "aliases": [
    "CVE-2018-11779"
  ],
  "modified": "2022-03-02T05:20:54.863641Z",
  "published": "2019-08-01T19:17:53Z",
  "database_specific": {
    "severity": "CRITICAL",
    "cwe_ids": [
      "CWE-502"
    ],
    "github_reviewed": true
  },
  "references": [
    {
      "type": "ADVISORY",
      "url": "https://nvd.nist.gov/vuln/detail/CVE-2018-11779"
    },
    {
      "type": "WEB",
      "url": "https://lists.apache.org/thread.html/3e4f704c4bd9296405a07a0290b8cbb6cbf5046e277efe6d93280a98@%3Cuser.storm.apache.org%3E"
    }
  ],
  "affected": [
    {
      "package": {
        "name": "org.apache.storm:storm-kafka",
        "ecosystem": "Maven",
        "purl": "pkg:maven/org.apache.storm/storm-kafka"
      },
      "ranges": [
        {
          "type": "ECOSYSTEM",
          "events": [
            {
              "introduced": "1.1.0"
            },
            {
              "fixed": "1.2.3"
            }
          ]
        }
      ],
      "versions": [
        "1.1.0",
        "1.1.1",
        "1.1.2",
        "1.1.3",
        "1.2.0",
        "1.2.1",
        "1.2.2"
      ],
      "database_specific": {
        "source": "https://github.com/github/advisory-database/blob/main/advisories/github-reviewed/2019/08/GHSA-25pc-85qf-6j69/GHSA-25pc-85qf-6j69.json"
      }
    },
    {
      "package": {
        "name": "org.apache.storm:storm-kafka-client",
        "ecosystem": "Maven",
        "purl": "pkg:maven/org.apache.storm/storm-kafka-client"
      },
      "ranges": [
        {
          "type": "ECOSYSTEM",
          "events": [
            {
              "introduced": "1.1.0"
            },
            {
              "fixed": "1.2.3"
            }
          ]
        }
      ],
      "versions": [
        "1.1.0",
        "1.1.1",
        "1.1.2",
        "1.1.3",
        "1.2.0",
        "1.2.1",
        "1.2.2"
      ],
      "database_specific": {
        "source": "https://github.com/github/advisory-database/blob/main/advisories/github-reviewed/2019/08/GHSA-25pc-85qf-6j69/GHSA-25pc-85qf-6j69.json"
      }
    }
  ],
  "schema_version": "1.2.0",
  "severity": [
    {
      "type": "CVSS_V3",
      "score": "CVSS:3.0/AV:N/AC:L/PR:N/UI:N/S:U/C:H/I:H/A:H"
    }
  ]
}