{
  "id": "GHSA-3h68-wvv6-8r5h",
  "summary": "Improper Removal of Sensitive Information Before Storage or Transfer in Apache Jackrabbit Oak",
  "details": "The optional initial password change and password expiration features present in Apache Jackrabbit Oak 1.2.0 to 1.22.0 are prone to a sensitive information disclosure vulnerability. The code mandates the changed password to be passed as an additional attribute to the credentials object but does not remove it upon processing during the first phase of the authentication. In combination with additional, independent authentication mechanisms, this may lead to the new password being disclosed.",
  "aliases": [
    "CVE-2020-1940"
  ],
  "modified": "2022-03-02T05:21:47.942459Z",
  "published": "2021-12-10T17:20:11Z",
  "database_specific": {
    "github_reviewed": true,
    "severity": "HIGH",
    "cwe_ids": [
      "CWE-200",
      "CWE-212"
    ]
  },
  "references": [
    {
      "type": "ADVISORY",
      "url": "https://nvd.nist.gov/vuln/detail/CVE-2020-1940"
    },
    {
      "type": "WEB",
      "url": "https://lists.apache.org/thread.html/r3da8e2fd253ecd4d3a0de71ce255631148b54be8500225b5812f7737@%3Coak-commits.jackrabbit.apache.org%3E"
    },
    {
      "type": "WEB",
      "url": "https://lists.apache.org/thread.html/r45b0e2fb6ac51c5a03952b08b5e0efde1249ecb809884cc87eb0bd99@%3Ccommits.jackrabbit.apache.org%3E"
    },
    {
      "type": "WEB",
      "url": "https://lists.apache.org/thread.html/r601637e38ee743e845856a4e24915cb8db26ae80ca782bef91989cbc@%3Coak-commits.jackrabbit.apache.org%3E"
    },
    {
      "type": "WEB",
      "url": "https://lists.apache.org/thread.html/ra295f919586b19def7cc7713d9d78595507d5f703362fccb779eeeb9@%3Coak-commits.jackrabbit.apache.org%3E"
    },
    {
      "type": "WEB",
      "url": "https://lists.apache.org/thread.html/ra6b3e78f5ed545c1d859d664f66c6d3fc5d731d9b1d842349654e4f0@%3Ccommits.jackrabbit.apache.org%3E"
    },
    {
      "type": "WEB",
      "url": "https://lists.apache.org/thread.html/rb3023cfd45441b570c1abaa347d0cac78df97b5d3f27d674d01b3d2a@%3Ccommits.jackrabbit.apache.org%3E"
    },
    {
      "type": "WEB",
      "url": "https://lists.apache.org/thread.html/rba884dbe733781cbaaffa28b77bc37a6a9f948b3a72a1bdad5e1587c@%3Ccommits.jackrabbit.apache.org%3E"
    },
    {
      "type": "WEB",
      "url": "https://lists.apache.org/thread.html/rbef4701b5ce4d827182e70ad7b4d987a9157682ba3643e05a9ef5a7b@%3Ccommits.jackrabbit.apache.org%3E"
    },
    {
      "type": "WEB",
      "url": "https://lists.apache.org/thread.html/rc35a57ecdeae342d46f729d6bc9750ba860c101f450cc171798dba28@%3Coak-commits.jackrabbit.apache.org%3E"
    },
    {
      "type": "WEB",
      "url": "https://lists.apache.org/thread.html/rccc0ed467faa35734ea16b8f5de5603e708936c41a4eddd90fddeaf0%40%3Cusers.jackrabbit.apache.org%3E"
    },
    {
      "type": "WEB",
      "url": "https://lists.apache.org/thread.html/rccc0ed467faa35734ea16b8f5de5603e708936c41a4eddd90fddeaf0@%3Cannounce.jackrabbit.apache.org%3E"
    },
    {
      "type": "WEB",
      "url": "http://www.openwall.com/lists/oss-security/2020/01/28/1"
    }
  ],
  "affected": [
    {
      "package": {
        "name": "org.apache.jackrabbit:oak-core",
        "ecosystem": "Maven",
        "purl": "pkg:maven/org.apache.jackrabbit/oak-core"
      },
      "ranges": [
        {
          "type": "ECOSYSTEM",
          "events": [
            {
              "introduced": "1.12.0"
            },
            {
              "fixed": "1.24.0"
            }
          ]
        }
      ],
      "versions": [
        "1.12.0",
        "1.14.0",
        "1.16.0",
        "1.18.0",
        "1.20.0",
        "1.22.0",
        "1.22.1",
        "1.22.10",
        "1.22.11",
        "1.22.2",
        "1.22.3",
        "1.22.4",
        "1.22.5",
        "1.22.6",
        "1.22.7",
        "1.22.8",
        "1.22.9"
      ],
      "database_specific": {
        "last_known_affected_version_range": "<= 1.22.0",
        "source": "https://github.com/github/advisory-database/blob/main/advisories/github-reviewed/2021/12/GHSA-3h68-wvv6-8r5h/GHSA-3h68-wvv6-8r5h.json"
      }
    },
    {
      "package": {
        "name": "org.apache.jackrabbit:oak-core",
        "ecosystem": "Maven",
        "purl": "pkg:maven/org.apache.jackrabbit/oak-core"
      },
      "ranges": [
        {
          "type": "ECOSYSTEM",
          "events": [
            {
              "introduced": "1.10.0"
            },
            {
              "fixed": "1.10.8"
            }
          ]
        }
      ],
      "versions": [
        "1.10.0",
        "1.10.1",
        "1.10.2",
        "1.10.3",
        "1.10.4",
        "1.10.5",
        "1.10.6",
        "1.10.7"
      ],
      "database_specific": {
        "source": "https://github.com/github/advisory-database/blob/main/advisories/github-reviewed/2021/12/GHSA-3h68-wvv6-8r5h/GHSA-3h68-wvv6-8r5h.json"
      }
    }
  ],
  "schema_version": "1.2.0",
  "severity": [
    {
      "type": "CVSS_V3",
      "score": "CVSS:3.1/AV:N/AC:L/PR:N/UI:N/S:U/C:H/I:N/A:N"
    }
  ]
}