{
  "id": "GHSA-c4rh-4376-gff4",
  "summary": "Improper certificate management in AWS IoT Device SDK v2",
  "details": "The AWS IoT Device SDK v2 for Java, Python, C++ and Node.js appends a user supplied Certificate Authority (CA) to the root CAs instead of overriding it on Unix systems. TLS handshakes will thus succeed if the peer can be verified either from the user-supplied CA or the system\u2019s default trust-store. Attackers with access to a host\u2019s trust stores or are able to compromise a certificate authority already in the host's trust store (note: the attacker must also be able to spoof DNS in this case) may be able to use this issue to bypass CA pinning. An attacker could then spoof the MQTT broker, and either drop traffic and/or respond with the attacker's data, but they would not be able to forward this data on to the MQTT broker because the attacker would still need the user's private keys to authenticate against the MQTT broker. The 'aws_tls_ctx_options_override_default_trust_store_*' function within the aws-c-io submodule has been updated to override the default trust store. This corrects this issue. This issue affects: Amazon Web Services AWS IoT Device SDK v2 for Java versions prior to 1.5.0 on Linux/Unix. Amazon Web Services AWS IoT Device SDK v2 for Python versions prior to 1.6.1 on Linux/Unix. Amazon Web Services AWS IoT Device SDK v2 for C++ versions prior to 1.12.7 on Linux/Unix. Amazon Web Services AWS IoT Device SDK v2 for Node.js versions prior to 1.5.3 on Linux/Unix. Amazon Web Services AWS-C-IO 0.10.4 on Linux/Unix.",
  "aliases": [
    "CVE-2021-40830"
  ],
  "modified": "2022-03-02T05:21:24.143675Z",
  "published": "2021-11-24T21:12:04Z",
  "database_specific": {
    "github_reviewed": true,
    "cwe_ids": [
      "CWE-295"
    ],
    "severity": "MODERATE"
  },
  "references": [
    {
      "type": "ADVISORY",
      "url": "https://nvd.nist.gov/vuln/detail/CVE-2021-40830"
    },
    {
      "type": "WEB",
      "url": "https://github.com/aws/aws-iot-device-sdk-java-v2/commit/67950ad2a02f2f9355c310b69dc9226b017f32f2"
    },
    {
      "type": "WEB",
      "url": "https://github.com/aws/aws-iot-device-sdk-js-v2/commit/53a36e3ac203291494120604d416b6de59177cac"
    },
    {
      "type": "WEB",
      "url": "https://github.com/aws/aws-iot-device-sdk-python-v2/commit/0450ce68add7e3d05c6d781ecdac953c299c053a"
    },
    {
      "type": "WEB",
      "url": "https://github.com/aws/aws-iot-device-sdk-cpp-v2"
    },
    {
      "type": "WEB",
      "url": "https://github.com/aws/aws-iot-device-sdk-java-v2"
    },
    {
      "type": "WEB",
      "url": "https://github.com/aws/aws-iot-device-sdk-js-v2"
    },
    {
      "type": "WEB",
      "url": "https://github.com/aws/aws-iot-device-sdk-python-v2"
    },
    {
      "type": "WEB",
      "url": "https://github.com/awslabs/aws-c-io/"
    }
  ],
  "affected": [
    {
      "package": {
        "name": "software.amazon.awssdk.iotdevicesdk:aws-iot-device-sdk",
        "ecosystem": "Maven",
        "purl": "pkg:maven/software.amazon.awssdk.iotdevicesdk/aws-iot-device-sdk"
      },
      "ranges": [
        {
          "type": "ECOSYSTEM",
          "events": [
            {
              "introduced": "0"
            },
            {
              "fixed": "1.5.0"
            }
          ]
        }
      ],
      "versions": [
        "0.2.3",
        "0.2.4",
        "0.2.5",
        "0.2.6",
        "0.2.7",
        "0.2.8",
        "0.3.0",
        "0.3.1",
        "0.3.2",
        "0.3.3",
        "1.0.0",
        "1.0.1",
        "1.0.2",
        "1.0.3",
        "1.0.4",
        "1.0.5",
        "1.0.6",
        "1.0.7",
        "1.0.8",
        "1.0.9",
        "1.1.0",
        "1.1.1",
        "1.2.0",
        "1.2.1",
        "1.2.10",
        "1.2.11",
        "1.2.12",
        "1.2.13",
        "1.2.14",
        "1.2.15",
        "1.2.16",
        "1.2.17",
        "1.2.18",
        "1.2.2",
        "1.2.3",
        "1.2.4",
        "1.2.5",
        "1.2.6",
        "1.2.7",
        "1.2.8",
        "1.2.9",
        "1.3.0",
        "1.3.1",
        "1.3.2",
        "1.3.3",
        "1.4.0",
        "1.4.1",
        "1.4.2",
        "1.4.3"
      ],
      "database_specific": {
        "source": "https://github.com/github/advisory-database/blob/main/advisories/github-reviewed/2021/11/GHSA-c4rh-4376-gff4/GHSA-c4rh-4376-gff4.json"
      }
    },
    {
      "package": {
        "name": "aws-iot-device-sdk-v2",
        "ecosystem": "npm",
        "purl": "pkg:npm/aws-iot-device-sdk-v2"
      },
      "ranges": [
        {
          "type": "SEMVER",
          "events": [
            {
              "introduced": "0"
            },
            {
              "fixed": "1.5.3"
            }
          ]
        }
      ],
      "database_specific": {
        "source": "https://github.com/github/advisory-database/blob/main/advisories/github-reviewed/2021/11/GHSA-c4rh-4376-gff4/GHSA-c4rh-4376-gff4.json"
      }
    },
    {
      "package": {
        "name": "awsiotsdk",
        "ecosystem": "PyPI",
        "purl": "pkg:pypi/awsiotsdk"
      },
      "ranges": [
        {
          "type": "ECOSYSTEM",
          "events": [
            {
              "introduced": "0"
            },
            {
              "fixed": "1.6.1"
            }
          ]
        }
      ],
      "versions": [
        "0.2.4",
        "0.2.9",
        "0.3.0",
        "1.0.2",
        "1.0.3",
        "1.0.5",
        "1.0.6",
        "1.1.0",
        "1.2.0",
        "1.2.1",
        "1.3.0",
        "1.3.1",
        "1.3.2",
        "1.4.0",
        "1.5.0",
        "1.5.1",
        "1.5.10",
        "1.5.11",
        "1.5.12",
        "1.5.13",
        "1.5.14",
        "1.5.15",
        "1.5.16",
        "1.5.17",
        "1.5.18",
        "1.5.2",
        "1.5.3",
        "1.5.4",
        "1.5.5",
        "1.5.6",
        "1.5.7",
        "1.5.8",
        "1.6.0"
      ],
      "database_specific": {
        "source": "https://github.com/github/advisory-database/blob/main/advisories/github-reviewed/2021/11/GHSA-c4rh-4376-gff4/GHSA-c4rh-4376-gff4.json"
      }
    }
  ],
  "schema_version": "1.2.0",
  "severity": [
    {
      "type": "CVSS_V3",
      "score": "CVSS:3.1/AV:A/AC:H/PR:H/UI:R/S:U/C:H/I:H/A:H"
    }
  ]
}