{
  "id": "GHSA-73cq-fhp3-8rpw",
  "summary": "Moderate severity vulnerability that affects org.restlet.jse:org.restlet",
  "details": "Restlet Framework 2.1.x before 2.1.7 and 2.x.x before 2.2 RC1, when using XMLRepresentation or XML serializers, allows attackers to cause a denial of service via an XML Entity Expansion (XEE) attack.",
  "aliases": [
    "CVE-2014-1868"
  ],
  "modified": "2021-09-02T19:18:12Z",
  "published": "2018-10-17T00:04:53Z",
  "database_specific": {
    "severity": "MODERATE",
    "cwe_ids": [
      "CWE-776"
    ],
    "github_reviewed": true
  },
  "references": [
    {
      "type": "ADVISORY",
      "url": "https://nvd.nist.gov/vuln/detail/CVE-2014-1868"
    },
    {
      "type": "WEB",
      "url": "https://exchange.xforce.ibmcloud.com/vulnerabilities/91181"
    },
    {
      "type": "ADVISORY",
      "url": "https://github.com/advisories/GHSA-73cq-fhp3-8rpw"
    },
    {
      "type": "WEB",
      "url": "https://github.com/restlet/restlet-framework-java/wiki/XEE-security-enhancements"
    },
    {
      "type": "WEB",
      "url": "http://secunia.com/advisories/56940"
    },
    {
      "type": "PACKAGE",
      "url": "https://github.com/restlet/restlet-framework-java"
    }
  ],
  "affected": [
    {
      "package": {
        "name": "org.restlet.jse:org.restlet",
        "ecosystem": "Maven",
        "purl": "pkg:maven/org.restlet.jse/org.restlet"
      },
      "ranges": [
        {
          "type": "ECOSYSTEM",
          "events": [
            {
              "introduced": "2.1.0"
            },
            {
              "fixed": "2.1.7"
            }
          ]
        }
      ],
      "database_specific": {
        "source": "https://github.com/github/advisory-database/blob/main/advisories/github-reviewed/2018/10/GHSA-73cq-fhp3-8rpw/GHSA-73cq-fhp3-8rpw.json"
      },
      "versions": []
    }
  ],
  "schema_version": "1.2.0"
}