{
  "id": "GHSA-35fg-hjcr-j65f",
  "summary": "Information exposure in xwiki-platform",
  "details": "### Impact\nIt's possible to guess if a user has an account on the wiki by using the \"Forgot your password\" form, even if the wiki is closed to guest users.\n\n### Patches\nThe problem has been patched on XWiki 12.10.9, 13.4.1 and 13.6RC1.\n\n### Workarounds\nThere's no easy workaround other than applying the upgrade.\n\n### References\n\nhttps://jira.xwiki.org/browse/XWIKI-18787\n\n### For more information\nIf you have any questions or comments about this advisory:\n* Open an issue in [JIRA](https://jira.xwiki.org)\n* Email us at [XWiki Security Mailing list](mailto:security@xwiki.org)\n",
  "aliases": [
    "CVE-2022-23619"
  ],
  "modified": "2022-02-09T21:51:19Z",
  "published": "2022-02-09T21:51:19Z",
  "database_specific": {
    "cwe_ids": [
      "CWE-200",
      "CWE-640"
    ],
    "github_reviewed": true,
    "severity": "MODERATE"
  },
  "references": [
    {
      "type": "WEB",
      "url": "https://github.com/xwiki/xwiki-platform/security/advisories/GHSA-35fg-hjcr-j65f"
    },
    {
      "type": "ADVISORY",
      "url": "https://nvd.nist.gov/vuln/detail/CVE-2022-23619"
    },
    {
      "type": "WEB",
      "url": "https://github.com/xwiki/xwiki-platform/commit/d8a3cce48e0ac1a0f4a3cea7a19747382d9c9494"
    },
    {
      "type": "WEB",
      "url": "https://jira.xwiki.org/browse/XWIKI-18787"
    },
    {
      "type": "PACKAGE",
      "url": "https://github.com/xwiki/xwiki-platform"
    }
  ],
  "affected": [
    {
      "package": {
        "name": "org.xwiki.platform:xwiki-platform-web",
        "ecosystem": "Maven",
        "purl": "pkg:maven/org.xwiki.platform/xwiki-platform-web"
      },
      "ranges": [
        {
          "type": "ECOSYSTEM",
          "events": [
            {
              "introduced": "13.5RC1"
            },
            {
              "fixed": "13.6RC1"
            }
          ]
        }
      ],
      "database_specific": {
        "source": "https://github.com/github/advisory-database/blob/main/advisories/github-reviewed/2022/02/GHSA-35fg-hjcr-j65f/GHSA-35fg-hjcr-j65f.json",
        "last_known_affected_version_range": "<= 13.5"
      },
      "versions": []
    },
    {
      "package": {
        "name": "org.xwiki.platform:xwiki-platform-web",
        "ecosystem": "Maven",
        "purl": "pkg:maven/org.xwiki.platform/xwiki-platform-web"
      },
      "ranges": [
        {
          "type": "ECOSYSTEM",
          "events": [
            {
              "introduced": "13.0.0"
            },
            {
              "fixed": "13.4.1"
            }
          ]
        }
      ],
      "database_specific": {
        "source": "https://github.com/github/advisory-database/blob/main/advisories/github-reviewed/2022/02/GHSA-35fg-hjcr-j65f/GHSA-35fg-hjcr-j65f.json"
      },
      "versions": []
    },
    {
      "package": {
        "name": "org.xwiki.platform:xwiki-platform-web",
        "ecosystem": "Maven",
        "purl": "pkg:maven/org.xwiki.platform/xwiki-platform-web"
      },
      "ranges": [
        {
          "type": "ECOSYSTEM",
          "events": [
            {
              "introduced": "0"
            },
            {
              "fixed": "12.10.9"
            }
          ]
        }
      ],
      "database_specific": {
        "source": "https://github.com/github/advisory-database/blob/main/advisories/github-reviewed/2022/02/GHSA-35fg-hjcr-j65f/GHSA-35fg-hjcr-j65f.json"
      },
      "versions": []
    }
  ],
  "schema_version": "1.2.0",
  "severity": [
    {
      "type": "CVSS_V3",
      "score": "CVSS:3.1/AV:N/AC:L/PR:N/UI:N/S:U/C:L/I:N/A:N"
    }
  ]
}