{
  "id": "GHSA-4r64-wf76-c53p",
  "summary": "Moderate severity vulnerability that affects com.github.blynkkk:blynk-server",
  "details": "In blynk-server in Blynk before 0.39.7, Directory Traversal exists via a ../ in a URI that has /static or /static/js at the beginning, as demonstrated by reading the /etc/passwd file.",
  "aliases": [
    "CVE-2018-17785"
  ],
  "modified": "2021-09-01T18:29:24Z",
  "published": "2018-10-17T19:52:52Z",
  "database_specific": {
    "cwe_ids": [
      "CWE-22"
    ],
    "github_reviewed": true,
    "severity": "HIGH"
  },
  "references": [
    {
      "type": "ADVISORY",
      "url": "https://nvd.nist.gov/vuln/detail/CVE-2018-17785"
    },
    {
      "type": "WEB",
      "url": "https://github.com/blynkkk/blynk-server/issues/1256"
    },
    {
      "type": "ADVISORY",
      "url": "https://github.com/advisories/GHSA-4r64-wf76-c53p"
    },
    {
      "type": "WEB",
      "url": "https://github.com/blynkkk/blynk-server/releases/tag/v0.39.7"
    },
    {
      "type": "PACKAGE",
      "url": "https://github.com/blynkkk/blynk-server"
    }
  ],
  "affected": [
    {
      "package": {
        "name": "com.github.blynkkk:blynk-server",
        "ecosystem": "Maven",
        "purl": "pkg:maven/com.github.blynkkk/blynk-server"
      },
      "ranges": [
        {
          "type": "ECOSYSTEM",
          "events": [
            {
              "introduced": "0"
            },
            {
              "fixed": "0.39.7"
            }
          ]
        }
      ],
      "database_specific": {
        "source": "https://github.com/github/advisory-database/blob/main/advisories/github-reviewed/2018/10/GHSA-4r64-wf76-c53p/GHSA-4r64-wf76-c53p.json"
      },
      "versions": []
    }
  ],
  "schema_version": "1.2.0",
  "severity": [
    {
      "type": "CVSS_V3",
      "score": "CVSS:3.0/AV:N/AC:L/PR:N/UI:N/S:U/C:H/I:N/A:N"
    }
  ]
}