{
  "id": "GHSA-cc94-3v9c-7rm8",
  "summary": "Apache ActiveMQ webconsole admin GUI is open to XSS",
  "details": "In Apache ActiveMQ 5.0.0 to 5.15.11, the webconsole admin GUI is open to XSS, in the view that lists the contents of a queue.",
  "aliases": [
    "CVE-2020-1941"
  ],
  "modified": "2022-03-02T05:21:16.825441Z",
  "published": "2020-05-21T21:08:56Z",
  "database_specific": {
    "cwe_ids": [
      "CWE-79"
    ],
    "github_reviewed": true,
    "severity": "MODERATE"
  },
  "references": [
    {
      "type": "ADVISORY",
      "url": "https://nvd.nist.gov/vuln/detail/CVE-2020-1941"
    },
    {
      "type": "WEB",
      "url": "https://lists.apache.org/thread.html/r946488fb942fd35c6a6e0359f52504a558ed438574a8f14d36d7dcd7@%3Ccommits.activemq.apache.org%3E"
    },
    {
      "type": "WEB",
      "url": "https://lists.apache.org/thread.html/rb2fd3bf2dce042e0ab3f3c94c4767c96bb2e7e6737624d63162df36d@%3Ccommits.activemq.apache.org%3E"
    },
    {
      "type": "WEB",
      "url": "https://lists.apache.org/thread.html/re4672802b0e5ed67c08c9e77057d52138e062f77cc09581b723cf95a@%3Ccommits.activemq.apache.org%3E"
    },
    {
      "type": "WEB",
      "url": "https://www.oracle.com/security-alerts/cpuApr2021.html"
    },
    {
      "type": "WEB",
      "url": "https://www.oracle.com/security-alerts/cpujul2020.html"
    },
    {
      "type": "WEB",
      "url": "https://www.oracle.com/security-alerts/cpuoct2020.html"
    },
    {
      "type": "WEB",
      "url": "http://activemq.apache.org/security-advisories.data/CVE-2020-1941-announcement.txt"
    }
  ],
  "affected": [
    {
      "package": {
        "name": "org.apache.activemq:activemq-web-console",
        "ecosystem": "Maven",
        "purl": "pkg:maven/org.apache.activemq/activemq-web-console"
      },
      "ranges": [
        {
          "type": "ECOSYSTEM",
          "events": [
            {
              "introduced": "5.0.0"
            },
            {
              "fixed": "5.15.12"
            }
          ]
        }
      ],
      "versions": [
        "5.0.0",
        "5.1.0",
        "5.10.0",
        "5.10.1",
        "5.10.2",
        "5.11.0",
        "5.11.1",
        "5.11.2",
        "5.11.3",
        "5.11.4",
        "5.12.0",
        "5.12.1",
        "5.12.2",
        "5.12.3",
        "5.13.0",
        "5.13.1",
        "5.13.2",
        "5.13.3",
        "5.13.4",
        "5.13.5",
        "5.14.0",
        "5.14.1",
        "5.14.2",
        "5.14.3",
        "5.14.4",
        "5.14.5",
        "5.15.0",
        "5.15.1",
        "5.15.10",
        "5.15.11",
        "5.15.2",
        "5.15.3",
        "5.15.4",
        "5.15.5",
        "5.15.6",
        "5.15.7",
        "5.15.8",
        "5.15.9",
        "5.2.0",
        "5.3.0",
        "5.3.1",
        "5.3.2",
        "5.4.0",
        "5.4.1",
        "5.4.2",
        "5.4.3",
        "5.5.0",
        "5.5.1",
        "5.6.0",
        "5.7.0",
        "5.8.0",
        "5.9.0",
        "5.9.1"
      ],
      "database_specific": {
        "source": "https://github.com/github/advisory-database/blob/main/advisories/github-reviewed/2020/05/GHSA-cc94-3v9c-7rm8/GHSA-cc94-3v9c-7rm8.json"
      }
    }
  ],
  "schema_version": "1.2.0",
  "severity": [
    {
      "type": "CVSS_V3",
      "score": "CVSS:3.1/AV:N/AC:L/PR:N/UI:R/S:C/C:L/I:L/A:N"
    }
  ]
}