{
  "id": "GHSA-chj8-5xgw-wcvj",
  "summary": "Moderate severity vulnerability that affects org.apache.karaf:apache-karaf",
  "details": "Apache Karaf prior to 4.0.8 used the LDAPLoginModule to authenticate users to a directory via LDAP. However, it did not encoding usernames properly and hence was vulnerable to LDAP injection attacks leading to a denial of service.",
  "aliases": [
    "CVE-2016-8750"
  ],
  "modified": "2022-03-02T05:21:31.163613Z",
  "published": "2019-01-07T19:14:46Z",
  "database_specific": {
    "severity": "MODERATE",
    "github_reviewed": true,
    "cwe_ids": [
      "CWE-90"
    ]
  },
  "references": [
    {
      "type": "ADVISORY",
      "url": "https://nvd.nist.gov/vuln/detail/CVE-2016-8750"
    },
    {
      "type": "WEB",
      "url": "https://access.redhat.com/errata/RHSA-2018:1322"
    },
    {
      "type": "ADVISORY",
      "url": "https://github.com/advisories/GHSA-chj8-5xgw-wcvj"
    },
    {
      "type": "WEB",
      "url": "https://karaf.apache.org/security/cve-2016-8750.txt"
    },
    {
      "type": "WEB",
      "url": "http://www.securityfocus.com/bid/103098"
    }
  ],
  "affected": [
    {
      "package": {
        "name": "org.apache.karaf:apache-karaf",
        "ecosystem": "Maven",
        "purl": "pkg:maven/org.apache.karaf/apache-karaf"
      },
      "ranges": [
        {
          "type": "ECOSYSTEM",
          "events": [
            {
              "introduced": "0"
            },
            {
              "fixed": "4.0.8"
            }
          ]
        }
      ],
      "versions": [
        "2.0.0",
        "2.1.0",
        "2.1.1",
        "2.1.2",
        "2.1.3",
        "2.1.4",
        "2.1.5",
        "2.1.6",
        "2.2.0",
        "2.2.1",
        "2.2.10",
        "2.2.11",
        "2.2.2",
        "2.2.3",
        "2.2.4",
        "2.2.5",
        "2.2.6",
        "2.2.7",
        "2.2.8",
        "2.2.9",
        "2.3.0",
        "2.3.1",
        "2.3.10",
        "2.3.11",
        "2.3.12",
        "2.3.2",
        "2.3.3",
        "2.3.4",
        "2.3.5",
        "2.3.6",
        "2.3.7",
        "2.3.8",
        "2.3.9",
        "2.4.0",
        "2.4.1",
        "2.4.2",
        "2.4.3",
        "2.4.4",
        "3.0.0",
        "3.0.0.RC1",
        "3.0.1",
        "3.0.10",
        "3.0.2",
        "3.0.3",
        "3.0.4",
        "3.0.5",
        "3.0.6",
        "3.0.7",
        "3.0.8",
        "3.0.9",
        "4.0.0",
        "4.0.0.M1",
        "4.0.0.M2",
        "4.0.0.M3",
        "4.0.1",
        "4.0.2",
        "4.0.3",
        "4.0.4",
        "4.0.5",
        "4.0.6",
        "4.0.7"
      ],
      "database_specific": {
        "source": "https://github.com/github/advisory-database/blob/main/advisories/github-reviewed/2019/01/GHSA-chj8-5xgw-wcvj/GHSA-chj8-5xgw-wcvj.json"
      }
    }
  ],
  "schema_version": "1.2.0",
  "severity": [
    {
      "type": "CVSS_V3",
      "score": "CVSS:3.0/AV:N/AC:L/PR:L/UI:N/S:U/C:N/I:N/A:H"
    }
  ]
}