{
  "id": "GHSA-4x49-w62v-76q7",
  "summary": "Path Traversal in Spring Cloud Config",
  "details": "Spring Cloud Config, versions 2.1.x prior to 2.1.2, versions 2.0.x prior to 2.0.4, and versions 1.4.x prior to 1.4.6, and older unsupported versions allow applications to serve arbitrary configuration files through the spring-cloud-config-server module. A malicious user, or attacker, can send a request using a specially crafted URL that can lead a directory traversal attack.",
  "aliases": [
    "CVE-2019-3799"
  ],
  "modified": "2022-03-02T05:20:20.071733Z",
  "published": "2019-05-23T08:39:23Z",
  "database_specific": {
    "cwe_ids": [
      "CWE-22"
    ],
    "github_reviewed": true,
    "severity": "MODERATE"
  },
  "references": [
    {
      "type": "ADVISORY",
      "url": "https://nvd.nist.gov/vuln/detail/CVE-2019-3799"
    },
    {
      "type": "WEB",
      "url": "https://github.com/mpgn/CVE-2019-3799"
    },
    {
      "type": "WEB",
      "url": "https://pivotal.io/security/cve-2019-3799"
    }
  ],
  "affected": [
    {
      "package": {
        "name": "org.springframework.cloud:spring-cloud-config-server",
        "ecosystem": "Maven",
        "purl": "pkg:maven/org.springframework.cloud/spring-cloud-config-server"
      },
      "ranges": [
        {
          "type": "ECOSYSTEM",
          "events": [
            {
              "introduced": "0"
            },
            {
              "fixed": "1.4.6"
            }
          ]
        }
      ],
      "versions": [
        "1.0.0.RELEASE",
        "1.0.1.RELEASE",
        "1.0.2.RELEASE",
        "1.0.3.RELEASE",
        "1.0.4.RELEASE",
        "1.1.0.RELEASE",
        "1.1.1.RELEASE",
        "1.1.2.RELEASE",
        "1.1.3.RELEASE",
        "1.2.0.M1",
        "1.2.0.RELEASE",
        "1.2.1.RELEASE",
        "1.2.2.RELEASE",
        "1.2.3.RELEASE",
        "1.3.0.RELEASE",
        "1.3.1.RELEASE",
        "1.3.2.RELEASE",
        "1.3.3.RELEASE",
        "1.3.4.RELEASE",
        "1.4.0.RELEASE",
        "1.4.1.RELEASE",
        "1.4.2.RELEASE",
        "1.4.3.RELEASE",
        "1.4.4.RELEASE",
        "1.4.5.RELEASE"
      ],
      "database_specific": {
        "source": "https://github.com/github/advisory-database/blob/main/advisories/github-reviewed/2019/05/GHSA-4x49-w62v-76q7/GHSA-4x49-w62v-76q7.json"
      }
    },
    {
      "package": {
        "name": "org.springframework.cloud:spring-cloud-config-server",
        "ecosystem": "Maven",
        "purl": "pkg:maven/org.springframework.cloud/spring-cloud-config-server"
      },
      "ranges": [
        {
          "type": "ECOSYSTEM",
          "events": [
            {
              "introduced": "2.0.0"
            },
            {
              "fixed": "2.0.4"
            }
          ]
        }
      ],
      "versions": [
        "2.0.0.RELEASE",
        "2.0.1.RELEASE",
        "2.0.2.RELEASE",
        "2.0.3.RELEASE"
      ],
      "database_specific": {
        "source": "https://github.com/github/advisory-database/blob/main/advisories/github-reviewed/2019/05/GHSA-4x49-w62v-76q7/GHSA-4x49-w62v-76q7.json"
      }
    },
    {
      "package": {
        "name": "org.springframework.cloud:spring-cloud-config-server",
        "ecosystem": "Maven",
        "purl": "pkg:maven/org.springframework.cloud/spring-cloud-config-server"
      },
      "ranges": [
        {
          "type": "ECOSYSTEM",
          "events": [
            {
              "introduced": "2.1.0"
            },
            {
              "fixed": "2.1.2"
            }
          ]
        }
      ],
      "versions": [
        "2.1.0.RELEASE",
        "2.1.1.RELEASE"
      ],
      "database_specific": {
        "source": "https://github.com/github/advisory-database/blob/main/advisories/github-reviewed/2019/05/GHSA-4x49-w62v-76q7/GHSA-4x49-w62v-76q7.json"
      }
    }
  ],
  "schema_version": "1.2.0",
  "severity": [
    {
      "type": "CVSS_V3",
      "score": "CVSS:3.1/AV:N/AC:L/PR:N/UI:R/S:U/C:H/I:N/A:N"
    }
  ]
}