{
  "id": "GHSA-53hp-jpwq-2jgq",
  "summary": "Uncontrolled Resource Consumption in Apache Tomcat",
  "details": "A specially crafted sequence of HTTP/2 requests sent to Apache Tomcat 10.0.0-M1 to 10.0.0-M5, 9.0.0.M1 to 9.0.35 and 8.5.0 to 8.5.55 could trigger high CPU usage for several seconds. If a sufficient number of such requests were made on concurrent HTTP/2 connections, the server could become unresponsive.",
  "aliases": [
    "CVE-2020-11996"
  ],
  "modified": "2022-03-02T05:21:58.194500Z",
  "published": "2022-02-09T23:01:22Z",
  "database_specific": {
    "cwe_ids": [
      "CWE-400"
    ],
    "github_reviewed": true,
    "severity": "HIGH"
  },
  "references": [
    {
      "type": "ADVISORY",
      "url": "https://nvd.nist.gov/vuln/detail/CVE-2020-11996"
    },
    {
      "type": "WEB",
      "url": "https://lists.apache.org/thread.html/r2529016c311ce9485e6f173446d469600fdfbb94dccadfcd9dfdac79@%3Cusers.tomcat.apache.org%3E"
    },
    {
      "type": "WEB",
      "url": "https://lists.apache.org/thread.html/r3ea96d8f36dd404acce83df8aeb22a9e807d6c13ca9c5dec72f872cd@%3Cnotifications.ofbiz.apache.org%3E"
    },
    {
      "type": "WEB",
      "url": "https://lists.apache.org/thread.html/r5541ef6b6b68b49f76fc4c45695940116da2bcbe0312ef204a00a2e0%40%3Cannounce.tomcat.apache.org%3E"
    },
    {
      "type": "WEB",
      "url": "https://lists.apache.org/thread.html/r5a4f80a6acc6607d61dae424b643b594c6188dd4e1eff04705c10db2@%3Cnotifications.ofbiz.apache.org%3E"
    },
    {
      "type": "WEB",
      "url": "https://lists.apache.org/thread.html/r6c29801370a36c1a5159679269777ad0c73276d3015b8bbefea66e5c@%3Cnotifications.ofbiz.apache.org%3E"
    },
    {
      "type": "WEB",
      "url": "https://lists.apache.org/thread.html/r74f5a8204efe574cbfcd95b2a16236fe95beb45c4d9fee3dc789dca9@%3Ccommits.ofbiz.apache.org%3E"
    },
    {
      "type": "WEB",
      "url": "https://lists.apache.org/thread.html/r8f3d416c193bc9384a8a7dd368623d441f5fcaff1057115008100561@%3Ccommits.ofbiz.apache.org%3E"
    },
    {
      "type": "WEB",
      "url": "https://lists.apache.org/thread.html/r8f7484589454638af527182ae55ef5b628ba00c05c5b11887c922fb1@%3Cnotifications.ofbiz.apache.org%3E"
    },
    {
      "type": "WEB",
      "url": "https://lists.apache.org/thread.html/r93ca628ef3a4530dfe5ac49fddc795f0920a4b2a408b57a30926a42b@%3Ccommits.ofbiz.apache.org%3E"
    },
    {
      "type": "WEB",
      "url": "https://lists.apache.org/thread.html/r9ad911fe49450ed9405827af0e7a74104041081ff91864b1f2546bbd@%3Cnotifications.ofbiz.apache.org%3E"
    },
    {
      "type": "WEB",
      "url": "https://lists.apache.org/thread.html/ra7092f7492569b39b04ec0decf52628ba86c51f15efb38f5853e2760@%3Cnotifications.ofbiz.apache.org%3E"
    },
    {
      "type": "WEB",
      "url": "https://lists.apache.org/thread.html/rb4ee49ecc4c59620ffd5e66e84a17e526c2c3cfa95d0cd682d90d338@%3Cnotifications.ofbiz.apache.org%3E"
    },
    {
      "type": "WEB",
      "url": "https://lists.apache.org/thread.html/rb820f1a2a02bf07414be12c653c2ab5321fd87b9bf6c5e635c53ff4b@%3Cnotifications.ofbiz.apache.org%3E"
    },
    {
      "type": "WEB",
      "url": "https://lists.apache.org/thread.html/rc80b96b4b96618b2b7461cb90664a428cfd6605eea9f74e51b792542@%3Cnotifications.ofbiz.apache.org%3E"
    },
    {
      "type": "WEB",
      "url": "https://lists.apache.org/thread.html/rea65d6ef2e45dd1c45faae83922042732866c7b88fa109b76c83db52@%3Cnotifications.ofbiz.apache.org%3E"
    },
    {
      "type": "WEB",
      "url": "https://lists.apache.org/thread.html/ref0339792ac6dac1dba83c071a727ad72380899bde60f6aaad4031b9@%3Cnotifications.ofbiz.apache.org%3E"
    },
    {
      "type": "WEB",
      "url": "https://lists.debian.org/debian-lts-announce/2020/07/msg00010.html"
    },
    {
      "type": "WEB",
      "url": "https://security.netapp.com/advisory/ntap-20200709-0002/"
    },
    {
      "type": "WEB",
      "url": "https://usn.ubuntu.com/4596-1/"
    },
    {
      "type": "WEB",
      "url": "https://www.debian.org/security/2020/dsa-4727"
    },
    {
      "type": "WEB",
      "url": "https://www.oracle.com/security-alerts/cpujan2021.html"
    },
    {
      "type": "WEB",
      "url": "https://www.oracle.com/security-alerts/cpuoct2020.html"
    },
    {
      "type": "WEB",
      "url": "http://lists.opensuse.org/opensuse-security-announce/2020-07/msg00064.html"
    },
    {
      "type": "WEB",
      "url": "http://lists.opensuse.org/opensuse-security-announce/2020-07/msg00072.html"
    }
  ],
  "affected": [
    {
      "package": {
        "name": "org.apache.tomcat:tomcat",
        "ecosystem": "Maven",
        "purl": "pkg:maven/org.apache.tomcat/tomcat"
      },
      "ranges": [
        {
          "type": "ECOSYSTEM",
          "events": [
            {
              "introduced": "10.0.0-M1"
            },
            {
              "fixed": "10.0.0-M5"
            }
          ]
        }
      ],
      "versions": [
        "10.0.0-M1",
        "10.0.0-M3",
        "10.0.0-M4"
      ],
      "database_specific": {
        "source": "https://github.com/github/advisory-database/blob/main/advisories/github-reviewed/2022/02/GHSA-53hp-jpwq-2jgq/GHSA-53hp-jpwq-2jgq.json",
        "last_known_affected_version_range": "<= 10.0.0-M4"
      }
    },
    {
      "package": {
        "name": "org.apache.tomcat:tomcat",
        "ecosystem": "Maven",
        "purl": "pkg:maven/org.apache.tomcat/tomcat"
      },
      "ranges": [
        {
          "type": "ECOSYSTEM",
          "events": [
            {
              "introduced": "9.0.0.M1"
            },
            {
              "fixed": "9.0.35"
            }
          ]
        }
      ],
      "versions": [
        "9.0.0.M1",
        "9.0.0.M10",
        "9.0.0.M11",
        "9.0.0.M13",
        "9.0.0.M15",
        "9.0.0.M17",
        "9.0.0.M18",
        "9.0.0.M19",
        "9.0.0.M20",
        "9.0.0.M21",
        "9.0.0.M22",
        "9.0.0.M25",
        "9.0.0.M26",
        "9.0.0.M27",
        "9.0.0.M3",
        "9.0.0.M4",
        "9.0.0.M6",
        "9.0.0.M8",
        "9.0.0.M9",
        "9.0.1",
        "9.0.10",
        "9.0.11",
        "9.0.12",
        "9.0.13",
        "9.0.14",
        "9.0.16",
        "9.0.17",
        "9.0.19",
        "9.0.2",
        "9.0.20",
        "9.0.21",
        "9.0.22",
        "9.0.24",
        "9.0.26",
        "9.0.27",
        "9.0.29",
        "9.0.30",
        "9.0.31",
        "9.0.33",
        "9.0.34",
        "9.0.4",
        "9.0.5",
        "9.0.6",
        "9.0.7",
        "9.0.8"
      ],
      "database_specific": {
        "source": "https://github.com/github/advisory-database/blob/main/advisories/github-reviewed/2022/02/GHSA-53hp-jpwq-2jgq/GHSA-53hp-jpwq-2jgq.json"
      }
    },
    {
      "package": {
        "name": "org.apache.tomcat:tomcat",
        "ecosystem": "Maven",
        "purl": "pkg:maven/org.apache.tomcat/tomcat"
      },
      "ranges": [
        {
          "type": "ECOSYSTEM",
          "events": [
            {
              "introduced": "8.5.0"
            },
            {
              "fixed": "8.5.55"
            }
          ]
        }
      ],
      "versions": [
        "8.5.0",
        "8.5.11",
        "8.5.12",
        "8.5.13",
        "8.5.14",
        "8.5.15",
        "8.5.16",
        "8.5.19",
        "8.5.2",
        "8.5.20",
        "8.5.21",
        "8.5.23",
        "8.5.24",
        "8.5.27",
        "8.5.28",
        "8.5.29",
        "8.5.3",
        "8.5.30",
        "8.5.31",
        "8.5.32",
        "8.5.33",
        "8.5.34",
        "8.5.35",
        "8.5.37",
        "8.5.38",
        "8.5.39",
        "8.5.4",
        "8.5.40",
        "8.5.41",
        "8.5.42",
        "8.5.43",
        "8.5.45",
        "8.5.46",
        "8.5.47",
        "8.5.49",
        "8.5.5",
        "8.5.50",
        "8.5.51",
        "8.5.53",
        "8.5.54",
        "8.5.6",
        "8.5.8",
        "8.5.9"
      ],
      "database_specific": {
        "source": "https://github.com/github/advisory-database/blob/main/advisories/github-reviewed/2022/02/GHSA-53hp-jpwq-2jgq/GHSA-53hp-jpwq-2jgq.json"
      }
    }
  ],
  "schema_version": "1.2.0",
  "severity": [
    {
      "type": "CVSS_V3",
      "score": "CVSS:3.1/AV:N/AC:L/PR:N/UI:N/S:U/C:N/I:N/A:H"
    }
  ]
}