{
  "id": "GHSA-6xq8-pvg4-3mf3",
  "summary": "Moderate severity vulnerability that affects org.eclipse.rdf4j:rdf4j-runtime",
  "details": "Eclipse RDF4j version < 2.4.0 Milestone 2 contains a XML External Entity (XXE) vulnerability in RDF4j XML parser parsing RDF files that can result in the disclosure of confidential data, denial of service, server side request forgery, port scanning. This attack appear to be exploitable via Specially crafted RDF file.",
  "aliases": [
    "CVE-2018-1000644"
  ],
  "modified": "2022-03-02T05:21:45.164869Z",
  "published": "2018-10-19T16:54:11Z",
  "database_specific": {
    "severity": "CRITICAL",
    "github_reviewed": true,
    "cwe_ids": [
      "CWE-611"
    ]
  },
  "references": [
    {
      "type": "ADVISORY",
      "url": "https://nvd.nist.gov/vuln/detail/CVE-2018-1000644"
    },
    {
      "type": "WEB",
      "url": "https://github.com/eclipse/rdf4j/issues/1056"
    },
    {
      "type": "WEB",
      "url": "https://0dd.zone/2018/08/05/rdf4j-XXE/"
    },
    {
      "type": "ADVISORY",
      "url": "https://github.com/advisories/GHSA-6xq8-pvg4-3mf3"
    },
    {
      "type": "PACKAGE",
      "url": "https://github.com/eclipse/rdf4j"
    }
  ],
  "affected": [
    {
      "package": {
        "name": "org.eclipse.rdf4j:rdf4j-runtime",
        "ecosystem": "Maven",
        "purl": "pkg:maven/org.eclipse.rdf4j/rdf4j-runtime"
      },
      "ranges": [
        {
          "type": "ECOSYSTEM",
          "events": [
            {
              "introduced": "0"
            },
            {
              "fixed": "2.4.0"
            }
          ]
        }
      ],
      "versions": [
        "1.0",
        "1.0.1",
        "1.0.2",
        "1.0.3",
        "1.0M1",
        "1.0M2",
        "1.0M3",
        "2.0",
        "2.0.1",
        "2.0.2",
        "2.0.3",
        "2.0M1",
        "2.0M2",
        "2.0M3",
        "2.0M4",
        "2.1",
        "2.1.1",
        "2.1.2",
        "2.1.3",
        "2.1.4",
        "2.1.5",
        "2.1.6",
        "2.2",
        "2.2.1",
        "2.2.2",
        "2.2.3",
        "2.2.4",
        "2.3-M1",
        "2.3.0",
        "2.3.0-M2",
        "2.3.1",
        "2.3.2",
        "2.3.3",
        "2.4.0-M1",
        "2.4.0-M2",
        "2.4.0-M3"
      ],
      "database_specific": {
        "source": "https://github.com/github/advisory-database/blob/main/advisories/github-reviewed/2018/10/GHSA-6xq8-pvg4-3mf3/GHSA-6xq8-pvg4-3mf3.json"
      }
    }
  ],
  "schema_version": "1.2.0",
  "severity": [
    {
      "type": "CVSS_V3",
      "score": "CVSS:3.0/AV:N/AC:L/PR:N/UI:N/S:C/C:H/I:H/A:H"
    }
  ]
}