{
  "id": "GHSA-2c25-xfpq-8w9r",
  "summary": "Cross-site scripting in jfinal",
  "details": "An issue was discovered in JFinal framework v4.9.10 and below. The \"set\" method of the \"Controller\" class of jfinal framework is not strictly filtered, which will lead to XSS vulnerabilities in some cases.",
  "aliases": [
    "CVE-2021-33348"
  ],
  "modified": "2022-03-02T05:21:42.063765Z",
  "published": "2021-08-13T15:22:14Z",
  "database_specific": {
    "severity": "MODERATE",
    "github_reviewed": true,
    "cwe_ids": [
      "CWE-79"
    ]
  },
  "references": [
    {
      "type": "ADVISORY",
      "url": "https://nvd.nist.gov/vuln/detail/CVE-2021-33348"
    },
    {
      "type": "WEB",
      "url": "https://github.com/jfinal/jfinal/issues/188"
    }
  ],
  "affected": [
    {
      "package": {
        "name": "com.jfinal:jfinal",
        "ecosystem": "Maven",
        "purl": "pkg:maven/com.jfinal/jfinal"
      },
      "ranges": [
        {
          "type": "ECOSYSTEM",
          "events": [
            {
              "introduced": "0"
            },
            {
              "fixed": "4.9.11"
            }
          ]
        }
      ],
      "versions": [
        "1.4",
        "1.4.0",
        "1.5",
        "1.6",
        "1.8",
        "1.9",
        "2.0",
        "2.1",
        "2.2",
        "3.0",
        "3.1",
        "3.2",
        "3.3",
        "3.4",
        "3.5",
        "3.6",
        "3.7",
        "3.8",
        "4.0",
        "4.1",
        "4.2",
        "4.3",
        "4.4",
        "4.5",
        "4.6",
        "4.7",
        "4.8",
        "4.9",
        "4.9.01",
        "4.9.02",
        "4.9.03",
        "4.9.04",
        "4.9.05",
        "4.9.06",
        "4.9.07",
        "4.9.08",
        "4.9.09",
        "4.9.10"
      ],
      "database_specific": {
        "last_known_affected_version_range": "<= 4.9.10",
        "source": "https://github.com/github/advisory-database/blob/main/advisories/github-reviewed/2021/08/GHSA-2c25-xfpq-8w9r/GHSA-2c25-xfpq-8w9r.json"
      }
    }
  ],
  "schema_version": "1.2.0",
  "severity": [
    {
      "type": "CVSS_V3",
      "score": "CVSS:3.1/AV:N/AC:L/PR:N/UI:R/S:C/C:L/I:L/A:N"
    }
  ]
}