{
  "id": "GHSA-244r-fcj3-ghjq",
  "summary": "Exposure of class information in RESTEasy",
  "details": "A flaw was found in RESTEasy in all current versions of RESTEasy up to 4.6.0.Final. The endpoint class and method names are returned as part of the exception response when RESTEasy cannot convert one of the request URI path or query values to the matching JAX-RS resource method's parameter value. The highest threat from this vulnerability is to data confidentiality.",
  "aliases": [
    "CVE-2021-20289"
  ],
  "modified": "2022-03-02T05:21:31.128162Z",
  "published": "2021-04-07T21:51:33Z",
  "database_specific": {
    "github_reviewed": true,
    "severity": "LOW",
    "cwe_ids": [
      "CWE-209",
      "CWE-668"
    ]
  },
  "references": [
    {
      "type": "ADVISORY",
      "url": "https://nvd.nist.gov/vuln/detail/CVE-2021-20289"
    },
    {
      "type": "WEB",
      "url": "https://bugzilla.redhat.com/show_bug.cgi?id=1935927"
    },
    {
      "type": "WEB",
      "url": "https://bugzilla.redhat.com/show_bug.cgi?id=1941544"
    },
    {
      "type": "WEB",
      "url": "https://issues.redhat.com/browse/RESTEASY-2843"
    },
    {
      "type": "WEB",
      "url": "https://security.netapp.com/advisory/ntap-20210528-0008/"
    }
  ],
  "affected": [
    {
      "package": {
        "name": "org.jboss.resteasy:resteasy-core",
        "ecosystem": "Maven",
        "purl": "pkg:maven/org.jboss.resteasy/resteasy-core"
      },
      "ranges": [
        {
          "type": "ECOSYSTEM",
          "events": [
            {
              "introduced": "4.6.0"
            },
            {
              "fixed": "4.6.1"
            }
          ]
        }
      ],
      "versions": [
        "4.6.0.Final",
        "4.6.1.Alpha1",
        "4.6.1.Beta1",
        "4.6.1.Beta2",
        "4.6.1.Beta3",
        "4.6.1.Beta5",
        "4.6.1.Beta6",
        "4.6.1.Beta7",
        "4.6.1.Beta8",
        "4.6.1.Beta9"
      ],
      "database_specific": {
        "source": "https://github.com/github/advisory-database/blob/main/advisories/github-reviewed/2021/04/GHSA-244r-fcj3-ghjq/GHSA-244r-fcj3-ghjq.json"
      }
    },
    {
      "package": {
        "name": "org.jboss.resteasy:resteasy-core",
        "ecosystem": "Maven",
        "purl": "pkg:maven/org.jboss.resteasy/resteasy-core"
      },
      "ranges": [
        {
          "type": "ECOSYSTEM",
          "events": [
            {
              "introduced": "4.0.0"
            },
            {
              "fixed": "4.5.10"
            }
          ]
        }
      ],
      "versions": [
        "4.0.0.Final",
        "4.1.0.Final",
        "4.1.1.Final",
        "4.2.0.Final",
        "4.3.0.Final",
        "4.3.1.Final",
        "4.4.0.CR1",
        "4.4.0.Final",
        "4.4.1.Final",
        "4.4.2.Final",
        "4.4.3.Final",
        "4.5.0.Final",
        "4.5.1.Final",
        "4.5.2.Final",
        "4.5.3.Final",
        "4.5.4.Final",
        "4.5.5.Final",
        "4.5.6.Final",
        "4.5.7.Final",
        "4.5.8.Final",
        "4.5.8.SP1",
        "4.5.9.Final"
      ],
      "database_specific": {
        "source": "https://github.com/github/advisory-database/blob/main/advisories/github-reviewed/2021/04/GHSA-244r-fcj3-ghjq/GHSA-244r-fcj3-ghjq.json"
      }
    },
    {
      "package": {
        "name": "org.jboss.resteasy:resteasy-core",
        "ecosystem": "Maven",
        "purl": "pkg:maven/org.jboss.resteasy/resteasy-core"
      },
      "ranges": [
        {
          "type": "ECOSYSTEM",
          "events": [
            {
              "introduced": "3.0.0"
            },
            {
              "fixed": "3.16.0"
            }
          ]
        }
      ],
      "database_specific": {
        "source": "https://github.com/github/advisory-database/blob/main/advisories/github-reviewed/2021/04/GHSA-244r-fcj3-ghjq/GHSA-244r-fcj3-ghjq.json"
      },
      "versions": []
    }
  ],
  "schema_version": "1.2.0",
  "severity": [
    {
      "type": "CVSS_V3",
      "score": "CVSS:3.1/AV:N/AC:L/PR:N/UI:N/S:U/C:L/I:N/A:N"
    }
  ]
}