{
  "id": "GHSA-5wm5-8q42-rhxg",
  "summary": "File system access via H2 in Apache Ignite",
  "details": "Apache Ignite uses H2 database to build SQL distributed execution engine. H2 provides SQL functions which could be used by attacker to access to a filesystem.",
  "aliases": [
    "CVE-2020-1963"
  ],
  "modified": "2022-03-02T05:21:58.878050Z",
  "published": "2020-06-05T16:11:02Z",
  "database_specific": {
    "github_reviewed": true,
    "severity": "CRITICAL",
    "cwe_ids": [
      "CWE-862"
    ]
  },
  "references": [
    {
      "type": "ADVISORY",
      "url": "https://nvd.nist.gov/vuln/detail/CVE-2020-1963"
    },
    {
      "type": "WEB",
      "url": "https://lists.apache.org/thread.html/r119024ef71c8d39f952df0950a275d09714715179aff544aea0129a3@%3Cuser.ignite.apache.org%3E"
    },
    {
      "type": "WEB",
      "url": "https://lists.apache.org/thread.html/r1933faf8a26c431f38a5f8dbbfab80254454e54e33a79be474b67dc4%40%3Cdev.ignite.apache.org%3E"
    },
    {
      "type": "WEB",
      "url": "https://lists.apache.org/thread.html/rd43ae18588fd7bdb375be63bc95a651aab319ced6306759e1237ce67@%3Cdev.ignite.apache.org%3E"
    },
    {
      "type": "WEB",
      "url": "https://lists.apache.org/thread.html/rdf37011b92a31a67c299ff45655e2638f194fc814e5c6e2fde352884@%3Cdev.ignite.apache.org%3E"
    },
    {
      "type": "WEB",
      "url": "https://lists.apache.org/thread.html/rdf37011b92a31a67c299ff45655e2638f194fc814e5c6e2fde352884@%3Cuser.ignite.apache.org%3E"
    },
    {
      "type": "WEB",
      "url": "https://lists.apache.org/thread.html/re7b43cf8333ee30b6589e465f72a6ed4a082222612d1a0fdd30beb94@%3Cdev.ignite.apache.org%3E"
    },
    {
      "type": "WEB",
      "url": "https://lists.apache.org/thread.html/re7b43cf8333ee30b6589e465f72a6ed4a082222612d1a0fdd30beb94@%3Cuser.ignite.apache.org%3E"
    },
    {
      "type": "WEB",
      "url": "https://lists.apache.org/thread.html/rf032a13a4711f88c0a2c0734eecbee1026cc1b6cde27d16a653f8755@%3Cdev.ignite.apache.org%3E"
    },
    {
      "type": "WEB",
      "url": "https://www.oracle.com/security-alerts/cpujan2022.html"
    },
    {
      "type": "WEB",
      "url": "http://www.openwall.com/lists/oss-security/2020/06/03/2"
    }
  ],
  "affected": [
    {
      "package": {
        "name": "org.apache.ignite:ignite-core",
        "ecosystem": "Maven",
        "purl": "pkg:maven/org.apache.ignite/ignite-core"
      },
      "ranges": [
        {
          "type": "ECOSYSTEM",
          "events": [
            {
              "introduced": "0"
            },
            {
              "fixed": "2.8.1"
            }
          ]
        }
      ],
      "versions": [
        "1.0.0",
        "1.0.0-RC1",
        "1.0.0-RC3",
        "1.1.0-incubating",
        "1.2.0-incubating",
        "1.3.0-incubating",
        "1.4.0",
        "1.5.0-b1",
        "1.5.0.final",
        "1.6.0",
        "1.7.0",
        "1.8.0",
        "1.9.0",
        "2.0.0",
        "2.1.0",
        "2.2.0",
        "2.3.0",
        "2.4.0",
        "2.5.0",
        "2.6.0",
        "2.7.0",
        "2.7.5",
        "2.7.6",
        "2.8.0"
      ],
      "database_specific": {
        "source": "https://github.com/github/advisory-database/blob/main/advisories/github-reviewed/2020/06/GHSA-5wm5-8q42-rhxg/GHSA-5wm5-8q42-rhxg.json"
      }
    }
  ],
  "schema_version": "1.2.0",
  "severity": [
    {
      "type": "CVSS_V3",
      "score": "CVSS:3.1/AV:N/AC:L/PR:N/UI:N/S:U/C:H/I:H/A:N"
    }
  ]
}