{
  "id": "GHSA-878w-7gxp-mc63",
  "summary": "SQL Injection in Spring Cloud Task",
  "details": "In applications using Spring Cloud Task 2.2.4.RELEASE and below, may be vulnerable to SQL injection when exercising certain lookup queries in the TaskExplorer.",
  "aliases": [
    "CVE-2020-5428"
  ],
  "modified": "2022-03-02T05:22:01.145245Z",
  "published": "2022-02-09T22:16:53Z",
  "database_specific": {
    "cwe_ids": [
      "CWE-89"
    ],
    "github_reviewed": true,
    "severity": "MODERATE"
  },
  "references": [
    {
      "type": "ADVISORY",
      "url": "https://nvd.nist.gov/vuln/detail/CVE-2020-5428"
    },
    {
      "type": "WEB",
      "url": "https://tanzu.vmware.com/security/cve-2020-5428"
    }
  ],
  "affected": [
    {
      "package": {
        "name": "org.springframework.cloud:spring-cloud-task-dependencies",
        "ecosystem": "Maven",
        "purl": "pkg:maven/org.springframework.cloud/spring-cloud-task-dependencies"
      },
      "ranges": [
        {
          "type": "ECOSYSTEM",
          "events": [
            {
              "introduced": "0"
            },
            {
              "fixed": "2.2.5"
            }
          ]
        }
      ],
      "versions": [
        "1.0.0.RELEASE",
        "1.0.1.RELEASE",
        "1.0.2.RELEASE",
        "1.0.3.RELEASE",
        "1.1.0.RELEASE",
        "1.1.1.RELEASE",
        "1.1.2.RELEASE",
        "1.2.0.RELEASE",
        "1.2.1.RELEASE",
        "1.2.2.RELEASE",
        "1.2.3.RELEASE",
        "1.2.4.RELEASE",
        "1.3.0.RELEASE",
        "1.3.1.RELEASE",
        "2.0.0.RELEASE",
        "2.0.1.RELEASE",
        "2.0.2.RELEASE",
        "2.1.0.RELEASE",
        "2.1.1.RELEASE",
        "2.1.2.RELEASE",
        "2.1.3.RELEASE",
        "2.1.4.RELEASE",
        "2.2.0.RELEASE",
        "2.2.1.RELEASE",
        "2.2.2.RELEASE",
        "2.2.3.RELEASE",
        "2.2.4.RELEASE"
      ],
      "database_specific": {
        "source": "https://github.com/github/advisory-database/blob/main/advisories/github-reviewed/2022/02/GHSA-878w-7gxp-mc63/GHSA-878w-7gxp-mc63.json"
      }
    }
  ],
  "schema_version": "1.2.0",
  "severity": [
    {
      "type": "CVSS_V3",
      "score": "CVSS:3.1/AV:N/AC:L/PR:H/UI:N/S:U/C:H/I:L/A:L"
    }
  ]
}