{
  "id": "GHSA-338v-3958-8v8r",
  "summary": "Information disclosure in JBoss Weld",
  "details": "Race condition in JBoss Weld before 2.2.8 and 3.x before 3.0.0 Alpha3 allows remote attackers to obtain information from a previous conversation via vectors related to a stale thread state.",
  "aliases": [
    "CVE-2014-8122"
  ],
  "modified": "2022-03-02T05:21:40.329250Z",
  "published": "2020-06-10T20:54:15Z",
  "database_specific": {
    "github_reviewed": true,
    "cwe_ids": [
      "CWE-362"
    ],
    "severity": "MODERATE"
  },
  "references": [
    {
      "type": "ADVISORY",
      "url": "https://nvd.nist.gov/vuln/detail/CVE-2014-8122"
    },
    {
      "type": "WEB",
      "url": "https://github.com/weld/core/commit/29fd1107fd30579ad9bb23fae4dc3ba464205745"
    },
    {
      "type": "WEB",
      "url": "https://github.com/weld/core/commit/6808b11cd6d97c71a2eed754ed4f955acd789086"
    },
    {
      "type": "WEB",
      "url": "https://github.com/weld/core/commit/8e413202fa1af08c09c580f444e4fd16874f9c65"
    },
    {
      "type": "WEB",
      "url": "https://exchange.xforce.ibmcloud.com/vulnerabilities/100892"
    },
    {
      "type": "WEB",
      "url": "https://github.com/victims/victims-cve-db/blob/master/database/java/2014/8122.yaml"
    },
    {
      "type": "WEB",
      "url": "http://rhn.redhat.com/errata/RHSA-2015-0215.html"
    },
    {
      "type": "WEB",
      "url": "http://rhn.redhat.com/errata/RHSA-2015-0216.html"
    },
    {
      "type": "WEB",
      "url": "http://rhn.redhat.com/errata/RHSA-2015-0217.html"
    },
    {
      "type": "WEB",
      "url": "http://rhn.redhat.com/errata/RHSA-2015-0218.html"
    },
    {
      "type": "WEB",
      "url": "http://rhn.redhat.com/errata/RHSA-2015-0675.html"
    },
    {
      "type": "WEB",
      "url": "http://rhn.redhat.com/errata/RHSA-2015-0773.html"
    },
    {
      "type": "WEB",
      "url": "http://rhn.redhat.com/errata/RHSA-2015-0850.html"
    },
    {
      "type": "WEB",
      "url": "http://rhn.redhat.com/errata/RHSA-2015-0851.html"
    },
    {
      "type": "WEB",
      "url": "http://rhn.redhat.com/errata/RHSA-2015-0920.html"
    },
    {
      "type": "WEB",
      "url": "http://www.securityfocus.com/bid/74252"
    },
    {
      "type": "WEB",
      "url": "http://www.securitytracker.com/id/1031741"
    },
    {
      "type": "PACKAGE",
      "url": "https://github.com/weld/core/"
    }
  ],
  "affected": [
    {
      "package": {
        "name": "org.jboss.weld:weld-core-bom",
        "ecosystem": "Maven",
        "purl": "pkg:maven/org.jboss.weld/weld-core-bom"
      },
      "ranges": [
        {
          "type": "ECOSYSTEM",
          "events": [
            {
              "introduced": "0"
            },
            {
              "fixed": "2.2.8"
            }
          ]
        }
      ],
      "versions": [
        "1.0.0",
        "1.0.0-CR1",
        "1.0.0-CR1-SP1",
        "1.0.0-SP3",
        "1.0.0-SP4",
        "1.0.1-CR1",
        "1.0.1-CR2",
        "1.0.1-Final",
        "1.0.1-SP1",
        "1.0.1-SP2",
        "1.0.1-SP3",
        "1.0.1-SP4",
        "1.1.0-01-glassfish",
        "1.1.0.Beta1",
        "1.1.0.Beta2",
        "1.1.0.CR1",
        "1.1.0.CR2",
        "1.1.0.CR3",
        "1.1.0.CR4",
        "1.1.0.Final",
        "1.1.1.Final",
        "1.1.10.Final",
        "1.1.11.Final",
        "1.1.12.Final",
        "1.1.13.Final",
        "1.1.14.Final",
        "1.1.15.Final",
        "1.1.16.Final",
        "1.1.17.Final",
        "1.1.17.SP2",
        "1.1.17.SP3",
        "1.1.18.Final",
        "1.1.19.Final",
        "1.1.2.AS7",
        "1.1.2.Final",
        "1.1.20.Final",
        "1.1.21.Final",
        "1.1.22.Final",
        "1.1.23.Final",
        "1.1.24.Final",
        "1.1.25.Final",
        "1.1.26.Final",
        "1.1.27.Final",
        "1.1.28.Final",
        "1.1.29.Final",
        "1.1.3.Final",
        "1.1.3.SP1",
        "1.1.30.Final",
        "1.1.31.Final",
        "1.1.32.Final",
        "1.1.33.Final",
        "1.1.34.Final",
        "1.1.4.Final",
        "1.1.5.AS71.Final",
        "1.1.5.Final",
        "1.1.6.Final",
        "1.1.7.Final",
        "1.1.8.Final",
        "1.1.9.Final",
        "1.2.0.Beta1",
        "2.0.0.Alpha1",
        "2.0.0.Alpha2",
        "2.0.0.Alpha3",
        "2.0.0.Beta1",
        "2.0.0.Beta2",
        "2.0.0.Beta3",
        "2.0.0.Beta4",
        "2.0.0.Beta5",
        "2.0.0.Beta6",
        "2.0.0.Beta7",
        "2.0.0.Beta8",
        "2.0.0.CR1",
        "2.0.0.CR2",
        "2.0.0.CR3",
        "2.0.0.CR4",
        "2.0.0.Final",
        "2.0.0.SP1",
        "2.0.1.Final",
        "2.0.2.Final",
        "2.0.3.Final",
        "2.0.4.Final",
        "2.0.5.Final",
        "2.1.0.Alpha1",
        "2.1.0.Beta1",
        "2.1.0.Beta2",
        "2.1.0.CR1",
        "2.1.0.Final",
        "2.1.1.Final",
        "2.1.2.Final",
        "2.2.0.Alpha1",
        "2.2.0.Alpha2",
        "2.2.0.Beta1",
        "2.2.0.Beta2",
        "2.2.0.CR1",
        "2.2.0.CR2",
        "2.2.0.Final",
        "2.2.0.SP1",
        "2.2.0.SP2",
        "2.2.1.Final",
        "2.2.2.Final",
        "2.2.3.Final",
        "2.2.4.Final",
        "2.2.5.Final",
        "2.2.6.Final",
        "2.2.7.Final"
      ],
      "database_specific": {
        "source": "https://github.com/github/advisory-database/blob/main/advisories/github-reviewed/2020/06/GHSA-338v-3958-8v8r/GHSA-338v-3958-8v8r.json"
      }
    }
  ],
  "schema_version": "1.2.0"
}