{
  "id": "GHSA-9378-f4v7-jgm4",
  "summary": "Deserialization of Untrusted Data in org.apache.ddlutils:ddlutils",
  "details": "Apache DB DdlUtils 1.0 included a BinaryObjectsHelper that was intended for use when migrating database data with a SQL data type of BINARY, VARBINARY, LONGVARBINARY, or BLOB between databases using the ddlutils features. The BinaryObjectsHelper class was insecure and used ObjectInputStream.readObject without validating that the input data was safe to deserialize. Please note that DdlUtils is no longer being actively developed. To address the insecurity of the BinaryObjectHelper class, the following changes to DdlUtils have been made: (1) BinaryObjectsHelper.java has been deleted from the DdlUtils source repository and the DdlUtils feature of propagating data of SQL binary types is therefore no longer present in DdlUtils; (2) The ddlutils-1.0 release has been removed from the Apache Release Distribution Infrastructure; (3) The DdlUtils web site has been updated to indicate that DdlUtils is now available only as source code, not as a packaged release.",
  "aliases": [
    "CVE-2021-41616"
  ],
  "modified": "2022-03-02T05:21:07.681874Z",
  "published": "2021-10-04T20:12:30Z",
  "database_specific": {
    "github_reviewed": true,
    "severity": "CRITICAL",
    "cwe_ids": [
      "CWE-502"
    ]
  },
  "references": [
    {
      "type": "ADVISORY",
      "url": "https://nvd.nist.gov/vuln/detail/CVE-2021-41616"
    },
    {
      "type": "WEB",
      "url": "https://lists.apache.org/thread.html/r3d7a8303a820144f5e2d1fd0b067e18d419421b58346b53b58d3fa72%40%3Cannounce.apache.org%3E"
    },
    {
      "type": "PACKAGE",
      "url": "https://github.com/apache/ddlutils"
    }
  ],
  "affected": [
    {
      "package": {
        "name": "org.apache.ddlutils:ddlutils",
        "ecosystem": "Maven",
        "purl": "pkg:maven/org.apache.ddlutils/ddlutils"
      },
      "ranges": [
        {
          "type": "ECOSYSTEM",
          "events": [
            {
              "introduced": "0"
            }
          ]
        }
      ],
      "versions": [
        "1.0"
      ],
      "database_specific": {
        "last_known_affected_version_range": "<= 1.0",
        "source": "https://github.com/github/advisory-database/blob/main/advisories/github-reviewed/2021/10/GHSA-9378-f4v7-jgm4/GHSA-9378-f4v7-jgm4.json"
      }
    }
  ],
  "schema_version": "1.2.0",
  "severity": [
    {
      "type": "CVSS_V3",
      "score": "CVSS:3.1/AV:N/AC:L/PR:N/UI:N/S:U/C:H/I:H/A:H"
    }
  ]
}