{
  "id": "GHSA-9vfj-5g7h-4p24",
  "summary": "Server side template injection in Apache Camel",
  "details": "Server-Side Template Injection and arbitrary file disclosure on Camel templating components",
  "aliases": [
    "CVE-2020-11994"
  ],
  "modified": "2022-03-02T05:21:19.978176Z",
  "published": "2020-07-29T18:08:48Z",
  "database_specific": {
    "cwe_ids": [
      "CWE-74"
    ],
    "github_reviewed": true,
    "severity": "HIGH"
  },
  "references": [
    {
      "type": "ADVISORY",
      "url": "https://nvd.nist.gov/vuln/detail/CVE-2020-11994"
    },
    {
      "type": "WEB",
      "url": "https://lists.apache.org/thread.html/d0e00f2e147a9e9b13a6829133092f349b2882bf6860397368a52600@%3Cannounce.tomcat.apache.org%3E"
    },
    {
      "type": "WEB",
      "url": "https://lists.apache.org/thread.html/r0a406dc5a158fe6fab6ee85f6e082a8473c0c346b37db8cc7a4619e6%40%3Cdev.camel.apache.org%3E"
    },
    {
      "type": "WEB",
      "url": "https://snyk.io/vuln/SNYK-JAVA-ORGAPACHECAMEL-575542"
    },
    {
      "type": "WEB",
      "url": "https://www.oracle.com/security-alerts/cpuApr2021.html"
    },
    {
      "type": "WEB",
      "url": "https://www.oracle.com/security-alerts/cpujan2021.html"
    },
    {
      "type": "WEB",
      "url": "https://www.oracle.com/security-alerts/cpuoct2021.html"
    }
  ],
  "affected": [
    {
      "package": {
        "name": "org.apache.camel:camel-robotframework",
        "ecosystem": "Maven",
        "purl": "pkg:maven/org.apache.camel/camel-robotframework"
      },
      "ranges": [
        {
          "type": "ECOSYSTEM",
          "events": [
            {
              "introduced": "0"
            },
            {
              "fixed": "3.4.0"
            }
          ]
        }
      ],
      "versions": [
        "3.0.0",
        "3.0.0-RC2",
        "3.0.0-RC3",
        "3.0.1",
        "3.1.0",
        "3.2.0",
        "3.3.0"
      ],
      "database_specific": {
        "source": "https://github.com/github/advisory-database/blob/main/advisories/github-reviewed/2020/07/GHSA-9vfj-5g7h-4p24/GHSA-9vfj-5g7h-4p24.json"
      }
    }
  ],
  "schema_version": "1.2.0",
  "severity": [
    {
      "type": "CVSS_V3",
      "score": "CVSS:3.1/AV:N/AC:L/PR:N/UI:N/S:U/C:H/I:N/A:N"
    }
  ]
}