{
  "id": "GHSA-4w82-r329-3q67",
  "summary": "Deserialization of Untrusted Data in jackson-databind",
  "details": "FasterXML jackson-databind 2.0.0 through 2.9.10.2 lacks certain xbean-reflect/JNDI blocking, as demonstrated by org.apache.xbean.propertyeditor.JndiConverter.",
  "aliases": [
    "CVE-2020-8840"
  ],
  "modified": "2022-03-02T05:21:54.284796Z",
  "published": "2020-03-04T20:52:14Z",
  "database_specific": {
    "severity": "CRITICAL",
    "github_reviewed": true,
    "cwe_ids": [
      "CWE-502"
    ]
  },
  "references": [
    {
      "type": "ADVISORY",
      "url": "https://nvd.nist.gov/vuln/detail/CVE-2020-8840"
    },
    {
      "type": "WEB",
      "url": "https://github.com/FasterXML/jackson-databind/issues/2620"
    },
    {
      "type": "WEB",
      "url": "https://github.com/FasterXML/jackson-databind/commit/914e7c9f2cb8ce66724bf26a72adc7e958992497"
    },
    {
      "type": "WEB",
      "url": "https://lists.apache.org/thread.html/r078e68a926ea6be12e8404e47f45aabf04bb4668e8265c0de41db6db@%3Ccommits.druid.apache.org%3E"
    },
    {
      "type": "WEB",
      "url": "https://lists.apache.org/thread.html/r1b103833cb5bc8466e24ff0ecc5e75b45a705334ab6a444e64e840a0@%3Cissues.bookkeeper.apache.org%3E"
    },
    {
      "type": "WEB",
      "url": "https://lists.apache.org/thread.html/r1c09b9551f6953dbeca190a4c4b78198cdbb9825fce36f96fe3d8218@%3Cdev.tomee.apache.org%3E"
    },
    {
      "type": "WEB",
      "url": "https://lists.apache.org/thread.html/r1efc776fc6ce3387593deaa94bbdd296733b1b01408a39c8d1ab9e0e@%3Cdev.ranger.apache.org%3E"
    },
    {
      "type": "WEB",
      "url": "https://lists.apache.org/thread.html/r2fa8046bd47fb407ca09b5107a80fa6147ba4ebe879caae5c98b7657@%3Cdev.ranger.apache.org%3E"
    },
    {
      "type": "WEB",
      "url": "https://lists.apache.org/thread.html/r319f19c74e06c201b9d4e8b282a4e4b2da6dcda022fb46f007dd00d3@%3Ccommits.druid.apache.org%3E"
    },
    {
      "type": "WEB",
      "url": "https://lists.apache.org/thread.html/r3539bd3a377991217d724879d239e16e86001c54160076408574e1da@%3Cnotifications.zookeeper.apache.org%3E"
    },
    {
      "type": "WEB",
      "url": "https://lists.apache.org/thread.html/r3d20a2660b36551fd8257d479941782af4a7169582449fac1704bde2@%3Ccommits.druid.apache.org%3E"
    },
    {
      "type": "WEB",
      "url": "https://lists.apache.org/thread.html/r428d068b2a4923f1a5a4f5fc6381b95205cfe7620169d16db78e9c71@%3Cnotifications.zookeeper.apache.org%3E"
    },
    {
      "type": "WEB",
      "url": "https://lists.apache.org/thread.html/r446646c5588b10f5e02409ad580b12f314869009cdfbf844ca395cec@%3Cdev.ranger.apache.org%3E"
    },
    {
      "type": "WEB",
      "url": "https://lists.apache.org/thread.html/r46bebdeb59b8b7212d63a010ca445a9f5c4e9d64dcf693cab6f399d3@%3Ccommits.zookeeper.apache.org%3E"
    },
    {
      "type": "WEB",
      "url": "https://lists.apache.org/thread.html/r5d8bea8e9d17b6efcf4a0e4e194e91ef46a99f505777a31a60da2b38@%3Cdev.ranger.apache.org%3E"
    },
    {
      "type": "WEB",
      "url": "https://lists.apache.org/thread.html/r65ee95fa09c831843bac81eaa582fdddc2b6119912a72d1c83a9b882@%3Cissues.zookeeper.apache.org%3E"
    },
    {
      "type": "WEB",
      "url": "https://lists.apache.org/thread.html/r6fdd4c61a09a0c89f581b4ddb3dc6f154ab0c705fcfd0a7358b2e4e5@%3Cissues.zookeeper.apache.org%3E"
    },
    {
      "type": "WEB",
      "url": "https://lists.apache.org/thread.html/r7762d69e85c58d6948823424017ef4c08f47de077644277fa18cc116@%3Cdev.ranger.apache.org%3E"
    },
    {
      "type": "WEB",
      "url": "https://lists.apache.org/thread.html/r7e5c10534ed06bf805473ac85e8412fe3908a8fa4cabf5027bf11220@%3Cdev.kafka.apache.org%3E"
    },
    {
      "type": "WEB",
      "url": "https://lists.apache.org/thread.html/r8170007fd9b263d65b37d92a7b5d7bc357aedbb113a32838bc4a9485@%3Cissues.zookeeper.apache.org%3E"
    },
    {
      "type": "WEB",
      "url": "https://lists.apache.org/thread.html/r8e96c340004b7898cad3204ea51280ef6e4b553a684e1452bf1b18b1@%3Cjira.kafka.apache.org%3E"
    },
    {
      "type": "WEB",
      "url": "https://lists.apache.org/thread.html/r94930e39b60fff236160c1c4110fe884dc093044b067aa5fc98d7ee1@%3Cdev.ranger.apache.org%3E"
    },
    {
      "type": "WEB",
      "url": "https://lists.apache.org/thread.html/r9e59ebaf76fd00b2fa3ff5ebf18fe075ca9f4376216612c696f76718@%3Cdev.ranger.apache.org%3E"
    },
    {
      "type": "WEB",
      "url": "https://lists.apache.org/thread.html/r9ecf211c22760b00967ebe158c6ed7dba9142078e2a630ab8904a5b7@%3Cdev.zookeeper.apache.org%3E"
    },
    {
      "type": "WEB",
      "url": "https://lists.apache.org/thread.html/ra275f29615f35d5b40106d1582a41e5388b2a5131564e9e01a572987@%3Cdev.ranger.apache.org%3E"
    },
    {
      "type": "WEB",
      "url": "https://lists.apache.org/thread.html/rac5ee5d686818be7e7c430d35108ee01a88aae54f832d32f62431fd1@%3Cnotifications.zookeeper.apache.org%3E"
    },
    {
      "type": "WEB",
      "url": "https://lists.apache.org/thread.html/rb43f9a65150948a6bebd3cb77ee3e105d40db2820fd547528f4e7f89@%3Cissues.zookeeper.apache.org%3E"
    },
    {
      "type": "WEB",
      "url": "https://lists.apache.org/thread.html/rb5eedf90ba3633e171a2ffdfe484651c9490dc5df74c8a29244cbc0e@%3Ccommits.zookeeper.apache.org%3E"
    },
    {
      "type": "WEB",
      "url": "https://lists.apache.org/thread.html/rb73708bf714ed6dbc1212da082e7703e586077f0c92f3940b2e82caf@%3Cdev.ranger.apache.org%3E"
    },
    {
      "type": "WEB",
      "url": "https://lists.apache.org/thread.html/rb99c7321eba5d4c907beec46675d52827528b738cfafd48eb4d862f1@%3Cdev.tomee.apache.org%3E"
    },
    {
      "type": "WEB",
      "url": "https://lists.apache.org/thread.html/rc068e824654c4b8bd4f2490bec869e29edbfcd5dfe02d47cbf7433b2@%3Cdev.tomee.apache.org%3E"
    },
    {
      "type": "WEB",
      "url": "https://lists.apache.org/thread.html/rc717fd6c65190f4e592345713f9ef0723fb7d71f624caa2a17caa26a@%3Cdev.ranger.apache.org%3E"
    },
    {
      "type": "WEB",
      "url": "https://lists.apache.org/thread.html/rcc72b497e3dff2dc62ec9b89ceb90bc4e1b14fc56c3c252a6fcbb013@%3Cdev.ranger.apache.org%3E"
    },
    {
      "type": "WEB",
      "url": "https://lists.apache.org/thread.html/rdea588d4a0ebf9cb7ce8c3a8f18d0d306507c4f8ba178dd3d20207b8@%3Cdev.tomee.apache.org%3E"
    },
    {
      "type": "WEB",
      "url": "https://lists.apache.org/thread.html/rdf311f13e6356297e0ffe74397fdd25a3687b0a16e687c3ff5b834d8@%3Cdev.ranger.apache.org%3E"
    },
    {
      "type": "WEB",
      "url": "https://lists.apache.org/thread.html/rdf8d389271a291dde3b2f99c36918d6cb1e796958af626cc140fee23@%3Ccommits.zookeeper.apache.org%3E"
    },
    {
      "type": "WEB",
      "url": "https://lists.apache.org/thread.html/re7326b8655eab931f2a9ce074fd9a1a51b5db11456bee9b48e1e170c@%3Cissues.zookeeper.apache.org%3E"
    },
    {
      "type": "WEB",
      "url": "https://lists.apache.org/thread.html/re8ae2670ec456ef1c5a2a661a2838ab2cd00e9efa1e88c069f546f21@%3Ccommits.zookeeper.apache.org%3E"
    },
    {
      "type": "WEB",
      "url": "https://lists.apache.org/thread.html/rf1bbc0ea4a9f014cf94df9a12a6477d24a27f52741dbc87f2fd52ff2@%3Cissues.geode.apache.org%3E"
    },
    {
      "type": "WEB",
      "url": "https://lists.apache.org/thread.html/rf28ab6f224b48452afd567dfffb705fbda0fdbbf6535f6bc69d47e91@%3Cdev.ranger.apache.org%3E"
    },
    {
      "type": "WEB",
      "url": "https://lists.apache.org/thread.html/rfc1ccfe89332155b72ce17f13a2701d3e7b9ec213324ceb90e79a28a@%3Cdev.ranger.apache.org%3E"
    },
    {
      "type": "WEB",
      "url": "https://lists.debian.org/debian-lts-announce/2020/02/msg00020.html"
    },
    {
      "type": "WEB",
      "url": "https://security.netapp.com/advisory/ntap-20200327-0002/"
    },
    {
      "type": "WEB",
      "url": "https://www.oracle.com/security-alerts/cpuapr2020.html"
    },
    {
      "type": "WEB",
      "url": "https://www.oracle.com/security-alerts/cpuoct2020.html"
    },
    {
      "type": "WEB",
      "url": "http://www.huawei.com/en/psirt/security-advisories/huawei-sa-20200610-01-fastjason-en"
    }
  ],
  "affected": [
    {
      "package": {
        "name": "com.fasterxml.jackson.core:jackson-databind",
        "ecosystem": "Maven",
        "purl": "pkg:maven/com.fasterxml.jackson.core/jackson-databind"
      },
      "ranges": [
        {
          "type": "ECOSYSTEM",
          "events": [
            {
              "introduced": "2.0.0"
            }
          ]
        }
      ],
      "versions": [
        "2.0.0",
        "2.0.1",
        "2.0.2",
        "2.0.4",
        "2.0.5",
        "2.0.6",
        "2.1.0",
        "2.1.1",
        "2.1.2",
        "2.1.3",
        "2.1.4",
        "2.1.5",
        "2.10.0",
        "2.10.0.pr1",
        "2.10.0.pr2",
        "2.10.0.pr3",
        "2.10.1",
        "2.10.2",
        "2.10.3",
        "2.10.4",
        "2.10.5",
        "2.10.5.1",
        "2.11.0",
        "2.11.0.rc1",
        "2.11.1",
        "2.11.2",
        "2.11.3",
        "2.11.4",
        "2.12.0",
        "2.12.0-rc1",
        "2.12.0-rc2",
        "2.12.1",
        "2.12.2",
        "2.12.3",
        "2.12.4",
        "2.12.5",
        "2.12.6",
        "2.13.0",
        "2.13.0-rc1",
        "2.13.0-rc2",
        "2.13.1",
        "2.2.0",
        "2.2.0-rc1",
        "2.2.1",
        "2.2.2",
        "2.2.3",
        "2.2.4",
        "2.3.0",
        "2.3.0-rc1",
        "2.3.1",
        "2.3.2",
        "2.3.3",
        "2.3.4",
        "2.3.5",
        "2.4.0",
        "2.4.0-rc1",
        "2.4.0-rc2",
        "2.4.0-rc3",
        "2.4.1",
        "2.4.1.1",
        "2.4.1.2",
        "2.4.1.3",
        "2.4.2",
        "2.4.3",
        "2.4.4",
        "2.4.5",
        "2.4.5.1",
        "2.4.6",
        "2.4.6.1",
        "2.5.0",
        "2.5.0-rc1",
        "2.5.1",
        "2.5.2",
        "2.5.3",
        "2.5.4",
        "2.5.5",
        "2.6.0",
        "2.6.0-rc1",
        "2.6.0-rc2",
        "2.6.0-rc3",
        "2.6.0-rc4",
        "2.6.1",
        "2.6.2",
        "2.6.3",
        "2.6.4",
        "2.6.5",
        "2.6.6",
        "2.6.7",
        "2.6.7.1",
        "2.6.7.2",
        "2.6.7.3",
        "2.6.7.4",
        "2.6.7.5",
        "2.7.0",
        "2.7.0-rc1",
        "2.7.0-rc2",
        "2.7.0-rc3",
        "2.7.1",
        "2.7.1-1",
        "2.7.2",
        "2.7.3",
        "2.7.4",
        "2.7.5",
        "2.7.6",
        "2.7.7",
        "2.7.8",
        "2.7.9",
        "2.7.9.1",
        "2.7.9.2",
        "2.7.9.3",
        "2.7.9.4",
        "2.7.9.5",
        "2.7.9.6",
        "2.7.9.7",
        "2.8.0",
        "2.8.0.rc1",
        "2.8.0.rc2",
        "2.8.1",
        "2.8.10",
        "2.8.11",
        "2.8.11.1",
        "2.8.11.2",
        "2.8.11.3",
        "2.8.11.4",
        "2.8.11.5",
        "2.8.11.6",
        "2.8.2",
        "2.8.3",
        "2.8.4",
        "2.8.5",
        "2.8.6",
        "2.8.7",
        "2.8.8",
        "2.8.8.1",
        "2.8.9",
        "2.9.0",
        "2.9.0.pr1",
        "2.9.0.pr2",
        "2.9.0.pr3",
        "2.9.0.pr4",
        "2.9.1",
        "2.9.10",
        "2.9.10.1",
        "2.9.10.2",
        "2.9.10.3",
        "2.9.10.4",
        "2.9.10.5",
        "2.9.10.6",
        "2.9.10.7",
        "2.9.10.8",
        "2.9.2",
        "2.9.3",
        "2.9.4",
        "2.9.5",
        "2.9.6",
        "2.9.7",
        "2.9.8",
        "2.9.9",
        "2.9.9.1",
        "2.9.9.2",
        "2.9.9.3"
      ],
      "database_specific": {
        "last_known_affected_version_range": "<= 2.0.6",
        "source": "https://github.com/github/advisory-database/blob/main/advisories/github-reviewed/2020/03/GHSA-4w82-r329-3q67/GHSA-4w82-r329-3q67.json"
      }
    },
    {
      "package": {
        "name": "com.fasterxml.jackson.core:jackson-databind",
        "ecosystem": "Maven",
        "purl": "pkg:maven/com.fasterxml.jackson.core/jackson-databind"
      },
      "ranges": [
        {
          "type": "ECOSYSTEM",
          "events": [
            {
              "introduced": "2.1.0"
            }
          ]
        }
      ],
      "versions": [
        "2.1.0",
        "2.1.1",
        "2.1.2",
        "2.1.3",
        "2.1.4",
        "2.1.5",
        "2.10.0",
        "2.10.0.pr1",
        "2.10.0.pr2",
        "2.10.0.pr3",
        "2.10.1",
        "2.10.2",
        "2.10.3",
        "2.10.4",
        "2.10.5",
        "2.10.5.1",
        "2.11.0",
        "2.11.0.rc1",
        "2.11.1",
        "2.11.2",
        "2.11.3",
        "2.11.4",
        "2.12.0",
        "2.12.0-rc1",
        "2.12.0-rc2",
        "2.12.1",
        "2.12.2",
        "2.12.3",
        "2.12.4",
        "2.12.5",
        "2.12.6",
        "2.13.0",
        "2.13.0-rc1",
        "2.13.0-rc2",
        "2.13.1",
        "2.2.0",
        "2.2.0-rc1",
        "2.2.1",
        "2.2.2",
        "2.2.3",
        "2.2.4",
        "2.3.0",
        "2.3.0-rc1",
        "2.3.1",
        "2.3.2",
        "2.3.3",
        "2.3.4",
        "2.3.5",
        "2.4.0",
        "2.4.0-rc1",
        "2.4.0-rc2",
        "2.4.0-rc3",
        "2.4.1",
        "2.4.1.1",
        "2.4.1.2",
        "2.4.1.3",
        "2.4.2",
        "2.4.3",
        "2.4.4",
        "2.4.5",
        "2.4.5.1",
        "2.4.6",
        "2.4.6.1",
        "2.5.0",
        "2.5.0-rc1",
        "2.5.1",
        "2.5.2",
        "2.5.3",
        "2.5.4",
        "2.5.5",
        "2.6.0",
        "2.6.0-rc1",
        "2.6.0-rc2",
        "2.6.0-rc3",
        "2.6.0-rc4",
        "2.6.1",
        "2.6.2",
        "2.6.3",
        "2.6.4",
        "2.6.5",
        "2.6.6",
        "2.6.7",
        "2.6.7.1",
        "2.6.7.2",
        "2.6.7.3",
        "2.6.7.4",
        "2.6.7.5",
        "2.7.0",
        "2.7.0-rc1",
        "2.7.0-rc2",
        "2.7.0-rc3",
        "2.7.1",
        "2.7.1-1",
        "2.7.2",
        "2.7.3",
        "2.7.4",
        "2.7.5",
        "2.7.6",
        "2.7.7",
        "2.7.8",
        "2.7.9",
        "2.7.9.1",
        "2.7.9.2",
        "2.7.9.3",
        "2.7.9.4",
        "2.7.9.5",
        "2.7.9.6",
        "2.7.9.7",
        "2.8.0",
        "2.8.0.rc1",
        "2.8.0.rc2",
        "2.8.1",
        "2.8.10",
        "2.8.11",
        "2.8.11.1",
        "2.8.11.2",
        "2.8.11.3",
        "2.8.11.4",
        "2.8.11.5",
        "2.8.11.6",
        "2.8.2",
        "2.8.3",
        "2.8.4",
        "2.8.5",
        "2.8.6",
        "2.8.7",
        "2.8.8",
        "2.8.8.1",
        "2.8.9",
        "2.9.0",
        "2.9.0.pr1",
        "2.9.0.pr2",
        "2.9.0.pr3",
        "2.9.0.pr4",
        "2.9.1",
        "2.9.10",
        "2.9.10.1",
        "2.9.10.2",
        "2.9.10.3",
        "2.9.10.4",
        "2.9.10.5",
        "2.9.10.6",
        "2.9.10.7",
        "2.9.10.8",
        "2.9.2",
        "2.9.3",
        "2.9.4",
        "2.9.5",
        "2.9.6",
        "2.9.7",
        "2.9.8",
        "2.9.9",
        "2.9.9.1",
        "2.9.9.2",
        "2.9.9.3"
      ],
      "database_specific": {
        "last_known_affected_version_range": "<= 2.1.5",
        "source": "https://github.com/github/advisory-database/blob/main/advisories/github-reviewed/2020/03/GHSA-4w82-r329-3q67/GHSA-4w82-r329-3q67.json"
      }
    },
    {
      "package": {
        "name": "com.fasterxml.jackson.core:jackson-databind",
        "ecosystem": "Maven",
        "purl": "pkg:maven/com.fasterxml.jackson.core/jackson-databind"
      },
      "ranges": [
        {
          "type": "ECOSYSTEM",
          "events": [
            {
              "introduced": "2.2.0"
            }
          ]
        }
      ],
      "versions": [
        "2.10.0",
        "2.10.0.pr1",
        "2.10.0.pr2",
        "2.10.0.pr3",
        "2.10.1",
        "2.10.2",
        "2.10.3",
        "2.10.4",
        "2.10.5",
        "2.10.5.1",
        "2.11.0",
        "2.11.0.rc1",
        "2.11.1",
        "2.11.2",
        "2.11.3",
        "2.11.4",
        "2.12.0",
        "2.12.0-rc1",
        "2.12.0-rc2",
        "2.12.1",
        "2.12.2",
        "2.12.3",
        "2.12.4",
        "2.12.5",
        "2.12.6",
        "2.13.0",
        "2.13.0-rc1",
        "2.13.0-rc2",
        "2.13.1",
        "2.2.0",
        "2.2.1",
        "2.2.2",
        "2.2.3",
        "2.2.4",
        "2.3.0",
        "2.3.0-rc1",
        "2.3.1",
        "2.3.2",
        "2.3.3",
        "2.3.4",
        "2.3.5",
        "2.4.0",
        "2.4.0-rc1",
        "2.4.0-rc2",
        "2.4.0-rc3",
        "2.4.1",
        "2.4.1.1",
        "2.4.1.2",
        "2.4.1.3",
        "2.4.2",
        "2.4.3",
        "2.4.4",
        "2.4.5",
        "2.4.5.1",
        "2.4.6",
        "2.4.6.1",
        "2.5.0",
        "2.5.0-rc1",
        "2.5.1",
        "2.5.2",
        "2.5.3",
        "2.5.4",
        "2.5.5",
        "2.6.0",
        "2.6.0-rc1",
        "2.6.0-rc2",
        "2.6.0-rc3",
        "2.6.0-rc4",
        "2.6.1",
        "2.6.2",
        "2.6.3",
        "2.6.4",
        "2.6.5",
        "2.6.6",
        "2.6.7",
        "2.6.7.1",
        "2.6.7.2",
        "2.6.7.3",
        "2.6.7.4",
        "2.6.7.5",
        "2.7.0",
        "2.7.0-rc1",
        "2.7.0-rc2",
        "2.7.0-rc3",
        "2.7.1",
        "2.7.1-1",
        "2.7.2",
        "2.7.3",
        "2.7.4",
        "2.7.5",
        "2.7.6",
        "2.7.7",
        "2.7.8",
        "2.7.9",
        "2.7.9.1",
        "2.7.9.2",
        "2.7.9.3",
        "2.7.9.4",
        "2.7.9.5",
        "2.7.9.6",
        "2.7.9.7",
        "2.8.0",
        "2.8.0.rc1",
        "2.8.0.rc2",
        "2.8.1",
        "2.8.10",
        "2.8.11",
        "2.8.11.1",
        "2.8.11.2",
        "2.8.11.3",
        "2.8.11.4",
        "2.8.11.5",
        "2.8.11.6",
        "2.8.2",
        "2.8.3",
        "2.8.4",
        "2.8.5",
        "2.8.6",
        "2.8.7",
        "2.8.8",
        "2.8.8.1",
        "2.8.9",
        "2.9.0",
        "2.9.0.pr1",
        "2.9.0.pr2",
        "2.9.0.pr3",
        "2.9.0.pr4",
        "2.9.1",
        "2.9.10",
        "2.9.10.1",
        "2.9.10.2",
        "2.9.10.3",
        "2.9.10.4",
        "2.9.10.5",
        "2.9.10.6",
        "2.9.10.7",
        "2.9.10.8",
        "2.9.2",
        "2.9.3",
        "2.9.4",
        "2.9.5",
        "2.9.6",
        "2.9.7",
        "2.9.8",
        "2.9.9",
        "2.9.9.1",
        "2.9.9.2",
        "2.9.9.3"
      ],
      "database_specific": {
        "source": "https://github.com/github/advisory-database/blob/main/advisories/github-reviewed/2020/03/GHSA-4w82-r329-3q67/GHSA-4w82-r329-3q67.json",
        "last_known_affected_version_range": "<= 2.2.4"
      }
    },
    {
      "package": {
        "name": "com.fasterxml.jackson.core:jackson-databind",
        "ecosystem": "Maven",
        "purl": "pkg:maven/com.fasterxml.jackson.core/jackson-databind"
      },
      "ranges": [
        {
          "type": "ECOSYSTEM",
          "events": [
            {
              "introduced": "2.3.0"
            }
          ]
        }
      ],
      "versions": [
        "2.10.0",
        "2.10.0.pr1",
        "2.10.0.pr2",
        "2.10.0.pr3",
        "2.10.1",
        "2.10.2",
        "2.10.3",
        "2.10.4",
        "2.10.5",
        "2.10.5.1",
        "2.11.0",
        "2.11.0.rc1",
        "2.11.1",
        "2.11.2",
        "2.11.3",
        "2.11.4",
        "2.12.0",
        "2.12.0-rc1",
        "2.12.0-rc2",
        "2.12.1",
        "2.12.2",
        "2.12.3",
        "2.12.4",
        "2.12.5",
        "2.12.6",
        "2.13.0",
        "2.13.0-rc1",
        "2.13.0-rc2",
        "2.13.1",
        "2.3.0",
        "2.3.1",
        "2.3.2",
        "2.3.3",
        "2.3.4",
        "2.3.5",
        "2.4.0",
        "2.4.0-rc1",
        "2.4.0-rc2",
        "2.4.0-rc3",
        "2.4.1",
        "2.4.1.1",
        "2.4.1.2",
        "2.4.1.3",
        "2.4.2",
        "2.4.3",
        "2.4.4",
        "2.4.5",
        "2.4.5.1",
        "2.4.6",
        "2.4.6.1",
        "2.5.0",
        "2.5.0-rc1",
        "2.5.1",
        "2.5.2",
        "2.5.3",
        "2.5.4",
        "2.5.5",
        "2.6.0",
        "2.6.0-rc1",
        "2.6.0-rc2",
        "2.6.0-rc3",
        "2.6.0-rc4",
        "2.6.1",
        "2.6.2",
        "2.6.3",
        "2.6.4",
        "2.6.5",
        "2.6.6",
        "2.6.7",
        "2.6.7.1",
        "2.6.7.2",
        "2.6.7.3",
        "2.6.7.4",
        "2.6.7.5",
        "2.7.0",
        "2.7.0-rc1",
        "2.7.0-rc2",
        "2.7.0-rc3",
        "2.7.1",
        "2.7.1-1",
        "2.7.2",
        "2.7.3",
        "2.7.4",
        "2.7.5",
        "2.7.6",
        "2.7.7",
        "2.7.8",
        "2.7.9",
        "2.7.9.1",
        "2.7.9.2",
        "2.7.9.3",
        "2.7.9.4",
        "2.7.9.5",
        "2.7.9.6",
        "2.7.9.7",
        "2.8.0",
        "2.8.0.rc1",
        "2.8.0.rc2",
        "2.8.1",
        "2.8.10",
        "2.8.11",
        "2.8.11.1",
        "2.8.11.2",
        "2.8.11.3",
        "2.8.11.4",
        "2.8.11.5",
        "2.8.11.6",
        "2.8.2",
        "2.8.3",
        "2.8.4",
        "2.8.5",
        "2.8.6",
        "2.8.7",
        "2.8.8",
        "2.8.8.1",
        "2.8.9",
        "2.9.0",
        "2.9.0.pr1",
        "2.9.0.pr2",
        "2.9.0.pr3",
        "2.9.0.pr4",
        "2.9.1",
        "2.9.10",
        "2.9.10.1",
        "2.9.10.2",
        "2.9.10.3",
        "2.9.10.4",
        "2.9.10.5",
        "2.9.10.6",
        "2.9.10.7",
        "2.9.10.8",
        "2.9.2",
        "2.9.3",
        "2.9.4",
        "2.9.5",
        "2.9.6",
        "2.9.7",
        "2.9.8",
        "2.9.9",
        "2.9.9.1",
        "2.9.9.2",
        "2.9.9.3"
      ],
      "database_specific": {
        "last_known_affected_version_range": "<= 2.3.5",
        "source": "https://github.com/github/advisory-database/blob/main/advisories/github-reviewed/2020/03/GHSA-4w82-r329-3q67/GHSA-4w82-r329-3q67.json"
      }
    },
    {
      "package": {
        "name": "com.fasterxml.jackson.core:jackson-databind",
        "ecosystem": "Maven",
        "purl": "pkg:maven/com.fasterxml.jackson.core/jackson-databind"
      },
      "ranges": [
        {
          "type": "ECOSYSTEM",
          "events": [
            {
              "introduced": "2.4.0"
            }
          ]
        }
      ],
      "versions": [
        "2.10.0",
        "2.10.0.pr1",
        "2.10.0.pr2",
        "2.10.0.pr3",
        "2.10.1",
        "2.10.2",
        "2.10.3",
        "2.10.4",
        "2.10.5",
        "2.10.5.1",
        "2.11.0",
        "2.11.0.rc1",
        "2.11.1",
        "2.11.2",
        "2.11.3",
        "2.11.4",
        "2.12.0",
        "2.12.0-rc1",
        "2.12.0-rc2",
        "2.12.1",
        "2.12.2",
        "2.12.3",
        "2.12.4",
        "2.12.5",
        "2.12.6",
        "2.13.0",
        "2.13.0-rc1",
        "2.13.0-rc2",
        "2.13.1",
        "2.4.0",
        "2.4.1",
        "2.4.1.1",
        "2.4.1.2",
        "2.4.1.3",
        "2.4.2",
        "2.4.3",
        "2.4.4",
        "2.4.5",
        "2.4.5.1",
        "2.4.6",
        "2.4.6.1",
        "2.5.0",
        "2.5.0-rc1",
        "2.5.1",
        "2.5.2",
        "2.5.3",
        "2.5.4",
        "2.5.5",
        "2.6.0",
        "2.6.0-rc1",
        "2.6.0-rc2",
        "2.6.0-rc3",
        "2.6.0-rc4",
        "2.6.1",
        "2.6.2",
        "2.6.3",
        "2.6.4",
        "2.6.5",
        "2.6.6",
        "2.6.7",
        "2.6.7.1",
        "2.6.7.2",
        "2.6.7.3",
        "2.6.7.4",
        "2.6.7.5",
        "2.7.0",
        "2.7.0-rc1",
        "2.7.0-rc2",
        "2.7.0-rc3",
        "2.7.1",
        "2.7.1-1",
        "2.7.2",
        "2.7.3",
        "2.7.4",
        "2.7.5",
        "2.7.6",
        "2.7.7",
        "2.7.8",
        "2.7.9",
        "2.7.9.1",
        "2.7.9.2",
        "2.7.9.3",
        "2.7.9.4",
        "2.7.9.5",
        "2.7.9.6",
        "2.7.9.7",
        "2.8.0",
        "2.8.0.rc1",
        "2.8.0.rc2",
        "2.8.1",
        "2.8.10",
        "2.8.11",
        "2.8.11.1",
        "2.8.11.2",
        "2.8.11.3",
        "2.8.11.4",
        "2.8.11.5",
        "2.8.11.6",
        "2.8.2",
        "2.8.3",
        "2.8.4",
        "2.8.5",
        "2.8.6",
        "2.8.7",
        "2.8.8",
        "2.8.8.1",
        "2.8.9",
        "2.9.0",
        "2.9.0.pr1",
        "2.9.0.pr2",
        "2.9.0.pr3",
        "2.9.0.pr4",
        "2.9.1",
        "2.9.10",
        "2.9.10.1",
        "2.9.10.2",
        "2.9.10.3",
        "2.9.10.4",
        "2.9.10.5",
        "2.9.10.6",
        "2.9.10.7",
        "2.9.10.8",
        "2.9.2",
        "2.9.3",
        "2.9.4",
        "2.9.5",
        "2.9.6",
        "2.9.7",
        "2.9.8",
        "2.9.9",
        "2.9.9.1",
        "2.9.9.2",
        "2.9.9.3"
      ],
      "database_specific": {
        "last_known_affected_version_range": "<= 2.4.6.1",
        "source": "https://github.com/github/advisory-database/blob/main/advisories/github-reviewed/2020/03/GHSA-4w82-r329-3q67/GHSA-4w82-r329-3q67.json"
      }
    },
    {
      "package": {
        "name": "com.fasterxml.jackson.core:jackson-databind",
        "ecosystem": "Maven",
        "purl": "pkg:maven/com.fasterxml.jackson.core/jackson-databind"
      },
      "ranges": [
        {
          "type": "ECOSYSTEM",
          "events": [
            {
              "introduced": "2.5.0"
            }
          ]
        }
      ],
      "versions": [
        "2.10.0",
        "2.10.0.pr1",
        "2.10.0.pr2",
        "2.10.0.pr3",
        "2.10.1",
        "2.10.2",
        "2.10.3",
        "2.10.4",
        "2.10.5",
        "2.10.5.1",
        "2.11.0",
        "2.11.0.rc1",
        "2.11.1",
        "2.11.2",
        "2.11.3",
        "2.11.4",
        "2.12.0",
        "2.12.0-rc1",
        "2.12.0-rc2",
        "2.12.1",
        "2.12.2",
        "2.12.3",
        "2.12.4",
        "2.12.5",
        "2.12.6",
        "2.13.0",
        "2.13.0-rc1",
        "2.13.0-rc2",
        "2.13.1",
        "2.5.0",
        "2.5.1",
        "2.5.2",
        "2.5.3",
        "2.5.4",
        "2.5.5",
        "2.6.0",
        "2.6.0-rc1",
        "2.6.0-rc2",
        "2.6.0-rc3",
        "2.6.0-rc4",
        "2.6.1",
        "2.6.2",
        "2.6.3",
        "2.6.4",
        "2.6.5",
        "2.6.6",
        "2.6.7",
        "2.6.7.1",
        "2.6.7.2",
        "2.6.7.3",
        "2.6.7.4",
        "2.6.7.5",
        "2.7.0",
        "2.7.0-rc1",
        "2.7.0-rc2",
        "2.7.0-rc3",
        "2.7.1",
        "2.7.1-1",
        "2.7.2",
        "2.7.3",
        "2.7.4",
        "2.7.5",
        "2.7.6",
        "2.7.7",
        "2.7.8",
        "2.7.9",
        "2.7.9.1",
        "2.7.9.2",
        "2.7.9.3",
        "2.7.9.4",
        "2.7.9.5",
        "2.7.9.6",
        "2.7.9.7",
        "2.8.0",
        "2.8.0.rc1",
        "2.8.0.rc2",
        "2.8.1",
        "2.8.10",
        "2.8.11",
        "2.8.11.1",
        "2.8.11.2",
        "2.8.11.3",
        "2.8.11.4",
        "2.8.11.5",
        "2.8.11.6",
        "2.8.2",
        "2.8.3",
        "2.8.4",
        "2.8.5",
        "2.8.6",
        "2.8.7",
        "2.8.8",
        "2.8.8.1",
        "2.8.9",
        "2.9.0",
        "2.9.0.pr1",
        "2.9.0.pr2",
        "2.9.0.pr3",
        "2.9.0.pr4",
        "2.9.1",
        "2.9.10",
        "2.9.10.1",
        "2.9.10.2",
        "2.9.10.3",
        "2.9.10.4",
        "2.9.10.5",
        "2.9.10.6",
        "2.9.10.7",
        "2.9.10.8",
        "2.9.2",
        "2.9.3",
        "2.9.4",
        "2.9.5",
        "2.9.6",
        "2.9.7",
        "2.9.8",
        "2.9.9",
        "2.9.9.1",
        "2.9.9.2",
        "2.9.9.3"
      ],
      "database_specific": {
        "source": "https://github.com/github/advisory-database/blob/main/advisories/github-reviewed/2020/03/GHSA-4w82-r329-3q67/GHSA-4w82-r329-3q67.json",
        "last_known_affected_version_range": "<= 2.5.5"
      }
    },
    {
      "package": {
        "name": "com.fasterxml.jackson.core:jackson-databind",
        "ecosystem": "Maven",
        "purl": "pkg:maven/com.fasterxml.jackson.core/jackson-databind"
      },
      "ranges": [
        {
          "type": "ECOSYSTEM",
          "events": [
            {
              "introduced": "2.6.0"
            }
          ]
        }
      ],
      "versions": [
        "2.10.0",
        "2.10.0.pr1",
        "2.10.0.pr2",
        "2.10.0.pr3",
        "2.10.1",
        "2.10.2",
        "2.10.3",
        "2.10.4",
        "2.10.5",
        "2.10.5.1",
        "2.11.0",
        "2.11.0.rc1",
        "2.11.1",
        "2.11.2",
        "2.11.3",
        "2.11.4",
        "2.12.0",
        "2.12.0-rc1",
        "2.12.0-rc2",
        "2.12.1",
        "2.12.2",
        "2.12.3",
        "2.12.4",
        "2.12.5",
        "2.12.6",
        "2.13.0",
        "2.13.0-rc1",
        "2.13.0-rc2",
        "2.13.1",
        "2.6.0",
        "2.6.1",
        "2.6.2",
        "2.6.3",
        "2.6.4",
        "2.6.5",
        "2.6.6",
        "2.6.7",
        "2.6.7.1",
        "2.6.7.2",
        "2.6.7.3",
        "2.6.7.4",
        "2.6.7.5",
        "2.7.0",
        "2.7.0-rc1",
        "2.7.0-rc2",
        "2.7.0-rc3",
        "2.7.1",
        "2.7.1-1",
        "2.7.2",
        "2.7.3",
        "2.7.4",
        "2.7.5",
        "2.7.6",
        "2.7.7",
        "2.7.8",
        "2.7.9",
        "2.7.9.1",
        "2.7.9.2",
        "2.7.9.3",
        "2.7.9.4",
        "2.7.9.5",
        "2.7.9.6",
        "2.7.9.7",
        "2.8.0",
        "2.8.0.rc1",
        "2.8.0.rc2",
        "2.8.1",
        "2.8.10",
        "2.8.11",
        "2.8.11.1",
        "2.8.11.2",
        "2.8.11.3",
        "2.8.11.4",
        "2.8.11.5",
        "2.8.11.6",
        "2.8.2",
        "2.8.3",
        "2.8.4",
        "2.8.5",
        "2.8.6",
        "2.8.7",
        "2.8.8",
        "2.8.8.1",
        "2.8.9",
        "2.9.0",
        "2.9.0.pr1",
        "2.9.0.pr2",
        "2.9.0.pr3",
        "2.9.0.pr4",
        "2.9.1",
        "2.9.10",
        "2.9.10.1",
        "2.9.10.2",
        "2.9.10.3",
        "2.9.10.4",
        "2.9.10.5",
        "2.9.10.6",
        "2.9.10.7",
        "2.9.10.8",
        "2.9.2",
        "2.9.3",
        "2.9.4",
        "2.9.5",
        "2.9.6",
        "2.9.7",
        "2.9.8",
        "2.9.9",
        "2.9.9.1",
        "2.9.9.2",
        "2.9.9.3"
      ],
      "database_specific": {
        "source": "https://github.com/github/advisory-database/blob/main/advisories/github-reviewed/2020/03/GHSA-4w82-r329-3q67/GHSA-4w82-r329-3q67.json",
        "last_known_affected_version_range": "<= 2.6.7.3"
      }
    },
    {
      "package": {
        "name": "com.fasterxml.jackson.core:jackson-databind",
        "ecosystem": "Maven",
        "purl": "pkg:maven/com.fasterxml.jackson.core/jackson-databind"
      },
      "ranges": [
        {
          "type": "ECOSYSTEM",
          "events": [
            {
              "introduced": "2.7.0"
            }
          ]
        }
      ],
      "versions": [
        "2.10.0",
        "2.10.0.pr1",
        "2.10.0.pr2",
        "2.10.0.pr3",
        "2.10.1",
        "2.10.2",
        "2.10.3",
        "2.10.4",
        "2.10.5",
        "2.10.5.1",
        "2.11.0",
        "2.11.0.rc1",
        "2.11.1",
        "2.11.2",
        "2.11.3",
        "2.11.4",
        "2.12.0",
        "2.12.0-rc1",
        "2.12.0-rc2",
        "2.12.1",
        "2.12.2",
        "2.12.3",
        "2.12.4",
        "2.12.5",
        "2.12.6",
        "2.13.0",
        "2.13.0-rc1",
        "2.13.0-rc2",
        "2.13.1",
        "2.7.0",
        "2.7.1",
        "2.7.1-1",
        "2.7.2",
        "2.7.3",
        "2.7.4",
        "2.7.5",
        "2.7.6",
        "2.7.7",
        "2.7.8",
        "2.7.9",
        "2.7.9.1",
        "2.7.9.2",
        "2.7.9.3",
        "2.7.9.4",
        "2.7.9.5",
        "2.7.9.6",
        "2.7.9.7",
        "2.8.0",
        "2.8.0.rc1",
        "2.8.0.rc2",
        "2.8.1",
        "2.8.10",
        "2.8.11",
        "2.8.11.1",
        "2.8.11.2",
        "2.8.11.3",
        "2.8.11.4",
        "2.8.11.5",
        "2.8.11.6",
        "2.8.2",
        "2.8.3",
        "2.8.4",
        "2.8.5",
        "2.8.6",
        "2.8.7",
        "2.8.8",
        "2.8.8.1",
        "2.8.9",
        "2.9.0",
        "2.9.0.pr1",
        "2.9.0.pr2",
        "2.9.0.pr3",
        "2.9.0.pr4",
        "2.9.1",
        "2.9.10",
        "2.9.10.1",
        "2.9.10.2",
        "2.9.10.3",
        "2.9.10.4",
        "2.9.10.5",
        "2.9.10.6",
        "2.9.10.7",
        "2.9.10.8",
        "2.9.2",
        "2.9.3",
        "2.9.4",
        "2.9.5",
        "2.9.6",
        "2.9.7",
        "2.9.8",
        "2.9.9",
        "2.9.9.1",
        "2.9.9.2",
        "2.9.9.3"
      ],
      "database_specific": {
        "source": "https://github.com/github/advisory-database/blob/main/advisories/github-reviewed/2020/03/GHSA-4w82-r329-3q67/GHSA-4w82-r329-3q67.json",
        "last_known_affected_version_range": "<= 2.7.9.6"
      }
    },
    {
      "package": {
        "name": "com.fasterxml.jackson.core:jackson-databind",
        "ecosystem": "Maven",
        "purl": "pkg:maven/com.fasterxml.jackson.core/jackson-databind"
      },
      "ranges": [
        {
          "type": "ECOSYSTEM",
          "events": [
            {
              "introduced": "2.8.0"
            },
            {
              "fixed": "2.8.11.5"
            }
          ]
        }
      ],
      "versions": [
        "2.8.0",
        "2.8.1",
        "2.8.10",
        "2.8.11",
        "2.8.11.1",
        "2.8.11.2",
        "2.8.11.3",
        "2.8.11.4",
        "2.8.2",
        "2.8.3",
        "2.8.4",
        "2.8.5",
        "2.8.6",
        "2.8.7",
        "2.8.8",
        "2.8.8.1",
        "2.8.9"
      ],
      "database_specific": {
        "source": "https://github.com/github/advisory-database/blob/main/advisories/github-reviewed/2020/03/GHSA-4w82-r329-3q67/GHSA-4w82-r329-3q67.json",
        "last_known_affected_version_range": "<= 2.8.11.4"
      }
    },
    {
      "package": {
        "name": "com.fasterxml.jackson.core:jackson-databind",
        "ecosystem": "Maven",
        "purl": "pkg:maven/com.fasterxml.jackson.core/jackson-databind"
      },
      "ranges": [
        {
          "type": "ECOSYSTEM",
          "events": [
            {
              "introduced": "2.9.0"
            },
            {
              "fixed": "2.9.10.3"
            }
          ]
        }
      ],
      "versions": [
        "2.9.0",
        "2.9.0.pr1",
        "2.9.0.pr2",
        "2.9.0.pr3",
        "2.9.0.pr4",
        "2.9.1",
        "2.9.10",
        "2.9.10.1",
        "2.9.10.2",
        "2.9.2",
        "2.9.3",
        "2.9.4",
        "2.9.5",
        "2.9.6",
        "2.9.7",
        "2.9.8",
        "2.9.9",
        "2.9.9.1",
        "2.9.9.2",
        "2.9.9.3"
      ],
      "database_specific": {
        "last_known_affected_version_range": "<= 2.9.10.2",
        "source": "https://github.com/github/advisory-database/blob/main/advisories/github-reviewed/2020/03/GHSA-4w82-r329-3q67/GHSA-4w82-r329-3q67.json"
      }
    }
  ],
  "schema_version": "1.2.0",
  "severity": [
    {
      "type": "CVSS_V3",
      "score": "CVSS:3.1/AV:N/AC:L/PR:N/UI:N/S:U/C:H/I:H/A:H"
    }
  ]
}