{
  "id": "GHSA-94g7-hpv8-h9qm",
  "summary": "Remote code injection in Log4j",
  "details": "### Impact\nLogging untrusted or user controlled data with a vulnerable version of Log4J may result in Remote Code Execution (RCE) against your application. This includes untrusted data included in logged errors such as exception traces, authentication failures, and other unexpected vectors of user controlled input.\n\nMore Details:\nhttps://github.com/advisories/GHSA-jfh8-c2jp-5v3q\n\n### Patches\nVersion 1.11.1 of the Splunk Logging for Java library.\n\nThere is also a backport to version 1.6.2 released as a patch: 1.6.2-0-0.\n\n### Workarounds\nIf upgrading is not possible, then ensure the -Dlog4j2.formatMsgNoLookups=true system property is set on both client- and server-side components.\n\n### References\nhttps://github.com/advisories/GHSA-jfh8-c2jp-5v3q\n\n### For more information\nIf you have any questions or comments about this advisory:\n* Open an issue in https://github.com/splunk/splunk-library-javalogging/issues\n* Email us at [devinfo@splunk.com](mailto:devinfo@splunk.com)\n",
  "modified": "2021-12-14T20:00:34Z",
  "published": "2021-12-14T21:46:35Z",
  "database_specific": {
    "github_reviewed": true,
    "severity": "CRITICAL",
    "cwe_ids": []
  },
  "references": [
    {
      "type": "WEB",
      "url": "https://github.com/splunk/splunk-library-javalogging/security/advisories/GHSA-94g7-hpv8-h9qm"
    },
    {
      "type": "PACKAGE",
      "url": "https://github.com/splunk/splunk-library-javalogging"
    }
  ],
  "affected": [
    {
      "package": {
        "name": "com.splunk.logging:splunk-library-javalogging",
        "ecosystem": "Maven",
        "purl": "pkg:maven/com.splunk.logging/splunk-library-javalogging"
      },
      "ranges": [
        {
          "type": "ECOSYSTEM",
          "events": [
            {
              "introduced": "0"
            },
            {
              "fixed": "1.11.1"
            }
          ]
        }
      ],
      "database_specific": {
        "source": "https://github.com/github/advisory-database/blob/main/advisories/github-reviewed/2021/12/GHSA-94g7-hpv8-h9qm/GHSA-94g7-hpv8-h9qm.json"
      },
      "versions": []
    }
  ],
  "schema_version": "1.2.0"
}