{
  "id": "GHSA-7grw-6pjh-jpc9",
  "summary": "Infinite Loop in Apache PDFBox",
  "details": "In Apache PDFBox, a carefully crafted PDF file can trigger an infinite loop while loading the file. This issue affects Apache PDFBox version 2.0.23 and prior 2.0.x versions.",
  "aliases": [
    "CVE-2021-31812"
  ],
  "modified": "2022-03-02T05:21:05.794226Z",
  "published": "2021-06-15T15:54:29Z",
  "database_specific": {
    "cwe_ids": [
      "CWE-834"
    ],
    "github_reviewed": true,
    "severity": "MODERATE"
  },
  "references": [
    {
      "type": "ADVISORY",
      "url": "https://nvd.nist.gov/vuln/detail/CVE-2021-31812"
    },
    {
      "type": "WEB",
      "url": "https://lists.apache.org/thread.html/r132e9dbbe0ebdc08b39583d8be0a575fdba573d60a42d940228bceff@%3Cnotifications.ofbiz.apache.org%3E"
    },
    {
      "type": "WEB",
      "url": "https://lists.apache.org/thread.html/r143fd8445e0e778f4a85187bd79438630b96b8040e9401751fdb8aea@%3Ccommits.ofbiz.apache.org%3E"
    },
    {
      "type": "WEB",
      "url": "https://lists.apache.org/thread.html/r179cc3b6822c167702ab35fe36093d5da4c99af44238c8a754c6860f@%3Ccommits.ofbiz.apache.org%3E"
    },
    {
      "type": "WEB",
      "url": "https://lists.apache.org/thread.html/r2090789e4dcc2c87aacbd87d5f18e2d64dcb9f6eb7c47f5cf7d293cb@%3Cnotifications.ofbiz.apache.org%3E"
    },
    {
      "type": "WEB",
      "url": "https://lists.apache.org/thread.html/ra2ab0ce69ce8aaff0773b8c1036438387ce004c2afc6f066626e205e%40%3Cusers.pdfbox.apache.org%3E"
    },
    {
      "type": "WEB",
      "url": "https://lists.apache.org/thread.html/ra2ab0ce69ce8aaff0773b8c1036438387ce004c2afc6f066626e205e@%3Cusers.pdfbox.apache.org%3E"
    },
    {
      "type": "WEB",
      "url": "https://lists.apache.org/thread.html/rd4b6db6c3b8ab3c70f1c3bbd725a40920896453ffc2744ade6afd9fb@%3Cnotifications.ofbiz.apache.org%3E"
    },
    {
      "type": "WEB",
      "url": "https://lists.apache.org/thread.html/re0cacd3fb337cdf8469853913ed2b4ddd8f8bfc52ff0ddbe61c1dfba@%3Ccommits.ofbiz.apache.org%3E"
    },
    {
      "type": "WEB",
      "url": "https://lists.apache.org/thread.html/rf251f6c358087107f8c23473468b279d59d50a75db6b4768165c78d3@%3Cannounce.apache.org%3E"
    },
    {
      "type": "WEB",
      "url": "https://lists.apache.org/thread.html/rfe26bcaba564deb505c32711ba68df7ec589797dcd96ff3389a8aaba@%3Cnotifications.ofbiz.apache.org%3E"
    },
    {
      "type": "WEB",
      "url": "https://lists.fedoraproject.org/archives/list/package-announce@lists.fedoraproject.org/message/7HHWJRFXZ3PTKLJCOM7WJEYZFKFWMNSV/"
    },
    {
      "type": "WEB",
      "url": "https://lists.fedoraproject.org/archives/list/package-announce@lists.fedoraproject.org/message/MDJKJQOMVFDFIDS27OQJXNOYHV2O273D/"
    },
    {
      "type": "WEB",
      "url": "https://www.oracle.com/security-alerts/cpujan2022.html"
    },
    {
      "type": "WEB",
      "url": "https://www.oracle.com/security-alerts/cpuoct2021.html"
    },
    {
      "type": "WEB",
      "url": "http://www.openwall.com/lists/oss-security/2021/06/12/1"
    }
  ],
  "affected": [
    {
      "package": {
        "name": "org.apache.pdfbox:pdfbox",
        "ecosystem": "Maven",
        "purl": "pkg:maven/org.apache.pdfbox/pdfbox"
      },
      "ranges": [
        {
          "type": "ECOSYSTEM",
          "events": [
            {
              "introduced": "2.0.0"
            },
            {
              "fixed": "2.0.24"
            }
          ]
        }
      ],
      "versions": [
        "2.0.0",
        "2.0.1",
        "2.0.10",
        "2.0.11",
        "2.0.12",
        "2.0.13",
        "2.0.14",
        "2.0.15",
        "2.0.16",
        "2.0.17",
        "2.0.18",
        "2.0.19",
        "2.0.2",
        "2.0.20",
        "2.0.21",
        "2.0.22",
        "2.0.23",
        "2.0.3",
        "2.0.4",
        "2.0.5",
        "2.0.6",
        "2.0.7",
        "2.0.8",
        "2.0.9"
      ],
      "database_specific": {
        "source": "https://github.com/github/advisory-database/blob/main/advisories/github-reviewed/2021/06/GHSA-7grw-6pjh-jpc9/GHSA-7grw-6pjh-jpc9.json"
      }
    },
    {
      "package": {
        "name": "org.apache.pdfbox:pdfbox-parent",
        "ecosystem": "Maven",
        "purl": "pkg:maven/org.apache.pdfbox/pdfbox-parent"
      },
      "ranges": [
        {
          "type": "ECOSYSTEM",
          "events": [
            {
              "introduced": "2.0.0"
            },
            {
              "fixed": "2.0.24"
            }
          ]
        }
      ],
      "versions": [
        "2.0.0",
        "2.0.1",
        "2.0.10",
        "2.0.11",
        "2.0.12",
        "2.0.13",
        "2.0.14",
        "2.0.15",
        "2.0.16",
        "2.0.17",
        "2.0.18",
        "2.0.19",
        "2.0.2",
        "2.0.20",
        "2.0.21",
        "2.0.22",
        "2.0.23",
        "2.0.3",
        "2.0.4",
        "2.0.5",
        "2.0.6",
        "2.0.7",
        "2.0.8",
        "2.0.9"
      ],
      "database_specific": {
        "source": "https://github.com/github/advisory-database/blob/main/advisories/github-reviewed/2021/06/GHSA-7grw-6pjh-jpc9/GHSA-7grw-6pjh-jpc9.json"
      }
    }
  ],
  "schema_version": "1.2.0",
  "severity": [
    {
      "type": "CVSS_V3",
      "score": "CVSS:3.1/AV:L/AC:L/PR:N/UI:R/S:U/C:N/I:N/A:H"
    }
  ]
}