{
  "id": "GHSA-838r-hvwh-24h8",
  "summary": "XML Injection in Any23",
  "details": "An XML external entity (XXE) injection vulnerability was discovered in the Any23 StreamUtils.java file and is known to affect Any23 versions < 2.5. XML external entity injection (also known as XXE) is a web security vulnerability that allows an attacker to interfere with an application's processing of XML data. It often allows an attacker to view files on the application server filesystem, and to interact with any back-end or external systems that the application itself can access.",
  "aliases": [
    "CVE-2021-38555"
  ],
  "modified": "2022-03-02T05:21:24.159815Z",
  "published": "2021-09-13T20:06:31Z",
  "database_specific": {
    "severity": "CRITICAL",
    "cwe_ids": [
      "CWE-611"
    ],
    "github_reviewed": true
  },
  "references": [
    {
      "type": "ADVISORY",
      "url": "https://nvd.nist.gov/vuln/detail/CVE-2021-38555"
    },
    {
      "type": "WEB",
      "url": "https://lists.apache.org/thread.html/r589d1a9f94dbeee7a0f5dbe8513a0e300dfe669bd964ba2fbfe28e07%40%3Cannounce.apache.org%3E"
    },
    {
      "type": "PACKAGE",
      "url": "https://github.com/apache/any23"
    }
  ],
  "affected": [
    {
      "package": {
        "name": "org.apache.any23:apache-any23",
        "ecosystem": "Maven",
        "purl": "pkg:maven/org.apache.any23/apache-any23"
      },
      "ranges": [
        {
          "type": "ECOSYSTEM",
          "events": [
            {
              "introduced": "0"
            },
            {
              "fixed": "2.5"
            }
          ]
        }
      ],
      "versions": [
        "0.7.0-incubating",
        "0.8.0",
        "0.9.0",
        "1.0",
        "1.1",
        "2.0",
        "2.1",
        "2.2",
        "2.3",
        "2.4"
      ],
      "database_specific": {
        "source": "https://github.com/github/advisory-database/blob/main/advisories/github-reviewed/2021/09/GHSA-838r-hvwh-24h8/GHSA-838r-hvwh-24h8.json"
      }
    }
  ],
  "schema_version": "1.2.0",
  "severity": [
    {
      "type": "CVSS_V3",
      "score": "CVSS:3.1/AV:N/AC:L/PR:N/UI:N/S:U/C:H/I:H/A:N"
    }
  ]
}