{
  "id": "GHSA-25xc-jwfq-39jw",
  "summary": "Server classes and resources exposure in OSGi applications using Vaadin 12-14 and 19",
  "details": "Vulnerability in OSGi integration in `com.vaadin:flow-server` versions 1.2.0 through 2.4.7 (Vaadin 12.0.0 through 14.4.9), and 6.0.0 through 6.0.1 (Vaadin 19.0.0) allows attacker to access application classes and resources on the server via crafted HTTP request.\n\n- https://vaadin.com/security/cve-2021-31407",
  "aliases": [
    "CVE-2021-31407"
  ],
  "modified": "2022-03-02T05:21:37.131255Z",
  "published": "2021-04-19T14:50:49Z",
  "database_specific": {
    "severity": "HIGH",
    "github_reviewed": true,
    "cwe_ids": [
      "CWE-402",
      "CWE-668"
    ]
  },
  "references": [
    {
      "type": "WEB",
      "url": "https://github.com/vaadin/flow/security/advisories/GHSA-25xc-jwfq-39jw"
    },
    {
      "type": "ADVISORY",
      "url": "https://nvd.nist.gov/vuln/detail/CVE-2021-31407"
    },
    {
      "type": "WEB",
      "url": "https://github.com/vaadin/osgi/issues/50"
    },
    {
      "type": "WEB",
      "url": "https://github.com/vaadin/flow/pull/10229"
    },
    {
      "type": "WEB",
      "url": "https://github.com/vaadin/flow/pull/10269"
    },
    {
      "type": "WEB",
      "url": "https://vaadin.com/security/cve-2021-31407"
    }
  ],
  "affected": [
    {
      "package": {
        "name": "com.vaadin:flow-server",
        "ecosystem": "Maven",
        "purl": "pkg:maven/com.vaadin/flow-server"
      },
      "ranges": [
        {
          "type": "ECOSYSTEM",
          "events": [
            {
              "introduced": "1.2.0"
            },
            {
              "fixed": "2.4.8"
            }
          ]
        }
      ],
      "versions": [
        "1.2.0",
        "1.2.1",
        "1.2.2",
        "1.2.3",
        "1.2.4",
        "1.2.5",
        "1.3.0",
        "1.4.0",
        "1.4.1",
        "1.4.2",
        "1.4.3",
        "1.4.4",
        "1.4.5",
        "1.4.6",
        "1.4.7",
        "1.4.8",
        "2.0.0",
        "2.0.1",
        "2.0.10",
        "2.0.11",
        "2.0.12",
        "2.0.13",
        "2.0.14",
        "2.0.15",
        "2.0.16",
        "2.0.17",
        "2.0.18",
        "2.0.19",
        "2.0.2",
        "2.0.3",
        "2.0.4",
        "2.0.5",
        "2.0.6",
        "2.0.7",
        "2.0.8",
        "2.0.9",
        "2.1.0",
        "2.1.0.beta2",
        "2.1.1",
        "2.1.2",
        "2.1.3",
        "2.1.4",
        "2.1.5",
        "2.1.6",
        "2.1.7",
        "2.1.8",
        "2.1.9",
        "2.2.0",
        "2.2.0.alpha11",
        "2.2.1",
        "2.2.2",
        "2.2.3",
        "2.3.0",
        "2.3.0.beta1",
        "2.3.1",
        "2.3.2",
        "2.3.3",
        "2.3.4",
        "2.3.5",
        "2.3.6",
        "2.3.7",
        "2.4.0",
        "2.4.1",
        "2.4.2",
        "2.4.3",
        "2.4.4",
        "2.4.5",
        "2.4.6",
        "2.4.7"
      ],
      "database_specific": {
        "last_known_affected_version_range": "<= 2.4.7",
        "source": "https://github.com/github/advisory-database/blob/main/advisories/github-reviewed/2021/04/GHSA-25xc-jwfq-39jw/GHSA-25xc-jwfq-39jw.json"
      }
    },
    {
      "package": {
        "name": "com.vaadin:flow-server",
        "ecosystem": "Maven",
        "purl": "pkg:maven/com.vaadin/flow-server"
      },
      "ranges": [
        {
          "type": "ECOSYSTEM",
          "events": [
            {
              "introduced": "6.0.0"
            },
            {
              "fixed": "6.0.1"
            }
          ]
        }
      ],
      "versions": [
        "6.0.0"
      ],
      "database_specific": {
        "source": "https://github.com/github/advisory-database/blob/main/advisories/github-reviewed/2021/04/GHSA-25xc-jwfq-39jw/GHSA-25xc-jwfq-39jw.json"
      }
    }
  ],
  "schema_version": "1.2.0",
  "severity": [
    {
      "type": "CVSS_V3",
      "score": "CVSS:3.1/AV:N/AC:L/PR:N/UI:N/S:C/C:H/I:N/A:N"
    }
  ]
}