{
  "id": "GHSA-5v34-g2px-j4fw",
  "summary": "Improper Handling of Length Parameter Inconsistency in Apache Ant",
  "details": "When reading a specially crafted ZIP archive, or a derived formats, an Apache Ant build can be made to allocate large amounts of memory that leads to an out of memory error, even for small inputs. This can be used to disrupt builds using Apache Ant. Commonly used derived formats from ZIP archives are for instance JAR files and many office files. Apache Ant prior to 1.9.16 and 1.10.11 were affected.",
  "aliases": [
    "CVE-2021-36374"
  ],
  "modified": "2022-03-02T05:21:55.225853Z",
  "published": "2021-08-02T16:56:31Z",
  "database_specific": {
    "cwe_ids": [
      "CWE-130"
    ],
    "github_reviewed": true,
    "severity": "MODERATE"
  },
  "references": [
    {
      "type": "ADVISORY",
      "url": "https://nvd.nist.gov/vuln/detail/CVE-2021-36374"
    },
    {
      "type": "WEB",
      "url": "https://ant.apache.org/security.html"
    },
    {
      "type": "WEB",
      "url": "https://lists.apache.org/thread.html/r27919fd4db07c487239c1d9771f480d89ce5ee2750aa9447309b709a@%3Ccommits.groovy.apache.org%3E"
    },
    {
      "type": "WEB",
      "url": "https://lists.apache.org/thread.html/r544c9e8487431768465b8b2d13982c75123109bd816acf839d46010d@%3Ccommits.groovy.apache.org%3E"
    },
    {
      "type": "WEB",
      "url": "https://lists.apache.org/thread.html/rad36f470647c5a7c02dd78c9973356d2840766d132b597b6444e373a@%3Cnotifications.groovy.apache.org%3E"
    },
    {
      "type": "WEB",
      "url": "https://lists.apache.org/thread.html/rdd5412a5b9a25aed2a02c3317052d38a97128314d50bc1ed36e81d38%40%3Cuser.ant.apache.org%3E"
    },
    {
      "type": "WEB",
      "url": "https://lists.apache.org/thread.html/rf4bb79751a02889623195715925e4fd8932dd3c97e0ade91395a96c6@%3Cdev.myfaces.apache.org%3E"
    },
    {
      "type": "WEB",
      "url": "https://security.netapp.com/advisory/ntap-20210819-0007/"
    },
    {
      "type": "WEB",
      "url": "https://www.oracle.com/security-alerts/cpujan2022.html"
    },
    {
      "type": "WEB",
      "url": "https://www.oracle.com/security-alerts/cpuoct2021.html"
    }
  ],
  "affected": [
    {
      "package": {
        "name": "org.apache.ant:ant",
        "ecosystem": "Maven",
        "purl": "pkg:maven/org.apache.ant/ant"
      },
      "ranges": [
        {
          "type": "ECOSYSTEM",
          "events": [
            {
              "introduced": "0"
            },
            {
              "fixed": "1.9.16"
            }
          ]
        }
      ],
      "versions": [
        "1.7.0",
        "1.7.1",
        "1.8.0",
        "1.8.1",
        "1.8.2",
        "1.8.3",
        "1.8.4",
        "1.9.0",
        "1.9.1",
        "1.9.10",
        "1.9.11",
        "1.9.12",
        "1.9.13",
        "1.9.14",
        "1.9.15",
        "1.9.2",
        "1.9.3",
        "1.9.4",
        "1.9.5",
        "1.9.6",
        "1.9.7",
        "1.9.8",
        "1.9.9"
      ],
      "database_specific": {
        "source": "https://github.com/github/advisory-database/blob/main/advisories/github-reviewed/2021/08/GHSA-5v34-g2px-j4fw/GHSA-5v34-g2px-j4fw.json"
      }
    },
    {
      "package": {
        "name": "org.apache.ant:ant",
        "ecosystem": "Maven",
        "purl": "pkg:maven/org.apache.ant/ant"
      },
      "ranges": [
        {
          "type": "ECOSYSTEM",
          "events": [
            {
              "introduced": "1.10.0"
            },
            {
              "fixed": "1.10.11"
            }
          ]
        }
      ],
      "versions": [
        "1.10.0",
        "1.10.1",
        "1.10.10",
        "1.10.2",
        "1.10.3",
        "1.10.4",
        "1.10.5",
        "1.10.6",
        "1.10.7",
        "1.10.8",
        "1.10.9"
      ],
      "database_specific": {
        "source": "https://github.com/github/advisory-database/blob/main/advisories/github-reviewed/2021/08/GHSA-5v34-g2px-j4fw/GHSA-5v34-g2px-j4fw.json"
      }
    }
  ],
  "schema_version": "1.2.0",
  "severity": [
    {
      "type": "CVSS_V3",
      "score": "CVSS:3.1/AV:L/AC:L/PR:N/UI:R/S:U/C:N/I:N/A:H"
    }
  ]
}