{
  "id": "GHSA-6hgr-2g6q-3rmc",
  "summary": "Server session is not invalidated when logout() helper method of Authentication module is used in Vaadin 18-19",
  "details": "`Authentication.logout()` helper in `com.vaadin:flow-client` versions 5.0.0 prior to 6.0.0 (Vaadin 18), and 6.0.0 through 6.0.4 (Vaadin 19.0.0 through 19.0.3) uses incorrect HTTP method, which, in combination with Spring Security CSRF protection, allows local attackers to access Fusion endpoints after the user attempted to log out.\n\n- https://vaadin.com/security/cve-2021-31408",
  "modified": "2022-03-02T05:21:34.659453Z",
  "published": "2021-04-22T16:11:26Z",
  "database_specific": {
    "cwe_ids": [
      "CWE-287"
    ],
    "severity": "MODERATE",
    "github_reviewed": true
  },
  "references": [
    {
      "type": "WEB",
      "url": "https://github.com/vaadin/flow/security/advisories/GHSA-6hgr-2g6q-3rmc"
    },
    {
      "type": "PACKAGE",
      "url": "https://github.com/vaadin/flow/"
    }
  ],
  "affected": [
    {
      "package": {
        "name": "com.vaadin:flow-client",
        "ecosystem": "Maven",
        "purl": "pkg:maven/com.vaadin/flow-client"
      },
      "ranges": [
        {
          "type": "ECOSYSTEM",
          "events": [
            {
              "introduced": "5.0.0"
            },
            {
              "fixed": "6.0.5"
            }
          ]
        }
      ],
      "versions": [
        "5.0.0",
        "5.0.1",
        "5.0.2",
        "5.0.3",
        "5.0.4",
        "6.0.0",
        "6.0.1",
        "6.0.2",
        "6.0.3",
        "6.0.4"
      ],
      "database_specific": {
        "source": "https://github.com/github/advisory-database/blob/main/advisories/github-reviewed/2021/04/GHSA-6hgr-2g6q-3rmc/GHSA-6hgr-2g6q-3rmc.json"
      }
    }
  ],
  "schema_version": "1.2.0",
  "severity": [
    {
      "type": "CVSS_V3",
      "score": "CVSS:3.1/AV:L/AC:H/PR:N/UI:R/S:U/C:H/I:H/A:N"
    }
  ]
}