{
  "id": "GHSA-6gf2-pvqw-37ph",
  "summary": "Log entry injection in Spring Framework",
  "details": "In Spring Framework versions 5.3.0 - 5.3.13, 5.2.0 - 5.2.18, and older unsupported versions, it is possible for a user to provide malicious input to cause the insertion of additional log entries. This is a follow-up to CVE-2021-22096 that protects against additional types of input and in more places of the Spring Framework codebase.",
  "aliases": [
    "CVE-2021-22060"
  ],
  "modified": "2022-03-02T05:21:16.384003Z",
  "published": "2022-01-12T23:04:06Z",
  "database_specific": {
    "github_reviewed": true,
    "severity": "MODERATE",
    "cwe_ids": []
  },
  "references": [
    {
      "type": "ADVISORY",
      "url": "https://nvd.nist.gov/vuln/detail/CVE-2021-22060"
    },
    {
      "type": "WEB",
      "url": "https://tanzu.vmware.com/security/cve-2021-22060"
    }
  ],
  "affected": [
    {
      "package": {
        "name": "org.springframework:spring-core",
        "ecosystem": "Maven",
        "purl": "pkg:maven/org.springframework/spring-core"
      },
      "ranges": [
        {
          "type": "ECOSYSTEM",
          "events": [
            {
              "introduced": "5.3.0"
            },
            {
              "fixed": "5.3.14"
            }
          ]
        }
      ],
      "versions": [
        "5.3.0",
        "5.3.1",
        "5.3.10",
        "5.3.11",
        "5.3.12",
        "5.3.13",
        "5.3.2",
        "5.3.3",
        "5.3.4",
        "5.3.5",
        "5.3.6",
        "5.3.7",
        "5.3.8",
        "5.3.9"
      ],
      "database_specific": {
        "source": "https://github.com/github/advisory-database/blob/main/advisories/github-reviewed/2022/01/GHSA-6gf2-pvqw-37ph/GHSA-6gf2-pvqw-37ph.json"
      }
    },
    {
      "package": {
        "name": "org.springframework:spring-core",
        "ecosystem": "Maven",
        "purl": "pkg:maven/org.springframework/spring-core"
      },
      "ranges": [
        {
          "type": "ECOSYSTEM",
          "events": [
            {
              "introduced": "5.2.0"
            },
            {
              "fixed": "5.2.19"
            }
          ]
        }
      ],
      "versions": [
        "5.2.0.RELEASE",
        "5.2.1.RELEASE",
        "5.2.10.RELEASE",
        "5.2.11.RELEASE",
        "5.2.12.RELEASE",
        "5.2.13.RELEASE",
        "5.2.14.RELEASE",
        "5.2.15.RELEASE",
        "5.2.16.RELEASE",
        "5.2.17.RELEASE",
        "5.2.18.RELEASE",
        "5.2.2.RELEASE",
        "5.2.3.RELEASE",
        "5.2.4.RELEASE",
        "5.2.5.RELEASE",
        "5.2.6.RELEASE",
        "5.2.7.RELEASE",
        "5.2.8.RELEASE",
        "5.2.9.RELEASE"
      ],
      "database_specific": {
        "source": "https://github.com/github/advisory-database/blob/main/advisories/github-reviewed/2022/01/GHSA-6gf2-pvqw-37ph/GHSA-6gf2-pvqw-37ph.json"
      }
    }
  ],
  "schema_version": "1.2.0",
  "severity": [
    {
      "type": "CVSS_V3",
      "score": "CVSS:3.1/AV:N/AC:L/PR:L/UI:N/S:U/C:N/I:L/A:N"
    }
  ]
}