{
  "id": "GHSA-8vfm-4388-6rpc",
  "summary": "High severity vulnerability that affects org.apache.camel:camel-core",
  "details": "Apache Camel 2.20.0 to 2.20.3 and 2.21.0 Core is vulnerable to XXE in XSD validation processor.",
  "aliases": [
    "CVE-2018-8027"
  ],
  "modified": "2022-03-02T05:21:03.924878Z",
  "published": "2018-10-16T23:06:25Z",
  "database_specific": {
    "github_reviewed": true,
    "cwe_ids": [
      "CWE-611"
    ],
    "severity": "CRITICAL"
  },
  "references": [
    {
      "type": "ADVISORY",
      "url": "https://nvd.nist.gov/vuln/detail/CVE-2018-8027"
    },
    {
      "type": "ADVISORY",
      "url": "https://github.com/advisories/GHSA-8vfm-4388-6rpc"
    },
    {
      "type": "WEB",
      "url": "https://lists.apache.org/thread.html/2318d7f7d87724d8716cd650c21b31cb06e4d34f6d0f5ee42f28fdaf@%3Ccommits.camel.apache.org%3E"
    },
    {
      "type": "WEB",
      "url": "https://lists.apache.org/thread.html/77f596fc63e63c2e9adcff3c34759b32c225cf0b582aedb755adaade@%3Cdev.camel.apache.org%3E"
    },
    {
      "type": "WEB",
      "url": "https://lists.apache.org/thread.html/b4014ea7c5830ca1fc28edd5cafedfe93ad4af2d9e69c961c5def31d@%3Ccommits.camel.apache.org%3E"
    },
    {
      "type": "WEB",
      "url": "http://camel.apache.org/security-advisories.data/CVE-2018-8027.txt.asc"
    },
    {
      "type": "WEB",
      "url": "http://www.securityfocus.com/bid/104933"
    }
  ],
  "affected": [
    {
      "package": {
        "name": "org.apache.camel:camel-core",
        "ecosystem": "Maven",
        "purl": "pkg:maven/org.apache.camel/camel-core"
      },
      "ranges": [
        {
          "type": "ECOSYSTEM",
          "events": [
            {
              "introduced": "2.20.0"
            },
            {
              "fixed": "2.20.4"
            }
          ]
        }
      ],
      "versions": [
        "2.20.0",
        "2.20.1",
        "2.20.2",
        "2.20.3"
      ],
      "database_specific": {
        "source": "https://github.com/github/advisory-database/blob/main/advisories/github-reviewed/2018/10/GHSA-8vfm-4388-6rpc/GHSA-8vfm-4388-6rpc.json"
      }
    },
    {
      "package": {
        "name": "org.apache.camel:camel-core",
        "ecosystem": "Maven",
        "purl": "pkg:maven/org.apache.camel/camel-core"
      },
      "ranges": [
        {
          "type": "ECOSYSTEM",
          "events": [
            {
              "introduced": "2.21.0"
            },
            {
              "fixed": "2.21.1"
            }
          ]
        }
      ],
      "versions": [
        "2.21.0"
      ],
      "database_specific": {
        "source": "https://github.com/github/advisory-database/blob/main/advisories/github-reviewed/2018/10/GHSA-8vfm-4388-6rpc/GHSA-8vfm-4388-6rpc.json"
      }
    }
  ],
  "schema_version": "1.2.0",
  "severity": [
    {
      "type": "CVSS_V3",
      "score": "CVSS:3.0/AV:N/AC:L/PR:N/UI:N/S:U/C:H/I:H/A:H"
    }
  ]
}