{
  "id": "GHSA-75vw-3m5v-fprh",
  "summary": "corenlp is vulnerable to Improper Restriction of XML External Entity Reference",
  "details": "corenlp is vulnerable to Improper Restriction of XML External Entity Reference",
  "aliases": [
    "CVE-2022-0239"
  ],
  "modified": "2022-03-02T05:21:19.876565Z",
  "published": "2022-01-21T23:43:11Z",
  "database_specific": {
    "severity": "CRITICAL",
    "github_reviewed": true,
    "cwe_ids": [
      "CWE-611"
    ]
  },
  "references": [
    {
      "type": "ADVISORY",
      "url": "https://nvd.nist.gov/vuln/detail/CVE-2022-0239"
    },
    {
      "type": "WEB",
      "url": "https://github.com/stanfordnlp/corenlp/commit/1940ffb938dc4f3f5bc5f2a2fd8b35aabbbae3dd"
    },
    {
      "type": "WEB",
      "url": "https://huntr.dev/bounties/a717aec2-5646-4a5f-ade0-dadc25736ae3"
    },
    {
      "type": "PACKAGE",
      "url": "https://github.com/stanfordnlp/corenlp"
    }
  ],
  "affected": [
    {
      "package": {
        "name": "edu.stanford.nlp:stanford-corenlp",
        "ecosystem": "Maven",
        "purl": "pkg:maven/edu.stanford.nlp/stanford-corenlp"
      },
      "ranges": [
        {
          "type": "ECOSYSTEM",
          "events": [
            {
              "introduced": "0"
            }
          ]
        }
      ],
      "versions": [
        "1.2.0",
        "1.3.0",
        "1.3.1",
        "1.3.2",
        "1.3.3",
        "1.3.4",
        "1.3.5",
        "3.2.0",
        "3.3.0",
        "3.3.1",
        "3.4",
        "3.4.1",
        "3.5.0",
        "3.5.1",
        "3.5.2",
        "3.6.0",
        "3.7.0",
        "3.8.0",
        "3.9.1",
        "3.9.2",
        "4.0.0",
        "4.2.0",
        "4.2.1",
        "4.2.2",
        "4.3.0",
        "4.3.1",
        "4.3.2",
        "4.4.0"
      ],
      "database_specific": {
        "last_known_affected_version_range": "<= 4.3.2",
        "source": "https://github.com/github/advisory-database/blob/main/advisories/github-reviewed/2022/01/GHSA-75vw-3m5v-fprh/GHSA-75vw-3m5v-fprh.json"
      }
    }
  ],
  "schema_version": "1.2.0",
  "severity": [
    {
      "type": "CVSS_V3",
      "score": "CVSS:3.1/AV:N/AC:L/PR:N/UI:N/S:U/C:H/I:H/A:H"
    }
  ]
}