{
  "id": "GHSA-2j6v-xpf3-xvrv",
  "summary": "Use of Externally-Controlled Format String in wire-avs",
  "details": "### Impact\nA remote format string vulnerability allowed an attacker to cause a denial of service or possibly execute arbitrary code.\n\n### Patches\n* The issue has been fixed in wire-avs 7.1.12 and is already included on all Wire products (currently used version is 8.0.x)\n\n### Workarounds\n* No workaround known\n\n### References\n* Fixed in commit https://github.com/wireapp/wire-avs/commit/40d373ede795443ae6f2f756e9fb1f4f4ae90bbe\n\n### For more information\n\nIf you have any questions or comments about this advisory feel free to email us at [vulnerability-report@wire.com](mailto:vulnerability-report@wire.com)\n",
  "aliases": [
    "CVE-2021-41193"
  ],
  "modified": "2022-03-01T18:58:23Z",
  "published": "2022-03-01T18:58:23Z",
  "database_specific": {
    "severity": "HIGH",
    "github_reviewed": true,
    "cwe_ids": [
      "CWE-134"
    ]
  },
  "references": [
    {
      "type": "WEB",
      "url": "https://github.com/wireapp/wire-avs/security/advisories/GHSA-2j6v-xpf3-xvrv"
    },
    {
      "type": "ADVISORY",
      "url": "https://nvd.nist.gov/vuln/detail/CVE-2021-41193"
    },
    {
      "type": "WEB",
      "url": "https://github.com/wireapp/wire-avs/commit/40d373ede795443ae6f2f756e9fb1f4f4ae90bbe"
    },
    {
      "type": "PACKAGE",
      "url": "https://github.com/wireapp/wire-avs"
    }
  ],
  "affected": [
    {
      "package": {
        "name": "com.wire:avs",
        "ecosystem": "Maven",
        "purl": "pkg:maven/com.wire/avs"
      },
      "ranges": [
        {
          "type": "ECOSYSTEM",
          "events": [
            {
              "introduced": "0"
            },
            {
              "fixed": "7.1.12"
            }
          ]
        }
      ],
      "database_specific": {
        "source": "https://github.com/github/advisory-database/blob/main/advisories/github-reviewed/2022/03/GHSA-2j6v-xpf3-xvrv/GHSA-2j6v-xpf3-xvrv.json"
      },
      "versions": []
    }
  ],
  "schema_version": "1.2.0",
  "severity": [
    {
      "type": "CVSS_V3",
      "score": "CVSS:3.1/AV:N/AC:L/PR:N/UI:N/S:U/C:H/I:H/A:H"
    }
  ]
}