{
  "id": "GHSA-6vvh-5794-vpmj",
  "summary": "An issue in Atomix v3.1.5 allows attackers to cause a denial of service (DoS) via false member down event messages.",
  "details": "An issue in Atomix v3.1.5 allows attackers to cause a denial of service (DoS) via false member down event messages.",
  "aliases": [
    "CVE-2020-35216"
  ],
  "modified": "2022-03-02T05:21:03.073188Z",
  "published": "2021-12-17T20:40:58Z",
  "database_specific": {
    "severity": "MODERATE",
    "github_reviewed": true,
    "cwe_ids": [
      "CWE-362"
    ]
  },
  "references": [
    {
      "type": "ADVISORY",
      "url": "https://nvd.nist.gov/vuln/detail/CVE-2020-35216"
    },
    {
      "type": "WEB",
      "url": "https://docs.google.com/presentation/d/1woXwR3vciv7ltFan6LyK5vsWXmaUi8ArZonhk80Gr5U/edit?usp=sharing"
    },
    {
      "type": "PACKAGE",
      "url": "https://github.com/atomix/atomix"
    }
  ],
  "affected": [
    {
      "package": {
        "name": "io.atomix:atomix",
        "ecosystem": "Maven",
        "purl": "pkg:maven/io.atomix/atomix"
      },
      "ranges": [
        {
          "type": "ECOSYSTEM",
          "events": [
            {
              "introduced": "0"
            }
          ]
        }
      ],
      "versions": [
        "0.1.0-beta1",
        "0.1.0-beta2",
        "0.1.0-beta3",
        "0.1.0-beta4",
        "0.1.0-beta5",
        "1.0.0",
        "1.0.0-rc1",
        "1.0.0-rc2",
        "1.0.0-rc3",
        "1.0.0-rc4",
        "1.0.0-rc5",
        "1.0.0-rc6",
        "1.0.0-rc7",
        "1.0.0-rc8",
        "1.0.0-rc9",
        "1.0.1",
        "1.0.1-rc1",
        "1.0.2",
        "1.0.3",
        "1.0.4",
        "1.0.5",
        "1.0.6",
        "1.0.7",
        "1.0.8",
        "2.0.0",
        "2.0.0-alpha1",
        "2.0.0-raft-beta1",
        "2.0.0-raft-final",
        "2.0.1",
        "2.0.10",
        "2.0.11",
        "2.0.12",
        "2.0.13",
        "2.0.14",
        "2.0.15",
        "2.0.16",
        "2.0.17",
        "2.0.18",
        "2.0.19",
        "2.0.2",
        "2.0.20",
        "2.0.21",
        "2.0.22",
        "2.0.23",
        "2.0.24",
        "2.0.25",
        "2.0.26",
        "2.0.27",
        "2.0.28",
        "2.0.29",
        "2.0.3",
        "2.0.30",
        "2.0.4",
        "2.0.5",
        "2.0.6",
        "2.0.7",
        "2.0.8",
        "2.0.9",
        "2.1.0-beta1",
        "2.1.0-beta2",
        "2.1.0-beta3",
        "3.0.0",
        "3.0.0-rc1",
        "3.0.0-rc10",
        "3.0.0-rc11",
        "3.0.0-rc12",
        "3.0.0-rc3",
        "3.0.0-rc4",
        "3.0.0-rc5",
        "3.0.0-rc6",
        "3.0.0-rc7",
        "3.0.0-rc8",
        "3.0.0-rc9",
        "3.0.1",
        "3.0.10",
        "3.0.11",
        "3.0.2",
        "3.0.3",
        "3.0.4",
        "3.0.5",
        "3.0.6",
        "3.0.7",
        "3.0.8",
        "3.0.9",
        "3.1.0",
        "3.1.0-beta1",
        "3.1.0-beta2",
        "3.1.0-beta3",
        "3.1.0-beta4",
        "3.1.0-rc1",
        "3.1.0-rc2",
        "3.1.1",
        "3.1.10",
        "3.1.12",
        "3.1.2",
        "3.1.3",
        "3.1.4",
        "3.1.5",
        "3.1.6",
        "3.1.7",
        "3.1.8",
        "3.1.9"
      ],
      "database_specific": {
        "source": "https://github.com/github/advisory-database/blob/main/advisories/github-reviewed/2021/12/GHSA-6vvh-5794-vpmj/GHSA-6vvh-5794-vpmj.json",
        "last_known_affected_version_range": "<= 3.1.5"
      }
    }
  ],
  "schema_version": "1.2.0",
  "severity": [
    {
      "type": "CVSS_V3",
      "score": "CVSS:3.1/AV:N/AC:H/PR:N/UI:N/S:U/C:N/I:N/A:H"
    }
  ]
}