{
  "id": "GHSA-64q9-f38h-9mwx",
  "summary": "Protection Mechanism Failure in Jenkins Doktor Plugin",
  "details": "Jenkins Doktor Plugin 0.4.1 and earlier implements functionality that allows agent processes to render files on the controller as Markdown or Asciidoc, and error messages allow attackers able to control agent processes to determine whether a file with a given name exists.",
  "aliases": [
    "CVE-2022-25204"
  ],
  "modified": "2022-02-24T17:31:28Z",
  "published": "2022-02-16T00:01:18Z",
  "database_specific": {
    "github_reviewed": true,
    "severity": "MODERATE",
    "cwe_ids": [
      "CWE-693"
    ]
  },
  "references": [
    {
      "type": "ADVISORY",
      "url": "https://nvd.nist.gov/vuln/detail/CVE-2022-25204"
    },
    {
      "type": "WEB",
      "url": "https://www.jenkins.io/security/advisory/2022-02-15/#SECURITY-2548"
    },
    {
      "type": "PACKAGE",
      "url": "https://github.com/madhead/doktor"
    }
  ],
  "affected": [
    {
      "package": {
        "name": "by.dev.madhead.doktor:doktor",
        "ecosystem": "Maven",
        "purl": "pkg:maven/by.dev.madhead.doktor/doktor"
      },
      "ranges": [
        {
          "type": "ECOSYSTEM",
          "events": [
            {
              "introduced": "0"
            }
          ]
        }
      ],
      "database_specific": {
        "source": "https://github.com/github/advisory-database/blob/main/advisories/github-reviewed/2022/02/GHSA-64q9-f38h-9mwx/GHSA-64q9-f38h-9mwx.json",
        "last_known_affected_version_range": "<= 0.4.1"
      },
      "versions": []
    }
  ],
  "schema_version": "1.2.0",
  "severity": [
    {
      "type": "CVSS_V3",
      "score": "CVSS:3.1/AV:N/AC:L/PR:L/UI:N/S:U/C:L/I:L/A:N"
    }
  ]
}