{
  "id": "GHSA-45vg-2v73-vm62",
  "summary": "Moderate severity vulnerability that affects org.springframework:spring-core",
  "details": "The Java SockJS client in Pivotal Spring Framework 4.1.x before 4.1.5 generates predictable session ids, which allows remote attackers to send messages to other sessions via unspecified vectors.",
  "aliases": [
    "CVE-2015-0201"
  ],
  "modified": "2022-03-02T05:21:53.503595Z",
  "published": "2018-10-17T20:28:20Z",
  "database_specific": {
    "github_reviewed": true,
    "cwe_ids": [],
    "severity": "MODERATE"
  },
  "references": [
    {
      "type": "ADVISORY",
      "url": "https://nvd.nist.gov/vuln/detail/CVE-2015-0201"
    },
    {
      "type": "ADVISORY",
      "url": "https://github.com/advisories/GHSA-45vg-2v73-vm62"
    },
    {
      "type": "WEB",
      "url": "https://pivotal.io/security/cve-2015-0201"
    }
  ],
  "affected": [
    {
      "package": {
        "name": "org.springframework:spring-core",
        "ecosystem": "Maven",
        "purl": "pkg:maven/org.springframework/spring-core"
      },
      "ranges": [
        {
          "type": "ECOSYSTEM",
          "events": [
            {
              "introduced": "4.1.0"
            },
            {
              "fixed": "4.1.5"
            }
          ]
        }
      ],
      "versions": [
        "4.1.0.RELEASE",
        "4.1.1.RELEASE",
        "4.1.2.RELEASE",
        "4.1.3.RELEASE",
        "4.1.4.RELEASE"
      ],
      "database_specific": {
        "source": "https://github.com/github/advisory-database/blob/main/advisories/github-reviewed/2018/10/GHSA-45vg-2v73-vm62/GHSA-45vg-2v73-vm62.json"
      }
    }
  ],
  "schema_version": "1.2.0"
}