{
  "id": "GHSA-6pcc-3rfx-4gpm",
  "summary": "Moderate severity vulnerability that affects org.dom4j:dom4j",
  "details": "dom4j version prior to version 2.1.1 contains a CWE-91: XML Injection vulnerability in Class: Element. Methods: addElement, addAttribute that can result in an attacker tampering with XML documents through XML injection. This attack appear to be exploitable via an attacker specifying attributes or elements in the XML document. This vulnerability appears to have been fixed in 2.1.1 or later.\n\nNote: This advisory applies to `dom4j:dom4j` version 1.x legacy artifacts.  To resolve this a change to the latest version of `org.dom4j:dom4j` is recommended.",
  "aliases": [
    "CVE-2018-1000632"
  ],
  "modified": "2022-03-02T05:21:57.624296Z",
  "published": "2018-10-16T17:01:25Z",
  "database_specific": {
    "github_reviewed": true,
    "severity": "HIGH",
    "cwe_ids": [
      "CWE-91"
    ]
  },
  "references": [
    {
      "type": "ADVISORY",
      "url": "https://nvd.nist.gov/vuln/detail/CVE-2018-1000632"
    },
    {
      "type": "WEB",
      "url": "https://github.com/dom4j/dom4j/issues/48"
    },
    {
      "type": "WEB",
      "url": "https://github.com/dom4j/dom4j/commit/c2a99d7dee8ce7a4e5bef134bb781a6672bd8a0f"
    },
    {
      "type": "WEB",
      "url": "https://github.com/dom4j/dom4j/commit/e598eb43d418744c4dbf62f647dd2381c9ce9387"
    },
    {
      "type": "WEB",
      "url": "https://access.redhat.com/errata/RHSA-2019:0362"
    },
    {
      "type": "WEB",
      "url": "https://access.redhat.com/errata/RHSA-2019:0364"
    },
    {
      "type": "WEB",
      "url": "https://access.redhat.com/errata/RHSA-2019:0365"
    },
    {
      "type": "WEB",
      "url": "https://access.redhat.com/errata/RHSA-2019:0380"
    },
    {
      "type": "WEB",
      "url": "https://access.redhat.com/errata/RHSA-2019:1159"
    },
    {
      "type": "WEB",
      "url": "https://access.redhat.com/errata/RHSA-2019:1160"
    },
    {
      "type": "WEB",
      "url": "https://access.redhat.com/errata/RHSA-2019:1161"
    },
    {
      "type": "WEB",
      "url": "https://access.redhat.com/errata/RHSA-2019:1162"
    },
    {
      "type": "WEB",
      "url": "https://access.redhat.com/errata/RHSA-2019:3172"
    },
    {
      "type": "ADVISORY",
      "url": "https://github.com/advisories/GHSA-6pcc-3rfx-4gpm"
    },
    {
      "type": "WEB",
      "url": "https://ihacktoprotect.com/post/dom4j-xml-injection/"
    },
    {
      "type": "WEB",
      "url": "https://lists.apache.org/thread.html/00571f362a7a2470fba50a31282c65637c40d2e21ebe6ee535a4ed74@%3Ccommits.maven.apache.org%3E"
    },
    {
      "type": "WEB",
      "url": "https://lists.apache.org/thread.html/4a77652531d62299a30815cf5f233af183425db8e3c9a824a814e768@%3Cdev.maven.apache.org%3E"
    },
    {
      "type": "WEB",
      "url": "https://lists.apache.org/thread.html/5a020ecaa3c701f408f612f7ba2ee37a021644c4a39da2079ed3ddbc@%3Ccommits.maven.apache.org%3E"
    },
    {
      "type": "WEB",
      "url": "https://lists.apache.org/thread.html/708d94141126eac03011144a971a6411fcac16d9c248d1d535a39451@%3Csolr-user.lucene.apache.org%3E"
    },
    {
      "type": "WEB",
      "url": "https://lists.apache.org/thread.html/7e9e78f0e4288fac6591992836d2a80d4df19161e54bd71ab4b8e458@%3Cdev.maven.apache.org%3E"
    },
    {
      "type": "WEB",
      "url": "https://lists.apache.org/thread.html/7f6e120e6ed473f4e00dde4c398fc6698eb383bd7857d20513e989ce@%3Cdev.maven.apache.org%3E"
    },
    {
      "type": "WEB",
      "url": "https://lists.apache.org/thread.html/9d4c1af6f702c3d6d6f229de57112ddccac8ce44446a01b7937ab9e0@%3Ccommits.maven.apache.org%3E"
    },
    {
      "type": "WEB",
      "url": "https://lists.apache.org/thread.html/d7d960b2778e35ec9b4d40c8efd468c7ce7163bcf6489b633491c89f@%3Cdev.maven.apache.org%3E"
    },
    {
      "type": "WEB",
      "url": "https://lists.apache.org/thread.html/rb1b990d7920ae0d50da5109b73b92bab736d46c9788dd4b135cb1a51@%3Cnotifications.freemarker.apache.org%3E"
    },
    {
      "type": "WEB",
      "url": "https://lists.debian.org/debian-lts-announce/2018/09/msg00028.html"
    },
    {
      "type": "WEB",
      "url": "https://lists.fedoraproject.org/archives/list/package-announce@lists.fedoraproject.org/message/IOOVVCRQE6ATFD2JM2EMDXOQXTRIVZGP/"
    },
    {
      "type": "WEB",
      "url": "https://lists.fedoraproject.org/archives/list/package-announce@lists.fedoraproject.org/message/KJULAHVR3I5SX7OSMXAG75IMNSAYOXGA/"
    },
    {
      "type": "WEB",
      "url": "https://security.netapp.com/advisory/ntap-20190530-0001/"
    },
    {
      "type": "WEB",
      "url": "https://www.oracle.com/security-alerts/cpuApr2021.html"
    },
    {
      "type": "WEB",
      "url": "https://www.oracle.com/security-alerts/cpuapr2020.html"
    },
    {
      "type": "WEB",
      "url": "https://www.oracle.com/security-alerts/cpujul2020.html"
    },
    {
      "type": "WEB",
      "url": "https://www.oracle.com/technetwork/security-advisory/cpujan2019-5072801.html"
    },
    {
      "type": "PACKAGE",
      "url": "https://github.com/dom4j/dom4j/"
    }
  ],
  "affected": [
    {
      "package": {
        "name": "org.dom4j:dom4j",
        "ecosystem": "Maven",
        "purl": "pkg:maven/org.dom4j/dom4j"
      },
      "ranges": [
        {
          "type": "ECOSYSTEM",
          "events": [
            {
              "introduced": "0"
            },
            {
              "fixed": "2.0.3"
            }
          ]
        }
      ],
      "versions": [
        "2.0.0",
        "2.0.0-RC1",
        "2.0.1",
        "2.0.2"
      ],
      "database_specific": {
        "source": "https://github.com/github/advisory-database/blob/main/advisories/github-reviewed/2018/10/GHSA-6pcc-3rfx-4gpm/GHSA-6pcc-3rfx-4gpm.json"
      }
    },
    {
      "package": {
        "name": "org.dom4j:dom4j",
        "ecosystem": "Maven",
        "purl": "pkg:maven/org.dom4j/dom4j"
      },
      "ranges": [
        {
          "type": "ECOSYSTEM",
          "events": [
            {
              "introduced": "2.1.0"
            },
            {
              "fixed": "2.1.1"
            }
          ]
        }
      ],
      "versions": [
        "2.1.0"
      ],
      "database_specific": {
        "source": "https://github.com/github/advisory-database/blob/main/advisories/github-reviewed/2018/10/GHSA-6pcc-3rfx-4gpm/GHSA-6pcc-3rfx-4gpm.json"
      }
    },
    {
      "package": {
        "name": "dom4j:dom4j",
        "ecosystem": "Maven",
        "purl": "pkg:maven/dom4j/dom4j"
      },
      "ranges": [
        {
          "type": "ECOSYSTEM",
          "events": [
            {
              "introduced": "0"
            }
          ]
        }
      ],
      "versions": [
        "1.1",
        "1.3",
        "1.4",
        "1.4-dev",
        "1.4-dev-2",
        "1.4-dev-3",
        "1.4-dev-4",
        "1.4-dev-5",
        "1.4-dev-6",
        "1.4-dev-7",
        "1.4-dev-8",
        "1.5",
        "1.5-beta-2",
        "1.5-rc1",
        "1.5.1",
        "1.5.2",
        "1.6",
        "1.6.1",
        "20040902.021138"
      ],
      "database_specific": {
        "source": "https://github.com/github/advisory-database/blob/main/advisories/github-reviewed/2018/10/GHSA-6pcc-3rfx-4gpm/GHSA-6pcc-3rfx-4gpm.json",
        "last_known_affected_version_range": "<= 1.6.1"
      }
    }
  ],
  "schema_version": "1.2.0",
  "severity": [
    {
      "type": "CVSS_V3",
      "score": "CVSS:3.1/AV:N/AC:L/PR:N/UI:N/S:U/C:N/I:H/A:N"
    }
  ]
}