{
  "id": "GHSA-66gw-ch5v-74v8",
  "summary": "Cross-site scripting (XSS) in Apache ActiveMQ",
  "details": "An instance of a cross-site scripting vulnerability was identified to be present in the web based administration console on the message.jsp page of Apache ActiveMQ versions 5.15.12 through 5.16.0.",
  "aliases": [
    "CVE-2020-13947"
  ],
  "modified": "2022-03-02T05:21:41.724230Z",
  "published": "2022-02-09T22:01:32Z",
  "database_specific": {
    "cwe_ids": [
      "CWE-79"
    ],
    "severity": "MODERATE",
    "github_reviewed": true
  },
  "references": [
    {
      "type": "ADVISORY",
      "url": "https://nvd.nist.gov/vuln/detail/CVE-2020-13947"
    },
    {
      "type": "WEB",
      "url": "https://lists.apache.org/thread.html/r021c490028f61c8b6f7e38efb98e61693b0cbb6b99b02238c6fc7d66@%3Ccommits.activemq.apache.org%3E"
    },
    {
      "type": "WEB",
      "url": "https://lists.apache.org/thread.html/ra66791f1f2b59fa651a81cec5202acdfbf34c2154fc0ff200301cc1c@%3Cdev.activemq.apache.org%3E"
    },
    {
      "type": "WEB",
      "url": "https://lists.apache.org/thread.html/ra66791f1f2b59fa651a81cec5202acdfbf34c2154fc0ff200301cc1c@%3Cusers.activemq.apache.org%3E"
    },
    {
      "type": "WEB",
      "url": "https://www.oracle.com/security-alerts/cpuApr2021.html"
    },
    {
      "type": "WEB",
      "url": "https://www.oracle.com/security-alerts/cpuoct2021.html"
    },
    {
      "type": "WEB",
      "url": "http://activemq.apache.org/security-advisories.data/CVE-2020-13947-announcement.txt"
    }
  ],
  "affected": [
    {
      "package": {
        "name": "org.apache.activemq:activemq-parent",
        "ecosystem": "Maven",
        "purl": "pkg:maven/org.apache.activemq/activemq-parent"
      },
      "ranges": [
        {
          "type": "ECOSYSTEM",
          "events": [
            {
              "introduced": "5.16.0"
            },
            {
              "fixed": "5.16.1"
            }
          ]
        }
      ],
      "versions": [
        "5.16.0"
      ],
      "database_specific": {
        "source": "https://github.com/github/advisory-database/blob/main/advisories/github-reviewed/2022/02/GHSA-66gw-ch5v-74v8/GHSA-66gw-ch5v-74v8.json"
      }
    },
    {
      "package": {
        "name": "org.apache.activemq:activemq-parent",
        "ecosystem": "Maven",
        "purl": "pkg:maven/org.apache.activemq/activemq-parent"
      },
      "ranges": [
        {
          "type": "ECOSYSTEM",
          "events": [
            {
              "introduced": "0"
            },
            {
              "fixed": "5.15.14"
            }
          ]
        }
      ],
      "versions": [
        "4.1.1",
        "4.1.2",
        "5.0.0",
        "5.1.0",
        "5.10.0",
        "5.10.1",
        "5.10.2",
        "5.11.0",
        "5.11.1",
        "5.11.2",
        "5.11.3",
        "5.11.4",
        "5.12.0",
        "5.12.1",
        "5.12.2",
        "5.12.3",
        "5.13.0",
        "5.13.1",
        "5.13.2",
        "5.13.3",
        "5.13.4",
        "5.13.5",
        "5.14.0",
        "5.14.1",
        "5.14.2",
        "5.14.3",
        "5.14.4",
        "5.14.5",
        "5.15.0",
        "5.15.1",
        "5.15.10",
        "5.15.11",
        "5.15.12",
        "5.15.13",
        "5.15.2",
        "5.15.3",
        "5.15.4",
        "5.15.5",
        "5.15.6",
        "5.15.7",
        "5.15.8",
        "5.15.9",
        "5.2.0",
        "5.3.0",
        "5.3.1",
        "5.3.2",
        "5.4.0",
        "5.4.1",
        "5.4.2",
        "5.4.3",
        "5.5.0",
        "5.5.1",
        "5.6.0",
        "5.7.0",
        "5.8.0",
        "5.9.0",
        "5.9.1"
      ],
      "database_specific": {
        "source": "https://github.com/github/advisory-database/blob/main/advisories/github-reviewed/2022/02/GHSA-66gw-ch5v-74v8/GHSA-66gw-ch5v-74v8.json"
      }
    }
  ],
  "schema_version": "1.2.0",
  "severity": [
    {
      "type": "CVSS_V3",
      "score": "CVSS:3.1/AV:N/AC:L/PR:N/UI:R/S:C/C:L/I:L/A:N"
    }
  ]
}