{
  "id": "GHSA-92wj-x78c-m4fx",
  "summary": "Moderate severity vulnerability that affects org.apache.karaf:karaf",
  "details": "Apache Karaf provides a features deployer, which allows users to \"hot deploy\" a features XML by dropping the file directly in the deploy folder. The features XML is parsed by XMLInputFactory class. Apache Karaf XMLInputFactory class doesn't contain any mitigation codes against XXE. This is a potential security risk as an user can inject external XML entities in Apache Karaf version prior to 4.1.7 or 4.2.2. It has been fixed in Apache Karaf 4.1.7 and 4.2.2 releases.",
  "aliases": [
    "CVE-2018-11788"
  ],
  "modified": "2022-03-02T05:21:05.054204Z",
  "published": "2019-01-07T19:14:49Z",
  "database_specific": {
    "github_reviewed": true,
    "cwe_ids": [
      "CWE-611"
    ],
    "severity": "CRITICAL"
  },
  "references": [
    {
      "type": "ADVISORY",
      "url": "https://nvd.nist.gov/vuln/detail/CVE-2018-11788"
    },
    {
      "type": "ADVISORY",
      "url": "https://github.com/advisories/GHSA-92wj-x78c-m4fx"
    },
    {
      "type": "WEB",
      "url": "http://karaf.apache.org/security/cve-2018-11788.txt"
    },
    {
      "type": "WEB",
      "url": "http://www.securityfocus.com/bid/106479"
    }
  ],
  "affected": [
    {
      "package": {
        "name": "org.apache.karaf:karaf",
        "ecosystem": "Maven",
        "purl": "pkg:maven/org.apache.karaf/karaf"
      },
      "ranges": [
        {
          "type": "ECOSYSTEM",
          "events": [
            {
              "introduced": "4.2.0"
            },
            {
              "fixed": "4.2.2"
            }
          ]
        }
      ],
      "versions": [
        "4.2.0",
        "4.2.1"
      ],
      "database_specific": {
        "source": "https://github.com/github/advisory-database/blob/main/advisories/github-reviewed/2019/01/GHSA-92wj-x78c-m4fx/GHSA-92wj-x78c-m4fx.json"
      }
    },
    {
      "package": {
        "name": "org.apache.karaf:karaf",
        "ecosystem": "Maven",
        "purl": "pkg:maven/org.apache.karaf/karaf"
      },
      "ranges": [
        {
          "type": "ECOSYSTEM",
          "events": [
            {
              "introduced": "0"
            },
            {
              "fixed": "4.1.7"
            }
          ]
        }
      ],
      "versions": [
        "2.0.0",
        "2.1.0",
        "2.1.1",
        "2.1.2",
        "2.1.3",
        "2.1.4",
        "2.1.5",
        "2.1.6",
        "2.2.0",
        "2.2.1",
        "2.2.10",
        "2.2.11",
        "2.2.2",
        "2.2.3",
        "2.2.4",
        "2.2.5",
        "2.2.6",
        "2.2.7",
        "2.2.8",
        "2.2.9",
        "2.3.0",
        "2.3.1",
        "2.3.10",
        "2.3.11",
        "2.3.12",
        "2.3.2",
        "2.3.3",
        "2.3.4",
        "2.3.5",
        "2.3.6",
        "2.3.7",
        "2.3.8",
        "2.3.9",
        "2.4.0",
        "2.4.1",
        "2.4.2",
        "2.4.3",
        "2.4.4",
        "3.0.0",
        "3.0.0.RC1",
        "3.0.1",
        "3.0.10",
        "3.0.2",
        "3.0.3",
        "3.0.4",
        "3.0.5",
        "3.0.6",
        "3.0.7",
        "3.0.8",
        "3.0.9",
        "4.0.0",
        "4.0.0.M1",
        "4.0.0.M2",
        "4.0.0.M3",
        "4.0.1",
        "4.0.10",
        "4.0.2",
        "4.0.3",
        "4.0.4",
        "4.0.5",
        "4.0.6",
        "4.0.7",
        "4.0.8",
        "4.0.9",
        "4.1.0",
        "4.1.1",
        "4.1.2",
        "4.1.3",
        "4.1.4",
        "4.1.5",
        "4.1.6"
      ],
      "database_specific": {
        "source": "https://github.com/github/advisory-database/blob/main/advisories/github-reviewed/2019/01/GHSA-92wj-x78c-m4fx/GHSA-92wj-x78c-m4fx.json"
      }
    }
  ],
  "schema_version": "1.2.0",
  "severity": [
    {
      "type": "CVSS_V3",
      "score": "CVSS:3.0/AV:N/AC:L/PR:N/UI:N/S:U/C:H/I:H/A:H"
    }
  ]
}