{
  "id": "GHSA-9rgv-h7x4-qw8g",
  "summary": "Moderate severity vulnerability that affects org.eclipse.jetty:jetty-server",
  "details": "In Eclipse Jetty Server, all 9.x versions, on webapps deployed using default Error Handling, when an intentionally bad query arrives that doesn't match a dynamic url-pattern, and is eventually handled by the DefaultServlet's static file serving, the bad characters can trigger a java.nio.file.InvalidPathException which includes the full path to the base resource directory that the DefaultServlet and/or webapp is using. If this InvalidPathException is then handled by the default Error Handler, the InvalidPathException message is included in the error response, revealing the full server path to the requesting system.",
  "aliases": [
    "CVE-2018-12536"
  ],
  "modified": "2022-03-02T05:20:51.935439Z",
  "published": "2018-10-19T16:15:56Z",
  "database_specific": {
    "severity": "MODERATE",
    "cwe_ids": [
      "CWE-209"
    ],
    "github_reviewed": true
  },
  "references": [
    {
      "type": "ADVISORY",
      "url": "https://nvd.nist.gov/vuln/detail/CVE-2018-12536"
    },
    {
      "type": "WEB",
      "url": "https://bugs.eclipse.org/bugs/show_bug.cgi?id=535670"
    },
    {
      "type": "ADVISORY",
      "url": "https://github.com/advisories/GHSA-9rgv-h7x4-qw8g"
    },
    {
      "type": "WEB",
      "url": "https://lists.apache.org/thread.html/053d9ce4d579b02203db18545fee5e33f35f2932885459b74d1e4272@%3Cissues.activemq.apache.org%3E"
    },
    {
      "type": "WEB",
      "url": "https://lists.debian.org/debian-lts-announce/2021/05/msg00016.html"
    },
    {
      "type": "WEB",
      "url": "https://security.netapp.com/advisory/ntap-20181014-0001/"
    },
    {
      "type": "WEB",
      "url": "https://support.hpe.com/hpsc/doc/public/display?docLocale=en_US&docId=emr_na-hpesbst03953en_us"
    },
    {
      "type": "WEB",
      "url": "https://www.oracle.com/security-alerts/cpuoct2020.html"
    },
    {
      "type": "WEB",
      "url": "https://www.oracle.com/technetwork/security-advisory/cpuoct2019-5072832.html"
    },
    {
      "type": "WEB",
      "url": "http://www.securitytracker.com/id/1041194"
    }
  ],
  "affected": [
    {
      "package": {
        "name": "org.eclipse.jetty:jetty-server",
        "ecosystem": "Maven",
        "purl": "pkg:maven/org.eclipse.jetty/jetty-server"
      },
      "ranges": [
        {
          "type": "ECOSYSTEM",
          "events": [
            {
              "introduced": "9.4.0"
            },
            {
              "fixed": "9.4.11.v20180605"
            }
          ]
        }
      ],
      "versions": [
        "9.4.0.v20161208",
        "9.4.0.v20180619",
        "9.4.1.v20170120",
        "9.4.1.v20180619",
        "9.4.10.RC0",
        "9.4.10.RC1",
        "9.4.10.v20180503",
        "9.4.2.v20170220",
        "9.4.2.v20180619",
        "9.4.3.v20170317",
        "9.4.3.v20180619",
        "9.4.4.v20170414",
        "9.4.4.v20180619",
        "9.4.5.v20170502",
        "9.4.5.v20180619",
        "9.4.6.v20170531",
        "9.4.6.v20180619",
        "9.4.7.RC0",
        "9.4.7.v20170914",
        "9.4.7.v20180619",
        "9.4.8.v20171121",
        "9.4.8.v20180619",
        "9.4.9.v20180320"
      ],
      "database_specific": {
        "source": "https://github.com/github/advisory-database/blob/main/advisories/github-reviewed/2018/10/GHSA-9rgv-h7x4-qw8g/GHSA-9rgv-h7x4-qw8g.json",
        "last_known_affected_version_range": "<= 9.4.10.v20180503"
      }
    },
    {
      "package": {
        "name": "org.eclipse.jetty:jetty-server",
        "ecosystem": "Maven",
        "purl": "pkg:maven/org.eclipse.jetty/jetty-server"
      },
      "ranges": [
        {
          "type": "ECOSYSTEM",
          "events": [
            {
              "introduced": "9.3.0"
            },
            {
              "fixed": "9.3.24.v20180605"
            }
          ]
        }
      ],
      "versions": [
        "9.3.0.v20150612",
        "9.3.1.v20150714",
        "9.3.10.M0",
        "9.3.10.v20160621",
        "9.3.11.M0",
        "9.3.11.v20160721",
        "9.3.12.v20160915",
        "9.3.13.M0",
        "9.3.13.v20161014",
        "9.3.14.v20161028",
        "9.3.15.v20161220",
        "9.3.16.v20170120",
        "9.3.17.RC0",
        "9.3.17.v20170317",
        "9.3.18.v20170406",
        "9.3.19.v20170502",
        "9.3.2.v20150730",
        "9.3.20.v20170531",
        "9.3.21.M0",
        "9.3.21.RC0",
        "9.3.21.v20170918",
        "9.3.22.v20171030",
        "9.3.23.v20180228",
        "9.3.3.v20150827",
        "9.3.4.RC0",
        "9.3.4.RC1",
        "9.3.4.v20151007",
        "9.3.5.v20151012",
        "9.3.6.v20151106",
        "9.3.7.RC0",
        "9.3.7.RC1",
        "9.3.7.v20160115",
        "9.3.8.RC0",
        "9.3.8.v20160314",
        "9.3.9.M0",
        "9.3.9.M1",
        "9.3.9.v20160517"
      ],
      "database_specific": {
        "last_known_affected_version_range": "<= 9.3.23.v20180228",
        "source": "https://github.com/github/advisory-database/blob/main/advisories/github-reviewed/2018/10/GHSA-9rgv-h7x4-qw8g/GHSA-9rgv-h7x4-qw8g.json"
      }
    }
  ],
  "schema_version": "1.2.0",
  "severity": [
    {
      "type": "CVSS_V3",
      "score": "CVSS:3.1/AV:N/AC:L/PR:N/UI:N/S:U/C:L/I:N/A:N"
    }
  ]
}