{
  "id": "GHSA-9mgm-gcq8-86wq",
  "summary": "Improper Authentication in Apache ActiveMQ and Apache Artemis",
  "details": "The optional ActiveMQ LDAP login module can be configured to use anonymous access to the LDAP server. In this case, for Apache ActiveMQ Artemis prior to version 2.16.0 and Apache ActiveMQ prior to versions 5.16.1 and 5.15.14, the anonymous context is used to verify a valid users password in error, resulting in no check on the password.",
  "aliases": [
    "CVE-2021-26117"
  ],
  "modified": "2022-03-02T05:20:50.432102Z",
  "published": "2021-06-16T17:39:35Z",
  "database_specific": {
    "cwe_ids": [
      "CWE-287"
    ],
    "github_reviewed": true,
    "severity": "HIGH"
  },
  "references": [
    {
      "type": "ADVISORY",
      "url": "https://nvd.nist.gov/vuln/detail/CVE-2021-26117"
    },
    {
      "type": "WEB",
      "url": "https://issues.apache.org/jira/browse/AMQ-8035"
    },
    {
      "type": "WEB",
      "url": "https://issues.apache.org/jira/browse/ARTEMIS-2895"
    },
    {
      "type": "WEB",
      "url": "https://lists.apache.org/thread.html/r110cacfa754471361234965ffe851a046e302ff2693b055f49f47b02@%3Cissues.activemq.apache.org%3E"
    },
    {
      "type": "WEB",
      "url": "https://lists.apache.org/thread.html/r22cdc0fb45e223ac92bc2ceff7af92f1193dfc614c8b248534456229@%3Cissues.activemq.apache.org%3E"
    },
    {
      "type": "WEB",
      "url": "https://lists.apache.org/thread.html/r3341d96d8f956e878fb7b463b08d57ca1d58fec9c970aee929b58e0d@%3Cissues.activemq.apache.org%3E"
    },
    {
      "type": "WEB",
      "url": "https://lists.apache.org/thread.html/r519bfafd67091d0b91243efcb1c49b1eea27321355ba5594f679277d@%3Cissues.activemq.apache.org%3E"
    },
    {
      "type": "WEB",
      "url": "https://lists.apache.org/thread.html/r5899ece90bcae5805ad6142fdb05c58595cff19cb2e98cc58a91f55b@%3Cgitbox.activemq.apache.org%3E"
    },
    {
      "type": "WEB",
      "url": "https://lists.apache.org/thread.html/r70389648227317bdadcdecbd9f238571a6047469d156bd72bb0ca2f7@%3Cgitbox.activemq.apache.org%3E"
    },
    {
      "type": "WEB",
      "url": "https://lists.apache.org/thread.html/r946488fb942fd35c6a6e0359f52504a558ed438574a8f14d36d7dcd7@%3Ccommits.activemq.apache.org%3E"
    },
    {
      "type": "WEB",
      "url": "https://lists.apache.org/thread.html/ra255ddfc8b613b80e9fa22ff3e106168b245f38a22316bfb54d21159@%3Cissues.activemq.apache.org%3E"
    },
    {
      "type": "WEB",
      "url": "https://lists.apache.org/thread.html/raea451de09baed76950d6a60cc4bb1b74476c505e03205a3c68c9808@%3Cissues.activemq.apache.org%3E"
    },
    {
      "type": "WEB",
      "url": "https://lists.apache.org/thread.html/rd05b1c9d61dbd220664d559aa0e2b55e5830f006a09e82057f3f7863@%3Cissues.activemq.apache.org%3E"
    },
    {
      "type": "WEB",
      "url": "https://lists.apache.org/thread.html/rd75600cee29cb248d548edcf6338fe296466d63a69e2ed0afc439ec7@%3Cissues.activemq.apache.org%3E"
    },
    {
      "type": "WEB",
      "url": "https://lists.apache.org/thread.html/re1b98da90a5f2e1c2e2d50e31c12e2578d61fe01c0737f9d0bd8de99@%3Cannounce.apache.org%3E"
    },
    {
      "type": "WEB",
      "url": "https://lists.apache.org/thread.html/rec93794f8aeddf8a5f1a643d264b4e66b933f06fd72a38f31448f0ac@%3Cgitbox.activemq.apache.org%3E"
    },
    {
      "type": "WEB",
      "url": "https://lists.apache.org/thread.html/rffa5cd05d01c4c9853b17f3004d80ea6eb8856c422a8545c5f79b1a6@%3Ccommits.activemq.apache.org%3E"
    },
    {
      "type": "WEB",
      "url": "https://lists.debian.org/debian-lts-announce/2021/03/msg00005.html"
    },
    {
      "type": "WEB",
      "url": "https://mail-archives.apache.org/mod_mbox/activemq-users/202101.mbox/%3cCAH+vQmMeUEiKN4wYX9nLBbqmFZFPXqajNvBKmzb2V8QZANcSTA@mail.gmail.com%3e"
    },
    {
      "type": "WEB",
      "url": "https://security.netapp.com/advisory/ntap-20210304-0008/"
    },
    {
      "type": "WEB",
      "url": "https://www.oracle.com//security-alerts/cpujul2021.html"
    },
    {
      "type": "WEB",
      "url": "https://www.oracle.com/security-alerts/cpuApr2021.html"
    },
    {
      "type": "WEB",
      "url": "https://www.oracle.com/security-alerts/cpuoct2021.html"
    }
  ],
  "affected": [
    {
      "package": {
        "name": "org.apache.activemq:activemq-parent",
        "ecosystem": "Maven",
        "purl": "pkg:maven/org.apache.activemq/activemq-parent"
      },
      "ranges": [
        {
          "type": "ECOSYSTEM",
          "events": [
            {
              "introduced": "5.16.0"
            },
            {
              "fixed": "5.16.1"
            }
          ]
        }
      ],
      "versions": [
        "5.16.0"
      ],
      "database_specific": {
        "source": "https://github.com/github/advisory-database/blob/main/advisories/github-reviewed/2021/06/GHSA-9mgm-gcq8-86wq/GHSA-9mgm-gcq8-86wq.json"
      }
    },
    {
      "package": {
        "name": "org.apache.activemq:activemq-parent",
        "ecosystem": "Maven",
        "purl": "pkg:maven/org.apache.activemq/activemq-parent"
      },
      "ranges": [
        {
          "type": "ECOSYSTEM",
          "events": [
            {
              "introduced": "0"
            },
            {
              "fixed": "5.15.14"
            }
          ]
        }
      ],
      "versions": [
        "4.1.1",
        "4.1.2",
        "5.0.0",
        "5.1.0",
        "5.10.0",
        "5.10.1",
        "5.10.2",
        "5.11.0",
        "5.11.1",
        "5.11.2",
        "5.11.3",
        "5.11.4",
        "5.12.0",
        "5.12.1",
        "5.12.2",
        "5.12.3",
        "5.13.0",
        "5.13.1",
        "5.13.2",
        "5.13.3",
        "5.13.4",
        "5.13.5",
        "5.14.0",
        "5.14.1",
        "5.14.2",
        "5.14.3",
        "5.14.4",
        "5.14.5",
        "5.15.0",
        "5.15.1",
        "5.15.10",
        "5.15.11",
        "5.15.12",
        "5.15.13",
        "5.15.2",
        "5.15.3",
        "5.15.4",
        "5.15.5",
        "5.15.6",
        "5.15.7",
        "5.15.8",
        "5.15.9",
        "5.2.0",
        "5.3.0",
        "5.3.1",
        "5.3.2",
        "5.4.0",
        "5.4.1",
        "5.4.2",
        "5.4.3",
        "5.5.0",
        "5.5.1",
        "5.6.0",
        "5.7.0",
        "5.8.0",
        "5.9.0",
        "5.9.1"
      ],
      "database_specific": {
        "source": "https://github.com/github/advisory-database/blob/main/advisories/github-reviewed/2021/06/GHSA-9mgm-gcq8-86wq/GHSA-9mgm-gcq8-86wq.json"
      }
    },
    {
      "package": {
        "name": "org.apache.activemq:apache-artemis",
        "ecosystem": "Maven",
        "purl": "pkg:maven/org.apache.activemq/apache-artemis"
      },
      "ranges": [
        {
          "type": "ECOSYSTEM",
          "events": [
            {
              "introduced": "0"
            },
            {
              "fixed": "2.16.0"
            }
          ]
        }
      ],
      "versions": [
        "1.0.0",
        "1.1.0",
        "1.2.0",
        "1.3.0",
        "1.4.0",
        "1.5.0",
        "1.5.1",
        "1.5.2",
        "1.5.3",
        "1.5.4",
        "1.5.5",
        "1.5.6",
        "2.0.0",
        "2.1.0",
        "2.10.0",
        "2.10.1",
        "2.11.0",
        "2.12.0",
        "2.13.0",
        "2.14.0",
        "2.15.0",
        "2.2.0",
        "2.3.0",
        "2.4.0",
        "2.5.0",
        "2.6.0",
        "2.6.1",
        "2.6.2",
        "2.6.3",
        "2.6.4",
        "2.7.0",
        "2.8.0",
        "2.8.1",
        "2.9.0"
      ],
      "database_specific": {
        "source": "https://github.com/github/advisory-database/blob/main/advisories/github-reviewed/2021/06/GHSA-9mgm-gcq8-86wq/GHSA-9mgm-gcq8-86wq.json"
      }
    }
  ],
  "schema_version": "1.2.0",
  "severity": [
    {
      "type": "CVSS_V3",
      "score": "CVSS:3.1/AV:N/AC:L/PR:N/UI:N/S:U/C:N/I:H/A:N"
    }
  ]
}