{
  "id": "GHSA-9x2h-hvg6-4r5p",
  "summary": "Improper Authentication in Apache Zeppelin",
  "details": "In Apache Zeppelin prior to 0.8.0 the cron scheduler was enabled by default and could allow users to run paragraphs as other users without authentication.",
  "aliases": [
    "CVE-2018-1317"
  ],
  "modified": "2022-03-02T05:21:22.625846Z",
  "published": "2019-04-24T16:06:52Z",
  "database_specific": {
    "cwe_ids": [
      "CWE-287"
    ],
    "github_reviewed": true,
    "severity": "HIGH"
  },
  "references": [
    {
      "type": "ADVISORY",
      "url": "https://nvd.nist.gov/vuln/detail/CVE-2018-1317"
    },
    {
      "type": "WEB",
      "url": "https://lists.apache.org/thread.html/ff6b995a5a3ba8db4d6b14b4d9dd487e7bf2e3bdd5b375b64a25fd06@%3Cusers.zeppelin.apache.org%3E"
    },
    {
      "type": "WEB",
      "url": "https://zeppelin.apache.org/releases/zeppelin-release-0.8.0.html"
    },
    {
      "type": "WEB",
      "url": "http://www.openwall.com/lists/oss-security/2019/04/23/1"
    }
  ],
  "affected": [
    {
      "package": {
        "name": "org.apache.zeppelin:zeppelin",
        "ecosystem": "Maven",
        "purl": "pkg:maven/org.apache.zeppelin/zeppelin"
      },
      "ranges": [
        {
          "type": "ECOSYSTEM",
          "events": [
            {
              "introduced": "0"
            },
            {
              "fixed": "0.8.0"
            }
          ]
        }
      ],
      "versions": [
        "0.5.0-incubating",
        "0.6.0",
        "0.6.1",
        "0.6.2",
        "0.7.0",
        "0.7.1",
        "0.7.2",
        "0.7.3"
      ],
      "database_specific": {
        "source": "https://github.com/github/advisory-database/blob/main/advisories/github-reviewed/2019/04/GHSA-9x2h-hvg6-4r5p/GHSA-9x2h-hvg6-4r5p.json"
      }
    }
  ],
  "schema_version": "1.2.0",
  "severity": [
    {
      "type": "CVSS_V3",
      "score": "CVSS:3.0/AV:N/AC:L/PR:L/UI:N/S:U/C:H/I:H/A:H"
    }
  ]
}