{
  "id": "GHSA-898j-5cc8-cmf5",
  "summary": "Moderate severity vulnerability that affects org.apache.storm:storm-core",
  "details": "Apache Storm version 1.0.6 and earlier, 1.2.1 and earlier, and version 1.1.2 and earlier expose an arbitrary file write vulnerability, that can be achieved using a specially crafted zip archive (affects other archives as well, bzip2, tar, xz, war, cpio, 7z), that holds path traversal filenames. So when the filename gets concatenated to the target extraction directory, the final path ends up outside of the target folder.",
  "aliases": [
    "CVE-2018-8008"
  ],
  "modified": "2022-03-02T05:19:24.740476Z",
  "published": "2018-10-16T17:35:24Z",
  "database_specific": {
    "github_reviewed": true,
    "cwe_ids": [
      "CWE-22"
    ],
    "severity": "MODERATE"
  },
  "references": [
    {
      "type": "ADVISORY",
      "url": "https://nvd.nist.gov/vuln/detail/CVE-2018-8008"
    },
    {
      "type": "ADVISORY",
      "url": "https://github.com/advisories/GHSA-898j-5cc8-cmf5"
    },
    {
      "type": "WEB",
      "url": "https://lists.apache.org/thread.html/613b2fca8bcd0a3b12c0b763ea8f7cf62e422e9f79fce6cfa5b08a58@%3Cdev.storm.apache.org%3E"
    },
    {
      "type": "WEB",
      "url": "http://www.securityfocus.com/bid/104418"
    }
  ],
  "affected": [
    {
      "package": {
        "name": "org.apache.storm:storm-core",
        "ecosystem": "Maven",
        "purl": "pkg:maven/org.apache.storm/storm-core"
      },
      "ranges": [
        {
          "type": "ECOSYSTEM",
          "events": [
            {
              "introduced": "0"
            },
            {
              "fixed": "1.1.3"
            }
          ]
        }
      ],
      "versions": [
        "0.10.0",
        "0.10.0-beta",
        "0.10.0-beta1",
        "0.10.1",
        "0.10.2",
        "0.9.1-incubating",
        "0.9.2-incubating",
        "0.9.3",
        "0.9.4",
        "0.9.5",
        "0.9.6",
        "0.9.7",
        "1.0.0",
        "1.0.1",
        "1.0.2",
        "1.0.3",
        "1.0.4",
        "1.0.5",
        "1.0.6",
        "1.1.0",
        "1.1.1",
        "1.1.2"
      ],
      "database_specific": {
        "source": "https://github.com/github/advisory-database/blob/main/advisories/github-reviewed/2018/10/GHSA-898j-5cc8-cmf5/GHSA-898j-5cc8-cmf5.json"
      }
    },
    {
      "package": {
        "name": "org.apache.storm:storm-core",
        "ecosystem": "Maven",
        "purl": "pkg:maven/org.apache.storm/storm-core"
      },
      "ranges": [
        {
          "type": "ECOSYSTEM",
          "events": [
            {
              "introduced": "1.2.0"
            },
            {
              "fixed": "1.2.2"
            }
          ]
        }
      ],
      "versions": [
        "1.2.0",
        "1.2.1"
      ],
      "database_specific": {
        "source": "https://github.com/github/advisory-database/blob/main/advisories/github-reviewed/2018/10/GHSA-898j-5cc8-cmf5/GHSA-898j-5cc8-cmf5.json"
      }
    }
  ],
  "schema_version": "1.2.0",
  "severity": [
    {
      "type": "CVSS_V3",
      "score": "CVSS:3.0/AV:L/AC:L/PR:N/UI:R/S:U/C:N/I:H/A:N"
    }
  ]
}