{
  "id": "GHSA-66q9-f7ff-mmx6",
  "summary": "Local file inclusion vulnerability in http4s",
  "details": "### Impact\n\nThis vulnerability applies to all users of:\n* `org.http4s.server.staticcontent.FileService`\n* `org.http4s.server.staticcontent.ResourceService`\n* `org.http4s.server.staticcontent.WebjarService`\n\n#### Path escaping\n\nURI normalization is applied incorrectly.  Requests whose path info contain `../` or `//` can expose resources outside of the configured location.  Specifically:\n\n* `FileService` may expose any file on the local file system.\n* `ResourceService` may expose any resource on the class path.\n\n#### Prefix matching\n\nWhen the service is configured with a non-empty `pathPrefix` that doesn't end in a slash, any directories whose names are a prefix of `systemPath` (from `FileService`) or `pathPrefix` (from `ResourceService`) are exposed.  For example, if `pathPrefix` is `/foo` and `systemPath` is `/bar`, a request to `/foobaz/quux.txt` exposes file `/barbaz/quux.txt`, when only files beneath `/bar` should be available.\n\n#### URI decoding\n\nURI segments are not decoded before resource resolution.  This causes resources with reserved characters in their name to incorrectly return a 404.  It also may incorrectly expose the rare resource whose name is URI encoded.  This applies to `FileService`, `ResourceService`, and `WebjarService`.\n\n### Patches\n\nIn all three services, paths with an empty segment, a `.` segment, or a `..` segment are now rejected with a `400 Bad Request` response.  This fixes exposure outside the configured root.  Many clients already eliminate dot segments according to the rules in [RFC3986, Section 5.2.4](https://tools.ietf.org/html/rfc3986#section-5.2.4).  A middleware that does so at the server level may be considered if there is demand.\n\nIf `pathInfo` is non-empty, and does not begin with `/`, then a 404 response is generated.  This fixes the prefix matching exposure.\n\nAll path segments are URI decoded before being passed to the file system or resource path.  This allows resolution of resources with reserved characters in the name, and prevents incorrect exposure of resources whose names are themselves URI encoded.\n\n### Workarounds\n\nThe recommended course is to upgrade:\n* v0.18.26, binary compatible with the 0.18.x series\n* v0.20.20, binary compatible with the 0.20.x series\n* v0.21.2, binary compatible with the 0.21.x series\n\nNote that 0.19.0 is a deprecated release and has never been supported.\n\nIf an upgrade is impossible:\n\n* Temporarily copy `FileService.scala`, `ResourceService.scala`, and `WebjarService.scala` from the appropriate release series into your project and recompile with that, changing the package name and reference in your application.\n* Users of a servlet backend can use the servlet container's file serving capabilities.\n\n### Credits\n\nThank you to Thomas G\u00f8ytil for the discovery, responsible disclosure, and assistance testing of this vulnerability.\n\n### For more information\nIf you have any questions or comments about this advisory:\n* Open an issue in [http4s/http4s](http://github.com/http4s/http4s)\n* Email a maintainer:\n  * [Ross A. Baker](mailto:ross@rossabaker.com)",
  "aliases": [
    "CVE-2020-5280"
  ],
  "modified": "2022-03-02T05:21:22.597335Z",
  "published": "2020-03-25T17:35:51Z",
  "database_specific": {
    "github_reviewed": true,
    "severity": "CRITICAL",
    "cwe_ids": [
      "CWE-23"
    ]
  },
  "references": [
    {
      "type": "WEB",
      "url": "https://github.com/http4s/http4s/security/advisories/GHSA-66q9-f7ff-mmx6"
    },
    {
      "type": "ADVISORY",
      "url": "https://nvd.nist.gov/vuln/detail/CVE-2020-5280"
    },
    {
      "type": "WEB",
      "url": "https://github.com/http4s/http4s/commit/250afddbb2e65b70ca9ddaec9d1eb3aaa56de7ec"
    },
    {
      "type": "WEB",
      "url": "https://github.com/http4s/http4s/commit/752b3f63a05a31d2de4f8706877aa08d6b89efca"
    },
    {
      "type": "WEB",
      "url": "https://github.com/http4s/http4s/commit/b87f31b2292dabe667bec3b04ce66176c8a3e17b"
    }
  ],
  "affected": [
    {
      "package": {
        "name": "org.http4s:http4s-server_2.12",
        "ecosystem": "Maven",
        "purl": "pkg:maven/org.http4s/http4s-server_2.12"
      },
      "ranges": [
        {
          "type": "ECOSYSTEM",
          "events": [
            {
              "introduced": "0"
            },
            {
              "fixed": "0.18.26"
            }
          ]
        }
      ],
      "versions": [
        "0.10.0-M10",
        "0.15.0",
        "0.15.0a",
        "0.15.1",
        "0.15.10",
        "0.15.10a",
        "0.15.11",
        "0.15.11a",
        "0.15.12",
        "0.15.12a",
        "0.15.13",
        "0.15.13a",
        "0.15.14",
        "0.15.14a",
        "0.15.15",
        "0.15.15a",
        "0.15.16",
        "0.15.16a",
        "0.15.1a",
        "0.15.2",
        "0.15.2a",
        "0.15.3",
        "0.15.3a",
        "0.15.4",
        "0.15.4a",
        "0.15.5",
        "0.15.5a",
        "0.15.6",
        "0.15.6a",
        "0.15.7",
        "0.15.7a",
        "0.15.8",
        "0.15.8a",
        "0.15.9",
        "0.15.9a",
        "0.16.0",
        "0.16.0-M1",
        "0.16.0-M2",
        "0.16.0-M3",
        "0.16.0-RC1",
        "0.16.0-RC2",
        "0.16.0-RC3",
        "0.16.0a",
        "0.16.0a-M1",
        "0.16.0a-M2",
        "0.16.0a-M3",
        "0.16.0a-RC1",
        "0.16.0a-RC2",
        "0.16.0a-RC3",
        "0.16.1",
        "0.16.1a",
        "0.16.2",
        "0.16.2a",
        "0.16.3",
        "0.16.3a",
        "0.16.4",
        "0.16.4a",
        "0.16.5",
        "0.16.5a",
        "0.16.6",
        "0.16.6a",
        "0.17.0",
        "0.17.0-M1",
        "0.17.0-M2",
        "0.17.0-M3",
        "0.17.0-RC1",
        "0.17.0-RC2",
        "0.17.0-RC3",
        "0.17.1",
        "0.17.2",
        "0.17.3",
        "0.17.4",
        "0.17.5",
        "0.17.6",
        "0.18.0",
        "0.18.0-M1",
        "0.18.0-M2",
        "0.18.0-M3",
        "0.18.0-M4",
        "0.18.0-M5",
        "0.18.0-M6",
        "0.18.0-M7",
        "0.18.0-M8",
        "0.18.0-M9",
        "0.18.1",
        "0.18.10",
        "0.18.11",
        "0.18.12",
        "0.18.13",
        "0.18.14",
        "0.18.15",
        "0.18.16",
        "0.18.17",
        "0.18.18",
        "0.18.19",
        "0.18.2",
        "0.18.20",
        "0.18.21",
        "0.18.22",
        "0.18.23",
        "0.18.24",
        "0.18.25",
        "0.18.3",
        "0.18.4",
        "0.18.5",
        "0.18.6",
        "0.18.7",
        "0.18.8",
        "0.18.9"
      ],
      "database_specific": {
        "source": "https://github.com/github/advisory-database/blob/main/advisories/github-reviewed/2020/03/GHSA-66q9-f7ff-mmx6/GHSA-66q9-f7ff-mmx6.json"
      }
    },
    {
      "package": {
        "name": "org.http4s:http4s-server_2.12",
        "ecosystem": "Maven",
        "purl": "pkg:maven/org.http4s/http4s-server_2.12"
      },
      "ranges": [
        {
          "type": "ECOSYSTEM",
          "events": [
            {
              "introduced": "0.19.0"
            },
            {
              "fixed": "0.20.20"
            }
          ]
        }
      ],
      "versions": [
        "0.19.0",
        "0.20.0",
        "0.20.0-M1",
        "0.20.0-M2",
        "0.20.0-M3",
        "0.20.0-M4",
        "0.20.0-M5",
        "0.20.0-M6",
        "0.20.0-M7",
        "0.20.0-RC1",
        "0.20.1",
        "0.20.10",
        "0.20.11",
        "0.20.12",
        "0.20.13",
        "0.20.14",
        "0.20.15",
        "0.20.16",
        "0.20.17",
        "0.20.18",
        "0.20.19",
        "0.20.2",
        "0.20.3",
        "0.20.4",
        "0.20.5",
        "0.20.6",
        "0.20.7",
        "0.20.8",
        "0.20.9"
      ],
      "database_specific": {
        "source": "https://github.com/github/advisory-database/blob/main/advisories/github-reviewed/2020/03/GHSA-66q9-f7ff-mmx6/GHSA-66q9-f7ff-mmx6.json"
      }
    },
    {
      "package": {
        "name": "org.http4s:http4s-server_2.12",
        "ecosystem": "Maven",
        "purl": "pkg:maven/org.http4s/http4s-server_2.12"
      },
      "ranges": [
        {
          "type": "ECOSYSTEM",
          "events": [
            {
              "introduced": "0.21.0"
            },
            {
              "fixed": "0.21.2"
            }
          ]
        }
      ],
      "versions": [
        "0.21.0",
        "0.21.1"
      ],
      "database_specific": {
        "source": "https://github.com/github/advisory-database/blob/main/advisories/github-reviewed/2020/03/GHSA-66q9-f7ff-mmx6/GHSA-66q9-f7ff-mmx6.json"
      }
    }
  ],
  "schema_version": "1.2.0",
  "severity": [
    {
      "type": "CVSS_V3",
      "score": "CVSS:3.1/AV:N/AC:L/PR:L/UI:R/S:C/C:H/I:L/A:N"
    }
  ]
}