{
  "id": "GHSA-743r-5g92-5vgf",
  "summary": "Improper certificate management in AWS IoT Device SDK v2",
  "details": "Connections initialized by the AWS IoT Device SDK v2 for Java (versions prior to 1.4.2), Python (versions prior to 1.6.1), C++ (versions prior to 1.12.7) and Node.js (versions prior to 1.5.3) did not verify server certificate hostname during TLS handshake when overriding Certificate Authorities (CA) in their trust stores on MacOS. This issue has been addressed in aws-c-io submodule versions 0.10.5 onward. This issue affects: Amazon Web Services AWS IoT Device SDK v2 for Java versions prior to 1.4.2 on macOS. Amazon Web Services AWS IoT Device SDK v2 for Python versions prior to 1.6.1 on macOS. Amazon Web Services AWS IoT Device SDK v2 for C++ versions prior to 1.12.7 on macOS. Amazon Web Services AWS IoT Device SDK v2 for Node.js versions prior to 1.5.3 on macOS. Amazon Web Services AWS-C-IO 0.10.4 on macOS.",
  "aliases": [
    "CVE-2021-40829"
  ],
  "modified": "2022-03-02T05:21:56.000087Z",
  "published": "2021-11-24T21:11:16Z",
  "database_specific": {
    "github_reviewed": true,
    "severity": "MODERATE",
    "cwe_ids": [
      "CWE-295"
    ]
  },
  "references": [
    {
      "type": "ADVISORY",
      "url": "https://nvd.nist.gov/vuln/detail/CVE-2021-40829"
    },
    {
      "type": "WEB",
      "url": "https://github.com/aws/aws-iot-device-sdk-cpp-v2"
    },
    {
      "type": "WEB",
      "url": "https://github.com/aws/aws-iot-device-sdk-java-v2"
    },
    {
      "type": "WEB",
      "url": "https://github.com/aws/aws-iot-device-sdk-java-v2/commits/v1.4.2"
    },
    {
      "type": "WEB",
      "url": "https://github.com/aws/aws-iot-device-sdk-js-v2"
    },
    {
      "type": "WEB",
      "url": "https://github.com/aws/aws-iot-device-sdk-python-v2"
    },
    {
      "type": "WEB",
      "url": "https://github.com/awslabs/aws-c-io/"
    }
  ],
  "affected": [
    {
      "package": {
        "name": "software.amazon.awssdk.iotdevicesdk:aws-iot-device-sdk",
        "ecosystem": "Maven",
        "purl": "pkg:maven/software.amazon.awssdk.iotdevicesdk/aws-iot-device-sdk"
      },
      "ranges": [
        {
          "type": "ECOSYSTEM",
          "events": [
            {
              "introduced": "0"
            },
            {
              "fixed": "1.4.2"
            }
          ]
        }
      ],
      "versions": [
        "0.2.3",
        "0.2.4",
        "0.2.5",
        "0.2.6",
        "0.2.7",
        "0.2.8",
        "0.3.0",
        "0.3.1",
        "0.3.2",
        "0.3.3",
        "1.0.0",
        "1.0.1",
        "1.0.2",
        "1.0.3",
        "1.0.4",
        "1.0.5",
        "1.0.6",
        "1.0.7",
        "1.0.8",
        "1.0.9",
        "1.1.0",
        "1.1.1",
        "1.2.0",
        "1.2.1",
        "1.2.10",
        "1.2.11",
        "1.2.12",
        "1.2.13",
        "1.2.14",
        "1.2.15",
        "1.2.16",
        "1.2.17",
        "1.2.18",
        "1.2.2",
        "1.2.3",
        "1.2.4",
        "1.2.5",
        "1.2.6",
        "1.2.7",
        "1.2.8",
        "1.2.9",
        "1.3.0",
        "1.3.1",
        "1.3.2",
        "1.3.3",
        "1.4.0",
        "1.4.1"
      ],
      "database_specific": {
        "source": "https://github.com/github/advisory-database/blob/main/advisories/github-reviewed/2021/11/GHSA-743r-5g92-5vgf/GHSA-743r-5g92-5vgf.json"
      }
    },
    {
      "package": {
        "name": "aws-iot-device-sdk-v2",
        "ecosystem": "npm",
        "purl": "pkg:npm/aws-iot-device-sdk-v2"
      },
      "ranges": [
        {
          "type": "SEMVER",
          "events": [
            {
              "introduced": "0"
            },
            {
              "fixed": "1.5.3"
            }
          ]
        }
      ],
      "database_specific": {
        "source": "https://github.com/github/advisory-database/blob/main/advisories/github-reviewed/2021/11/GHSA-743r-5g92-5vgf/GHSA-743r-5g92-5vgf.json"
      }
    },
    {
      "package": {
        "name": "awsiotsdk",
        "ecosystem": "PyPI",
        "purl": "pkg:pypi/awsiotsdk"
      },
      "ranges": [
        {
          "type": "ECOSYSTEM",
          "events": [
            {
              "introduced": "0"
            },
            {
              "fixed": "1.6.1"
            }
          ]
        }
      ],
      "versions": [
        "0.2.4",
        "0.2.9",
        "0.3.0",
        "1.0.2",
        "1.0.3",
        "1.0.5",
        "1.0.6",
        "1.1.0",
        "1.2.0",
        "1.2.1",
        "1.3.0",
        "1.3.1",
        "1.3.2",
        "1.4.0",
        "1.5.0",
        "1.5.1",
        "1.5.10",
        "1.5.11",
        "1.5.12",
        "1.5.13",
        "1.5.14",
        "1.5.15",
        "1.5.16",
        "1.5.17",
        "1.5.18",
        "1.5.2",
        "1.5.3",
        "1.5.4",
        "1.5.5",
        "1.5.6",
        "1.5.7",
        "1.5.8",
        "1.6.0"
      ],
      "database_specific": {
        "source": "https://github.com/github/advisory-database/blob/main/advisories/github-reviewed/2021/11/GHSA-743r-5g92-5vgf/GHSA-743r-5g92-5vgf.json"
      }
    }
  ],
  "schema_version": "1.2.0",
  "severity": [
    {
      "type": "CVSS_V3",
      "score": "CVSS:3.1/AV:A/AC:H/PR:H/UI:R/S:U/C:H/I:H/A:H"
    }
  ]
}