{
  "id": "GHSA-55w9-c3g2-4rrh",
  "summary": "Man-in-the-middle attack in Apache Axis",
  "details": "Apache Axis 1.4 and earlier, as used in PayPal Payments Pro, PayPal Mass Pay, PayPal Transactional Information SOAP, the Java Message Service implementation in Apache ActiveMQ, and other products, does not verify that the server hostname matches a domain name in the subject's Common Name (CN) or subjectAltName field of the X.509 certificate, which allows man-in-the-middle attackers to spoof SSL servers via an arbitrary valid certificate.",
  "aliases": [
    "CVE-2012-5784"
  ],
  "modified": "2022-03-02T05:21:25.705298Z",
  "published": "2020-10-07T17:51:02Z",
  "database_specific": {
    "severity": "MODERATE",
    "github_reviewed": true,
    "cwe_ids": [
      "CWE-20"
    ]
  },
  "references": [
    {
      "type": "ADVISORY",
      "url": "https://nvd.nist.gov/vuln/detail/CVE-2012-5784"
    },
    {
      "type": "WEB",
      "url": "https://exchange.xforce.ibmcloud.com/vulnerabilities/79829"
    },
    {
      "type": "WEB",
      "url": "https://lists.apache.org/thread.html/44d4e88a5fa8ae60deb752029afe9054da87c5f859caf296fcf585e5@%3Cjava-dev.axis.apache.org%3E"
    },
    {
      "type": "WEB",
      "url": "https://lists.apache.org/thread.html/5e6c92145deddcecf70c3604041dcbd615efa2d37632fc2b9c367780@%3Cjava-dev.axis.apache.org%3E"
    },
    {
      "type": "WEB",
      "url": "https://lists.apache.org/thread.html/8aa25c99eeb0693fc229ec87d1423b5ed5d58558618706d8aba1d832@%3Cjava-dev.axis.apache.org%3E"
    },
    {
      "type": "WEB",
      "url": "https://lists.apache.org/thread.html/a308887782e05da7cf692e4851ae2bd429a038570cbf594e6631cc8d@%3Cjava-dev.axis.apache.org%3E"
    },
    {
      "type": "WEB",
      "url": "https://lists.apache.org/thread.html/de2af12dcaba653d02b03235327ca4aa930401813a3cced8e151d29c@%3Cjava-dev.axis.apache.org%3E"
    },
    {
      "type": "WEB",
      "url": "http://lists.opensuse.org/opensuse-security-announce/2019-06/msg00007.html"
    },
    {
      "type": "WEB",
      "url": "http://lists.opensuse.org/opensuse-security-announce/2019-06/msg00022.html"
    },
    {
      "type": "WEB",
      "url": "http://rhn.redhat.com/errata/RHSA-2013-0269.html"
    },
    {
      "type": "WEB",
      "url": "http://rhn.redhat.com/errata/RHSA-2013-0683.html"
    },
    {
      "type": "WEB",
      "url": "http://rhn.redhat.com/errata/RHSA-2014-0037.html"
    },
    {
      "type": "WEB",
      "url": "http://secunia.com/advisories/51219"
    },
    {
      "type": "WEB",
      "url": "http://www.cs.utexas.edu/~shmat/shmat_ccs12.pdf"
    },
    {
      "type": "WEB",
      "url": "http://www.securityfocus.com/bid/56408"
    }
  ],
  "affected": [
    {
      "package": {
        "name": "org.apache.axis:axis",
        "ecosystem": "Maven",
        "purl": "pkg:maven/org.apache.axis/axis"
      },
      "ranges": [
        {
          "type": "ECOSYSTEM",
          "events": [
            {
              "introduced": "0"
            }
          ]
        }
      ],
      "versions": [
        "1.4"
      ],
      "database_specific": {
        "last_known_affected_version_range": "<= 1.4",
        "source": "https://github.com/github/advisory-database/blob/main/advisories/github-reviewed/2020/10/GHSA-55w9-c3g2-4rrh/GHSA-55w9-c3g2-4rrh.json"
      }
    },
    {
      "package": {
        "name": "axis:axis",
        "ecosystem": "Maven",
        "purl": "pkg:maven/axis/axis"
      },
      "ranges": [
        {
          "type": "ECOSYSTEM",
          "events": [
            {
              "introduced": "0"
            }
          ]
        }
      ],
      "versions": [
        "1.0",
        "1.1",
        "1.1-beta",
        "1.2",
        "1.2-RC1",
        "1.2-RC2",
        "1.2-RC3",
        "1.2-alpha-1",
        "1.2-beta-2",
        "1.2-beta-3",
        "1.2.1",
        "1.3",
        "1.4"
      ],
      "database_specific": {
        "source": "https://github.com/github/advisory-database/blob/main/advisories/github-reviewed/2020/10/GHSA-55w9-c3g2-4rrh/GHSA-55w9-c3g2-4rrh.json",
        "last_known_affected_version_range": "<= 1.4"
      }
    }
  ],
  "schema_version": "1.2.0"
}