{
  "id": "GHSA-2m7g-9q74-9m3q",
  "summary": "Improper Certificate Validation in Apache Beam",
  "details": "The Apache Beam MongoDB connector in versions 2.10.0 to 2.16.0 has an option to disable SSL trust verification. However this configuration is not respected and the certificate verification disables trust verification in every case. This exclusion also gets registered globally which disables trust checking for any code running in the same JVM.",
  "aliases": [
    "CVE-2020-1929"
  ],
  "modified": "2022-03-02T05:22:01.850529Z",
  "published": "2020-05-06T20:49:04Z",
  "database_specific": {
    "cwe_ids": [
      "CWE-295"
    ],
    "github_reviewed": true,
    "severity": "HIGH"
  },
  "references": [
    {
      "type": "ADVISORY",
      "url": "https://nvd.nist.gov/vuln/detail/CVE-2020-1929"
    },
    {
      "type": "WEB",
      "url": "https://github.com/apache/beam/commit/a7dd23d95d2d214b4110781b5a28802bd43b834b"
    },
    {
      "type": "WEB",
      "url": "https://lists.apache.org/thread.html/rdd0e85b71bf0274471b40fa1396d77f7b2d1165eaea4becbdc69aa04%40%3Cuser.beam.apache.org%3E"
    },
    {
      "type": "PACKAGE",
      "url": "https://github.com/apache/beam"
    }
  ],
  "affected": [
    {
      "package": {
        "name": "org.apache.beam:beam-sdks-java-io-mongodb",
        "ecosystem": "Maven",
        "purl": "pkg:maven/org.apache.beam/beam-sdks-java-io-mongodb"
      },
      "ranges": [
        {
          "type": "ECOSYSTEM",
          "events": [
            {
              "introduced": "2.10.0"
            },
            {
              "fixed": "2.17.0"
            }
          ]
        }
      ],
      "versions": [
        "2.10.0",
        "2.11.0",
        "2.12.0",
        "2.13.0",
        "2.14.0",
        "2.15.0",
        "2.16.0"
      ],
      "database_specific": {
        "last_known_affected_version_range": "<= 2.16.0",
        "source": "https://github.com/github/advisory-database/blob/main/advisories/github-reviewed/2020/05/GHSA-2m7g-9q74-9m3q/GHSA-2m7g-9q74-9m3q.json"
      }
    }
  ],
  "schema_version": "1.2.0",
  "severity": [
    {
      "type": "CVSS_V3",
      "score": "CVSS:3.1/AV:N/AC:L/PR:N/UI:N/S:U/C:N/I:H/A:N"
    }
  ]
}