{
  "id": "GHSA-9fj5-jg6f-qg5r",
  "summary": "Use of Hard-coded Credentials in Apache Kylin",
  "details": "Apache Kylin provides encryption classes PasswordPlaceholderConfigurer to help users encrypt their passwords. In the encryption algorithm used by this encryption class, the cipher is initialized with a hardcoded key and IV. If users use class PasswordPlaceholderConfigurer to encrypt their password and configure it into kylin's configuration file, there is a risk that the password may be decrypted. This issue affects Apache Kylin 2 version 2.6.6 and prior versions; Apache Kylin 3 version 3.1.2 and prior versions; Apache Kylin 4 version 4.0.0 and prior versions.",
  "aliases": [
    "CVE-2021-45458"
  ],
  "modified": "2022-03-02T05:21:48.321439Z",
  "published": "2022-01-08T00:43:09Z",
  "database_specific": {
    "severity": "MODERATE",
    "cwe_ids": [
      "CWE-326",
      "CWE-798"
    ],
    "github_reviewed": true
  },
  "references": [
    {
      "type": "ADVISORY",
      "url": "https://nvd.nist.gov/vuln/detail/CVE-2021-45458"
    },
    {
      "type": "WEB",
      "url": "https://github.com/apache/kylin/pull/1781"
    },
    {
      "type": "WEB",
      "url": "https://github.com/apache/kylin/pull/1782"
    },
    {
      "type": "WEB",
      "url": "https://lists.apache.org/thread/oof215qz188k16vhlo97cm1jksxdowfy"
    },
    {
      "type": "WEB",
      "url": "http://www.openwall.com/lists/oss-security/2022/01/06/3"
    },
    {
      "type": "WEB",
      "url": "http://www.openwall.com/lists/oss-security/2022/01/06/7"
    },
    {
      "type": "PACKAGE",
      "url": "https://github.com/apache/kylin"
    }
  ],
  "affected": [
    {
      "package": {
        "name": "org.apache.kylin:kylin",
        "ecosystem": "Maven",
        "purl": "pkg:maven/org.apache.kylin/kylin"
      },
      "ranges": [
        {
          "type": "ECOSYSTEM",
          "events": [
            {
              "introduced": "0"
            },
            {
              "fixed": "3.1.3"
            }
          ]
        }
      ],
      "versions": [
        "0.7.1-incubating",
        "0.7.2-incubating",
        "1.0-incubating",
        "1.1-incubating",
        "1.1.1-incubating",
        "1.2",
        "1.3.0",
        "1.5.0",
        "1.5.1",
        "1.5.2",
        "1.5.2.1",
        "1.5.3",
        "1.5.4",
        "1.5.4.1",
        "1.6.0",
        "2.0.0",
        "2.1.0",
        "2.2.0",
        "2.3.0",
        "2.3.1",
        "2.3.2",
        "2.4.0",
        "2.4.1",
        "2.5.0",
        "2.5.1",
        "2.5.2",
        "2.6.0",
        "2.6.1",
        "2.6.2",
        "2.6.3",
        "2.6.4",
        "2.6.5",
        "2.6.6",
        "3.0.0",
        "3.0.0-alpha",
        "3.0.0-alpha2",
        "3.0.1",
        "3.0.2",
        "3.1.0",
        "3.1.1",
        "3.1.2"
      ],
      "database_specific": {
        "source": "https://github.com/github/advisory-database/blob/main/advisories/github-reviewed/2022/01/GHSA-9fj5-jg6f-qg5r/GHSA-9fj5-jg6f-qg5r.json"
      }
    },
    {
      "package": {
        "name": "org.apache.kylin:kylin",
        "ecosystem": "Maven",
        "purl": "pkg:maven/org.apache.kylin/kylin"
      },
      "ranges": [
        {
          "type": "ECOSYSTEM",
          "events": [
            {
              "introduced": "4.0.0"
            },
            {
              "fixed": "4.0.1"
            }
          ]
        }
      ],
      "versions": [
        "4.0.0"
      ],
      "database_specific": {
        "source": "https://github.com/github/advisory-database/blob/main/advisories/github-reviewed/2022/01/GHSA-9fj5-jg6f-qg5r/GHSA-9fj5-jg6f-qg5r.json"
      }
    }
  ],
  "schema_version": "1.2.0"
}