{
  "id": "GHSA-3h2h-xqr2-2jp7",
  "summary": "Cross-site Scripting (XSS) in Apache ActiveMQ Artemis",
  "details": "In Apache ActiveMQ Artemis 2.5.0 to 2.13.0, a specially crafted MQTT packet which has an XSS payload as client-id or topic name can exploit this vulnerability. The XSS payload is being injected into the admin console's browser. The XSS payload is triggered in the diagram plugin; queue node and the info section.",
  "aliases": [
    "CVE-2020-13932"
  ],
  "modified": "2022-03-02T05:21:28.821823Z",
  "published": "2022-02-09T22:14:01Z",
  "database_specific": {
    "severity": "MODERATE",
    "github_reviewed": true,
    "cwe_ids": [
      "CWE-79"
    ]
  },
  "references": [
    {
      "type": "ADVISORY",
      "url": "https://nvd.nist.gov/vuln/detail/CVE-2020-13932"
    },
    {
      "type": "WEB",
      "url": "https://activemq.apache.org/security-advisories.data/CVE-2020-13932-announcement.txt"
    },
    {
      "type": "WEB",
      "url": "https://lists.apache.org/thread.html/r7fcedcc89e5f296b174d6b8c1438c607c30d809c04292e5732d6e4eb@%3Cusers.activemq.apache.org%3E"
    },
    {
      "type": "WEB",
      "url": "https://lists.apache.org/thread.html/rb2fd3bf2dce042e0ab3f3c94c4767c96bb2e7e6737624d63162df36d@%3Ccommits.activemq.apache.org%3E"
    },
    {
      "type": "WEB",
      "url": "https://lists.apache.org/thread.html/rc96ad63f148f784c84ea7f0a178c84a8985c6afccabbcd9847a82088@%3Ccommits.activemq.apache.org%3E"
    }
  ],
  "affected": [
    {
      "package": {
        "name": "org.apache.activemq:apache-artemis",
        "ecosystem": "Maven",
        "purl": "pkg:maven/org.apache.activemq/apache-artemis"
      },
      "ranges": [
        {
          "type": "ECOSYSTEM",
          "events": [
            {
              "introduced": "2.5.0"
            },
            {
              "fixed": "2.14.0"
            }
          ]
        }
      ],
      "versions": [
        "2.10.0",
        "2.10.1",
        "2.11.0",
        "2.12.0",
        "2.13.0",
        "2.5.0",
        "2.6.0",
        "2.6.1",
        "2.6.2",
        "2.6.3",
        "2.6.4",
        "2.7.0",
        "2.8.0",
        "2.8.1",
        "2.9.0"
      ],
      "database_specific": {
        "source": "https://github.com/github/advisory-database/blob/main/advisories/github-reviewed/2022/02/GHSA-3h2h-xqr2-2jp7/GHSA-3h2h-xqr2-2jp7.json"
      }
    }
  ],
  "schema_version": "1.2.0",
  "severity": [
    {
      "type": "CVSS_V3",
      "score": "CVSS:3.1/AV:N/AC:L/PR:N/UI:R/S:C/C:L/I:L/A:N"
    }
  ]
}