{
  "id": "GHSA-86qr-9vqc-pgc6",
  "summary": "Code execution in Spring Integration",
  "details": "Spring Integration framework provides Kryo Codec implementations as an alternative for Java (de)serialization. When Kryo is configured with default options, all unregistered classes are resolved on demand. This leads to the \"deserialization gadgets\" exploit when provided data contains malicious code for execution during deserialization. In order to protect against this type of attack, Kryo can be configured to require a set of trusted classes for (de)serialization. Spring Integration should be proactive against blocking unknown \"deserialization gadgets\" when configuring Kryo in code.",
  "aliases": [
    "CVE-2020-5413"
  ],
  "modified": "2022-03-02T05:21:52.304703Z",
  "published": "2020-08-05T14:53:06Z",
  "database_specific": {
    "severity": "CRITICAL",
    "cwe_ids": [
      "CWE-502"
    ],
    "github_reviewed": true
  },
  "references": [
    {
      "type": "ADVISORY",
      "url": "https://nvd.nist.gov/vuln/detail/CVE-2020-5413"
    },
    {
      "type": "WEB",
      "url": "https://github.com/spring-projects/spring-integration/commit/6a02b5abe97fabab6003d51b98dd45ab009a6e05"
    },
    {
      "type": "WEB",
      "url": "https://tanzu.vmware.com/security/cve-2020-5413"
    },
    {
      "type": "WEB",
      "url": "https://www.oracle.com//security-alerts/cpujul2021.html"
    },
    {
      "type": "WEB",
      "url": "https://www.oracle.com/security-alerts/cpuApr2021.html"
    },
    {
      "type": "WEB",
      "url": "https://www.oracle.com/security-alerts/cpuoct2021.html"
    },
    {
      "type": "PACKAGE",
      "url": "https://github.com/spring-projects/spring-integration"
    }
  ],
  "affected": [
    {
      "package": {
        "name": "org.springframework.integration:spring-integration-core",
        "ecosystem": "Maven",
        "purl": "pkg:maven/org.springframework.integration/spring-integration-core"
      },
      "ranges": [
        {
          "type": "ECOSYSTEM",
          "events": [
            {
              "introduced": "4.3.0"
            },
            {
              "fixed": "4.3.23"
            }
          ]
        }
      ],
      "versions": [
        "4.3.0.RELEASE",
        "4.3.1.RELEASE",
        "4.3.10.RELEASE",
        "4.3.11.RELEASE",
        "4.3.12.RELEASE",
        "4.3.13.RELEASE",
        "4.3.14.RELEASE",
        "4.3.15.RELEASE",
        "4.3.16.RELEASE",
        "4.3.17.RELEASE",
        "4.3.18.RELEASE",
        "4.3.19.RELEASE",
        "4.3.2.RELEASE",
        "4.3.20.RELEASE",
        "4.3.21.RELEASE",
        "4.3.22.RELEASE",
        "4.3.4.RELEASE",
        "4.3.5.RELEASE",
        "4.3.6.RELEASE",
        "4.3.7.RELEASE",
        "4.3.8.RELEASE",
        "4.3.9.RELEASE"
      ],
      "database_specific": {
        "source": "https://github.com/github/advisory-database/blob/main/advisories/github-reviewed/2020/08/GHSA-86qr-9vqc-pgc6/GHSA-86qr-9vqc-pgc6.json"
      }
    },
    {
      "package": {
        "name": "org.springframework.integration:spring-integration-core",
        "ecosystem": "Maven",
        "purl": "pkg:maven/org.springframework.integration/spring-integration-core"
      },
      "ranges": [
        {
          "type": "ECOSYSTEM",
          "events": [
            {
              "introduced": "5.3.0"
            },
            {
              "fixed": "5.3.2"
            }
          ]
        }
      ],
      "versions": [
        "5.3.0.RELEASE",
        "5.3.1.RELEASE"
      ],
      "database_specific": {
        "source": "https://github.com/github/advisory-database/blob/main/advisories/github-reviewed/2020/08/GHSA-86qr-9vqc-pgc6/GHSA-86qr-9vqc-pgc6.json"
      }
    },
    {
      "package": {
        "name": "org.springframework.integration:spring-integration-core",
        "ecosystem": "Maven",
        "purl": "pkg:maven/org.springframework.integration/spring-integration-core"
      },
      "ranges": [
        {
          "type": "ECOSYSTEM",
          "events": [
            {
              "introduced": "5.1.0"
            },
            {
              "fixed": "5.1.12"
            }
          ]
        }
      ],
      "versions": [
        "5.1.0.RELEASE",
        "5.1.1.RELEASE",
        "5.1.10.RELEASE",
        "5.1.11.RELEASE",
        "5.1.2.RELEASE",
        "5.1.3.RELEASE",
        "5.1.4.RELEASE",
        "5.1.5.RELEASE",
        "5.1.6.RELEASE",
        "5.1.7.RELEASE",
        "5.1.8.RELEASE",
        "5.1.9.RELEASE"
      ],
      "database_specific": {
        "source": "https://github.com/github/advisory-database/blob/main/advisories/github-reviewed/2020/08/GHSA-86qr-9vqc-pgc6/GHSA-86qr-9vqc-pgc6.json"
      }
    },
    {
      "package": {
        "name": "org.springframework.integration:spring-integration-core",
        "ecosystem": "Maven",
        "purl": "pkg:maven/org.springframework.integration/spring-integration-core"
      },
      "ranges": [
        {
          "type": "ECOSYSTEM",
          "events": [
            {
              "introduced": "5.2.0"
            },
            {
              "fixed": "5.2.8"
            }
          ]
        }
      ],
      "versions": [
        "5.2.0.RELEASE",
        "5.2.1.RELEASE",
        "5.2.2.RELEASE",
        "5.2.3.RELEASE",
        "5.2.4.RELEASE",
        "5.2.5.RELEASE",
        "5.2.6.RELEASE",
        "5.2.7.RELEASE"
      ],
      "database_specific": {
        "source": "https://github.com/github/advisory-database/blob/main/advisories/github-reviewed/2020/08/GHSA-86qr-9vqc-pgc6/GHSA-86qr-9vqc-pgc6.json"
      }
    }
  ],
  "schema_version": "1.2.0",
  "severity": [
    {
      "type": "CVSS_V3",
      "score": "CVSS:3.1/AV:N/AC:L/PR:N/UI:N/S:U/C:H/I:H/A:H"
    }
  ]
}