{
  "id": "GHSA-5429-pjww-7675",
  "summary": "SQL Injection in Apache Kylin",
  "details": "Apache Kylin allows users to read data from other database systems using JDBC. The MySQL JDBC driver supports certain properties, which, if left unmitigated, can allow an attacker to execute arbitrary code from a hacker-controlled malicious MySQL server within Kylin server processes. This issue affects Apache Kylin 2 version 2.6.6 and prior versions; Apache Kylin 3 version 3.1.2 and prior versions.",
  "aliases": [
    "CVE-2021-36774"
  ],
  "modified": "2022-03-02T05:21:46.585496Z",
  "published": "2022-01-08T00:43:04Z",
  "database_specific": {
    "cwe_ids": [
      "CWE-668",
      "CWE-89"
    ],
    "severity": "MODERATE",
    "github_reviewed": true
  },
  "references": [
    {
      "type": "ADVISORY",
      "url": "https://nvd.nist.gov/vuln/detail/CVE-2021-36774"
    },
    {
      "type": "WEB",
      "url": "https://github.com/apache/kylin/pull/1646"
    },
    {
      "type": "WEB",
      "url": "https://lists.apache.org/thread/lchpcvoolc6w8zc6vo1wstk8zbfqv2ow"
    },
    {
      "type": "WEB",
      "url": "http://www.openwall.com/lists/oss-security/2022/01/06/5"
    },
    {
      "type": "PACKAGE",
      "url": "https://github.com/apache/kylin"
    }
  ],
  "affected": [
    {
      "package": {
        "name": "org.apache.kylin:kylin",
        "ecosystem": "Maven",
        "purl": "pkg:maven/org.apache.kylin/kylin"
      },
      "ranges": [
        {
          "type": "ECOSYSTEM",
          "events": [
            {
              "introduced": "0"
            },
            {
              "fixed": "3.1.3"
            }
          ]
        }
      ],
      "versions": [
        "0.7.1-incubating",
        "0.7.2-incubating",
        "1.0-incubating",
        "1.1-incubating",
        "1.1.1-incubating",
        "1.2",
        "1.3.0",
        "1.5.0",
        "1.5.1",
        "1.5.2",
        "1.5.2.1",
        "1.5.3",
        "1.5.4",
        "1.5.4.1",
        "1.6.0",
        "2.0.0",
        "2.1.0",
        "2.2.0",
        "2.3.0",
        "2.3.1",
        "2.3.2",
        "2.4.0",
        "2.4.1",
        "2.5.0",
        "2.5.1",
        "2.5.2",
        "2.6.0",
        "2.6.1",
        "2.6.2",
        "2.6.3",
        "2.6.4",
        "2.6.5",
        "2.6.6",
        "3.0.0",
        "3.0.0-alpha",
        "3.0.0-alpha2",
        "3.0.1",
        "3.0.2",
        "3.1.0",
        "3.1.1",
        "3.1.2"
      ],
      "database_specific": {
        "source": "https://github.com/github/advisory-database/blob/main/advisories/github-reviewed/2022/01/GHSA-5429-pjww-7675/GHSA-5429-pjww-7675.json"
      }
    }
  ],
  "schema_version": "1.2.0"
}