{
  "id": "GHSA-8222-6fc8-mhvf",
  "summary": "Vulnerability that affects org.springframework.ws:spring-ws and org.springframework.ws:spring-xml",
  "details": "Spring Web Services, versions 2.4.3, 3.0.4, and older unsupported versions of all three projects, were susceptible to XML External Entity Injection (XXE) when receiving XML data from untrusted sources.",
  "aliases": [
    "CVE-2019-3773"
  ],
  "modified": "2022-03-02T05:21:33.150898Z",
  "published": "2019-01-25T16:18:52Z",
  "database_specific": {
    "severity": "CRITICAL",
    "cwe_ids": [
      "CWE-611"
    ],
    "github_reviewed": true
  },
  "references": [
    {
      "type": "ADVISORY",
      "url": "https://nvd.nist.gov/vuln/detail/CVE-2019-3773"
    },
    {
      "type": "ADVISORY",
      "url": "https://github.com/advisories/GHSA-8222-6fc8-mhvf"
    },
    {
      "type": "WEB",
      "url": "https://pivotal.io/security/cve-2019-3773"
    },
    {
      "type": "WEB",
      "url": "https://www.oracle.com/security-alerts/cpuApr2021.html"
    },
    {
      "type": "WEB",
      "url": "https://www.oracle.com/security-alerts/cpujan2021.html"
    }
  ],
  "affected": [
    {
      "package": {
        "name": "org.springframework.ws:spring-ws",
        "ecosystem": "Maven",
        "purl": "pkg:maven/org.springframework.ws/spring-ws"
      },
      "ranges": [
        {
          "type": "ECOSYSTEM",
          "events": [
            {
              "introduced": "0"
            },
            {
              "fixed": "2.4.4"
            }
          ]
        }
      ],
      "versions": [
        "1.0-m2",
        "1.0-m3",
        "1.0-rc1",
        "1.0-rc2",
        "1.0.0",
        "1.0.1",
        "1.0.2",
        "1.0.3",
        "1.0.4",
        "1.5.0",
        "1.5.1",
        "1.5.10",
        "1.5.2",
        "1.5.3",
        "1.5.4",
        "1.5.5",
        "1.5.6",
        "1.5.7",
        "1.5.8",
        "1.5.9",
        "2.0.0-M1",
        "2.0.0.RELEASE",
        "2.0.1.RELEASE",
        "2.0.2.RELEASE",
        "2.0.3.RELEASE",
        "2.0.4.RELEASE",
        "2.0.5.RELEASE",
        "2.1.0.RELEASE",
        "2.1.1.RELEASE",
        "2.1.2.RELEASE",
        "2.1.3.RELEASE",
        "2.1.4.RELEASE",
        "2.4.1.RELEASE",
        "2.4.2.RELEASE",
        "2.4.3.RELEASE"
      ],
      "database_specific": {
        "source": "https://github.com/github/advisory-database/blob/main/advisories/github-reviewed/2019/01/GHSA-8222-6fc8-mhvf/GHSA-8222-6fc8-mhvf.json"
      }
    },
    {
      "package": {
        "name": "org.springframework.ws:spring-ws",
        "ecosystem": "Maven",
        "purl": "pkg:maven/org.springframework.ws/spring-ws"
      },
      "ranges": [
        {
          "type": "ECOSYSTEM",
          "events": [
            {
              "introduced": "3.0.0"
            },
            {
              "fixed": "3.0.6"
            }
          ]
        }
      ],
      "versions": [
        "3.0.0.RELEASE",
        "3.0.1.RELEASE",
        "3.0.2.RELEASE",
        "3.0.3.RELEASE",
        "3.0.4.RELEASE",
        "3.0.5.RELEASE"
      ],
      "database_specific": {
        "last_known_affected_version_range": "<= 3.0.4",
        "source": "https://github.com/github/advisory-database/blob/main/advisories/github-reviewed/2019/01/GHSA-8222-6fc8-mhvf/GHSA-8222-6fc8-mhvf.json"
      }
    },
    {
      "package": {
        "name": "org.springframework.ws:spring-xml",
        "ecosystem": "Maven",
        "purl": "pkg:maven/org.springframework.ws/spring-xml"
      },
      "ranges": [
        {
          "type": "ECOSYSTEM",
          "events": [
            {
              "introduced": "0"
            },
            {
              "fixed": "2.4.4"
            }
          ]
        }
      ],
      "versions": [
        "1.0-m2",
        "1.0-m3",
        "1.0-rc1",
        "1.0-rc2",
        "1.0.0",
        "1.0.1",
        "1.0.2",
        "1.0.3",
        "1.0.4",
        "1.5.0",
        "1.5.1",
        "1.5.10",
        "1.5.2",
        "1.5.3",
        "1.5.4",
        "1.5.5",
        "1.5.6",
        "1.5.7",
        "1.5.8",
        "1.5.9",
        "2.0.0-M1",
        "2.0.0.RELEASE",
        "2.0.1.RELEASE",
        "2.0.2.RELEASE",
        "2.0.3.RELEASE",
        "2.0.4.RELEASE",
        "2.0.5.RELEASE",
        "2.1.0.RELEASE",
        "2.1.1.RELEASE",
        "2.1.2.RELEASE",
        "2.1.3.RELEASE",
        "2.1.4.RELEASE",
        "2.2.0.RELEASE",
        "2.2.1.RELEASE",
        "2.2.2.RELEASE",
        "2.2.3.RELEASE",
        "2.2.4.RELEASE",
        "2.3.0.RELEASE",
        "2.3.1.RELEASE",
        "2.4.0.RELEASE",
        "2.4.1.RELEASE",
        "2.4.2.RELEASE",
        "2.4.3.RELEASE"
      ],
      "database_specific": {
        "source": "https://github.com/github/advisory-database/blob/main/advisories/github-reviewed/2019/01/GHSA-8222-6fc8-mhvf/GHSA-8222-6fc8-mhvf.json"
      }
    },
    {
      "package": {
        "name": "org.springframework.ws:spring-xml",
        "ecosystem": "Maven",
        "purl": "pkg:maven/org.springframework.ws/spring-xml"
      },
      "ranges": [
        {
          "type": "ECOSYSTEM",
          "events": [
            {
              "introduced": "3.0.0"
            },
            {
              "fixed": "3.0.6"
            }
          ]
        }
      ],
      "versions": [
        "3.0.0.RELEASE",
        "3.0.1.RELEASE",
        "3.0.2.RELEASE",
        "3.0.3.RELEASE",
        "3.0.4.RELEASE",
        "3.0.5.RELEASE"
      ],
      "database_specific": {
        "source": "https://github.com/github/advisory-database/blob/main/advisories/github-reviewed/2019/01/GHSA-8222-6fc8-mhvf/GHSA-8222-6fc8-mhvf.json",
        "last_known_affected_version_range": "<= 3.0.4"
      }
    }
  ],
  "schema_version": "1.2.0",
  "severity": [
    {
      "type": "CVSS_V3",
      "score": "CVSS:3.1/AV:N/AC:L/PR:N/UI:N/S:U/C:H/I:H/A:H"
    }
  ]
}