{
  "id": "GHSA-792r-mh2q-p8qp",
  "summary": "Server Side Request Forgery (SSRF) in org.mitre:openid-connect-server",
  "details": "The OpenID Connect server implementation for MITREid Connect through 1.3.3 contains a Server Side Request Forgery (SSRF) vulnerability. The vulnerability arises due to unsafe usage of the logo_uri parameter in the Dynamic Client Registration request. An unauthenticated attacker can make a HTTP request from the vulnerable server to any address in the internal network and obtain its response (which might, for example, have a JavaScript payload for resultant XSS). The issue can be exploited to bypass network boundaries, obtain sensitive data, or attack other hosts in the internal network.",
  "aliases": [
    "CVE-2021-26715"
  ],
  "modified": "2022-03-02T05:21:56.860684Z",
  "published": "2021-05-13T22:30:52Z",
  "database_specific": {
    "cwe_ids": [
      "CWE-918"
    ],
    "github_reviewed": true,
    "severity": "HIGH"
  },
  "references": [
    {
      "type": "ADVISORY",
      "url": "https://nvd.nist.gov/vuln/detail/CVE-2021-26715"
    },
    {
      "type": "WEB",
      "url": "https://github.com/mitreid-connect/OpenID-Connect-Java-Spring-Server/releases"
    },
    {
      "type": "WEB",
      "url": "https://portswigger.net/research/hidden-oauth-attack-vectors"
    }
  ],
  "affected": [
    {
      "package": {
        "name": "org.mitre:openid-connect-server",
        "ecosystem": "Maven",
        "purl": "pkg:maven/org.mitre/openid-connect-server"
      },
      "ranges": [
        {
          "type": "ECOSYSTEM",
          "events": [
            {
              "introduced": "0"
            }
          ]
        }
      ],
      "versions": [
        "0.9.0",
        "0.9.1",
        "0.9.2",
        "0.9.3",
        "1.0.0",
        "1.0.1",
        "1.0.10",
        "1.0.11",
        "1.0.12",
        "1.0.13",
        "1.0.14",
        "1.0.15",
        "1.0.16",
        "1.0.17",
        "1.0.18",
        "1.0.19",
        "1.0.2",
        "1.0.20",
        "1.0.21",
        "1.0.22",
        "1.0.3",
        "1.0.4",
        "1.0.5",
        "1.0.6",
        "1.0.7",
        "1.0.8",
        "1.0.9",
        "1.1.0",
        "1.1.1",
        "1.1.10",
        "1.1.11",
        "1.1.12",
        "1.1.13",
        "1.1.14",
        "1.1.15",
        "1.1.16",
        "1.1.17",
        "1.1.18",
        "1.1.19",
        "1.1.2",
        "1.1.3",
        "1.1.4",
        "1.1.5",
        "1.1.6",
        "1.1.7",
        "1.1.8",
        "1.1.9",
        "1.2.0",
        "1.2.0-RC1",
        "1.2.0-RC2",
        "1.2.1",
        "1.2.2",
        "1.2.3",
        "1.2.4",
        "1.2.5",
        "1.2.6",
        "1.3.0",
        "1.3.0-RC1",
        "1.3.0-RC2",
        "1.3.1",
        "1.3.2",
        "1.3.3",
        "1.3.4"
      ],
      "database_specific": {
        "last_known_affected_version_range": "<= 1.3.3",
        "source": "https://github.com/github/advisory-database/blob/main/advisories/github-reviewed/2021/05/GHSA-792r-mh2q-p8qp/GHSA-792r-mh2q-p8qp.json"
      }
    }
  ],
  "schema_version": "1.2.0",
  "severity": [
    {
      "type": "CVSS_V3",
      "score": "CVSS:3.1/AV:N/AC:L/PR:N/UI:N/S:U/C:H/I:H/A:N"
    }
  ]
}