{
  "id": "GHSA-96jq-75wh-2658",
  "summary": "Moderate severity vulnerability that affects apache axis",
  "details": "Apache Axis 1.x up to and including 1.4 is vulnerable to a cross-site scripting (XSS) attack in the default servlet/services.",
  "aliases": [
    "CVE-2018-8032"
  ],
  "modified": "2022-03-02T05:21:22.681559Z",
  "published": "2018-10-16T20:51:15Z",
  "database_specific": {
    "severity": "MODERATE",
    "cwe_ids": [
      "CWE-79"
    ],
    "github_reviewed": true
  },
  "references": [
    {
      "type": "ADVISORY",
      "url": "https://nvd.nist.gov/vuln/detail/CVE-2018-8032"
    },
    {
      "type": "ADVISORY",
      "url": "https://github.com/advisories/GHSA-96jq-75wh-2658"
    },
    {
      "type": "WEB",
      "url": "https://issues.apache.org/jira/browse/AXIS-2924"
    },
    {
      "type": "WEB",
      "url": "https://lists.apache.org/thread.html/3b89bc9e9d055db7eba8835ff6501f3f5db99d2a0928ec0be9b1d17b@%3Cjava-dev.axis.apache.org%3E"
    },
    {
      "type": "WEB",
      "url": "https://lists.apache.org/thread.html/d06ed5e4eeb77d00e8d594ec01ee8ee1cba173a01ac4b18f1579d041@%3Cjava-dev.axis.apache.org%3E"
    },
    {
      "type": "WEB",
      "url": "https://lists.debian.org/debian-lts-announce/2021/11/msg00015.html"
    },
    {
      "type": "WEB",
      "url": "https://www.oracle.com/security-alerts/cpuApr2021.html"
    },
    {
      "type": "WEB",
      "url": "https://www.oracle.com/security-alerts/cpuapr2020.html"
    },
    {
      "type": "WEB",
      "url": "https://www.oracle.com/security-alerts/cpujan2020.html"
    },
    {
      "type": "WEB",
      "url": "https://www.oracle.com/security-alerts/cpujan2021.html"
    },
    {
      "type": "WEB",
      "url": "https://www.oracle.com/security-alerts/cpujul2020.html"
    },
    {
      "type": "WEB",
      "url": "https://www.oracle.com/security-alerts/cpuoct2021.html"
    },
    {
      "type": "WEB",
      "url": "https://www.oracle.com/technetwork/security-advisory/cpuoct2019-5072832.html"
    },
    {
      "type": "WEB",
      "url": "http://mail-archives.apache.org/mod_mbox/axis-java-dev/201807.mbox/%3CJIRA.13170716.1531060536000.93536.1531060560060@Atlassian.JIRA%3E"
    }
  ],
  "affected": [
    {
      "package": {
        "name": "org.apache.axis:axis",
        "ecosystem": "Maven",
        "purl": "pkg:maven/org.apache.axis/axis"
      },
      "ranges": [
        {
          "type": "ECOSYSTEM",
          "events": [
            {
              "introduced": "0"
            }
          ]
        }
      ],
      "versions": [
        "1.4"
      ],
      "database_specific": {
        "last_known_affected_version_range": "<= 1.4",
        "source": "https://github.com/github/advisory-database/blob/main/advisories/github-reviewed/2018/10/GHSA-96jq-75wh-2658/GHSA-96jq-75wh-2658.json"
      }
    },
    {
      "package": {
        "name": "axis:axis",
        "ecosystem": "Maven",
        "purl": "pkg:maven/axis/axis"
      },
      "ranges": [
        {
          "type": "ECOSYSTEM",
          "events": [
            {
              "introduced": "0"
            }
          ]
        }
      ],
      "versions": [
        "1.0",
        "1.1",
        "1.1-beta",
        "1.2",
        "1.2-RC1",
        "1.2-RC2",
        "1.2-RC3",
        "1.2-alpha-1",
        "1.2-beta-2",
        "1.2-beta-3",
        "1.2.1",
        "1.3",
        "1.4"
      ],
      "database_specific": {
        "last_known_affected_version_range": "<= 1.4",
        "source": "https://github.com/github/advisory-database/blob/main/advisories/github-reviewed/2018/10/GHSA-96jq-75wh-2658/GHSA-96jq-75wh-2658.json"
      }
    }
  ],
  "schema_version": "1.2.0",
  "severity": [
    {
      "type": "CVSS_V3",
      "score": "CVSS:3.1/AV:N/AC:L/PR:N/UI:R/S:C/C:L/I:L/A:N"
    }
  ]
}