{
  "id": "GHSA-477x-w7m6-c6ph",
  "summary": "Improper input validation in Apache Olingo",
  "details": "The AsyncResponseWrapperImpl class in Apache Olingo versions 4.0.0 to 4.6.0 reads the Retry-After header and passes it to the Thread.sleep() method without any check. If a malicious server returns a huge value in the header, then it can help to implement a DoS attack.",
  "aliases": [
    "CVE-2019-17555"
  ],
  "modified": "2022-03-02T05:21:50.509073Z",
  "published": "2020-02-04T22:37:15Z",
  "database_specific": {
    "severity": "HIGH",
    "github_reviewed": true,
    "cwe_ids": [
      "CWE-20"
    ]
  },
  "references": [
    {
      "type": "ADVISORY",
      "url": "https://nvd.nist.gov/vuln/detail/CVE-2019-17555"
    },
    {
      "type": "WEB",
      "url": "https://github.com/apache/olingo-odata4/pull/61"
    },
    {
      "type": "WEB",
      "url": "https://issues.apache.org/jira/browse/OLINGO-1411"
    },
    {
      "type": "WEB",
      "url": "https://mail-archives.apache.org/mod_mbox/olingo-user/201912.mbox/%3CCAGSZ4d65UmudJ_MQkFXEv9YY_wwZbRA3sgtNDzMoLM51Qh%3DRCA%40mail.gmail.com%3E"
    }
  ],
  "affected": [
    {
      "package": {
        "name": "org.apache.olingo:odata-client-core",
        "ecosystem": "Maven",
        "purl": "pkg:maven/org.apache.olingo/odata-client-core"
      },
      "ranges": [
        {
          "type": "ECOSYSTEM",
          "events": [
            {
              "introduced": "4.0.0"
            },
            {
              "fixed": "4.7.0"
            }
          ]
        }
      ],
      "versions": [
        "4.0.0",
        "4.1.0",
        "4.2.0",
        "4.3.0",
        "4.3.0-beta",
        "4.4.0",
        "4.5.0",
        "4.6.0"
      ],
      "database_specific": {
        "last_known_affected_version_range": "<= 4.6.0",
        "source": "https://github.com/github/advisory-database/blob/main/advisories/github-reviewed/2020/02/GHSA-477x-w7m6-c6ph/GHSA-477x-w7m6-c6ph.json"
      }
    }
  ],
  "schema_version": "1.2.0",
  "severity": [
    {
      "type": "CVSS_V3",
      "score": "CVSS:3.1/AV:N/AC:L/PR:N/UI:N/S:U/C:N/I:N/A:H"
    }
  ]
}