{
  "id": "GHSA-99qr-9cc9-fv2x",
  "summary": "Moderate severity vulnerability that affects org.apache.hadoop:hadoop-main",
  "details": "In Apache Hadoop versions 2.6.1 to 2.6.5, 2.7.0 to 2.7.3, and 3.0.0-alpha1, if a file in an encryption zone with access permissions that make it world readable is localized via YARN's localization mechanism, that file will be stored in a world-readable location and can be shared freely with any application that requests to localize that file.",
  "aliases": [
    "CVE-2017-3166"
  ],
  "modified": "2022-03-02T05:21:59.109889Z",
  "published": "2018-12-21T17:50:03Z",
  "database_specific": {
    "severity": "MODERATE",
    "cwe_ids": [
      "CWE-732"
    ],
    "github_reviewed": true
  },
  "references": [
    {
      "type": "ADVISORY",
      "url": "https://nvd.nist.gov/vuln/detail/CVE-2017-3166"
    },
    {
      "type": "ADVISORY",
      "url": "https://github.com/advisories/GHSA-99qr-9cc9-fv2x"
    },
    {
      "type": "WEB",
      "url": "https://lists.apache.org/thread.html/2e16689b44bdd1976b6368c143a4017fc7159d1f2d02a5d54fe9310f@%3Cgeneral.hadoop.apache.org%3E"
    },
    {
      "type": "WEB",
      "url": "https://lists.apache.org/thread.html/9317fd092b257a0815434b116a8af8daea6e920b6673f4fd5583d5fe@%3Ccommits.druid.apache.org%3E"
    }
  ],
  "affected": [
    {
      "package": {
        "name": "org.apache.hadoop:hadoop-main",
        "ecosystem": "Maven",
        "purl": "pkg:maven/org.apache.hadoop/hadoop-main"
      },
      "ranges": [
        {
          "type": "ECOSYSTEM",
          "events": [
            {
              "introduced": "0"
            },
            {
              "fixed": "2.7.3"
            }
          ]
        }
      ],
      "versions": [
        "0.23.1",
        "0.23.10",
        "0.23.11",
        "0.23.3",
        "0.23.4",
        "0.23.5",
        "0.23.6",
        "0.23.7",
        "0.23.8",
        "0.23.9",
        "2.0.0-alpha",
        "2.0.1-alpha",
        "2.0.2-alpha",
        "2.0.3-alpha",
        "2.0.4-alpha",
        "2.0.5-alpha",
        "2.0.6-alpha",
        "2.1.0-beta",
        "2.1.1-beta",
        "2.2.0",
        "2.3.0",
        "2.4.0",
        "2.4.1",
        "2.5.0",
        "2.5.1",
        "2.5.2",
        "2.6.0",
        "2.6.1",
        "2.6.2",
        "2.6.3",
        "2.6.4",
        "2.6.5",
        "2.7.0",
        "2.7.1",
        "2.7.2"
      ],
      "database_specific": {
        "source": "https://github.com/github/advisory-database/blob/main/advisories/github-reviewed/2018/12/GHSA-99qr-9cc9-fv2x/GHSA-99qr-9cc9-fv2x.json"
      }
    }
  ],
  "schema_version": "1.2.0",
  "severity": [
    {
      "type": "CVSS_V3",
      "score": "CVSS:3.0/AV:L/AC:L/PR:L/UI:N/S:U/C:H/I:H/A:H"
    }
  ]
}