{
  "id": "GHSA-8fx9-5hx8-crhm",
  "summary": "High severity vulnerability that affects org.apache.struts:struts2-core",
  "details": "In Apache Struts 2.0.1 through 2.3.33 and 2.5 through 2.5.10, using an unintentional expression in a Freemarker tag instead of string literals can lead to a RCE attack.",
  "aliases": [
    "CVE-2017-12611"
  ],
  "modified": "2022-03-02T05:21:47.366167Z",
  "published": "2018-10-16T19:35:40Z",
  "database_specific": {
    "cwe_ids": [
      "CWE-20"
    ],
    "github_reviewed": true,
    "severity": "CRITICAL"
  },
  "references": [
    {
      "type": "ADVISORY",
      "url": "https://nvd.nist.gov/vuln/detail/CVE-2017-12611"
    },
    {
      "type": "ADVISORY",
      "url": "https://github.com/advisories/GHSA-8fx9-5hx8-crhm"
    },
    {
      "type": "WEB",
      "url": "https://kb.netapp.com/support/s/article/ka51A000000CgttQAC/NTAP-20170911-0001"
    },
    {
      "type": "WEB",
      "url": "https://struts.apache.org/docs/s2-053.html"
    },
    {
      "type": "WEB",
      "url": "http://www.arubanetworks.com/assets/alert/ARUBA-PSA-2017-003.txt"
    },
    {
      "type": "WEB",
      "url": "http://www.oracle.com/technetwork/security-advisory/alert-cve-2017-9805-3889403.html"
    },
    {
      "type": "WEB",
      "url": "http://www.securityfocus.com/bid/100829"
    }
  ],
  "affected": [
    {
      "package": {
        "name": "org.apache.struts:struts2-core",
        "ecosystem": "Maven",
        "purl": "pkg:maven/org.apache.struts/struts2-core"
      },
      "ranges": [
        {
          "type": "ECOSYSTEM",
          "events": [
            {
              "introduced": "2.0.1"
            },
            {
              "fixed": "2.3.34"
            }
          ]
        }
      ],
      "versions": [
        "2.0.11",
        "2.0.11.1",
        "2.0.11.2",
        "2.0.12",
        "2.0.14",
        "2.0.5",
        "2.0.6",
        "2.0.8",
        "2.0.9",
        "2.1.2",
        "2.1.6",
        "2.1.8",
        "2.1.8.1",
        "2.2.1",
        "2.2.1.1",
        "2.2.3",
        "2.2.3.1",
        "2.3.1",
        "2.3.1.1",
        "2.3.1.2",
        "2.3.12",
        "2.3.14",
        "2.3.14.1",
        "2.3.14.2",
        "2.3.14.3",
        "2.3.15",
        "2.3.15.1",
        "2.3.15.2",
        "2.3.15.3",
        "2.3.16",
        "2.3.16.1",
        "2.3.16.2",
        "2.3.16.3",
        "2.3.20",
        "2.3.20.1",
        "2.3.20.3",
        "2.3.24",
        "2.3.24.1",
        "2.3.24.3",
        "2.3.28",
        "2.3.28.1",
        "2.3.29",
        "2.3.3",
        "2.3.30",
        "2.3.31",
        "2.3.32",
        "2.3.33",
        "2.3.4",
        "2.3.4.1",
        "2.3.7",
        "2.3.8"
      ],
      "database_specific": {
        "source": "https://github.com/github/advisory-database/blob/main/advisories/github-reviewed/2018/10/GHSA-8fx9-5hx8-crhm/GHSA-8fx9-5hx8-crhm.json",
        "last_known_affected_version_range": "<= 2.3.33"
      }
    },
    {
      "package": {
        "name": "org.apache.struts:struts2-core",
        "ecosystem": "Maven",
        "purl": "pkg:maven/org.apache.struts/struts2-core"
      },
      "ranges": [
        {
          "type": "ECOSYSTEM",
          "events": [
            {
              "introduced": "2.5.0"
            },
            {
              "fixed": "2.5.12"
            }
          ]
        }
      ],
      "versions": [
        "2.5",
        "2.5.1",
        "2.5.10",
        "2.5.10.1",
        "2.5.2",
        "2.5.5",
        "2.5.8"
      ],
      "database_specific": {
        "last_known_affected_version_range": "<= 2.5.10",
        "source": "https://github.com/github/advisory-database/blob/main/advisories/github-reviewed/2018/10/GHSA-8fx9-5hx8-crhm/GHSA-8fx9-5hx8-crhm.json"
      }
    }
  ],
  "schema_version": "1.2.0",
  "severity": [
    {
      "type": "CVSS_V3",
      "score": "CVSS:3.0/AV:N/AC:L/PR:N/UI:N/S:U/C:H/I:H/A:H"
    }
  ]
}