{
  "id": "GHSA-9699-gm7f-cmjv",
  "summary": "Unsynchronized Access to Shared Data in a Multithreaded Context in RESTEasy",
  "details": "A flaw was found in RESTEasy, where an incorrect response to an HTTP request is provided. This flaw allows an attacker to gain access to privileged information. The highest threat from this vulnerability is to confidentiality and integrity. Versions before resteasy 2.0.0.Alpha3 are affected.",
  "aliases": [
    "CVE-2020-25724"
  ],
  "modified": "2022-03-02T05:21:10.301875Z",
  "published": "2021-06-08T22:29:46Z",
  "database_specific": {
    "cwe_ids": [
      "CWE-567"
    ],
    "severity": "MODERATE",
    "github_reviewed": true
  },
  "references": [
    {
      "type": "ADVISORY",
      "url": "https://nvd.nist.gov/vuln/detail/CVE-2020-25724"
    },
    {
      "type": "WEB",
      "url": "https://access.redhat.com/security/cve/cve-2020-25724"
    },
    {
      "type": "WEB",
      "url": "https://bugzilla.redhat.com/show_bug.cgi?id=1899354"
    }
  ],
  "affected": [
    {
      "package": {
        "name": "org.jboss.resteasy:resteasy-bom",
        "ecosystem": "Maven",
        "purl": "pkg:maven/org.jboss.resteasy/resteasy-bom"
      },
      "ranges": [
        {
          "type": "ECOSYSTEM",
          "events": [
            {
              "introduced": "0"
            },
            {
              "fixed": "2.0-beta-2"
            }
          ]
        }
      ],
      "versions": [
        "1.2.1.GA",
        "1.2.GA",
        "2.0-beta-1"
      ],
      "database_specific": {
        "last_known_affected_version_range": "<= 2.0-beta-1",
        "source": "https://github.com/github/advisory-database/blob/main/advisories/github-reviewed/2021/06/GHSA-9699-gm7f-cmjv/GHSA-9699-gm7f-cmjv.json"
      }
    }
  ],
  "schema_version": "1.2.0",
  "severity": [
    {
      "type": "CVSS_V3",
      "score": "CVSS:3.1/AV:N/AC:L/PR:L/UI:N/S:U/C:L/I:N/A:N"
    }
  ]
}