{
  "id": "GHSA-6vqp-h455-42mr",
  "summary": "Uncontrolled Memory Allocation in Apache PDFBox",
  "details": "A carefully crafted PDF file can trigger an OutOfMemory-Exception while loading the file. This issue affects Apache PDFBox version 2.0.22 and prior 2.0.x versions.",
  "aliases": [
    "CVE-2021-27906"
  ],
  "modified": "2022-03-02T05:21:01.749763Z",
  "published": "2021-05-13T22:30:13Z",
  "database_specific": {
    "github_reviewed": true,
    "cwe_ids": [
      "CWE-789"
    ],
    "severity": "MODERATE"
  },
  "references": [
    {
      "type": "ADVISORY",
      "url": "https://nvd.nist.gov/vuln/detail/CVE-2021-27906"
    },
    {
      "type": "WEB",
      "url": "https://github.com/apache/pdfbox/commit/8c47be1011c11dc47300faecffd8ab32fba3646f"
    },
    {
      "type": "WEB",
      "url": "https://issues.apache.org/jira/browse/PDFBOX-5112"
    },
    {
      "type": "WEB",
      "url": "https://lists.apache.org/thread.html/r1218e60c32829f76943ecaca79237120c2ec1ab266459d711a578b50@%3Cdev.pdfbox.apache.org%3E"
    },
    {
      "type": "WEB",
      "url": "https://lists.apache.org/thread.html/r1d268642f8b52456ee8f876b888b8ed7a9e9568c7770789f3ded7f9e@%3Ccommits.ofbiz.apache.org%3E"
    },
    {
      "type": "WEB",
      "url": "https://lists.apache.org/thread.html/r4cbc3f6981cd0a1a482531df9d44e4c42a7f63342a7ba78b7bff8a1b@%3Cnotifications.james.apache.org%3E"
    },
    {
      "type": "WEB",
      "url": "https://lists.apache.org/thread.html/r54594251369e14c185da9662a5340a52afbbdf75d61c9c3a69c8f2e8@%3Cdev.pdfbox.apache.org%3E"
    },
    {
      "type": "WEB",
      "url": "https://lists.apache.org/thread.html/r5c8e2125d18af184c80f7a986fbe47eaf0d30457cd450133adc235ac@%3Ccommits.ofbiz.apache.org%3E"
    },
    {
      "type": "WEB",
      "url": "https://lists.apache.org/thread.html/r64982b768c8a2220b07aaf813bd099a9863de0d13eb212fd4efe208f@%3Cusers.pdfbox.apache.org%3E"
    },
    {
      "type": "WEB",
      "url": "https://lists.apache.org/thread.html/r6e067a6d83ccb6892d0ff867bd216704f21fb0b6a854dea34be04f12@%3Cnotifications.ofbiz.apache.org%3E"
    },
    {
      "type": "WEB",
      "url": "https://lists.apache.org/thread.html/r7ee634c21816c69ce829d0c41f35afa2a53a99bdd3c7cce8644fdc0e@%3Cnotifications.ofbiz.apache.org%3E"
    },
    {
      "type": "WEB",
      "url": "https://lists.apache.org/thread.html/r9ffe179385637b0b5cbdabd0246118005b4b8232909d2d14cd68ccd3@%3Ccommits.ofbiz.apache.org%3E"
    },
    {
      "type": "WEB",
      "url": "https://lists.apache.org/thread.html/raa35746227f3f8d50fff1db9899524423a718f6f35cd39bd4769fa6c@%3Cnotifications.ofbiz.apache.org%3E"
    },
    {
      "type": "WEB",
      "url": "https://lists.apache.org/thread.html/rc69140d894c6a9c67a8097a25656cce59b46a5620c354ceba10543c3@%3Cnotifications.ofbiz.apache.org%3E"
    },
    {
      "type": "WEB",
      "url": "https://lists.apache.org/thread.html/rdf78aef4793362e778e21e34328b0456e302bde4b7e74f229df0ee04@%3Cannounce.apache.org%3E"
    },
    {
      "type": "WEB",
      "url": "https://lists.apache.org/thread.html/re1e35881482e07dc2be6058d9b44483457f36133cac67956686ad9b9@%3Cnotifications.ofbiz.apache.org%3E"
    },
    {
      "type": "WEB",
      "url": "https://lists.apache.org/thread.html/rf35026148ccc0e1af133501c0d003d052883fcc65107b3ff5d3b61cd%40%3Cusers.pdfbox.apache.org%3E"
    },
    {
      "type": "WEB",
      "url": "https://lists.apache.org/thread.html/rf35026148ccc0e1af133501c0d003d052883fcc65107b3ff5d3b61cd@%3Cusers.pdfbox.apache.org%3E"
    },
    {
      "type": "WEB",
      "url": "https://lists.fedoraproject.org/archives/list/package-announce@lists.fedoraproject.org/message/2AVLKAHFMPH72TTP25INPZPGX5FODK3H/"
    },
    {
      "type": "WEB",
      "url": "https://lists.fedoraproject.org/archives/list/package-announce@lists.fedoraproject.org/message/6KDA2U4KL2N3XT3PM4ZJEBBA6JJIH2G4/"
    },
    {
      "type": "WEB",
      "url": "https://lists.fedoraproject.org/archives/list/package-announce@lists.fedoraproject.org/message/6PT72QOFDXLJ7PLTN66EMG5EHPTE7TFZ/"
    },
    {
      "type": "WEB",
      "url": "https://www.oracle.com//security-alerts/cpujul2021.html"
    },
    {
      "type": "WEB",
      "url": "https://www.oracle.com/security-alerts/cpuoct2021.html"
    },
    {
      "type": "WEB",
      "url": "http://www.openwall.com/lists/oss-security/2021/03/19/10"
    },
    {
      "type": "PACKAGE",
      "url": "https://github.com/apache/pdfbox"
    }
  ],
  "affected": [
    {
      "package": {
        "name": "org.apache.pdfbox:pdfbox",
        "ecosystem": "Maven",
        "purl": "pkg:maven/org.apache.pdfbox/pdfbox"
      },
      "ranges": [
        {
          "type": "ECOSYSTEM",
          "events": [
            {
              "introduced": "2.0.0"
            },
            {
              "fixed": "2.0.23"
            }
          ]
        }
      ],
      "versions": [
        "2.0.0",
        "2.0.1",
        "2.0.10",
        "2.0.11",
        "2.0.12",
        "2.0.13",
        "2.0.14",
        "2.0.15",
        "2.0.16",
        "2.0.17",
        "2.0.18",
        "2.0.19",
        "2.0.2",
        "2.0.20",
        "2.0.21",
        "2.0.22",
        "2.0.3",
        "2.0.4",
        "2.0.5",
        "2.0.6",
        "2.0.7",
        "2.0.8",
        "2.0.9"
      ],
      "database_specific": {
        "source": "https://github.com/github/advisory-database/blob/main/advisories/github-reviewed/2021/05/GHSA-6vqp-h455-42mr/GHSA-6vqp-h455-42mr.json"
      }
    }
  ],
  "schema_version": "1.2.0",
  "severity": [
    {
      "type": "CVSS_V3",
      "score": "CVSS:3.1/AV:L/AC:L/PR:N/UI:R/S:U/C:N/I:N/A:H"
    }
  ]
}