{
  "id": "GHSA-3w5h-x4rh-hc28",
  "summary": "Exposure of sensitive information in Apache Ozone",
  "details": "In Apache Ozone versions prior to 1.2.0, Various internal server-to-server RPC endpoints are available for connections, making it possible for an attacker to download raw data from Datanode and Ozone manager and modify Ratis replication configuration.",
  "aliases": [
    "CVE-2021-39231"
  ],
  "modified": "2021-11-22T18:38:38Z",
  "published": "2021-11-23T18:18:25Z",
  "database_specific": {
    "severity": "CRITICAL",
    "cwe_ids": [
      "CWE-668"
    ],
    "github_reviewed": true
  },
  "references": [
    {
      "type": "ADVISORY",
      "url": "https://nvd.nist.gov/vuln/detail/CVE-2021-39231"
    },
    {
      "type": "WEB",
      "url": "https://mail-archives.apache.org/mod_mbox/ozone-dev/202111.mbox/%3C110cd117-75ed-364b-cd38-3effd20f2183%40apache.org%3E"
    },
    {
      "type": "WEB",
      "url": "http://www.openwall.com/lists/oss-security/2021/11/19/2"
    }
  ],
  "affected": [
    {
      "package": {
        "name": "org.apache.ozone:ozone-main",
        "ecosystem": "Maven",
        "purl": "pkg:maven/org.apache.ozone/ozone-main"
      },
      "ranges": [
        {
          "type": "ECOSYSTEM",
          "events": [
            {
              "introduced": "0"
            },
            {
              "fixed": "1.2.0"
            }
          ]
        }
      ],
      "database_specific": {
        "source": "https://github.com/github/advisory-database/blob/main/advisories/github-reviewed/2021/11/GHSA-3w5h-x4rh-hc28/GHSA-3w5h-x4rh-hc28.json"
      },
      "versions": []
    }
  ],
  "schema_version": "1.2.0",
  "severity": [
    {
      "type": "CVSS_V3",
      "score": "CVSS:3.1/AV:N/AC:L/PR:N/UI:N/S:U/C:H/I:H/A:N"
    }
  ]
}