{
  "id": "GHSA-c6j7-4fr9-c76p",
  "summary": "Incorrect permissions in Apache Ozone",
  "details": "In Apache Ozone before 1.2.0, Ozone Datanode doesn't check the access mode parameter of the block token. Authenticated users with valid READ block token can do any write operation on the same block.",
  "aliases": [
    "CVE-2021-39235"
  ],
  "modified": "2021-11-22T18:37:43Z",
  "published": "2021-11-23T18:17:41Z",
  "database_specific": {
    "github_reviewed": true,
    "severity": "MODERATE",
    "cwe_ids": [
      "CWE-732"
    ]
  },
  "references": [
    {
      "type": "ADVISORY",
      "url": "https://nvd.nist.gov/vuln/detail/CVE-2021-39235"
    },
    {
      "type": "WEB",
      "url": "https://mail-archives.apache.org/mod_mbox/ozone-dev/202111.mbox/%3C93f88246-4320-7423-0dac-ec7a07f47455%40apache.org%3E"
    },
    {
      "type": "WEB",
      "url": "http://www.openwall.com/lists/oss-security/2021/11/19/6"
    }
  ],
  "affected": [
    {
      "package": {
        "name": "org.apache.ozone:ozone-main",
        "ecosystem": "Maven",
        "purl": "pkg:maven/org.apache.ozone/ozone-main"
      },
      "ranges": [
        {
          "type": "ECOSYSTEM",
          "events": [
            {
              "introduced": "0"
            },
            {
              "fixed": "1.2.0"
            }
          ]
        }
      ],
      "database_specific": {
        "source": "https://github.com/github/advisory-database/blob/main/advisories/github-reviewed/2021/11/GHSA-c6j7-4fr9-c76p/GHSA-c6j7-4fr9-c76p.json"
      },
      "versions": []
    }
  ],
  "schema_version": "1.2.0",
  "severity": [
    {
      "type": "CVSS_V3",
      "score": "CVSS:3.1/AV:N/AC:L/PR:L/UI:N/S:U/C:N/I:H/A:N"
    }
  ]
}