{
  "id": "GHSA-59g4-hpg3-3gcp",
  "summary": "Files Accessible to External Parties in Opencast",
  "details": "Opencast before version 10.6 allows references to local file URLs in ingested media packages, allowing attackers to include local files from Opencast's host machines and making them available via the web interface.\n\n### Impact\n\nBefore Opencast 10.6, Opencast would [open and include local files during ingests](https://github.com/opencast/opencast/blob/69952463971cf578363e3b97d8edaf334ff51253/modules/ingest-service-impl/src/main/java/org/opencastproject/ingest/impl/IngestServiceImpl.java#L1587). Attackers could exploit this to include most local files the process has read access to, extracting secrets from the host machine.\n\nFor example, to expose the `custom.properties` of develop.opencast.org via the asset manager, an attacker could have run:\n\n```\ncurl -f -i -u admin:opencast \\\n  https://develop.opencast.org/ingest/addMediaPackage/fast \\\n  -F 'flavor=presenter/source'\\\n  -F mediaUri=file:///srv/opencast/opencast-dist-allinone/etc/custom.properties\\\n  -F title=\"custom.properties\"  \n```\n\nAn attacker would need to have the privileges required to add new media to exploit this. But these are often widely given.\n\n\n### Patches\n\nThe issue has been fixed in Opencast 10.6 and 11.0.\n\n### Workarounds\n\nYou can mitigate this issue by narrowing down the read access Opencast has to files on the file system using UNIX permissions or mandatory access control systems like SELinux. This cannot prevent access to files Opencast needs to read though and we highly recommend updating.\n\n### References\n\n-  [Example of problematic code](https://github.com/opencast/opencast/blob/69952463971cf578363e3b97d8edaf334ff51253/modules/ingest-service-impl/src/main/java/org/opencastproject/ingest/impl/IngestServiceImpl.java#L1587).\n- [Patch fixing the issue](https://github.com/opencast/opencast/commit/65c46b9d3e8f045c544881059923134571897764)\n\n### For more information\n\nIf you have any questions or comments about this advisory:\n* Open an issue in [our issue tracker](https://github.com/opencast/opencast/issues)\n* Email us at [security@opencast.org](mailto:security@opencast.org)\n",
  "aliases": [
    "CVE-2021-43821"
  ],
  "modified": "2022-03-02T05:21:49.952575Z",
  "published": "2021-12-14T21:44:03Z",
  "database_specific": {
    "cwe_ids": [
      "CWE-552"
    ],
    "severity": "CRITICAL",
    "github_reviewed": true
  },
  "references": [
    {
      "type": "WEB",
      "url": "https://github.com/opencast/opencast/security/advisories/GHSA-59g4-hpg3-3gcp"
    },
    {
      "type": "ADVISORY",
      "url": "https://nvd.nist.gov/vuln/detail/CVE-2021-43821"
    },
    {
      "type": "WEB",
      "url": "https://github.com/opencast/opencast/commit/65c46b9d3e8f045c544881059923134571897764"
    },
    {
      "type": "WEB",
      "url": "https://github.com/opencast/opencast/blob/69952463971cf578363e3b97d8edaf334ff51253/modules/ingest-service-impl/src/main/java/org/opencastproject/ingest/impl/IngestServiceImpl.java#L1587"
    },
    {
      "type": "WEB",
      "url": "https://mvnrepository.com/artifact/org.opencastproject/opencast-ingest-service-impl"
    },
    {
      "type": "PACKAGE",
      "url": "https://github.com/opencast/opencast"
    }
  ],
  "affected": [
    {
      "package": {
        "name": "org.opencastproject:opencast-ingest-service-impl",
        "ecosystem": "Maven",
        "purl": "pkg:maven/org.opencastproject/opencast-ingest-service-impl"
      },
      "ranges": [
        {
          "type": "ECOSYSTEM",
          "events": [
            {
              "introduced": "0"
            },
            {
              "fixed": "10.6"
            }
          ]
        }
      ],
      "versions": [
        "10.0",
        "10.1",
        "10.2",
        "10.3",
        "10.4",
        "10.5",
        "6.6",
        "7.2",
        "7.3",
        "7.4",
        "7.5",
        "7.6",
        "7.7",
        "7.8",
        "7.9",
        "8.0",
        "8.1",
        "8.10",
        "8.11",
        "8.3",
        "8.4",
        "8.5",
        "8.6",
        "8.7",
        "8.8",
        "8.9",
        "9.0",
        "9.1",
        "9.10",
        "9.11",
        "9.12",
        "9.2",
        "9.3",
        "9.4",
        "9.5",
        "9.6",
        "9.7",
        "9.9"
      ],
      "database_specific": {
        "source": "https://github.com/github/advisory-database/blob/main/advisories/github-reviewed/2021/12/GHSA-59g4-hpg3-3gcp/GHSA-59g4-hpg3-3gcp.json"
      }
    }
  ],
  "schema_version": "1.2.0",
  "severity": [
    {
      "type": "CVSS_V3",
      "score": "CVSS:3.1/AV:N/AC:L/PR:L/UI:N/S:C/C:H/I:H/A:H"
    }
  ]
}