{
  "id": "GHSA-74qp-233x-p5j8",
  "summary": "Cross-site scripting (XSS) in Apache Livy",
  "details": "Livy server version 0.7.0-incubating (only) is vulnerable to a cross site scripting issue in the session name. A malicious user could use this flaw to access logs and results of other users' sessions and run jobs with their privileges. This issue is fixed in Livy 0.7.1-incubating.",
  "aliases": [
    "CVE-2021-26544"
  ],
  "modified": "2022-03-02T05:20:44.754162Z",
  "published": "2021-05-13T22:30:41Z",
  "database_specific": {
    "github_reviewed": true,
    "cwe_ids": [
      "CWE-79"
    ],
    "severity": "MODERATE"
  },
  "references": [
    {
      "type": "ADVISORY",
      "url": "https://nvd.nist.gov/vuln/detail/CVE-2021-26544"
    },
    {
      "type": "WEB",
      "url": "https://github.com/apache/incubator-livy/commit/4d8a912699683b973eee76d4e91447d769a0cb0d"
    },
    {
      "type": "WEB",
      "url": "https://lists.apache.org/thread.html/r2db14e7fd1e5ec2519e8828d43529bad623d75698cc7918af3a3f3ed%40%3Cuser.livy.apache.org%3E"
    },
    {
      "type": "WEB",
      "url": "http://www.openwall.com/lists/oss-security/2021/02/20/1"
    }
  ],
  "affected": [
    {
      "package": {
        "name": "org.apache.livy:livy-main",
        "ecosystem": "Maven",
        "purl": "pkg:maven/org.apache.livy/livy-main"
      },
      "ranges": [
        {
          "type": "ECOSYSTEM",
          "events": [
            {
              "introduced": "0.7.0"
            },
            {
              "fixed": "0.7.1"
            }
          ]
        }
      ],
      "versions": [
        "0.7.0",
        "0.7.0-incubating"
      ],
      "database_specific": {
        "source": "https://github.com/github/advisory-database/blob/main/advisories/github-reviewed/2021/05/GHSA-74qp-233x-p5j8/GHSA-74qp-233x-p5j8.json"
      }
    }
  ],
  "schema_version": "1.2.0",
  "severity": [
    {
      "type": "CVSS_V3",
      "score": "CVSS:3.1/AV:N/AC:L/PR:L/UI:R/S:C/C:L/I:L/A:N"
    }
  ]
}