{
  "id": "GHSA-535v-4x9q-446c",
  "summary": "Moderate severity vulnerability that affects org.apache.hbase:hbase",
  "details": "In all previously released Apache HBase 2.x versions (2.0.0-2.0.4, 2.1.0-2.1.3), authorization was incorrectly applied to users of the HBase REST server. Requests sent to the HBase REST server were executed with the permissions of the REST server itself, not with the permissions of the end-user. This issue is only relevant when HBase is configured with Kerberos authentication, HBase authorization is enabled, and the REST server is configured with SPNEGO authentication. This issue does not extend beyond the HBase REST server.",
  "aliases": [
    "CVE-2019-0212"
  ],
  "modified": "2022-03-02T05:21:47.946885Z",
  "published": "2019-04-02T15:47:00Z",
  "database_specific": {
    "github_reviewed": true,
    "severity": "HIGH",
    "cwe_ids": [
      "CWE-285"
    ]
  },
  "references": [
    {
      "type": "ADVISORY",
      "url": "https://nvd.nist.gov/vuln/detail/CVE-2019-0212"
    },
    {
      "type": "ADVISORY",
      "url": "https://github.com/advisories/GHSA-535v-4x9q-446c"
    },
    {
      "type": "WEB",
      "url": "https://lists.apache.org/thread.html/519eb0fd45642dcecd9ff74cb3e71c20a4753f7d82e2f07864b5108f@%3Cdev.drill.apache.org%3E"
    },
    {
      "type": "WEB",
      "url": "https://lists.apache.org/thread.html/66535e15007cda8f9308eec10e12ffe349e0b8b55e56ec6ee02b71d2@%3Cdev.hbase.apache.org%3E"
    },
    {
      "type": "WEB",
      "url": "https://lists.apache.org/thread.html/b0656d359c7d40ec9f39c8cc61bca66802ef9a2a12ee199f5b0c1442@%3Cdev.drill.apache.org%3E"
    },
    {
      "type": "WEB",
      "url": "http://www.openwall.com/lists/oss-security/2019/03/27/3"
    },
    {
      "type": "WEB",
      "url": "http://www.securityfocus.com/bid/107624"
    }
  ],
  "affected": [
    {
      "package": {
        "name": "org.apache.hbase:hbase",
        "ecosystem": "Maven",
        "purl": "pkg:maven/org.apache.hbase/hbase"
      },
      "ranges": [
        {
          "type": "ECOSYSTEM",
          "events": [
            {
              "introduced": "2.0.0"
            },
            {
              "fixed": "2.0.5"
            }
          ]
        }
      ],
      "versions": [
        "2.0.0",
        "2.0.1",
        "2.0.2",
        "2.0.3",
        "2.0.4"
      ],
      "database_specific": {
        "source": "https://github.com/github/advisory-database/blob/main/advisories/github-reviewed/2019/04/GHSA-535v-4x9q-446c/GHSA-535v-4x9q-446c.json"
      }
    },
    {
      "package": {
        "name": "org.apache.hbase:hbase",
        "ecosystem": "Maven",
        "purl": "pkg:maven/org.apache.hbase/hbase"
      },
      "ranges": [
        {
          "type": "ECOSYSTEM",
          "events": [
            {
              "introduced": "2.1.0"
            },
            {
              "fixed": "2.1.4"
            }
          ]
        }
      ],
      "versions": [
        "2.1.0",
        "2.1.1",
        "2.1.2",
        "2.1.3"
      ],
      "database_specific": {
        "source": "https://github.com/github/advisory-database/blob/main/advisories/github-reviewed/2019/04/GHSA-535v-4x9q-446c/GHSA-535v-4x9q-446c.json"
      }
    }
  ],
  "schema_version": "1.2.0",
  "severity": [
    {
      "type": "CVSS_V3",
      "score": "CVSS:3.0/AV:N/AC:H/PR:L/UI:N/S:U/C:H/I:H/A:H"
    }
  ]
}