{
  "id": "GHSA-7c2r-3jqf-c9rw",
  "summary": "Moderate severity vulnerability that affects com.fasterxml.jackson.dataformat:jackson-dataformat-xml",
  "details": "XmlMapper in the Jackson XML dataformat component (aka jackson-dataformat-xml) before 2.7.8 and 2.8.x before 2.8.4 allows remote attackers to conduct server-side request forgery (SSRF) attacks via vectors related to a DTD.",
  "aliases": [
    "CVE-2016-7051"
  ],
  "modified": "2022-03-02T05:21:38.071183Z",
  "published": "2018-10-18T17:43:28Z",
  "database_specific": {
    "cwe_ids": [
      "CWE-611",
      "CWE-918"
    ],
    "github_reviewed": true,
    "severity": "HIGH"
  },
  "references": [
    {
      "type": "ADVISORY",
      "url": "https://nvd.nist.gov/vuln/detail/CVE-2016-7051"
    },
    {
      "type": "WEB",
      "url": "https://github.com/FasterXML/jackson-dataformat-xml/issues/211"
    },
    {
      "type": "WEB",
      "url": "https://bugzilla.redhat.com/show_bug.cgi?id=1378673"
    },
    {
      "type": "ADVISORY",
      "url": "https://github.com/advisories/GHSA-7c2r-3jqf-c9rw"
    },
    {
      "type": "WEB",
      "url": "http://www.securityfocus.com/bid/97688"
    },
    {
      "type": "PACKAGE",
      "url": "https://github.com/FasterXML/jackson-dataformat-xml"
    }
  ],
  "affected": [
    {
      "package": {
        "name": "com.fasterxml.jackson.dataformat:jackson-dataformat-xml",
        "ecosystem": "Maven",
        "purl": "pkg:maven/com.fasterxml.jackson.dataformat/jackson-dataformat-xml"
      },
      "ranges": [
        {
          "type": "ECOSYSTEM",
          "events": [
            {
              "introduced": "0"
            },
            {
              "fixed": "2.7.8"
            }
          ]
        }
      ],
      "versions": [
        "2.0.0",
        "2.0.0-RC1",
        "2.0.0-RC2",
        "2.0.0-RC3",
        "2.0.1",
        "2.0.2",
        "2.0.3",
        "2.0.4",
        "2.0.5",
        "2.0.6",
        "2.1.0",
        "2.1.1",
        "2.1.2",
        "2.1.3",
        "2.1.4",
        "2.1.5",
        "2.2.0",
        "2.2.0-rc1",
        "2.2.1",
        "2.2.2",
        "2.2.3",
        "2.2.4",
        "2.3.0",
        "2.3.0-rc1",
        "2.3.1",
        "2.3.2",
        "2.3.3",
        "2.3.4",
        "2.3.5",
        "2.4.0",
        "2.4.0-rc2",
        "2.4.0-rc3",
        "2.4.1",
        "2.4.2",
        "2.4.3",
        "2.4.4",
        "2.4.5",
        "2.4.6",
        "2.5.0",
        "2.5.0-rc1",
        "2.5.1",
        "2.5.2",
        "2.5.3",
        "2.5.4",
        "2.5.5",
        "2.6.0",
        "2.6.0-rc1",
        "2.6.0-rc2",
        "2.6.0-rc3",
        "2.6.0-rc4",
        "2.6.1",
        "2.6.2",
        "2.6.3",
        "2.6.4",
        "2.6.4-1",
        "2.6.5",
        "2.6.6",
        "2.6.7",
        "2.7.0",
        "2.7.0-rc1",
        "2.7.0-rc2",
        "2.7.0-rc3",
        "2.7.1",
        "2.7.2",
        "2.7.3",
        "2.7.4",
        "2.7.5",
        "2.7.6",
        "2.7.7"
      ],
      "database_specific": {
        "source": "https://github.com/github/advisory-database/blob/main/advisories/github-reviewed/2018/10/GHSA-7c2r-3jqf-c9rw/GHSA-7c2r-3jqf-c9rw.json"
      }
    },
    {
      "package": {
        "name": "com.fasterxml.jackson.dataformat:jackson-dataformat-xml",
        "ecosystem": "Maven",
        "purl": "pkg:maven/com.fasterxml.jackson.dataformat/jackson-dataformat-xml"
      },
      "ranges": [
        {
          "type": "ECOSYSTEM",
          "events": [
            {
              "introduced": "2.8.0"
            },
            {
              "fixed": "2.8.4"
            }
          ]
        }
      ],
      "versions": [
        "2.8.0",
        "2.8.1",
        "2.8.2",
        "2.8.3"
      ],
      "database_specific": {
        "source": "https://github.com/github/advisory-database/blob/main/advisories/github-reviewed/2018/10/GHSA-7c2r-3jqf-c9rw/GHSA-7c2r-3jqf-c9rw.json"
      }
    }
  ],
  "schema_version": "1.2.0",
  "severity": [
    {
      "type": "CVSS_V3",
      "score": "CVSS:3.1/AV:N/AC:L/PR:N/UI:N/S:C/C:N/I:H/A:N"
    }
  ]
}