{
  "id": "GHSA-37pw-qw47-4jxm",
  "summary": "Privilege escalation vulnerability in Apache Hadoop",
  "details": "In Apache Hadoop versions 3.0.0-alpha1 to 3.1.0, 2.9.0 to 2.9.1, and 2.2.0 to 2.8.4, a user who can escalate to yarn user can possibly run arbitrary commands as root user.",
  "aliases": [
    "CVE-2018-8029"
  ],
  "modified": "2022-03-02T05:21:53.481562Z",
  "published": "2019-05-31T16:09:15Z",
  "database_specific": {
    "cwe_ids": [
      "CWE-285"
    ],
    "github_reviewed": true,
    "severity": "HIGH"
  },
  "references": [
    {
      "type": "ADVISORY",
      "url": "https://nvd.nist.gov/vuln/detail/CVE-2018-8029"
    },
    {
      "type": "WEB",
      "url": "https://lists.apache.org/thread.html/0b8d58e02dbd0fb8bf7320c514fe58da1d6728bdc150f1ba04e0d9fc@%3Cissues.hbase.apache.org%3E"
    },
    {
      "type": "WEB",
      "url": "https://lists.apache.org/thread.html/17084c09e6dedf60efe08028b429c92ffd28aacc28454e4fa924578a@%3Cgeneral.hadoop.apache.org%3E"
    },
    {
      "type": "WEB",
      "url": "https://lists.apache.org/thread.html/a0164b87660223a2d491f83c88f905fe1a9fa8dc795148d9b0d968c8@%3Cdev.hbase.apache.org%3E"
    },
    {
      "type": "WEB",
      "url": "https://lists.apache.org/thread.html/a97c53a81e639ca2fc7b8f61a4fcd1842c2a78544041244a7c624727@%3Cissues.hbase.apache.org%3E"
    },
    {
      "type": "WEB",
      "url": "https://lists.apache.org/thread.html/r4dddf1705dbedfa94392913b2dad1cd2d1d89040facd389eea0b3510@%3Ccommits.druid.apache.org%3E"
    },
    {
      "type": "WEB",
      "url": "https://lists.apache.org/thread.html/rb21df54a4e39732ce653d2aa5672e36a792b59eb6717f2a06bb8d02a@%3Ccommits.druid.apache.org%3E"
    },
    {
      "type": "WEB",
      "url": "https://security.netapp.com/advisory/ntap-20190617-0001/"
    },
    {
      "type": "WEB",
      "url": "http://www.securityfocus.com/bid/108518"
    }
  ],
  "affected": [
    {
      "package": {
        "name": "org.apache.hadoop:hadoop-main",
        "ecosystem": "Maven",
        "purl": "pkg:maven/org.apache.hadoop/hadoop-main"
      },
      "ranges": [
        {
          "type": "ECOSYSTEM",
          "events": [
            {
              "introduced": "2.2.0"
            },
            {
              "fixed": "2.8.4"
            }
          ]
        }
      ],
      "versions": [
        "2.2.0",
        "2.3.0",
        "2.4.0",
        "2.4.1",
        "2.5.0",
        "2.5.1",
        "2.5.2",
        "2.6.0",
        "2.6.1",
        "2.6.2",
        "2.6.3",
        "2.6.4",
        "2.6.5",
        "2.7.0",
        "2.7.1",
        "2.7.2",
        "2.7.3",
        "2.7.4",
        "2.7.5",
        "2.7.6",
        "2.7.7",
        "2.8.0",
        "2.8.1",
        "2.8.2",
        "2.8.3"
      ],
      "database_specific": {
        "source": "https://github.com/github/advisory-database/blob/main/advisories/github-reviewed/2019/05/GHSA-37pw-qw47-4jxm/GHSA-37pw-qw47-4jxm.json"
      }
    },
    {
      "package": {
        "name": "org.apache.hadoop:hadoop-main",
        "ecosystem": "Maven",
        "purl": "pkg:maven/org.apache.hadoop/hadoop-main"
      },
      "ranges": [
        {
          "type": "ECOSYSTEM",
          "events": [
            {
              "introduced": "2.9.0"
            },
            {
              "fixed": "2.9.2"
            }
          ]
        }
      ],
      "versions": [
        "2.9.0",
        "2.9.1"
      ],
      "database_specific": {
        "source": "https://github.com/github/advisory-database/blob/main/advisories/github-reviewed/2019/05/GHSA-37pw-qw47-4jxm/GHSA-37pw-qw47-4jxm.json"
      }
    },
    {
      "package": {
        "name": "org.apache.hadoop:hadoop-main",
        "ecosystem": "Maven",
        "purl": "pkg:maven/org.apache.hadoop/hadoop-main"
      },
      "ranges": [
        {
          "type": "ECOSYSTEM",
          "events": [
            {
              "introduced": "3.0.0"
            },
            {
              "fixed": "3.1.1"
            }
          ]
        }
      ],
      "versions": [
        "3.0.0",
        "3.0.1",
        "3.0.2",
        "3.0.3",
        "3.1.0"
      ],
      "database_specific": {
        "source": "https://github.com/github/advisory-database/blob/main/advisories/github-reviewed/2019/05/GHSA-37pw-qw47-4jxm/GHSA-37pw-qw47-4jxm.json"
      }
    }
  ],
  "schema_version": "1.2.0",
  "severity": [
    {
      "type": "CVSS_V3",
      "score": "CVSS:3.0/AV:N/AC:L/PR:L/UI:N/S:U/C:H/I:H/A:H"
    }
  ]
}