{
  "id": "GHSA-4ffq-6g62-j4v4",
  "summary": "Cross-Site Request Forgery in the Jenkins Claim plugin",
  "details": "A cross-site request forgery (CSRF) vulnerability in Jenkins Claim Plugin 2.18.1 and earlier allows attackers to change claims.",
  "aliases": [
    "CVE-2021-21620"
  ],
  "modified": "2021-05-07T18:25:26Z",
  "published": "2021-06-16T17:29:43Z",
  "database_specific": {
    "github_reviewed": true,
    "cwe_ids": [
      "CWE-352"
    ],
    "severity": "MODERATE"
  },
  "references": [
    {
      "type": "ADVISORY",
      "url": "https://nvd.nist.gov/vuln/detail/CVE-2021-21620"
    },
    {
      "type": "WEB",
      "url": "https://www.jenkins.io/security/advisory/2021-02-24/#SECURITY-2188%20(2)"
    }
  ],
  "affected": [
    {
      "package": {
        "name": "org.jenkins-ci.plugins:claim",
        "ecosystem": "Maven",
        "purl": "pkg:maven/org.jenkins-ci.plugins/claim"
      },
      "ranges": [
        {
          "type": "ECOSYSTEM",
          "events": [
            {
              "introduced": "0"
            },
            {
              "fixed": "2.18.2"
            }
          ]
        }
      ],
      "database_specific": {
        "source": "https://github.com/github/advisory-database/blob/main/advisories/github-reviewed/2021/06/GHSA-4ffq-6g62-j4v4/GHSA-4ffq-6g62-j4v4.json"
      },
      "versions": []
    }
  ],
  "schema_version": "1.2.0",
  "severity": [
    {
      "type": "CVSS_V3",
      "score": "CVSS:3.1/AV:N/AC:L/PR:N/UI:R/S:U/C:N/I:L/A:N"
    }
  ]
}