{
  "id": "GHSA-c9jj-3wvg-q65h",
  "summary": "Vulnerability that affects org.apache.pdfbox:pdfbox",
  "details": "Apache PDFBox 2.0.14 does not properly initialize the XML parser, which allows context-dependent attackers to conduct XML External Entity (XXE) attacks via a crafted XFDF.",
  "aliases": [
    "CVE-2019-0228"
  ],
  "modified": "2022-03-02T05:21:45.948935Z",
  "published": "2019-07-05T21:12:54Z",
  "database_specific": {
    "github_reviewed": true,
    "severity": "CRITICAL",
    "cwe_ids": [
      "CWE-611"
    ]
  },
  "references": [
    {
      "type": "ADVISORY",
      "url": "https://nvd.nist.gov/vuln/detail/CVE-2019-0228"
    },
    {
      "type": "ADVISORY",
      "url": "https://github.com/advisories/GHSA-c9jj-3wvg-q65h"
    },
    {
      "type": "WEB",
      "url": "https://lists.apache.org/thread.html/1a3756557f8cb02790b7183ccf7665ae23f608a421c4f723113bca79@%3Cusers.pdfbox.apache.org%3E"
    },
    {
      "type": "WEB",
      "url": "https://lists.apache.org/thread.html/8a19bd6d43e359913341043c2a114f91f9e4ae170059539ad1f5673c@%3Ccommits.tika.apache.org%3E"
    },
    {
      "type": "WEB",
      "url": "https://lists.apache.org/thread.html/bc8db1bf459f1ad909da47350ed554ee745abe9f25f2b50cad4e06dd@%3Cserver-dev.james.apache.org%3E"
    },
    {
      "type": "WEB",
      "url": "https://lists.apache.org/thread.html/be86fcd7cd423a3fe6b73a3cb9d7cac0b619d0deb99e6b5d172c98f4@%3Ccommits.tika.apache.org%3E"
    },
    {
      "type": "WEB",
      "url": "https://lists.apache.org/thread.html/r0a2141abeddae66dd57025f1681c8425834062b7c0c7e0b1d830a95d@%3Cusers.pdfbox.apache.org%3E"
    },
    {
      "type": "WEB",
      "url": "https://lists.apache.org/thread.html/r32b8102392a174b17fd19509a9e76047f74852b77b7bf46af95e45a2@%3Cserver-dev.james.apache.org%3E"
    },
    {
      "type": "WEB",
      "url": "https://lists.fedoraproject.org/archives/list/package-announce@lists.fedoraproject.org/message/6HKVPTJWZGUB4MH4AAOWMRJHRDBYFHGJ/"
    },
    {
      "type": "WEB",
      "url": "https://lists.fedoraproject.org/archives/list/package-announce@lists.fedoraproject.org/message/POPOGHJ5CVMUVCRQU7APBAN5IVZGZFDX/"
    },
    {
      "type": "WEB",
      "url": "https://www.oracle.com//security-alerts/cpujul2021.html"
    },
    {
      "type": "WEB",
      "url": "https://www.oracle.com/security-alerts/cpuApr2021.html"
    },
    {
      "type": "WEB",
      "url": "https://www.oracle.com/security-alerts/cpuapr2020.html"
    },
    {
      "type": "WEB",
      "url": "https://www.oracle.com/security-alerts/cpuoct2021.html"
    }
  ],
  "affected": [
    {
      "package": {
        "name": "org.apache.pdfbox:pdfbox",
        "ecosystem": "Maven",
        "purl": "pkg:maven/org.apache.pdfbox/pdfbox"
      },
      "ranges": [
        {
          "type": "ECOSYSTEM",
          "events": [
            {
              "introduced": "0"
            },
            {
              "fixed": "2.0.15"
            }
          ]
        }
      ],
      "versions": [
        "0.8.0-incubating",
        "0.8.0-incubator",
        "1.0.0",
        "1.1.0",
        "1.2.0",
        "1.2.1",
        "1.3.1",
        "1.4.0",
        "1.5.0",
        "1.6.0",
        "1.7.0",
        "1.7.1",
        "1.8.0",
        "1.8.1",
        "1.8.10",
        "1.8.11",
        "1.8.12",
        "1.8.13",
        "1.8.14",
        "1.8.15",
        "1.8.16",
        "1.8.2",
        "1.8.3",
        "1.8.4",
        "1.8.5",
        "1.8.6",
        "1.8.7",
        "1.8.8",
        "1.8.9",
        "2.0.0",
        "2.0.0-RC1",
        "2.0.0-RC2",
        "2.0.0-RC3",
        "2.0.1",
        "2.0.10",
        "2.0.11",
        "2.0.12",
        "2.0.13",
        "2.0.14",
        "2.0.2",
        "2.0.3",
        "2.0.4",
        "2.0.5",
        "2.0.6",
        "2.0.7",
        "2.0.8",
        "2.0.9"
      ],
      "database_specific": {
        "source": "https://github.com/github/advisory-database/blob/main/advisories/github-reviewed/2019/07/GHSA-c9jj-3wvg-q65h/GHSA-c9jj-3wvg-q65h.json"
      }
    }
  ],
  "schema_version": "1.2.0",
  "severity": [
    {
      "type": "CVSS_V3",
      "score": "CVSS:3.0/AV:N/AC:L/PR:N/UI:N/S:U/C:H/I:H/A:H"
    }
  ]
}