{
  "id": "GHSA-2pwh-52h7-7j84",
  "summary": "JavaScript execution via malicious molfiles (XSS)",
  "details": "### Impact\nThe viewer plugin implementation of `<mol:molecule>` renders molfile data directly inside a `<script>` tag without any escaping. Arbitrary JavaScript code can thus be executed in the client browser via crafted molfiles.\n\n### Patches\nPatched in v0.3.0: Molfile data is now rendered as value of a hidden `<input>` tag and escaped via JSF's mechanisms.\n\n### Workarounds\nNo workaround available.",
  "modified": "2022-03-02T05:21:00.773071Z",
  "published": "2021-04-16T19:52:49Z",
  "database_specific": {
    "cwe_ids": [
      "CWE-79"
    ],
    "github_reviewed": true,
    "severity": "MODERATE"
  },
  "references": [
    {
      "type": "WEB",
      "url": "https://github.com/ipb-halle/MolecularFaces/security/advisories/GHSA-2pwh-52h7-7j84"
    }
  ],
  "affected": [
    {
      "package": {
        "name": "de.ipb-halle:molecularfaces",
        "ecosystem": "Maven",
        "purl": "pkg:maven/de.ipb-halle/molecularfaces"
      },
      "ranges": [
        {
          "type": "ECOSYSTEM",
          "events": [
            {
              "introduced": "0"
            },
            {
              "fixed": "0.3.0"
            }
          ]
        }
      ],
      "versions": [
        "0.2.0"
      ],
      "database_specific": {
        "source": "https://github.com/github/advisory-database/blob/main/advisories/github-reviewed/2021/04/GHSA-2pwh-52h7-7j84/GHSA-2pwh-52h7-7j84.json"
      }
    }
  ],
  "schema_version": "1.2.0"
}