{
  "id": "GHSA-87p2-cvhq-q4mv",
  "summary": "Authentication bypass in Apache Zeppelin",
  "details": "Authentication bypass vulnerability in Apache Zeppelin allows an attacker to bypass Zeppelin authentication mechanism to act as another user. This issue affects Apache Zeppelin Apache Zeppelin version 0.9.0 and prior versions.",
  "aliases": [
    "CVE-2020-13929"
  ],
  "modified": "2022-03-02T05:20:54.029520Z",
  "published": "2021-09-07T22:56:56Z",
  "database_specific": {
    "severity": "HIGH",
    "github_reviewed": true,
    "cwe_ids": [
      "CWE-287"
    ]
  },
  "references": [
    {
      "type": "ADVISORY",
      "url": "https://nvd.nist.gov/vuln/detail/CVE-2020-13929"
    },
    {
      "type": "WEB",
      "url": "https://lists.apache.org/thread.html/r768800925d6407a6a87ccae0ec98776b7bda50c0e3ed3d0130dad028%40%3Cusers.zeppelin.apache.org%3E"
    },
    {
      "type": "WEB",
      "url": "https://lists.apache.org/thread.html/r768800925d6407a6a87ccae0ec98776b7bda50c0e3ed3d0130dad028@%3Cannounce.apache.org%3E"
    },
    {
      "type": "WEB",
      "url": "https://lists.apache.org/thread.html/r768800925d6407a6a87ccae0ec98776b7bda50c0e3ed3d0130dad028@%3Cusers.zeppelin.apache.org%3E"
    },
    {
      "type": "WEB",
      "url": "https://lists.apache.org/thread.html/r99529e175a7c1c9a26bd41a02802c8af7aa97319fe561874627eb999@%3Cusers.zeppelin.apache.org%3E"
    },
    {
      "type": "WEB",
      "url": "http://www.openwall.com/lists/oss-security/2021/09/02/2"
    },
    {
      "type": "PACKAGE",
      "url": "https://github.com/apache/zeppelin"
    }
  ],
  "affected": [
    {
      "package": {
        "name": "org.apache.zeppelin:zeppelin",
        "ecosystem": "Maven",
        "purl": "pkg:maven/org.apache.zeppelin/zeppelin"
      },
      "ranges": [
        {
          "type": "ECOSYSTEM",
          "events": [
            {
              "introduced": "0"
            },
            {
              "fixed": "0.10.0"
            }
          ]
        }
      ],
      "versions": [
        "0.5.0-incubating",
        "0.6.0",
        "0.6.1",
        "0.6.2",
        "0.7.0",
        "0.7.1",
        "0.7.2",
        "0.7.3",
        "0.8.0",
        "0.8.1",
        "0.8.2",
        "0.9.0",
        "0.9.0-preview1",
        "0.9.0-preview2"
      ],
      "database_specific": {
        "source": "https://github.com/github/advisory-database/blob/main/advisories/github-reviewed/2021/09/GHSA-87p2-cvhq-q4mv/GHSA-87p2-cvhq-q4mv.json"
      }
    }
  ],
  "schema_version": "1.2.0",
  "severity": [
    {
      "type": "CVSS_V3",
      "score": "CVSS:3.1/AV:N/AC:L/PR:N/UI:N/S:U/C:N/I:H/A:N"
    }
  ]
}