{
  "id": "GHSA-9h9c-f287-c6vp",
  "summary": "High severity vulnerability that affects org.apache.syncope:syncope-core",
  "details": "A malicious user with enough administration entitlements can inject html-like elements containing JavaScript statements into Connector names, Report names, AnyTypeClass keys and Policy descriptions. When another user with enough administration entitlements edits one of the Entities above via Admin Console, the injected JavaScript code is executed.",
  "aliases": [
    "CVE-2018-17184"
  ],
  "modified": "2022-03-02T05:22:00.418244Z",
  "published": "2018-11-06T23:16:18Z",
  "database_specific": {
    "severity": "MODERATE",
    "cwe_ids": [
      "CWE-799"
    ],
    "github_reviewed": true
  },
  "references": [
    {
      "type": "ADVISORY",
      "url": "https://nvd.nist.gov/vuln/detail/CVE-2018-17184"
    },
    {
      "type": "ADVISORY",
      "url": "https://github.com/advisories/GHSA-9h9c-f287-c6vp"
    },
    {
      "type": "WEB",
      "url": "https://syncope.apache.org/security#CVE-2018-17184:_Stored_XSS"
    }
  ],
  "affected": [
    {
      "package": {
        "name": "org.apache.syncope:syncope-core",
        "ecosystem": "Maven",
        "purl": "pkg:maven/org.apache.syncope/syncope-core"
      },
      "ranges": [
        {
          "type": "ECOSYSTEM",
          "events": [
            {
              "introduced": "0"
            },
            {
              "fixed": "2.0.11"
            }
          ]
        }
      ],
      "versions": [
        "1.0.0-RC1-incubating",
        "1.0.0-RC2-incubating",
        "1.0.0-RC3-incubating",
        "1.0.0-incubating",
        "1.0.1-incubating",
        "1.0.2-incubating",
        "1.0.3-incubating",
        "1.0.4",
        "1.0.5",
        "1.0.6",
        "1.0.7",
        "1.0.8",
        "1.0.9",
        "1.1.0",
        "1.1.1",
        "1.1.2",
        "1.1.3",
        "1.1.4",
        "1.1.5",
        "1.1.6",
        "1.1.7",
        "1.1.8",
        "1.2.0",
        "1.2.0-M1",
        "1.2.1",
        "1.2.10",
        "1.2.11",
        "1.2.2",
        "1.2.3",
        "1.2.4",
        "1.2.5",
        "1.2.6",
        "1.2.7",
        "1.2.8",
        "1.2.9",
        "2.0.0",
        "2.0.0-M1",
        "2.0.0-M2",
        "2.0.0-M3",
        "2.0.0-M4",
        "2.0.0.M5",
        "2.0.1",
        "2.0.10",
        "2.0.2",
        "2.0.3",
        "2.0.4",
        "2.0.5",
        "2.0.6",
        "2.0.7",
        "2.0.8",
        "2.0.9"
      ],
      "database_specific": {
        "source": "https://github.com/github/advisory-database/blob/main/advisories/github-reviewed/2018/11/GHSA-9h9c-f287-c6vp/GHSA-9h9c-f287-c6vp.json"
      }
    },
    {
      "package": {
        "name": "org.apache.syncope:syncope-core",
        "ecosystem": "Maven",
        "purl": "pkg:maven/org.apache.syncope/syncope-core"
      },
      "ranges": [
        {
          "type": "ECOSYSTEM",
          "events": [
            {
              "introduced": "2.1.0"
            },
            {
              "fixed": "2.1.2"
            }
          ]
        }
      ],
      "versions": [
        "2.1.0",
        "2.1.1"
      ],
      "database_specific": {
        "source": "https://github.com/github/advisory-database/blob/main/advisories/github-reviewed/2018/11/GHSA-9h9c-f287-c6vp/GHSA-9h9c-f287-c6vp.json"
      }
    }
  ],
  "schema_version": "1.2.0",
  "severity": [
    {
      "type": "CVSS_V3",
      "score": "CVSS:3.0/AV:N/AC:L/PR:L/UI:R/S:C/C:L/I:L/A:N"
    }
  ]
}