{
  "id": "GHSA-5p52-j8pw-j7x5",
  "summary": "Moderate severity vulnerability that affects org.bedework:bw-webdav",
  "details": "Apereo Bedework bw-webdav before 4.0.3 allows XXE attacks, as demonstrated by an invite-reply document that reads a local file, related to webdav/servlet/common/MethodBase.java and webdav/servlet/common/PostRequestPars.java.",
  "aliases": [
    "CVE-2018-20000"
  ],
  "modified": "2022-03-02T05:20:46.968807Z",
  "published": "2018-12-19T19:24:52Z",
  "database_specific": {
    "severity": "HIGH",
    "github_reviewed": true,
    "cwe_ids": [
      "CWE-611"
    ]
  },
  "references": [
    {
      "type": "ADVISORY",
      "url": "https://nvd.nist.gov/vuln/detail/CVE-2018-20000"
    },
    {
      "type": "WEB",
      "url": "https://github.com/Bedework/bw-webdav/pull/1"
    },
    {
      "type": "WEB",
      "url": "https://github.com/Bedework/bw-webdav/compare/bw-webdav-4.0.2...bw-webdav-4.0.3"
    },
    {
      "type": "ADVISORY",
      "url": "https://github.com/advisories/GHSA-5p52-j8pw-j7x5"
    },
    {
      "type": "PACKAGE",
      "url": "https://github.com/Bedework/bw-webdav"
    }
  ],
  "affected": [
    {
      "package": {
        "name": "org.bedework:bw-webdav",
        "ecosystem": "Maven",
        "purl": "pkg:maven/org.bedework/bw-webdav"
      },
      "ranges": [
        {
          "type": "ECOSYSTEM",
          "events": [
            {
              "introduced": "0"
            },
            {
              "fixed": "4.0.3"
            }
          ]
        }
      ],
      "versions": [
        "4.0.1",
        "4.0.2"
      ],
      "database_specific": {
        "source": "https://github.com/github/advisory-database/blob/main/advisories/github-reviewed/2018/12/GHSA-5p52-j8pw-j7x5/GHSA-5p52-j8pw-j7x5.json"
      }
    }
  ],
  "schema_version": "1.2.0",
  "severity": [
    {
      "type": "CVSS_V3",
      "score": "CVSS:3.0/AV:N/AC:L/PR:N/UI:N/S:U/C:H/I:N/A:N"
    }
  ]
}