{
  "id": "GHSA-c32g-2mgr-cfq7",
  "summary": "Out-of-bounds Write in iText",
  "details": "iText v7.1.17 was discovered to contain a stack-based buffer overflow via the component ByteBuffer.append, which allows attackers to cause a Denial of Service (DoS) via a crafted PDF file.",
  "aliases": [
    "CVE-2022-24197"
  ],
  "modified": "2022-03-02T05:21:41.593916Z",
  "published": "2022-02-02T00:01:45Z",
  "database_specific": {
    "cwe_ids": [
      "CWE-787"
    ],
    "github_reviewed": true,
    "severity": "MODERATE"
  },
  "references": [
    {
      "type": "ADVISORY",
      "url": "https://nvd.nist.gov/vuln/detail/CVE-2022-24197"
    },
    {
      "type": "WEB",
      "url": "https://github.com/itext/itext7/pull/78"
    },
    {
      "type": "PACKAGE",
      "url": "https://github.com/itext/itext7"
    }
  ],
  "affected": [
    {
      "package": {
        "name": "com.itextpdf:itext7-core",
        "ecosystem": "Maven",
        "purl": "pkg:maven/com.itextpdf/itext7-core"
      },
      "ranges": [
        {
          "type": "ECOSYSTEM",
          "events": [
            {
              "introduced": "0"
            },
            {
              "fixed": "7.2.0"
            }
          ]
        }
      ],
      "versions": [
        "7.0.2",
        "7.0.3",
        "7.0.4",
        "7.0.5",
        "7.0.6",
        "7.0.7",
        "7.0.8",
        "7.1.0",
        "7.1.1",
        "7.1.10",
        "7.1.11",
        "7.1.12",
        "7.1.13",
        "7.1.14",
        "7.1.15",
        "7.1.16",
        "7.1.17",
        "7.1.2",
        "7.1.3",
        "7.1.4",
        "7.1.5",
        "7.1.6",
        "7.1.7",
        "7.1.8",
        "7.1.9"
      ],
      "database_specific": {
        "last_known_affected_version_range": "<= 7.1.17",
        "source": "https://github.com/github/advisory-database/blob/main/advisories/github-reviewed/2022/02/GHSA-c32g-2mgr-cfq7/GHSA-c32g-2mgr-cfq7.json"
      }
    }
  ],
  "schema_version": "1.2.0",
  "severity": [
    {
      "type": "CVSS_V3",
      "score": "CVSS:3.1/AV:N/AC:L/PR:N/UI:R/S:U/C:N/I:N/A:H"
    }
  ]
}