{
  "id": "GHSA-6hgm-866r-3cjv",
  "summary": "Insecure Deserialization in Apache Commons Collection",
  "details": "Serialized-object interfaces in Java applications using the Apache Commons Collections (ACC) library may allow remote attackers to execute arbitrary commands via a crafted serialized Java object.",
  "aliases": [
    "CVE-2015-6420"
  ],
  "modified": "2022-03-02T05:21:33.307407Z",
  "published": "2020-06-15T20:36:20Z",
  "database_specific": {
    "cwe_ids": [],
    "severity": "HIGH",
    "github_reviewed": true
  },
  "references": [
    {
      "type": "ADVISORY",
      "url": "https://nvd.nist.gov/vuln/detail/CVE-2015-6420"
    },
    {
      "type": "WEB",
      "url": "https://h20566.www2.hpe.com/portal/site/hpsc/public/kb/docDisplay?docId=emr_na-c05376917"
    },
    {
      "type": "WEB",
      "url": "https://h20566.www2.hpe.com/portal/site/hpsc/public/kb/docDisplay?docId=emr_na-c05390722"
    },
    {
      "type": "WEB",
      "url": "https://www.kb.cert.org/vuls/id/581311"
    },
    {
      "type": "WEB",
      "url": "https://www.tenable.com/security/research/tra-2017-14"
    },
    {
      "type": "WEB",
      "url": "https://www.tenable.com/security/research/tra-2017-23"
    },
    {
      "type": "WEB",
      "url": "http://tools.cisco.com/security/center/content/CiscoSecurityAdvisory/cisco-sa-20151209-java-deserialization"
    },
    {
      "type": "WEB",
      "url": "http://www.oracle.com/technetwork/security-advisory/cpujul2018-4258247.html"
    },
    {
      "type": "WEB",
      "url": "http://www.securityfocus.com/bid/78872"
    }
  ],
  "affected": [
    {
      "package": {
        "name": "org.apache.commons:commons-collections4",
        "ecosystem": "Maven",
        "purl": "pkg:maven/org.apache.commons/commons-collections4"
      },
      "ranges": [
        {
          "type": "ECOSYSTEM",
          "events": [
            {
              "introduced": "0"
            },
            {
              "fixed": "4.1"
            }
          ]
        }
      ],
      "versions": [
        "4.0"
      ],
      "database_specific": {
        "source": "https://github.com/github/advisory-database/blob/main/advisories/github-reviewed/2020/06/GHSA-6hgm-866r-3cjv/GHSA-6hgm-866r-3cjv.json"
      }
    },
    {
      "package": {
        "name": "commons-collections:commons-collections",
        "ecosystem": "Maven",
        "purl": "pkg:maven/commons-collections/commons-collections"
      },
      "ranges": [
        {
          "type": "ECOSYSTEM",
          "events": [
            {
              "introduced": "0"
            },
            {
              "fixed": "3.2.2"
            }
          ]
        }
      ],
      "versions": [
        "1.0",
        "2.0",
        "2.0.20020914.015953",
        "2.0.20020914.020746",
        "2.0.20020914.020858",
        "2.1",
        "2.1-dev",
        "2.1.1",
        "3.0",
        "3.0-dev",
        "3.0-dev2",
        "3.1",
        "3.2",
        "3.2.1"
      ],
      "database_specific": {
        "source": "https://github.com/github/advisory-database/blob/main/advisories/github-reviewed/2020/06/GHSA-6hgm-866r-3cjv/GHSA-6hgm-866r-3cjv.json"
      }
    }
  ],
  "schema_version": "1.2.0"
}