{
  "id": "GHSA-7ph6-5cmq-xgjq",
  "summary": "Path traversal in xwiki-platform-skin-skinx",
  "details": "### Impact\n\nAbstractSxExportURLFactoryActionHandler#processSx does not escape anything from SSX document reference when serializing it on filesystem, so it's easy to mess up the HTML export process with reference elements containing filesystem syntax like \"../\", \"./\". or \"/\" in general (the last two not causing any security threat, but can cause conflicts with others serialized files).\n\n### Patches\n\nFixed in 13.6-rc-1\n\n### Workarounds\n\n* giving script or subwiki admin right only to trusted people\n* disabling HTML/PDF export\n\n### References\n\nhttps://jira.xwiki.org/browse/XWIKI-18819\n\n### For more information\nIf you have any questions or comments about this advisory:\n* Open an issue in [JIRA](https://jira.xwiki.org)\n* Email us at [XWiki Security Mailing list](mailto:security@xwiki.org)",
  "aliases": [
    "CVE-2022-23620"
  ],
  "modified": "2022-02-09T21:53:29Z",
  "published": "2022-02-09T21:53:29Z",
  "database_specific": {
    "cwe_ids": [
      "CWE-22"
    ],
    "severity": "MODERATE",
    "github_reviewed": true
  },
  "references": [
    {
      "type": "WEB",
      "url": "https://github.com/xwiki/xwiki-platform/security/advisories/GHSA-7ph6-5cmq-xgjq"
    },
    {
      "type": "ADVISORY",
      "url": "https://nvd.nist.gov/vuln/detail/CVE-2022-23620"
    },
    {
      "type": "WEB",
      "url": "https://github.com/xwiki/xwiki-platform/commit/ab778254fb8f71c774e1c1239368c44fe3b6bba5"
    },
    {
      "type": "WEB",
      "url": "https://jira.xwiki.org/browse/XWIKI-18819"
    },
    {
      "type": "PACKAGE",
      "url": "https://github.com/xwiki/xwiki-platform"
    }
  ],
  "affected": [
    {
      "package": {
        "name": "org.xwiki.platform:xwiki-platform-skin-skinx",
        "ecosystem": "Maven",
        "purl": "pkg:maven/org.xwiki.platform/xwiki-platform-skin-skinx"
      },
      "ranges": [
        {
          "type": "ECOSYSTEM",
          "events": [
            {
              "introduced": "6.2-rc-1"
            },
            {
              "fixed": "13.6"
            }
          ]
        }
      ],
      "database_specific": {
        "source": "https://github.com/github/advisory-database/blob/main/advisories/github-reviewed/2022/02/GHSA-7ph6-5cmq-xgjq/GHSA-7ph6-5cmq-xgjq.json"
      },
      "versions": []
    }
  ],
  "schema_version": "1.2.0",
  "severity": [
    {
      "type": "CVSS_V3",
      "score": "CVSS:3.1/AV:N/AC:H/PR:H/UI:R/S:C/C:L/I:L/A:H"
    }
  ]
}