{
  "id": "GHSA-7qqr-3pj3-q2f5",
  "summary": "XSS issues in the management interface",
  "details": "In system/workplace/ in Alkacon OpenCms 10.5.4 and 10.5.5, there are multiple Reflected and Stored XSS issues in the management interface.",
  "aliases": [
    "CVE-2019-13236"
  ],
  "modified": "2022-03-02T05:21:54.825576Z",
  "published": "2019-11-12T22:58:21Z",
  "database_specific": {
    "cwe_ids": [
      "CWE-79"
    ],
    "severity": "MODERATE",
    "github_reviewed": true
  },
  "references": [
    {
      "type": "ADVISORY",
      "url": "https://nvd.nist.gov/vuln/detail/CVE-2019-13236"
    },
    {
      "type": "WEB",
      "url": "https://aetsu.github.io/OpenCms"
    },
    {
      "type": "WEB",
      "url": "https://github.com/alkacon/opencms-core/commits/branch_10_5_x"
    },
    {
      "type": "WEB",
      "url": "https://twitter.com/aetsu/status/1152096227938459648"
    },
    {
      "type": "WEB",
      "url": "http://packetstormsecurity.com/files/154283/Alkacon-OpenCMS-10.5.x-Cross-Site-Scripting.html"
    }
  ],
  "affected": [
    {
      "package": {
        "name": "org.opencms:opencms-core",
        "ecosystem": "Maven",
        "purl": "pkg:maven/org.opencms/opencms-core"
      },
      "ranges": [
        {
          "type": "ECOSYSTEM",
          "events": [
            {
              "introduced": "0"
            },
            {
              "fixed": "11.0.1"
            }
          ]
        }
      ],
      "versions": [
        "10.0.0",
        "10.0.1",
        "10.5.0",
        "10.5.1",
        "10.5.2",
        "10.5.3",
        "10.5.4",
        "11.0.0",
        "8.0.1",
        "8.0.2",
        "8.0.3",
        "8.0.3-rev",
        "8.0.3.1",
        "8.0.4",
        "8.5.0",
        "8.5.1",
        "8.5.2",
        "9.0.0",
        "9.0.1",
        "9.5.0",
        "9.5.1",
        "9.5.2",
        "9.5.3"
      ],
      "database_specific": {
        "source": "https://github.com/github/advisory-database/blob/main/advisories/github-reviewed/2019/11/GHSA-7qqr-3pj3-q2f5/GHSA-7qqr-3pj3-q2f5.json"
      }
    }
  ],
  "schema_version": "1.2.0",
  "severity": [
    {
      "type": "CVSS_V3",
      "score": "CVSS:3.0/AV:N/AC:L/PR:N/UI:R/S:C/C:L/I:L/A:N"
    }
  ]
}