{
  "id": "GHSA-49r2-73m6-pp8f",
  "summary": "Directory traversal in development mode handler in Vaadin 14 and 15-17",
  "details": "Improper URL validation in development mode handler in `com.vaadin:flow-server` versions 2.0.0 through 2.4.1 (Vaadin 14.0.0 through 14.4.2), and 3.0 prior to 5.0 (Vaadin 15 prior to 18) allows attacker to request arbitrary files stored outside of intended frontend resources folder.\n\n- https://vaadin.com/security/cve-2020-36321",
  "aliases": [
    "CVE-2020-36321"
  ],
  "modified": "2022-03-02T05:21:48.860063Z",
  "published": "2021-04-19T14:51:58Z",
  "database_specific": {
    "github_reviewed": true,
    "cwe_ids": [
      "CWE-20",
      "CWE-22"
    ],
    "severity": "MODERATE"
  },
  "references": [
    {
      "type": "WEB",
      "url": "https://github.com/vaadin/flow/security/advisories/GHSA-49r2-73m6-pp8f"
    },
    {
      "type": "ADVISORY",
      "url": "https://nvd.nist.gov/vuln/detail/CVE-2020-36321"
    },
    {
      "type": "WEB",
      "url": "https://github.com/vaadin/flow/pull/9392"
    },
    {
      "type": "WEB",
      "url": "https://vaadin.com/security/cve-2020-36321"
    }
  ],
  "affected": [
    {
      "package": {
        "name": "com.vaadin:flow-server",
        "ecosystem": "Maven",
        "purl": "pkg:maven/com.vaadin/flow-server"
      },
      "ranges": [
        {
          "type": "ECOSYSTEM",
          "events": [
            {
              "introduced": "3.0.0"
            },
            {
              "fixed": "5.0.0"
            }
          ]
        }
      ],
      "versions": [
        "3.0.0",
        "3.0.1",
        "3.0.2",
        "3.0.3",
        "3.0.4",
        "3.0.5",
        "3.0.6",
        "3.0.7",
        "3.1.0",
        "3.1.1",
        "3.1.2",
        "3.1.3",
        "3.1.5",
        "3.1.6",
        "3.1.7",
        "4.0.0",
        "4.0.1",
        "4.0.2",
        "4.0.3",
        "4.0.4",
        "4.0.5",
        "4.0.6",
        "4.0.7",
        "4.0.8"
      ],
      "database_specific": {
        "source": "https://github.com/github/advisory-database/blob/main/advisories/github-reviewed/2021/04/GHSA-49r2-73m6-pp8f/GHSA-49r2-73m6-pp8f.json"
      }
    },
    {
      "package": {
        "name": "com.vaadin:flow-server",
        "ecosystem": "Maven",
        "purl": "pkg:maven/com.vaadin/flow-server"
      },
      "ranges": [
        {
          "type": "ECOSYSTEM",
          "events": [
            {
              "introduced": "2.0.0"
            },
            {
              "fixed": "2.4.2"
            }
          ]
        }
      ],
      "versions": [
        "2.0.0",
        "2.0.1",
        "2.0.10",
        "2.0.11",
        "2.0.12",
        "2.0.13",
        "2.0.14",
        "2.0.15",
        "2.0.16",
        "2.0.17",
        "2.0.18",
        "2.0.19",
        "2.0.2",
        "2.0.3",
        "2.0.4",
        "2.0.5",
        "2.0.6",
        "2.0.7",
        "2.0.8",
        "2.0.9",
        "2.1.0",
        "2.1.0.beta2",
        "2.1.1",
        "2.1.2",
        "2.1.3",
        "2.1.4",
        "2.1.5",
        "2.1.6",
        "2.1.7",
        "2.1.8",
        "2.1.9",
        "2.2.0",
        "2.2.0.alpha11",
        "2.2.1",
        "2.2.2",
        "2.2.3",
        "2.3.0",
        "2.3.0.beta1",
        "2.3.1",
        "2.3.2",
        "2.3.3",
        "2.3.4",
        "2.3.5",
        "2.3.6",
        "2.3.7",
        "2.4.0",
        "2.4.1"
      ],
      "database_specific": {
        "source": "https://github.com/github/advisory-database/blob/main/advisories/github-reviewed/2021/04/GHSA-49r2-73m6-pp8f/GHSA-49r2-73m6-pp8f.json"
      }
    }
  ],
  "schema_version": "1.2.0",
  "severity": [
    {
      "type": "CVSS_V3",
      "score": "CVSS:3.1/AV:N/AC:H/PR:N/UI:N/S:U/C:H/I:N/A:N"
    }
  ]
}