{
  "id": "GHSA-7c6q-jqwc-4423",
  "summary": "Path Traversal in Crafter CMS Crafter Studio",
  "details": "In Crafter CMS Crafter Studio 3.0.1 a directory traversal vulnerability exists which allows unauthenticated attackers to overwrite files from the operating system which can lead to RCE.",
  "aliases": [
    "CVE-2017-15681"
  ],
  "modified": "2022-03-02T05:21:38.326320Z",
  "published": "2022-02-09T23:07:59Z",
  "database_specific": {
    "severity": "CRITICAL",
    "github_reviewed": true,
    "cwe_ids": [
      "CWE-22"
    ]
  },
  "references": [
    {
      "type": "ADVISORY",
      "url": "https://nvd.nist.gov/vuln/detail/CVE-2017-15681"
    },
    {
      "type": "WEB",
      "url": "https://docs.craftercms.org/en/3.0/security/advisory.html"
    },
    {
      "type": "WEB",
      "url": "http://crafter.com"
    }
  ],
  "affected": [
    {
      "package": {
        "name": "org.craftercms:crafter-studio",
        "ecosystem": "Maven",
        "purl": "pkg:maven/org.craftercms/crafter-studio"
      },
      "ranges": [
        {
          "type": "ECOSYSTEM",
          "events": [
            {
              "introduced": "0"
            },
            {
              "fixed": "3.0.2"
            }
          ]
        }
      ],
      "versions": [
        "3.0.0",
        "3.0.1"
      ],
      "database_specific": {
        "source": "https://github.com/github/advisory-database/blob/main/advisories/github-reviewed/2022/02/GHSA-7c6q-jqwc-4423/GHSA-7c6q-jqwc-4423.json",
        "last_known_affected_version_range": "<= 3.0.1"
      }
    }
  ],
  "schema_version": "1.2.0",
  "severity": [
    {
      "type": "CVSS_V3",
      "score": "CVSS:3.1/AV:N/AC:L/PR:N/UI:N/S:U/C:H/I:H/A:H"
    }
  ]
}