{
  "id": "GHSA-4mq5-mj59-qq9c",
  "summary": "Allocation of Resources Without Limits or Throttling in Apache Tika",
  "details": "In Apache Tika 1.19 to 1.21, a carefully crafted 2003ml or 2006ml file could consume all available SAXParsers in the pool and lead to very long hangs. Apache Tika users should upgrade to 1.22 or later.",
  "aliases": [
    "CVE-2019-10093"
  ],
  "modified": "2022-03-02T05:21:03.226896Z",
  "published": "2019-08-06T01:43:38Z",
  "database_specific": {
    "severity": "MODERATE",
    "github_reviewed": true,
    "cwe_ids": [
      "CWE-770"
    ]
  },
  "references": [
    {
      "type": "ADVISORY",
      "url": "https://nvd.nist.gov/vuln/detail/CVE-2019-10093"
    },
    {
      "type": "WEB",
      "url": "https://lists.apache.org/thread.html/39723d8227b248781898c200aa24b154683673287b150a204b83787d@%3Cdev.tika.apache.org%3E"
    },
    {
      "type": "WEB",
      "url": "https://lists.apache.org/thread.html/a5a44eff1b9eda3bc69d22943a1030c43d376380c75d3ab04d0c1a21@%3Cdev.tika.apache.org%3E"
    },
    {
      "type": "WEB",
      "url": "https://lists.apache.org/thread.html/da9ee189d1756f8508d0f2386d8e25aca5a6df541739829232be8a94@%3Cdev.tika.apache.org%3E"
    },
    {
      "type": "WEB",
      "url": "https://lists.apache.org/thread.html/fb6c84fd387de997e5e366d50b0ca331a328c466432c80f8c5eed33d@%3Cdev.tika.apache.org%3E"
    },
    {
      "type": "WEB",
      "url": "https://lists.apache.org/thread.html/r204ba2a9ea750f38d789d2bb429cc0925ad6133deea7cbc3001d96b5@%3Csolr-user.lucene.apache.org%3E"
    },
    {
      "type": "WEB",
      "url": "https://security.netapp.com/advisory/ntap-20190828-0004/"
    },
    {
      "type": "WEB",
      "url": "https://www.oracle.com/security-alerts/cpuapr2020.html"
    },
    {
      "type": "WEB",
      "url": "https://www.oracle.com/security-alerts/cpujan2020.html"
    }
  ],
  "affected": [
    {
      "package": {
        "name": "org.apache.tika:tika-parsers",
        "ecosystem": "Maven",
        "purl": "pkg:maven/org.apache.tika/tika-parsers"
      },
      "ranges": [
        {
          "type": "ECOSYSTEM",
          "events": [
            {
              "introduced": "1.19"
            },
            {
              "fixed": "1.22"
            }
          ]
        }
      ],
      "versions": [
        "1.19",
        "1.19.1",
        "1.20",
        "1.21"
      ],
      "database_specific": {
        "source": "https://github.com/github/advisory-database/blob/main/advisories/github-reviewed/2019/08/GHSA-4mq5-mj59-qq9c/GHSA-4mq5-mj59-qq9c.json"
      }
    }
  ],
  "schema_version": "1.2.0",
  "severity": [
    {
      "type": "CVSS_V3",
      "score": "CVSS:3.0/AV:N/AC:L/PR:N/UI:R/S:U/C:N/I:N/A:H"
    }
  ]
}