{
  "id": "GHSA-4w4p-xwrr-9crh",
  "summary": "Injection in Apache Syncope",
  "details": "Vulnerability to Server-Side Template Injection on Mail templates for Apache Syncope 2.0.X releases prior to 2.0.15, 2.1.X releases prior to 2.1.6, enabling attackers to inject arbitrary JEXL expressions, leading to Remote Code Execution (RCE) was discovered.",
  "aliases": [
    "CVE-2020-1961"
  ],
  "modified": "2022-03-02T05:21:33.685972Z",
  "published": "2021-06-16T17:18:49Z",
  "database_specific": {
    "github_reviewed": true,
    "severity": "HIGH",
    "cwe_ids": [
      "CWE-74"
    ]
  },
  "references": [
    {
      "type": "ADVISORY",
      "url": "https://nvd.nist.gov/vuln/detail/CVE-2020-1961"
    },
    {
      "type": "WEB",
      "url": "http://syncope.apache.org/security"
    }
  ],
  "affected": [
    {
      "package": {
        "name": "org.apache.syncope:syncope-core",
        "ecosystem": "Maven",
        "purl": "pkg:maven/org.apache.syncope/syncope-core"
      },
      "ranges": [
        {
          "type": "ECOSYSTEM",
          "events": [
            {
              "introduced": "2.0.0"
            },
            {
              "fixed": "2.0.15"
            }
          ]
        }
      ],
      "versions": [
        "2.0.0",
        "2.0.1",
        "2.0.10",
        "2.0.11",
        "2.0.12",
        "2.0.13",
        "2.0.14",
        "2.0.2",
        "2.0.3",
        "2.0.4",
        "2.0.5",
        "2.0.6",
        "2.0.7",
        "2.0.8",
        "2.0.9"
      ],
      "database_specific": {
        "source": "https://github.com/github/advisory-database/blob/main/advisories/github-reviewed/2021/06/GHSA-4w4p-xwrr-9crh/GHSA-4w4p-xwrr-9crh.json"
      }
    },
    {
      "package": {
        "name": "org.apache.syncope:syncope-core",
        "ecosystem": "Maven",
        "purl": "pkg:maven/org.apache.syncope/syncope-core"
      },
      "ranges": [
        {
          "type": "ECOSYSTEM",
          "events": [
            {
              "introduced": "2.1.0"
            },
            {
              "fixed": "2.1.6"
            }
          ]
        }
      ],
      "versions": [
        "2.1.0",
        "2.1.1",
        "2.1.2",
        "2.1.3",
        "2.1.4",
        "2.1.5"
      ],
      "database_specific": {
        "source": "https://github.com/github/advisory-database/blob/main/advisories/github-reviewed/2021/06/GHSA-4w4p-xwrr-9crh/GHSA-4w4p-xwrr-9crh.json"
      }
    }
  ],
  "schema_version": "1.2.0",
  "severity": [
    {
      "type": "CVSS_V3",
      "score": "CVSS:3.1/AV:N/AC:L/PR:N/UI:N/S:U/C:H/I:H/A:H"
    }
  ]
}