{
  "id": "GHSA-4446-656p-f54g",
  "summary": "High severity vulnerability that affects org.bouncycastle:bcprov-jdk14 and org.bouncycastle:bcprov-jdk15",
  "details": "Legion of the Bouncy Castle Legion of the Bouncy Castle Java Cryptography APIs version prior to version 1.60 contains a CWE-470: Use of Externally-Controlled Input to Select Classes or Code ('Unsafe Reflection') vulnerability in XMSS/XMSS^MT private key deserialization that can result in Deserializing an XMSS/XMSS^MT private key can result in the execution of unexpected code.. This attack appear to be exploitable via A handcrafted private key can include references to unexpected classes which will be picked up from the class path for the executing application.. This vulnerability appears to have been fixed in 1.60 and later.",
  "aliases": [
    "CVE-2018-1000613"
  ],
  "modified": "2022-03-02T05:21:28.352972Z",
  "published": "2018-10-17T16:23:12Z",
  "database_specific": {
    "severity": "CRITICAL",
    "github_reviewed": true,
    "cwe_ids": [
      "CWE-470",
      "CWE-502"
    ]
  },
  "references": [
    {
      "type": "ADVISORY",
      "url": "https://nvd.nist.gov/vuln/detail/CVE-2018-1000613"
    },
    {
      "type": "WEB",
      "url": "https://github.com/bcgit/bc-java/commit/4092ede58da51af9a21e4825fbad0d9a3ef5a223#diff-2c06e2edef41db889ee14899e12bd574"
    },
    {
      "type": "WEB",
      "url": "https://github.com/bcgit/bc-java/commit/cd98322b171b15b3f88c5ec871175147893c31e6#diff-148a6c098af0199192d6aede960f45dc"
    },
    {
      "type": "ADVISORY",
      "url": "https://github.com/advisories/GHSA-4446-656p-f54g"
    },
    {
      "type": "WEB",
      "url": "https://lists.apache.org/thread.html/rf1bbc0ea4a9f014cf94df9a12a6477d24a27f52741dbc87f2fd52ff2@%3Cissues.geode.apache.org%3E"
    },
    {
      "type": "WEB",
      "url": "https://security.netapp.com/advisory/ntap-20190204-0003/"
    },
    {
      "type": "WEB",
      "url": "https://www.oracle.com/security-alerts/cpuApr2021.html"
    },
    {
      "type": "WEB",
      "url": "https://www.oracle.com/security-alerts/cpuapr2020.html"
    },
    {
      "type": "WEB",
      "url": "https://www.oracle.com/security-alerts/cpuoct2020.html"
    },
    {
      "type": "WEB",
      "url": "https://www.oracle.com/technetwork/security-advisory/cpuapr2019-5072813.html"
    },
    {
      "type": "WEB",
      "url": "https://www.oracle.com/technetwork/security-advisory/cpujan2019-5072801.html"
    },
    {
      "type": "WEB",
      "url": "https://www.oracle.com/technetwork/security-advisory/cpujul2019-5072835.html"
    },
    {
      "type": "WEB",
      "url": "http://lists.opensuse.org/opensuse-security-announce/2020-05/msg00011.html"
    }
  ],
  "affected": [
    {
      "package": {
        "name": "org.bouncycastle:bcprov-jdk14",
        "ecosystem": "Maven",
        "purl": "pkg:maven/org.bouncycastle/bcprov-jdk14"
      },
      "ranges": [
        {
          "type": "ECOSYSTEM",
          "events": [
            {
              "introduced": "0"
            },
            {
              "fixed": "1.60"
            }
          ]
        }
      ],
      "versions": [
        "1.38",
        "1.43",
        "1.44",
        "1.45",
        "1.46",
        "1.47",
        "1.48",
        "1.49",
        "1.50",
        "1.51",
        "1.53",
        "1.54",
        "1.55",
        "1.56",
        "1.57",
        "1.58",
        "1.59"
      ],
      "database_specific": {
        "source": "https://github.com/github/advisory-database/blob/main/advisories/github-reviewed/2018/10/GHSA-4446-656p-f54g/GHSA-4446-656p-f54g.json"
      }
    },
    {
      "package": {
        "name": "org.bouncycastle:bcprov-jdk15",
        "ecosystem": "Maven",
        "purl": "pkg:maven/org.bouncycastle/bcprov-jdk15"
      },
      "ranges": [
        {
          "type": "ECOSYSTEM",
          "events": [
            {
              "introduced": "0"
            },
            {
              "fixed": "1.60"
            }
          ]
        }
      ],
      "versions": [
        "1.32",
        "1.38",
        "1.40",
        "1.43",
        "1.44",
        "1.45",
        "1.46"
      ],
      "database_specific": {
        "source": "https://github.com/github/advisory-database/blob/main/advisories/github-reviewed/2018/10/GHSA-4446-656p-f54g/GHSA-4446-656p-f54g.json"
      }
    }
  ],
  "schema_version": "1.2.0",
  "severity": [
    {
      "type": "CVSS_V3",
      "score": "CVSS:3.0/AV:N/AC:L/PR:N/UI:N/S:U/C:H/I:H/A:H"
    }
  ]
}