{
  "id": "GHSA-7xr3-rgwh-pw22",
  "summary": "Moderate severity vulnerability that affects org.apache.qpid:apache-qpid-broker-j",
  "details": "A Denial of Service vulnerability was found in Apache Qpid Broker-J versions 7.0.0-7.0.4 when AMQP protocols 0-8, 0-9 or 0-91 are used to publish messages with size greater than allowed maximum message size limit (100MB by default). The broker crashes due to the defect. AMQP protocols 0-10 and 1.0 are not affected.",
  "aliases": [
    "CVE-2018-8030"
  ],
  "modified": "2022-03-02T05:21:34.404837Z",
  "published": "2018-10-16T19:50:39Z",
  "database_specific": {
    "github_reviewed": true,
    "cwe_ids": [
      "CWE-20"
    ],
    "severity": "HIGH"
  },
  "references": [
    {
      "type": "ADVISORY",
      "url": "https://nvd.nist.gov/vuln/detail/CVE-2018-8030"
    },
    {
      "type": "ADVISORY",
      "url": "https://github.com/advisories/GHSA-7xr3-rgwh-pw22"
    },
    {
      "type": "WEB",
      "url": "https://lists.apache.org/thread.html/1089a4f351a1bdca0618199e53bceeec59a10bf4e3008018d6949876@%3Cusers.qpid.apache.org%3E"
    },
    {
      "type": "WEB",
      "url": "http://www.securitytracker.com/id/1041138"
    }
  ],
  "affected": [
    {
      "package": {
        "name": "org.apache.qpid:apache-qpid-broker-j",
        "ecosystem": "Maven",
        "purl": "pkg:maven/org.apache.qpid/apache-qpid-broker-j"
      },
      "ranges": [
        {
          "type": "ECOSYSTEM",
          "events": [
            {
              "introduced": "7.0.0"
            },
            {
              "fixed": "7.0.5"
            }
          ]
        }
      ],
      "versions": [
        "7.0.0",
        "7.0.1",
        "7.0.2",
        "7.0.3",
        "7.0.4"
      ],
      "database_specific": {
        "source": "https://github.com/github/advisory-database/blob/main/advisories/github-reviewed/2018/10/GHSA-7xr3-rgwh-pw22/GHSA-7xr3-rgwh-pw22.json"
      }
    }
  ],
  "schema_version": "1.2.0",
  "severity": [
    {
      "type": "CVSS_V3",
      "score": "CVSS:3.0/AV:N/AC:L/PR:N/UI:N/S:U/C:N/I:N/A:H"
    }
  ]
}