{
  "id": "GHSA-2m9w-9xh2-wxc3",
  "summary": "Link Following in Jenkins Pipeline Multibranch Plugin",
  "details": "Jenkins Pipeline: Multibranch Plugin 706.vd43c65dec013 and earlier follows symbolic links to locations outside of the checkout directory for the configured SCM when reading files using the readTrusted step, allowing attackers able to configure Pipelines permission to read arbitrary files on the Jenkins controller file system.",
  "aliases": [
    "CVE-2022-25179"
  ],
  "modified": "2022-02-25T20:40:40Z",
  "published": "2022-02-16T00:01:33Z",
  "database_specific": {
    "severity": "MODERATE",
    "github_reviewed": true,
    "cwe_ids": [
      "CWE-59"
    ]
  },
  "references": [
    {
      "type": "ADVISORY",
      "url": "https://nvd.nist.gov/vuln/detail/CVE-2022-25179"
    },
    {
      "type": "WEB",
      "url": "https://www.jenkins.io/security/advisory/2022-02-15/#SECURITY-2613"
    }
  ],
  "affected": [
    {
      "package": {
        "name": "org.jenkins-ci.plugins.workflow:workflow-multibranch",
        "ecosystem": "Maven",
        "purl": "pkg:maven/org.jenkins-ci.plugins.workflow/workflow-multibranch"
      },
      "ranges": [
        {
          "type": "ECOSYSTEM",
          "events": [
            {
              "introduced": "0"
            }
          ]
        }
      ],
      "database_specific": {
        "last_known_affected_version_range": "<= 2.16",
        "source": "https://github.com/github/advisory-database/blob/main/advisories/github-reviewed/2022/02/GHSA-2m9w-9xh2-wxc3/GHSA-2m9w-9xh2-wxc3.json"
      },
      "versions": []
    }
  ],
  "schema_version": "1.2.0",
  "severity": [
    {
      "type": "CVSS_V3",
      "score": "CVSS:3.1/AV:N/AC:L/PR:L/UI:N/S:U/C:H/I:N/A:N"
    }
  ]
}