{
  "id": "GHSA-72m5-fvvv-55m6",
  "summary": "Observable Differences in Behavior to Error Inputs in Bouncy Castle",
  "details": "In Legion of the Bouncy Castle BC before 1.55 and BC-FJA before 1.0.2, attackers can obtain sensitive information about a private exponent because of Observable Differences in Behavior to Error Inputs. This occurs in org.bouncycastle.crypto.encodings.OAEPEncoding. Sending invalid ciphertext that decrypts to a short payload in the OAEP Decoder could result in the throwing of an early exception, potentially leaking some information about the private exponent of the RSA private key performing the encryption.",
  "aliases": [
    "CVE-2020-26939"
  ],
  "modified": "2022-03-02T05:21:22.313558Z",
  "published": "2021-04-22T16:16:49Z",
  "database_specific": {
    "github_reviewed": true,
    "severity": "MODERATE",
    "cwe_ids": [
      "CWE-203"
    ]
  },
  "references": [
    {
      "type": "ADVISORY",
      "url": "https://nvd.nist.gov/vuln/detail/CVE-2020-26939"
    },
    {
      "type": "WEB",
      "url": "https://github.com/bcgit/bc-java/commit/930f8b274c4f1f3a46e68b5441f1e7fadb57e8c1"
    },
    {
      "type": "WEB",
      "url": "https://github.com/bcgit/bc-java/wiki/CVE-2020-26939"
    },
    {
      "type": "WEB",
      "url": "https://lists.apache.org/thread.html/r8c36ba34e80e05eecb1f80071cc834d705616f315b634ec0c7d8f42e@%3Cissues.solr.apache.org%3E"
    },
    {
      "type": "WEB",
      "url": "https://lists.debian.org/debian-lts-announce/2020/11/msg00007.html"
    },
    {
      "type": "WEB",
      "url": "https://security.netapp.com/advisory/ntap-20201202-0005/"
    }
  ],
  "affected": [
    {
      "package": {
        "name": "org.bouncycastle:bcprov-jdk14",
        "ecosystem": "Maven",
        "purl": "pkg:maven/org.bouncycastle/bcprov-jdk14"
      },
      "ranges": [
        {
          "type": "ECOSYSTEM",
          "events": [
            {
              "introduced": "0"
            },
            {
              "fixed": "1.61"
            }
          ]
        }
      ],
      "versions": [
        "1.38",
        "1.43",
        "1.44",
        "1.45",
        "1.46",
        "1.47",
        "1.48",
        "1.49",
        "1.50",
        "1.51",
        "1.53",
        "1.54",
        "1.55",
        "1.56",
        "1.57",
        "1.58",
        "1.59",
        "1.60"
      ],
      "database_specific": {
        "source": "https://github.com/github/advisory-database/blob/main/advisories/github-reviewed/2021/04/GHSA-72m5-fvvv-55m6/GHSA-72m5-fvvv-55m6.json"
      }
    },
    {
      "package": {
        "name": "org.bouncycastle:bcprov-jdk15",
        "ecosystem": "Maven",
        "purl": "pkg:maven/org.bouncycastle/bcprov-jdk15"
      },
      "ranges": [
        {
          "type": "ECOSYSTEM",
          "events": [
            {
              "introduced": "0"
            },
            {
              "fixed": "1.61"
            }
          ]
        }
      ],
      "versions": [
        "1.32",
        "1.38",
        "1.40",
        "1.43",
        "1.44",
        "1.45",
        "1.46"
      ],
      "database_specific": {
        "source": "https://github.com/github/advisory-database/blob/main/advisories/github-reviewed/2021/04/GHSA-72m5-fvvv-55m6/GHSA-72m5-fvvv-55m6.json"
      }
    },
    {
      "package": {
        "name": "org.bouncycastle:bcprov-jdk16",
        "ecosystem": "Maven",
        "purl": "pkg:maven/org.bouncycastle/bcprov-jdk16"
      },
      "ranges": [
        {
          "type": "ECOSYSTEM",
          "events": [
            {
              "introduced": "0"
            },
            {
              "fixed": "1.61"
            }
          ]
        }
      ],
      "versions": [
        "1.38",
        "1.40",
        "1.43",
        "1.44",
        "1.45",
        "1.46"
      ],
      "database_specific": {
        "source": "https://github.com/github/advisory-database/blob/main/advisories/github-reviewed/2021/04/GHSA-72m5-fvvv-55m6/GHSA-72m5-fvvv-55m6.json"
      }
    },
    {
      "package": {
        "name": "org.bouncycastle:bc-fips",
        "ecosystem": "Maven",
        "purl": "pkg:maven/org.bouncycastle/bc-fips"
      },
      "ranges": [
        {
          "type": "ECOSYSTEM",
          "events": [
            {
              "introduced": "0"
            },
            {
              "fixed": "1.0.2"
            }
          ]
        }
      ],
      "versions": [
        "1.0.0",
        "1.0.1"
      ],
      "database_specific": {
        "source": "https://github.com/github/advisory-database/blob/main/advisories/github-reviewed/2021/04/GHSA-72m5-fvvv-55m6/GHSA-72m5-fvvv-55m6.json"
      }
    }
  ],
  "schema_version": "1.2.0",
  "severity": [
    {
      "type": "CVSS_V3",
      "score": "CVSS:3.1/AV:N/AC:L/PR:N/UI:N/S:U/C:L/I:N/A:N"
    }
  ]
}