{
  "id": "GHSA-2hjr-fg6c-v2h6",
  "summary": "Unauthorized access to Class instance in Jinjava",
  "details": "Jinjava before 2.5.4 allow access to arbitrary classes by calling Java methods on objects passed into a Jinjava context. This could allow for abuse of the application class loader, including Arbitrary File Disclosure.",
  "aliases": [
    "CVE-2020-12668"
  ],
  "modified": "2022-03-02T05:21:44.003712Z",
  "published": "2022-02-09T00:33:56Z",
  "database_specific": {
    "github_reviewed": true,
    "cwe_ids": [
      "CWE-200"
    ],
    "severity": "MODERATE"
  },
  "references": [
    {
      "type": "ADVISORY",
      "url": "https://nvd.nist.gov/vuln/detail/CVE-2020-12668"
    },
    {
      "type": "WEB",
      "url": "https://github.com/HubSpot/jinjava/pull/426/commits/5dfa5b87318744a4d020b66d5f7747acc36b213b"
    },
    {
      "type": "WEB",
      "url": "https://github.com/HubSpot/jinjava/pull/435/commits/1b9aaa4b420c58b4a301cf4b7d26207f1c8d1165"
    },
    {
      "type": "WEB",
      "url": "https://github.com/HubSpot/jinjava/compare/jinjava-2.5.3...jinjava-2.5.4"
    },
    {
      "type": "WEB",
      "url": "https://github.com/HubSpot/jinjava/releases/tag/jinjava-2.5.4"
    },
    {
      "type": "ADVISORY",
      "url": "https://securitylab.github.com/advisories/GHSL-2020-072-hubspot_jinjava"
    }
  ],
  "affected": [
    {
      "package": {
        "name": "com.hubspot.jinjava:jinjava",
        "ecosystem": "Maven",
        "purl": "pkg:maven/com.hubspot.jinjava/jinjava"
      },
      "ranges": [
        {
          "type": "ECOSYSTEM",
          "events": [
            {
              "introduced": "0"
            },
            {
              "fixed": "2.5.4"
            }
          ]
        }
      ],
      "versions": [
        "1.0.0",
        "1.0.1",
        "1.0.2",
        "1.0.3",
        "1.0.4",
        "1.0.5",
        "1.0.6",
        "1.0.7",
        "1.0.8",
        "1.0.9",
        "2.0.0",
        "2.0.1",
        "2.0.10",
        "2.0.11-java7",
        "2.0.2",
        "2.0.3",
        "2.0.4",
        "2.0.5",
        "2.0.6",
        "2.0.7",
        "2.0.8",
        "2.0.9",
        "2.1.0",
        "2.1.1",
        "2.1.10",
        "2.1.11",
        "2.1.12",
        "2.1.13",
        "2.1.14",
        "2.1.15",
        "2.1.16",
        "2.1.17",
        "2.1.18",
        "2.1.19",
        "2.1.2",
        "2.1.3",
        "2.1.4",
        "2.1.5",
        "2.1.6",
        "2.1.7",
        "2.1.8",
        "2.1.9",
        "2.2.0",
        "2.2.1",
        "2.2.10",
        "2.2.2",
        "2.2.3",
        "2.2.4",
        "2.2.5",
        "2.2.6",
        "2.2.7",
        "2.2.8",
        "2.2.9",
        "2.3.0",
        "2.3.1",
        "2.3.3",
        "2.3.4",
        "2.3.5",
        "2.3.6",
        "2.4.0",
        "2.4.1",
        "2.4.10",
        "2.4.11",
        "2.4.12",
        "2.4.13",
        "2.4.14",
        "2.4.15",
        "2.4.2",
        "2.4.3",
        "2.4.4",
        "2.4.5",
        "2.4.6",
        "2.4.7",
        "2.4.8",
        "2.4.9",
        "2.5.0",
        "2.5.1",
        "2.5.2",
        "2.5.3"
      ],
      "database_specific": {
        "source": "https://github.com/github/advisory-database/blob/main/advisories/github-reviewed/2022/02/GHSA-2hjr-fg6c-v2h6/GHSA-2hjr-fg6c-v2h6.json"
      }
    }
  ],
  "schema_version": "1.2.0",
  "severity": [
    {
      "type": "CVSS_V3",
      "score": "CVSS:3.1/AV:N/AC:L/PR:L/UI:N/S:U/C:H/I:N/A:N"
    }
  ]
}