{
  "id": "GHSA-43gc-mjxg-gvrq",
  "summary": "XStream is vulnerable to an Arbitrary Code Execution attack",
  "details": "### Impact\nThe vulnerability may allow a remote attacker to execute arbitrary code only by manipulating the processed input stream. No user is affected, who followed the recommendation to setup XStream's security framework with a whitelist limited to the minimal required types.\n\n### Patches\nIf you rely on XStream's default blacklist of the [Security Framework](https://x-stream.github.io/security.html#framework), you will have to use at least version 1.4.16.\n\n### Workarounds\nSee [workarounds](https://x-stream.github.io/security.html#workaround) for the different versions covering all CVEs.\n\n### References\nSee full information about the nature of the vulnerability and the steps to reproduce it in XStream's documentation for [CVE-2021-21350](https://x-stream.github.io/CVE-2021-21350.html).\n\n### Credits\nThe vulnerability was discovered and reported by threedr3am.\n\n### For more information\nIf you have any questions or comments about this advisory:\n* Open an issue in [XStream](https://github.com/x-stream/xstream/issues)\n* Contact us at [XStream Google Group](https://groups.google.com/group/xstream-user)",
  "aliases": [
    "CVE-2021-21350"
  ],
  "modified": "2022-03-02T05:21:33.086010Z",
  "published": "2021-03-22T23:29:28Z",
  "database_specific": {
    "severity": "MODERATE",
    "github_reviewed": true,
    "cwe_ids": [
      "CWE-434",
      "CWE-502"
    ]
  },
  "references": [
    {
      "type": "WEB",
      "url": "https://github.com/x-stream/xstream/security/advisories/GHSA-43gc-mjxg-gvrq"
    },
    {
      "type": "ADVISORY",
      "url": "https://nvd.nist.gov/vuln/detail/CVE-2021-21350"
    },
    {
      "type": "WEB",
      "url": "https://lists.apache.org/thread.html/r8244fd0831db894d5e89911ded9c72196d395a90ae655414d23ed0dd@%3Cusers.activemq.apache.org%3E"
    },
    {
      "type": "WEB",
      "url": "https://lists.apache.org/thread.html/r9ac71b047767205aa22e3a08cb33f3e0586de6b2fac48b425c6e16b0@%3Cdev.jmeter.apache.org%3E"
    },
    {
      "type": "WEB",
      "url": "https://lists.debian.org/debian-lts-announce/2021/04/msg00002.html"
    },
    {
      "type": "WEB",
      "url": "https://lists.fedoraproject.org/archives/list/package-announce@lists.fedoraproject.org/message/22KVR6B5IZP3BGQ3HPWIO2FWWCKT3DHP/"
    },
    {
      "type": "WEB",
      "url": "https://lists.fedoraproject.org/archives/list/package-announce@lists.fedoraproject.org/message/PVPHZA7VW2RRSDCOIPP2W6O5ND254TU7/"
    },
    {
      "type": "WEB",
      "url": "https://lists.fedoraproject.org/archives/list/package-announce@lists.fedoraproject.org/message/QGXIU3YDPG6OGTDHMBLAFN7BPBERXREB/"
    },
    {
      "type": "WEB",
      "url": "https://security.netapp.com/advisory/ntap-20210430-0002/"
    },
    {
      "type": "WEB",
      "url": "https://www.debian.org/security/2021/dsa-5004"
    },
    {
      "type": "WEB",
      "url": "https://www.oracle.com//security-alerts/cpujul2021.html"
    },
    {
      "type": "WEB",
      "url": "https://www.oracle.com/security-alerts/cpujan2022.html"
    },
    {
      "type": "WEB",
      "url": "https://www.oracle.com/security-alerts/cpuoct2021.html"
    },
    {
      "type": "WEB",
      "url": "https://x-stream.github.io/CVE-2021-21350.html"
    },
    {
      "type": "WEB",
      "url": "https://x-stream.github.io/security.html#workaround"
    },
    {
      "type": "WEB",
      "url": "http://x-stream.github.io/changes.html#1.4.16"
    },
    {
      "type": "PACKAGE",
      "url": "https://github.com/x-stream/xstream"
    }
  ],
  "affected": [
    {
      "package": {
        "name": "com.thoughtworks.xstream:xstream",
        "ecosystem": "Maven",
        "purl": "pkg:maven/com.thoughtworks.xstream/xstream"
      },
      "ranges": [
        {
          "type": "ECOSYSTEM",
          "events": [
            {
              "introduced": "0"
            },
            {
              "fixed": "1.4.16"
            }
          ]
        }
      ],
      "versions": [
        "0.1",
        "0.2",
        "0.3",
        "0.5",
        "0.6",
        "1.0",
        "1.0.1",
        "1.0.2",
        "1.1",
        "1.1.1",
        "1.1.2",
        "1.1.3",
        "1.2",
        "1.2.1",
        "1.2.2",
        "1.3",
        "1.3.1",
        "1.4",
        "1.4.1",
        "1.4.10",
        "1.4.10-java7",
        "1.4.11",
        "1.4.11-java7",
        "1.4.11.1",
        "1.4.12",
        "1.4.12-java7",
        "1.4.13",
        "1.4.13-java7",
        "1.4.14",
        "1.4.14-java7",
        "1.4.14-jdk7",
        "1.4.15",
        "1.4.2",
        "1.4.3",
        "1.4.4",
        "1.4.5",
        "1.4.6",
        "1.4.7",
        "1.4.8",
        "1.4.9"
      ],
      "database_specific": {
        "source": "https://github.com/github/advisory-database/blob/main/advisories/github-reviewed/2021/03/GHSA-43gc-mjxg-gvrq/GHSA-43gc-mjxg-gvrq.json"
      }
    }
  ],
  "schema_version": "1.2.0",
  "severity": [
    {
      "type": "CVSS_V3",
      "score": "CVSS:3.1/AV:N/AC:H/PR:N/UI:R/S:U/C:N/I:H/A:N"
    }
  ]
}