{
  "id": "GHSA-5c6c-w4c4-vgvx",
  "summary": "Cross-site scripting in Jenkins Scriptler Plugin",
  "details": "Jenkins Scriptler Plugin 3.1 and earlier does not escape script content, resulting in a stored cross-site scripting (XSS) vulnerability exploitable by attackers with Scriptler/Configure permission.",
  "aliases": [
    "CVE-2021-21668"
  ],
  "modified": "2021-06-23T18:06:14Z",
  "published": "2022-01-06T18:45:09Z",
  "database_specific": {
    "cwe_ids": [
      "CWE-79"
    ],
    "github_reviewed": true,
    "severity": "MODERATE"
  },
  "references": [
    {
      "type": "ADVISORY",
      "url": "https://nvd.nist.gov/vuln/detail/CVE-2021-21668"
    },
    {
      "type": "WEB",
      "url": "https://www.jenkins.io/security/advisory/2021-06-16/#SECURITY-2390"
    },
    {
      "type": "WEB",
      "url": "http://www.openwall.com/lists/oss-security/2021/06/16/3"
    }
  ],
  "affected": [
    {
      "package": {
        "name": "org.jenkins-ci.plugins:scriptler",
        "ecosystem": "Maven",
        "purl": "pkg:maven/org.jenkins-ci.plugins/scriptler"
      },
      "ranges": [
        {
          "type": "ECOSYSTEM",
          "events": [
            {
              "introduced": "0"
            },
            {
              "fixed": "3.2"
            }
          ]
        }
      ],
      "database_specific": {
        "source": "https://github.com/github/advisory-database/blob/main/advisories/github-reviewed/2022/01/GHSA-5c6c-w4c4-vgvx/GHSA-5c6c-w4c4-vgvx.json"
      },
      "versions": []
    }
  ],
  "schema_version": "1.2.0",
  "severity": [
    {
      "type": "CVSS_V3",
      "score": "CVSS:3.1/AV:N/AC:L/PR:L/UI:R/S:C/C:L/I:L/A:N"
    }
  ]
}