{
  "id": "GHSA-7q9c-h23x-65fq",
  "summary": "Moderate severity vulnerability that affects org.springframework.security.oauth:spring-security-oauth2",
  "details": "When processing authorization requests using the whitelabel views in Spring Security OAuth 2.0.0 to 2.0.9 and 1.0.0 to 1.0.5, the response_type parameter value was executed as Spring SpEL which enabled a malicious user to trigger remote code execution via the crafting of the value for response_type.",
  "aliases": [
    "CVE-2016-4977"
  ],
  "modified": "2022-03-02T05:21:33.468622Z",
  "published": "2018-10-18T18:06:22Z",
  "database_specific": {
    "github_reviewed": true,
    "severity": "HIGH",
    "cwe_ids": []
  },
  "references": [
    {
      "type": "ADVISORY",
      "url": "https://nvd.nist.gov/vuln/detail/CVE-2016-4977"
    },
    {
      "type": "ADVISORY",
      "url": "https://github.com/advisories/GHSA-7q9c-h23x-65fq"
    },
    {
      "type": "WEB",
      "url": "https://lists.apache.org/thread.html/0841d849c23418c473ccb9183cbf41a317cb0476e44be48022ce3488@%3Cdev.fineract.apache.org%3E"
    },
    {
      "type": "WEB",
      "url": "https://lists.apache.org/thread.html/37d7e820fc65a768de3e096e98382d5529a52a039f093e59357d0bc0@%3Cdev.fineract.apache.org%3E"
    },
    {
      "type": "WEB",
      "url": "https://lists.apache.org/thread.html/5e6dd946635bbcc9e1f2591599ad0fab54f2dc3714196af3b17893f2@%3Cannounce.apache.org%3E"
    },
    {
      "type": "WEB",
      "url": "https://lists.apache.org/thread.html/96c017115069408cec5e82ce1e6293facab398011f6db7e1befbe274@%3Cdev.fineract.apache.org%3E"
    },
    {
      "type": "WEB",
      "url": "https://pivotal.io/security/cve-2016-4977"
    },
    {
      "type": "WEB",
      "url": "http://www.openwall.com/lists/oss-security/2019/10/16/1"
    }
  ],
  "affected": [
    {
      "package": {
        "name": "org.springframework.security.oauth:spring-security-oauth2",
        "ecosystem": "Maven",
        "purl": "pkg:maven/org.springframework.security.oauth/spring-security-oauth2"
      },
      "ranges": [
        {
          "type": "ECOSYSTEM",
          "events": [
            {
              "introduced": "0"
            },
            {
              "fixed": "2.0.10"
            }
          ]
        }
      ],
      "versions": [
        "1.0.0.RELEASE",
        "1.0.1.RELEASE",
        "1.0.2.RELEASE",
        "1.0.3.RELEASE",
        "1.0.4.RELEASE",
        "1.0.5.RELEASE",
        "2.0.0.RELEASE",
        "2.0.1.RELEASE",
        "2.0.2.RELEASE",
        "2.0.3.RELEASE",
        "2.0.4.RELEASE",
        "2.0.5.RELEASE",
        "2.0.6.RELEASE",
        "2.0.7.RELEASE",
        "2.0.8.RELEASE",
        "2.0.9.RELEASE"
      ],
      "database_specific": {
        "source": "https://github.com/github/advisory-database/blob/main/advisories/github-reviewed/2018/10/GHSA-7q9c-h23x-65fq/GHSA-7q9c-h23x-65fq.json"
      }
    }
  ],
  "schema_version": "1.2.0",
  "severity": [
    {
      "type": "CVSS_V3",
      "score": "CVSS:3.0/AV:N/AC:L/PR:L/UI:N/S:U/C:H/I:H/A:H"
    }
  ]
}