{
  "id": "GHSA-645p-88qh-w398",
  "summary": "High severity vulnerability that affects com.fasterxml.jackson.core:jackson-databind",
  "details": "FasterXML jackson-databind 2.x before 2.9.7 might allow remote attackers to execute arbitrary code by leveraging failure to block the slf4j-ext class from polymorphic deserialization.",
  "aliases": [
    "CVE-2018-14718"
  ],
  "modified": "2022-03-02T05:21:35.168174Z",
  "published": "2019-01-04T19:06:55Z",
  "database_specific": {
    "github_reviewed": true,
    "severity": "CRITICAL",
    "cwe_ids": [
      "CWE-502"
    ]
  },
  "references": [
    {
      "type": "ADVISORY",
      "url": "https://nvd.nist.gov/vuln/detail/CVE-2018-14718"
    },
    {
      "type": "WEB",
      "url": "https://github.com/FasterXML/jackson-databind/issues/2097"
    },
    {
      "type": "WEB",
      "url": "https://github.com/FasterXML/jackson-databind/commit/87d29af25e82a249ea15858e2d4ecbf64091db44"
    },
    {
      "type": "WEB",
      "url": "https://access.redhat.com/errata/RHBA-2019:0959"
    },
    {
      "type": "WEB",
      "url": "https://access.redhat.com/errata/RHSA-2019:0782"
    },
    {
      "type": "WEB",
      "url": "https://access.redhat.com/errata/RHSA-2019:0877"
    },
    {
      "type": "WEB",
      "url": "https://access.redhat.com/errata/RHSA-2019:1782"
    },
    {
      "type": "WEB",
      "url": "https://access.redhat.com/errata/RHSA-2019:1797"
    },
    {
      "type": "WEB",
      "url": "https://access.redhat.com/errata/RHSA-2019:1822"
    },
    {
      "type": "WEB",
      "url": "https://access.redhat.com/errata/RHSA-2019:1823"
    },
    {
      "type": "WEB",
      "url": "https://access.redhat.com/errata/RHSA-2019:2804"
    },
    {
      "type": "WEB",
      "url": "https://access.redhat.com/errata/RHSA-2019:2858"
    },
    {
      "type": "WEB",
      "url": "https://access.redhat.com/errata/RHSA-2019:3002"
    },
    {
      "type": "WEB",
      "url": "https://access.redhat.com/errata/RHSA-2019:3140"
    },
    {
      "type": "WEB",
      "url": "https://access.redhat.com/errata/RHSA-2019:3149"
    },
    {
      "type": "WEB",
      "url": "https://access.redhat.com/errata/RHSA-2019:3892"
    },
    {
      "type": "WEB",
      "url": "https://access.redhat.com/errata/RHSA-2019:4037"
    },
    {
      "type": "WEB",
      "url": "https://github.com/FasterXML/jackson/wiki/Jackson-Release-2.9.7"
    },
    {
      "type": "ADVISORY",
      "url": "https://github.com/advisories/GHSA-645p-88qh-w398"
    },
    {
      "type": "WEB",
      "url": "https://lists.apache.org/thread.html/519eb0fd45642dcecd9ff74cb3e71c20a4753f7d82e2f07864b5108f@%3Cdev.drill.apache.org%3E"
    },
    {
      "type": "WEB",
      "url": "https://lists.apache.org/thread.html/6a78f88716c3c57aa74ec05764a37ab3874769a347805903b393b286@%3Cdev.lucene.apache.org%3E"
    },
    {
      "type": "WEB",
      "url": "https://lists.apache.org/thread.html/82b01bfb6787097427ce97cec6a7127e93718bc05d1efd5eaffc228f@%3Cdev.lucene.apache.org%3E"
    },
    {
      "type": "WEB",
      "url": "https://lists.apache.org/thread.html/b0656d359c7d40ec9f39c8cc61bca66802ef9a2a12ee199f5b0c1442@%3Cdev.drill.apache.org%3E"
    },
    {
      "type": "WEB",
      "url": "https://lists.apache.org/thread.html/ba973114605d936be276ee6ce09dfbdbf78aa56f6cdc6e79bfa7b8df@%3Cdev.lucene.apache.org%3E"
    },
    {
      "type": "WEB",
      "url": "https://lists.apache.org/thread.html/f9bc3e55f4e28d1dcd1a69aae6d53e609a758e34d2869b4d798e13cc@%3Cissues.drill.apache.org%3E"
    },
    {
      "type": "WEB",
      "url": "https://lists.apache.org/thread.html/r1d4a247329a8478073163567bbc8c8cb6b49c6bfc2bf58153a857af1@%3Ccommits.druid.apache.org%3E"
    },
    {
      "type": "WEB",
      "url": "https://lists.debian.org/debian-lts-announce/2019/03/msg00005.html"
    },
    {
      "type": "WEB",
      "url": "https://seclists.org/bugtraq/2019/May/68"
    },
    {
      "type": "WEB",
      "url": "https://security.netapp.com/advisory/ntap-20190530-0003/"
    },
    {
      "type": "WEB",
      "url": "https://www.debian.org/security/2019/dsa-4452"
    },
    {
      "type": "WEB",
      "url": "https://www.oracle.com/security-alerts/cpuapr2020.html"
    },
    {
      "type": "WEB",
      "url": "https://www.oracle.com/security-alerts/cpujan2020.html"
    },
    {
      "type": "WEB",
      "url": "https://www.oracle.com/security-alerts/cpuoct2020.html"
    },
    {
      "type": "WEB",
      "url": "https://www.oracle.com/technetwork/security-advisory/cpuapr2019-5072813.html"
    },
    {
      "type": "WEB",
      "url": "https://www.oracle.com/technetwork/security-advisory/cpujan2019-5072801.html"
    },
    {
      "type": "WEB",
      "url": "https://www.oracle.com/technetwork/security-advisory/cpuoct2019-5072832.html"
    },
    {
      "type": "WEB",
      "url": "http://www.securityfocus.com/bid/106601"
    }
  ],
  "affected": [
    {
      "package": {
        "name": "com.fasterxml.jackson.core:jackson-databind",
        "ecosystem": "Maven",
        "purl": "pkg:maven/com.fasterxml.jackson.core/jackson-databind"
      },
      "ranges": [
        {
          "type": "ECOSYSTEM",
          "events": [
            {
              "introduced": "2.9.0"
            },
            {
              "fixed": "2.9.7"
            }
          ]
        }
      ],
      "versions": [
        "2.9.0",
        "2.9.0.pr1",
        "2.9.0.pr2",
        "2.9.0.pr3",
        "2.9.0.pr4",
        "2.9.1",
        "2.9.2",
        "2.9.3",
        "2.9.4",
        "2.9.5",
        "2.9.6"
      ],
      "database_specific": {
        "source": "https://github.com/github/advisory-database/blob/main/advisories/github-reviewed/2019/01/GHSA-645p-88qh-w398/GHSA-645p-88qh-w398.json"
      }
    },
    {
      "package": {
        "name": "com.fasterxml.jackson.core:jackson-databind",
        "ecosystem": "Maven",
        "purl": "pkg:maven/com.fasterxml.jackson.core/jackson-databind"
      },
      "ranges": [
        {
          "type": "ECOSYSTEM",
          "events": [
            {
              "introduced": "2.8.0"
            },
            {
              "fixed": "2.8.11.3"
            }
          ]
        }
      ],
      "versions": [
        "2.8.0",
        "2.8.1",
        "2.8.10",
        "2.8.11",
        "2.8.11.1",
        "2.8.11.2",
        "2.8.2",
        "2.8.3",
        "2.8.4",
        "2.8.5",
        "2.8.6",
        "2.8.7",
        "2.8.8",
        "2.8.8.1",
        "2.8.9"
      ],
      "database_specific": {
        "last_known_affected_version_range": "<= 2.8.11.2",
        "source": "https://github.com/github/advisory-database/blob/main/advisories/github-reviewed/2019/01/GHSA-645p-88qh-w398/GHSA-645p-88qh-w398.json"
      }
    },
    {
      "package": {
        "name": "com.fasterxml.jackson.core:jackson-databind",
        "ecosystem": "Maven",
        "purl": "pkg:maven/com.fasterxml.jackson.core/jackson-databind"
      },
      "ranges": [
        {
          "type": "ECOSYSTEM",
          "events": [
            {
              "introduced": "2.0.0"
            },
            {
              "fixed": "2.7.9.5"
            }
          ]
        }
      ],
      "versions": [
        "2.0.0",
        "2.0.1",
        "2.0.2",
        "2.0.4",
        "2.0.5",
        "2.0.6",
        "2.1.0",
        "2.1.1",
        "2.1.2",
        "2.1.3",
        "2.1.4",
        "2.1.5",
        "2.2.0",
        "2.2.0-rc1",
        "2.2.1",
        "2.2.2",
        "2.2.3",
        "2.2.4",
        "2.3.0",
        "2.3.0-rc1",
        "2.3.1",
        "2.3.2",
        "2.3.3",
        "2.3.4",
        "2.3.5",
        "2.4.0",
        "2.4.0-rc1",
        "2.4.0-rc2",
        "2.4.0-rc3",
        "2.4.1",
        "2.4.1.1",
        "2.4.1.2",
        "2.4.1.3",
        "2.4.2",
        "2.4.3",
        "2.4.4",
        "2.4.5",
        "2.4.5.1",
        "2.4.6",
        "2.4.6.1",
        "2.5.0",
        "2.5.0-rc1",
        "2.5.1",
        "2.5.2",
        "2.5.3",
        "2.5.4",
        "2.5.5",
        "2.6.0",
        "2.6.0-rc1",
        "2.6.0-rc2",
        "2.6.0-rc3",
        "2.6.0-rc4",
        "2.6.1",
        "2.6.2",
        "2.6.3",
        "2.6.4",
        "2.6.5",
        "2.6.6",
        "2.6.7",
        "2.6.7.1",
        "2.6.7.2",
        "2.6.7.3",
        "2.6.7.4",
        "2.6.7.5",
        "2.7.0",
        "2.7.0-rc1",
        "2.7.0-rc2",
        "2.7.0-rc3",
        "2.7.1",
        "2.7.1-1",
        "2.7.2",
        "2.7.3",
        "2.7.4",
        "2.7.5",
        "2.7.6",
        "2.7.7",
        "2.7.8",
        "2.7.9",
        "2.7.9.1",
        "2.7.9.2",
        "2.7.9.3",
        "2.7.9.4"
      ],
      "database_specific": {
        "last_known_affected_version_range": "<= 2.7.9.4",
        "source": "https://github.com/github/advisory-database/blob/main/advisories/github-reviewed/2019/01/GHSA-645p-88qh-w398/GHSA-645p-88qh-w398.json"
      }
    }
  ],
  "schema_version": "1.2.0",
  "severity": [
    {
      "type": "CVSS_V3",
      "score": "CVSS:3.1/AV:N/AC:L/PR:N/UI:N/S:U/C:H/I:H/A:H"
    }
  ]
}