{
  "id": "GHSA-3hrc-f439-727g",
  "summary": "Moderate severity vulnerability that affects org.apache.camel:camel-core",
  "details": "XML external entity (XXE) vulnerability in the XML converter setup in converter/jaxp/XmlConverter.java in Apache Camel before 2.13.4 and 2.14.x before 2.14.2 allows remote attackers to read arbitrary files via an external entity in an SAXSource.",
  "aliases": [
    "CVE-2015-0263"
  ],
  "modified": "2022-03-02T05:21:14.712820Z",
  "published": "2018-10-16T23:08:43Z",
  "database_specific": {
    "severity": "MODERATE",
    "github_reviewed": true,
    "cwe_ids": [
      "CWE-611"
    ]
  },
  "references": [
    {
      "type": "ADVISORY",
      "url": "https://nvd.nist.gov/vuln/detail/CVE-2015-0263"
    },
    {
      "type": "WEB",
      "url": "https://camel.apache.org/security-advisories.data/CVE-2015-0263.txt.asc"
    },
    {
      "type": "WEB",
      "url": "https://git-wip-us.apache.org/repos/asf?p=camel.git;a=commitdiff;h=7d19340bcdb42f7aae584d9c5003ac4f7ddaee36"
    },
    {
      "type": "ADVISORY",
      "url": "https://github.com/advisories/GHSA-3hrc-f439-727g"
    },
    {
      "type": "WEB",
      "url": "https://lists.apache.org/thread.html/2318d7f7d87724d8716cd650c21b31cb06e4d34f6d0f5ee42f28fdaf@%3Ccommits.camel.apache.org%3E"
    },
    {
      "type": "WEB",
      "url": "https://lists.apache.org/thread.html/b4014ea7c5830ca1fc28edd5cafedfe93ad4af2d9e69c961c5def31d@%3Ccommits.camel.apache.org%3E"
    },
    {
      "type": "WEB",
      "url": "http://rhn.redhat.com/errata/RHSA-2015-1041.html"
    },
    {
      "type": "WEB",
      "url": "http://rhn.redhat.com/errata/RHSA-2015-1538.html"
    },
    {
      "type": "WEB",
      "url": "http://rhn.redhat.com/errata/RHSA-2015-1539.html"
    },
    {
      "type": "WEB",
      "url": "http://www.securitytracker.com/id/1032442"
    }
  ],
  "affected": [
    {
      "package": {
        "name": "org.apache.camel:camel-core",
        "ecosystem": "Maven",
        "purl": "pkg:maven/org.apache.camel/camel-core"
      },
      "ranges": [
        {
          "type": "ECOSYSTEM",
          "events": [
            {
              "introduced": "0"
            },
            {
              "fixed": "2.13.4"
            }
          ]
        }
      ],
      "versions": [
        "1.0.0",
        "1.1.0",
        "1.2.0",
        "1.3.0",
        "1.4.0",
        "1.5.0",
        "1.6.0",
        "1.6.1",
        "1.6.2",
        "1.6.3",
        "1.6.4",
        "2.0-M1",
        "2.0-M2",
        "2.0-M3",
        "2.0.0",
        "2.1.0",
        "2.10.0",
        "2.10.1",
        "2.10.2",
        "2.10.3",
        "2.10.4",
        "2.10.5",
        "2.10.6",
        "2.10.7",
        "2.11.0",
        "2.11.1",
        "2.11.2",
        "2.11.3",
        "2.11.4",
        "2.12.0",
        "2.12.1",
        "2.12.2",
        "2.12.3",
        "2.12.4",
        "2.12.5",
        "2.13.0",
        "2.13.1",
        "2.13.2",
        "2.13.3",
        "2.2.0",
        "2.3.0",
        "2.4.0",
        "2.5.0",
        "2.6.0",
        "2.7.0",
        "2.7.1",
        "2.7.2",
        "2.7.3",
        "2.7.4",
        "2.7.5",
        "2.8.0",
        "2.8.1",
        "2.8.2",
        "2.8.3",
        "2.8.4",
        "2.8.5",
        "2.8.6",
        "2.9.0",
        "2.9.0-RC1",
        "2.9.1",
        "2.9.2",
        "2.9.3",
        "2.9.4",
        "2.9.5",
        "2.9.6",
        "2.9.7",
        "2.9.8"
      ],
      "database_specific": {
        "source": "https://github.com/github/advisory-database/blob/main/advisories/github-reviewed/2018/10/GHSA-3hrc-f439-727g/GHSA-3hrc-f439-727g.json"
      }
    },
    {
      "package": {
        "name": "org.apache.camel:camel-core",
        "ecosystem": "Maven",
        "purl": "pkg:maven/org.apache.camel/camel-core"
      },
      "ranges": [
        {
          "type": "ECOSYSTEM",
          "events": [
            {
              "introduced": "2.14.0"
            },
            {
              "fixed": "2.14.2"
            }
          ]
        }
      ],
      "versions": [
        "2.14.0",
        "2.14.1"
      ],
      "database_specific": {
        "source": "https://github.com/github/advisory-database/blob/main/advisories/github-reviewed/2018/10/GHSA-3hrc-f439-727g/GHSA-3hrc-f439-727g.json"
      }
    }
  ],
  "schema_version": "1.2.0"
}