{
  "id": "GHSA-3c7p-vv5r-cmr5",
  "summary": "Incorrect Authorization in Apache Solr",
  "details": "Apache Solr versions 6.6.0 to 6.6.6, 7.0.0 to 7.7.3 and 8.0.0 to 8.6.2 prevents some features considered dangerous (which could be used for remote code execution) to be configured in a ConfigSet that's uploaded via API without authentication/authorization. The checks in place to prevent such features can be circumvented by using a combination of UPLOAD/CREATE actions.",
  "aliases": [
    "CVE-2020-13957"
  ],
  "modified": "2022-03-02T05:21:49.849025Z",
  "published": "2022-02-10T00:31:27Z",
  "database_specific": {
    "github_reviewed": true,
    "cwe_ids": [
      "CWE-863"
    ],
    "severity": "CRITICAL"
  },
  "references": [
    {
      "type": "ADVISORY",
      "url": "https://nvd.nist.gov/vuln/detail/CVE-2020-13957"
    },
    {
      "type": "WEB",
      "url": "https://lists.apache.org/thread.html/r13a728994c60be5b5a7049282b5c926dac1fc6a9a0b2362f6adfa573@%3Cissues.lucene.apache.org%3E"
    },
    {
      "type": "WEB",
      "url": "https://lists.apache.org/thread.html/r1c783d3d81ba62f3381a17a4d6c826f7dead3a132ba42349c90df075@%3Ccommits.lucene.apache.org%3E"
    },
    {
      "type": "WEB",
      "url": "https://lists.apache.org/thread.html/r1d4a247329a8478073163567bbc8c8cb6b49c6bfc2bf58153a857af1@%3Ccommits.druid.apache.org%3E"
    },
    {
      "type": "WEB",
      "url": "https://lists.apache.org/thread.html/r2236fdf99ac3efbfc36c2df96d3a88f822baa6f45e13fec7ff558e34@%3Cdev.bigtop.apache.org%3E"
    },
    {
      "type": "WEB",
      "url": "https://lists.apache.org/thread.html/r226c1112bb41e7cd427862d875eff9877a20a40242c2542f4dd39e4a@%3Cissues.lucene.apache.org%3E"
    },
    {
      "type": "WEB",
      "url": "https://lists.apache.org/thread.html/r2a6600fe9afd502c04d26fd112823ec3f3c3ad1b4a289d10567a78a0@%3Cdev.bigtop.apache.org%3E"
    },
    {
      "type": "WEB",
      "url": "https://lists.apache.org/thread.html/r2f8d33a4de07db9459fb2a98a1cd39747066137636b53f84a13e5628@%3Cissues.lucene.apache.org%3E"
    },
    {
      "type": "WEB",
      "url": "https://lists.apache.org/thread.html/r3d1e24a73e6bffa1d6534e1f34c8f5cbd9999495e7d933640f4fa0ed@%3Cissues.lucene.apache.org%3E"
    },
    {
      "type": "WEB",
      "url": "https://lists.apache.org/thread.html/r3da9895cea476bcee2557531bebd4e8f6f367dc3ea900a65e2f51cd8@%3Cissues.bigtop.apache.org%3E"
    },
    {
      "type": "WEB",
      "url": "https://lists.apache.org/thread.html/r4ca8ba5980d9049cf3707798aa3116ee76c1582f171ff452ad2ca75e@%3Cissues.lucene.apache.org%3E"
    },
    {
      "type": "WEB",
      "url": "https://lists.apache.org/thread.html/r5557641fcf5cfd99260a7037cfbc8788fb546b72c98a900570edaa2e@%3Cissues.lucene.apache.org%3E"
    },
    {
      "type": "WEB",
      "url": "https://lists.apache.org/thread.html/r622a043c2890327f8a4aea16b131e8a7137a282a004614369fceb224@%3Cdev.bigtop.apache.org%3E"
    },
    {
      "type": "WEB",
      "url": "https://lists.apache.org/thread.html/r7512ae552cd9d14ab8b1bc0a7e95f2ec52ae85364f068d4034398ede@%3Cissues.lucene.apache.org%3E"
    },
    {
      "type": "WEB",
      "url": "https://lists.apache.org/thread.html/r853fdc6d0b91d5e01a26c7bd5becb044ad775a231703d634ca5d55c9@%3Cissues.lucene.apache.org%3E"
    },
    {
      "type": "WEB",
      "url": "https://lists.apache.org/thread.html/r8b1782d42d0a4ce573495d5d9345ad328d652c68c411ccdb245c57e3@%3Cissues.lucene.apache.org%3E"
    },
    {
      "type": "WEB",
      "url": "https://lists.apache.org/thread.html/r999f828e6e37d9e825e207471cbfd2681c3befcd7f3abd59ed87c0d5@%3Cissues.bigtop.apache.org%3E"
    },
    {
      "type": "WEB",
      "url": "https://lists.apache.org/thread.html/r9d7356f209ee30d702b6a921c866564eb2e291b126640c7ab70feea7@%3Ccommits.lucene.apache.org%3E"
    },
    {
      "type": "WEB",
      "url": "https://lists.apache.org/thread.html/rb1de6ba50a468e9baff32a249edaa08f6bcec7dd7cc208e25e6b48c8@%3Cissues.bigtop.apache.org%3E"
    },
    {
      "type": "WEB",
      "url": "https://lists.apache.org/thread.html/rb2f1c7fd3d3ea719dfac4706a80e6affddecae8663dda04e1335347f@%3Ccommits.bigtop.apache.org%3E"
    },
    {
      "type": "WEB",
      "url": "https://lists.apache.org/thread.html/rf1a32f00017e83ff29a74be2de02e28e4302dddb5f14c624e297a8c0@%3Cdev.bigtop.apache.org%3E"
    },
    {
      "type": "WEB",
      "url": "https://mail-archives.us.apache.org/mod_mbox/www-announce/202010.mbox/%3CCAECwjAWCVLoVaZy%3DTNRQ6Wk9KWVxdPRiGS8NT%2BPHMJCxbbsEVg%40mail.gmail.com%3E"
    },
    {
      "type": "WEB",
      "url": "https://security.netapp.com/advisory/ntap-20201023-0002/"
    }
  ],
  "affected": [
    {
      "package": {
        "name": "org.apache.solr:solr-parent",
        "ecosystem": "Maven",
        "purl": "pkg:maven/org.apache.solr/solr-parent"
      },
      "ranges": [
        {
          "type": "ECOSYSTEM",
          "events": [
            {
              "introduced": "6.6.0"
            },
            {
              "fixed": "6.6.6"
            }
          ]
        }
      ],
      "versions": [
        "6.6.0",
        "6.6.1",
        "6.6.2",
        "6.6.3",
        "6.6.4",
        "6.6.5"
      ],
      "database_specific": {
        "source": "https://github.com/github/advisory-database/blob/main/advisories/github-reviewed/2022/02/GHSA-3c7p-vv5r-cmr5/GHSA-3c7p-vv5r-cmr5.json"
      }
    },
    {
      "package": {
        "name": "org.apache.solr:solr-parent",
        "ecosystem": "Maven",
        "purl": "pkg:maven/org.apache.solr/solr-parent"
      },
      "ranges": [
        {
          "type": "ECOSYSTEM",
          "events": [
            {
              "introduced": "7.0.0"
            },
            {
              "fixed": "8.8.2"
            }
          ]
        }
      ],
      "versions": [
        "7.0.0",
        "7.0.1",
        "7.1.0",
        "7.2.0",
        "7.2.1",
        "7.3.0",
        "7.3.1",
        "7.4.0",
        "7.5.0",
        "7.6.0",
        "7.7.0",
        "7.7.1",
        "7.7.2",
        "7.7.3",
        "8.0.0",
        "8.1.0",
        "8.1.1",
        "8.2.0",
        "8.3.0",
        "8.3.1",
        "8.4.0",
        "8.4.1",
        "8.5.0",
        "8.5.1",
        "8.5.2",
        "8.6.0",
        "8.6.1",
        "8.6.2",
        "8.6.3",
        "8.7.0",
        "8.8.0",
        "8.8.1"
      ],
      "database_specific": {
        "last_known_affected_version_range": "< 7.7.3",
        "source": "https://github.com/github/advisory-database/blob/main/advisories/github-reviewed/2022/02/GHSA-3c7p-vv5r-cmr5/GHSA-3c7p-vv5r-cmr5.json"
      }
    },
    {
      "package": {
        "name": "org.apache.solr:solr-parent",
        "ecosystem": "Maven",
        "purl": "pkg:maven/org.apache.solr/solr-parent"
      },
      "ranges": [
        {
          "type": "ECOSYSTEM",
          "events": [
            {
              "introduced": "8.0.0"
            },
            {
              "fixed": "8.6.2"
            }
          ]
        }
      ],
      "versions": [
        "8.0.0",
        "8.1.0",
        "8.1.1",
        "8.2.0",
        "8.3.0",
        "8.3.1",
        "8.4.0",
        "8.4.1",
        "8.5.0",
        "8.5.1",
        "8.5.2",
        "8.6.0",
        "8.6.1"
      ],
      "database_specific": {
        "source": "https://github.com/github/advisory-database/blob/main/advisories/github-reviewed/2022/02/GHSA-3c7p-vv5r-cmr5/GHSA-3c7p-vv5r-cmr5.json"
      }
    }
  ],
  "schema_version": "1.2.0",
  "severity": [
    {
      "type": "CVSS_V3",
      "score": "CVSS:3.1/AV:N/AC:L/PR:N/UI:N/S:U/C:H/I:H/A:H"
    }
  ]
}