{
  "id": "GHSA-cfw5-v7cw-69cw",
  "summary": "Critical severity vulnerability that affects org.apache.directory.api:apache-ldap-api",
  "details": "In Apache LDAP API before 1.0.2, a bug in the way the SSL Filter was setup made it possible for another thread to use the connection before the TLS layer has been established, if the connection has already been used and put back in a pool of connections, leading to leaking any information contained in this request (including the credentials when sending a BIND request).",
  "aliases": [
    "CVE-2018-1337"
  ],
  "modified": "2022-03-02T05:21:53.546008Z",
  "published": "2018-11-09T17:49:49Z",
  "database_specific": {
    "severity": "CRITICAL",
    "github_reviewed": true,
    "cwe_ids": [
      "CWE-200"
    ]
  },
  "references": [
    {
      "type": "ADVISORY",
      "url": "https://nvd.nist.gov/vuln/detail/CVE-2018-1337"
    },
    {
      "type": "ADVISORY",
      "url": "https://github.com/advisories/GHSA-cfw5-v7cw-69cw"
    },
    {
      "type": "WEB",
      "url": "https://lists.apache.org/thread.html/d66081195e9a02ee7cc20fb243b60467d1419586eed28297d820768f@%3Cdev.directory.apache.org%3E"
    },
    {
      "type": "WEB",
      "url": "https://lists.apache.org/thread.html/r0e645b3f6ca977dc60b7cec231215c59a9471736c2402c1fef5a0616@%3Cjira.kafka.apache.org%3E"
    },
    {
      "type": "WEB",
      "url": "https://lists.apache.org/thread.html/r1815fb5b0c345f571c740e7a1b48d7477647edd4ffcf9d5321e69446@%3Cdev.kafka.apache.org%3E"
    },
    {
      "type": "WEB",
      "url": "https://lists.apache.org/thread.html/r1a258430d820a90ff9d4558319296cc517ff2252327d7b3546d16749@%3Cjira.kafka.apache.org%3E"
    },
    {
      "type": "WEB",
      "url": "https://lists.apache.org/thread.html/r4da40aa50cfdb2158898f2bc6df81feec1d42c6a06db6537d5cc0496@%3Cjira.kafka.apache.org%3E"
    },
    {
      "type": "WEB",
      "url": "https://lists.apache.org/thread.html/r55e74532e7f9e84ecfa56b4e0a50a5fe0ba6f7a76880520e4400b0d7@%3Cjira.kafka.apache.org%3E"
    },
    {
      "type": "WEB",
      "url": "https://lists.apache.org/thread.html/r56b304fb9960c869995efbb31da3b9b7c6d53ee31f7f7048eb80434b@%3Cdev.kafka.apache.org%3E"
    },
    {
      "type": "WEB",
      "url": "http://www.securityfocus.com/bid/104744"
    }
  ],
  "affected": [
    {
      "package": {
        "name": "org.apache.directory.api:apache-ldap-api",
        "ecosystem": "Maven",
        "purl": "pkg:maven/org.apache.directory.api/apache-ldap-api"
      },
      "ranges": [
        {
          "type": "ECOSYSTEM",
          "events": [
            {
              "introduced": "0"
            },
            {
              "fixed": "1.0.2"
            }
          ]
        }
      ],
      "versions": [
        "1.0.0",
        "1.0.0-M14",
        "1.0.0-M15",
        "1.0.0-M16",
        "1.0.0-M17",
        "1.0.0-M18",
        "1.0.0-M19",
        "1.0.0-M20",
        "1.0.0-M21",
        "1.0.0-M22",
        "1.0.0-M23",
        "1.0.0-M24",
        "1.0.0-M25",
        "1.0.0-M26",
        "1.0.0-M27",
        "1.0.0-M28",
        "1.0.0-M29",
        "1.0.0-M30",
        "1.0.0-M31",
        "1.0.0-M32",
        "1.0.0-M33",
        "1.0.0-RC1",
        "1.0.0-RC2",
        "1.0.1"
      ],
      "database_specific": {
        "source": "https://github.com/github/advisory-database/blob/main/advisories/github-reviewed/2018/11/GHSA-cfw5-v7cw-69cw/GHSA-cfw5-v7cw-69cw.json"
      }
    }
  ],
  "schema_version": "1.2.0",
  "severity": [
    {
      "type": "CVSS_V3",
      "score": "CVSS:3.0/AV:N/AC:L/PR:N/UI:N/S:U/C:H/I:H/A:H"
    }
  ]
}