{
  "id": "GHSA-4qw8-pgpr-p9mq",
  "summary": "Bash command injection in Apache Zeppelin",
  "details": "bash command injection vulnerability in Apache Zeppelin allows an attacker to inject system commands into Spark interpreter settings. This issue affects Apache Zeppelin Apache Zeppelin version 0.9.0 and prior versions.",
  "aliases": [
    "CVE-2019-10095"
  ],
  "modified": "2022-03-02T05:21:38.872074Z",
  "published": "2021-09-07T22:56:43Z",
  "database_specific": {
    "github_reviewed": true,
    "severity": "HIGH",
    "cwe_ids": [
      "CWE-77",
      "CWE-78"
    ]
  },
  "references": [
    {
      "type": "ADVISORY",
      "url": "https://nvd.nist.gov/vuln/detail/CVE-2019-10095"
    },
    {
      "type": "WEB",
      "url": "https://lists.apache.org/thread.html/rd56389ba9cab30a6c976b9a4a6df0f85cbe8fba6a60a3cf6e3ba716b@%3Cusers.zeppelin.apache.org%3E"
    },
    {
      "type": "WEB",
      "url": "https://lists.apache.org/thread.html/rdf06e8423833b3daadc30c56a2ff47c48920864d5199476daa897208%40%3Cusers.zeppelin.apache.org%3E"
    },
    {
      "type": "WEB",
      "url": "https://lists.apache.org/thread.html/rdf06e8423833b3daadc30c56a2ff47c48920864d5199476daa897208@%3Cannounce.apache.org%3E"
    },
    {
      "type": "WEB",
      "url": "https://lists.apache.org/thread.html/rdf06e8423833b3daadc30c56a2ff47c48920864d5199476daa897208@%3Cusers.zeppelin.apache.org%3E"
    },
    {
      "type": "WEB",
      "url": "http://www.openwall.com/lists/oss-security/2021/09/02/1"
    },
    {
      "type": "PACKAGE",
      "url": "https://github.com/apache/zeppelin"
    }
  ],
  "affected": [
    {
      "package": {
        "name": "org.apache.zeppelin:zeppelin",
        "ecosystem": "Maven",
        "purl": "pkg:maven/org.apache.zeppelin/zeppelin"
      },
      "ranges": [
        {
          "type": "ECOSYSTEM",
          "events": [
            {
              "introduced": "0"
            },
            {
              "fixed": "0.10.0"
            }
          ]
        }
      ],
      "versions": [
        "0.5.0-incubating",
        "0.6.0",
        "0.6.1",
        "0.6.2",
        "0.7.0",
        "0.7.1",
        "0.7.2",
        "0.7.3",
        "0.8.0",
        "0.8.1",
        "0.8.2",
        "0.9.0",
        "0.9.0-preview1",
        "0.9.0-preview2"
      ],
      "database_specific": {
        "source": "https://github.com/github/advisory-database/blob/main/advisories/github-reviewed/2021/09/GHSA-4qw8-pgpr-p9mq/GHSA-4qw8-pgpr-p9mq.json"
      }
    }
  ],
  "schema_version": "1.2.0",
  "severity": [
    {
      "type": "CVSS_V3",
      "score": "CVSS:3.1/AV:N/AC:L/PR:N/UI:N/S:U/C:H/I:H/A:H"
    }
  ]
}