{
  "id": "GHSA-c7c7-xm8g-xm36",
  "summary": "Moderate severity vulnerability that affects net.mingsoft:ms-mcms",
  "details": "An issue was discovered in com\\mingsoft\\basic\\action\\web\\FileAction.java in MCMS 4.6.5. Since the upload interface does not verify the user login status, you can use this interface to upload files without setting a cookie. First, start an upload of JSP code with a .png filename, and then intercept the data packet. In the name parameter, change the suffix to jsp. In the response, the server returns the storage path of the file, which can be accessed to execute arbitrary JSP code.",
  "aliases": [
    "CVE-2018-18830"
  ],
  "modified": "2022-03-02T05:21:32.064829Z",
  "published": "2018-11-01T14:48:29Z",
  "database_specific": {
    "cwe_ids": [
      "CWE-434"
    ],
    "github_reviewed": true,
    "severity": "CRITICAL"
  },
  "references": [
    {
      "type": "ADVISORY",
      "url": "https://nvd.nist.gov/vuln/detail/CVE-2018-18830"
    },
    {
      "type": "WEB",
      "url": "https://gitee.com/mingSoft/MCMS/issues/IO0IQ"
    },
    {
      "type": "ADVISORY",
      "url": "https://github.com/advisories/GHSA-c7c7-xm8g-xm36"
    },
    {
      "type": "PACKAGE",
      "url": "https://gitee.com/mingSoft/MCMS"
    }
  ],
  "affected": [
    {
      "package": {
        "name": "net.mingsoft:ms-mcms",
        "ecosystem": "Maven",
        "purl": "pkg:maven/net.mingsoft/ms-mcms"
      },
      "ranges": [
        {
          "type": "ECOSYSTEM",
          "events": [
            {
              "introduced": "0"
            }
          ]
        }
      ],
      "versions": [
        "4.6.3-SNAPSHOTS",
        "4.6.5",
        "4.7.1",
        "4.7.2",
        "5.0.0",
        "5.0.1",
        "5.1",
        "5.2",
        "5.2.0",
        "5.2.0.RELEASE",
        "5.2.1",
        "5.2.2",
        "5.2.3",
        "5.2.4",
        "5.2.5",
        "5.2.6",
        "5.2.7"
      ],
      "database_specific": {
        "source": "https://github.com/github/advisory-database/blob/main/advisories/github-reviewed/2018/11/GHSA-c7c7-xm8g-xm36/GHSA-c7c7-xm8g-xm36.json",
        "last_known_affected_version_range": "<= 4.6.5"
      }
    }
  ],
  "schema_version": "1.2.0",
  "severity": [
    {
      "type": "CVSS_V3",
      "score": "CVSS:3.0/AV:N/AC:L/PR:N/UI:N/S:U/C:H/I:H/A:H"
    }
  ]
}