{
  "id": "GHSA-c69w-jj56-834w",
  "summary": "Improper Certificate Validation and Improper Validation of Certificate with Host Mismatch in Apache Sling Commons Messaging Mail",
  "details": "Apache Sling Commons Messaging Mail provides a simple layer on top of JavaMail/Jakarta Mail for OSGi to send mails via SMTPS. To reduce the risk of \"man in the middle\" attacks additional server identity checks must be performed when accessing mail servers. For compatibility reasons these additional checks are disabled by default in JavaMail/Jakarta Mail. The SimpleMailService in Apache Sling Commons Messaging Mail 1.0 lacks an option to enable these checks for the shared mail session. A user could enable these checks nevertheless by accessing the session via the message created by SimpleMessageBuilder and setting the property mail.smtps.ssl.checkserveridentity to true. Apache Sling Commons Messaging Mail 2.0 adds support for enabling server identity checks and these checks are enabled by default. - https://javaee.github.io/javamail/docs/SSLNOTES.txt - https://javaee.github.io/javamail/docs/api/com/sun/mail/smtp/package-summary.html - https://github.com/eclipse-ee4j/mail/issues/429",
  "aliases": [
    "CVE-2021-44549"
  ],
  "modified": "2022-03-02T05:21:22.789556Z",
  "published": "2021-12-16T14:12:49Z",
  "database_specific": {
    "github_reviewed": true,
    "severity": "HIGH",
    "cwe_ids": [
      "CWE-295",
      "CWE-297"
    ]
  },
  "references": [
    {
      "type": "ADVISORY",
      "url": "https://nvd.nist.gov/vuln/detail/CVE-2021-44549"
    },
    {
      "type": "WEB",
      "url": "https://github.com/eclipse-ee4j/mail/issues/429"
    },
    {
      "type": "WEB",
      "url": "https://javaee.github.io/javamail/docs/SSLNOTES.txt"
    },
    {
      "type": "WEB",
      "url": "https://javaee.github.io/javamail/docs/api/com/sun/mail/smtp/package-summary.html"
    },
    {
      "type": "WEB",
      "url": "https://lists.apache.org/thread/l8p9h2bqvkj6rhv4w8kzctb817415b7f"
    },
    {
      "type": "PACKAGE",
      "url": "https://github.com/eclipse-ee4j"
    }
  ],
  "affected": [
    {
      "package": {
        "name": "org.apache.sling:org.apache.sling.commons.messaging.mail",
        "ecosystem": "Maven",
        "purl": "pkg:maven/org.apache.sling/org.apache.sling.commons.messaging.mail"
      },
      "ranges": [
        {
          "type": "ECOSYSTEM",
          "events": [
            {
              "introduced": "0"
            },
            {
              "fixed": "2.0"
            }
          ]
        }
      ],
      "versions": [
        "1.0.0"
      ],
      "database_specific": {
        "source": "https://github.com/github/advisory-database/blob/main/advisories/github-reviewed/2021/12/GHSA-c69w-jj56-834w/GHSA-c69w-jj56-834w.json"
      }
    }
  ],
  "schema_version": "1.2.0",
  "severity": [
    {
      "type": "CVSS_V3",
      "score": "CVSS:3.1/AV:N/AC:H/PR:N/UI:N/S:U/C:H/I:H/A:N"
    }
  ]
}