{
  "id": "GHSA-7r83-w6r8-fh6w",
  "summary": "Reflected Cross-site Scripting (XSS) in ACS Commons",
  "details": "ACS Commons version 4.9.2 (and earlier) suffers from a Reflected Cross-site Scripting (XSS) vulnerability in version-compare and page-compare due to invalid JCR characters that are not handled correctly. An attacker could potentially exploit this vulnerability to inject malicious JavaScript content into vulnerable form fields and execute it within the context of the victim's browser. Exploitation of this issue requires user interaction in order to be successful.",
  "aliases": [
    "CVE-2021-21043"
  ],
  "modified": "2022-03-02T05:20:52.046181Z",
  "published": "2021-05-13T22:31:14Z",
  "database_specific": {
    "github_reviewed": true,
    "cwe_ids": [
      "CWE-787",
      "CWE-79"
    ],
    "severity": "MODERATE"
  },
  "references": [
    {
      "type": "WEB",
      "url": "https://github.com/Adobe-Consulting-Services/acs-aem-commons/security/advisories/GHSA-f92j-qf46-p6vm"
    },
    {
      "type": "ADVISORY",
      "url": "https://nvd.nist.gov/vuln/detail/CVE-2021-21043"
    },
    {
      "type": "WEB",
      "url": "https://github.com/Adobe-Consulting-Services/acs-aem-commons/commit/14d769c86606c4ce9a93c47a19f87e1ad72788d6"
    },
    {
      "type": "WEB",
      "url": "https://helpx.adobe.com/security/products/indesign/apsb21-22.html"
    },
    {
      "type": "PACKAGE",
      "url": "https://github.com/Adobe-Consulting-Services/acs-aem-commons"
    }
  ],
  "affected": [
    {
      "package": {
        "name": "com.adobe.acs:acs-aem-commons",
        "ecosystem": "Maven",
        "purl": "pkg:maven/com.adobe.acs/acs-aem-commons"
      },
      "ranges": [
        {
          "type": "ECOSYSTEM",
          "events": [
            {
              "introduced": "0"
            },
            {
              "fixed": "4.10.0"
            }
          ]
        }
      ],
      "versions": [
        "4.6.0",
        "4.7.0",
        "4.7.2",
        "4.8.0",
        "4.8.4",
        "4.8.6",
        "4.9.0",
        "4.9.2"
      ],
      "database_specific": {
        "source": "https://github.com/github/advisory-database/blob/main/advisories/github-reviewed/2021/05/GHSA-7r83-w6r8-fh6w/GHSA-7r83-w6r8-fh6w.json"
      }
    }
  ],
  "schema_version": "1.2.0",
  "severity": [
    {
      "type": "CVSS_V3",
      "score": "CVSS:3.1/AV:N/AC:L/PR:N/UI:R/S:C/C:L/I:L/A:N"
    }
  ]
}