{
  "id": "GHSA-5chj-xprr-7qqx",
  "summary": "Cross-site Scripting in GwtUpload",
  "details": "The file-upload feature in GwtUpload 1.0.3 allows XSS via a crafted filename.",
  "aliases": [
    "CVE-2020-9447"
  ],
  "modified": "2022-03-02T05:21:12.217239Z",
  "published": "2021-04-22T16:15:33Z",
  "database_specific": {
    "cwe_ids": [
      "CWE-79"
    ],
    "github_reviewed": true,
    "severity": "MODERATE"
  },
  "references": [
    {
      "type": "ADVISORY",
      "url": "https://nvd.nist.gov/vuln/detail/CVE-2020-9447"
    },
    {
      "type": "WEB",
      "url": "https://github.com/manolo/gwtupload/issues/32"
    },
    {
      "type": "WEB",
      "url": "https://www.coresecurity.com/advisories/gwtupload-xss-file-upload-functionality"
    },
    {
      "type": "PACKAGE",
      "url": "https://github.com/manolo/gwtupload"
    }
  ],
  "affected": [
    {
      "package": {
        "name": "com.googlecode.gwtupload:gwtupload",
        "ecosystem": "Maven",
        "purl": "pkg:maven/com.googlecode.gwtupload/gwtupload"
      },
      "ranges": [
        {
          "type": "ECOSYSTEM",
          "events": [
            {
              "introduced": "0"
            }
          ]
        }
      ],
      "versions": [
        "0.6",
        "0.6.1",
        "0.6.3",
        "0.6.3-compat",
        "0.6.4",
        "0.6.5",
        "0.6.6",
        "1.0.0",
        "1.0.1",
        "1.0.3"
      ],
      "database_specific": {
        "source": "https://github.com/github/advisory-database/blob/main/advisories/github-reviewed/2021/04/GHSA-5chj-xprr-7qqx/GHSA-5chj-xprr-7qqx.json",
        "last_known_affected_version_range": "<= 1.0.3"
      }
    }
  ],
  "schema_version": "1.2.0",
  "severity": [
    {
      "type": "CVSS_V3",
      "score": "CVSS:3.1/AV:N/AC:L/PR:N/UI:R/S:C/C:L/I:L/A:N"
    }
  ]
}