{
  "id": "GHSA-38w8-h222-wrpp",
  "summary": "Improper Restriction of XML External Entity Reference in Jenkins Chef Sinatra",
  "details": "Jenkins Chef Sinatra Plugin 1.20 and earlier does not configure its XML parser to prevent XML external entity (XXE) attacks.",
  "aliases": [
    "CVE-2022-25209"
  ],
  "modified": "2022-02-24T13:54:41Z",
  "published": "2022-02-16T00:01:14Z",
  "database_specific": {
    "severity": "HIGH",
    "cwe_ids": [
      "CWE-611"
    ],
    "github_reviewed": true
  },
  "references": [
    {
      "type": "ADVISORY",
      "url": "https://nvd.nist.gov/vuln/detail/CVE-2022-25209"
    },
    {
      "type": "WEB",
      "url": "https://www.jenkins.io/security/advisory/2022-02-15/#SECURITY-1377"
    }
  ],
  "affected": [
    {
      "package": {
        "name": "org.jenkins-ci.plugins:sinatra-chef-builder",
        "ecosystem": "Maven",
        "purl": "pkg:maven/org.jenkins-ci.plugins/sinatra-chef-builder"
      },
      "ranges": [
        {
          "type": "ECOSYSTEM",
          "events": [
            {
              "introduced": "0"
            }
          ]
        }
      ],
      "database_specific": {
        "source": "https://github.com/github/advisory-database/blob/main/advisories/github-reviewed/2022/02/GHSA-38w8-h222-wrpp/GHSA-38w8-h222-wrpp.json",
        "last_known_affected_version_range": "<= 1.2.0"
      },
      "versions": []
    }
  ],
  "schema_version": "1.2.0",
  "severity": [
    {
      "type": "CVSS_V3",
      "score": "CVSS:3.1/AV:N/AC:L/PR:L/UI:N/S:U/C:H/I:H/A:H"
    }
  ]
}