{
  "id": "GHSA-9gp7-jvm2-r4mx",
  "summary": "Moderate severity vulnerability that affects org.apache.struts:struts2-core",
  "details": "If an application allows enter an URL in a form field and built-in URLValidator is used, it is possible to prepare a special URL which will be used to overload server process when performing validation of the URL. Solution is to upgrade to Apache Struts version 2.5.12.",
  "aliases": [
    "CVE-2017-7672"
  ],
  "modified": "2022-03-02T05:21:40.321210Z",
  "published": "2018-10-16T19:36:43Z",
  "database_specific": {
    "severity": "MODERATE",
    "github_reviewed": true,
    "cwe_ids": [
      "CWE-20"
    ]
  },
  "references": [
    {
      "type": "ADVISORY",
      "url": "https://nvd.nist.gov/vuln/detail/CVE-2017-7672"
    },
    {
      "type": "ADVISORY",
      "url": "https://github.com/advisories/GHSA-9gp7-jvm2-r4mx"
    },
    {
      "type": "WEB",
      "url": "https://lists.apache.org/thread.html/3795c4dd46d9ec75f4a6eb9eca11c11edd3e796c6c1fd7b17b5dc50d@%3Cannouncements.struts.apache.org%3E"
    },
    {
      "type": "WEB",
      "url": "https://security.netapp.com/advisory/ntap-20180706-0002/"
    },
    {
      "type": "WEB",
      "url": "http://struts.apache.org/docs/s2-047.html"
    },
    {
      "type": "WEB",
      "url": "http://www.oracle.com/technetwork/security-advisory/alert-cve-2017-9805-3889403.html"
    },
    {
      "type": "WEB",
      "url": "http://www.securityfocus.com/bid/99563"
    },
    {
      "type": "WEB",
      "url": "http://www.securitytracker.com/id/1039114"
    }
  ],
  "affected": [
    {
      "package": {
        "name": "org.apache.struts:struts2-core",
        "ecosystem": "Maven",
        "purl": "pkg:maven/org.apache.struts/struts2-core"
      },
      "ranges": [
        {
          "type": "ECOSYSTEM",
          "events": [
            {
              "introduced": "2.5.0"
            },
            {
              "fixed": "2.5.12"
            }
          ]
        }
      ],
      "versions": [
        "2.5",
        "2.5.1",
        "2.5.10",
        "2.5.10.1",
        "2.5.2",
        "2.5.5",
        "2.5.8"
      ],
      "database_specific": {
        "source": "https://github.com/github/advisory-database/blob/main/advisories/github-reviewed/2018/10/GHSA-9gp7-jvm2-r4mx/GHSA-9gp7-jvm2-r4mx.json"
      }
    }
  ],
  "schema_version": "1.2.0",
  "severity": [
    {
      "type": "CVSS_V3",
      "score": "CVSS:3.0/AV:N/AC:H/PR:N/UI:N/S:U/C:N/I:N/A:H"
    }
  ]
}