{
  "id": "GHSA-5phw-3jrp-3vj8",
  "summary": "Server-Side Request Forgery in Apache Solr",
  "details": "The ReplicationHandler (normally registered at \"/replication\" under a Solr core) in Apache Solr has a \"masterUrl\" (also \"leaderUrl\" alias) parameter that is used to designate another ReplicationHandler on another Solr core to replicate index data into the local core. To prevent a SSRF vulnerability, Solr ought to check these parameters against a similar configuration it uses for the \"shards\" parameter. Prior to this bug getting fixed, it did not. This problem affects essentially all Solr versions prior to it getting fixed in 8.8.2.",
  "aliases": [
    "CVE-2021-27905"
  ],
  "modified": "2022-03-02T05:21:59.458921Z",
  "published": "2021-05-10T15:18:06Z",
  "database_specific": {
    "severity": "HIGH",
    "github_reviewed": true,
    "cwe_ids": [
      "CWE-918"
    ]
  },
  "references": [
    {
      "type": "ADVISORY",
      "url": "https://nvd.nist.gov/vuln/detail/CVE-2021-27905"
    },
    {
      "type": "WEB",
      "url": "https://lists.apache.org/thread.html/r0ddc3a82bd7523b1453cb7a5e09eb5559517145425074a42eb326b10%40%3Cannounce.apache.org%3E"
    },
    {
      "type": "WEB",
      "url": "https://lists.apache.org/thread.html/r140128dc6bb4f4e0b6a39e962c7ca25a8cbc8e48ed766176c931fccc@%3Cusers.solr.apache.org%3E"
    },
    {
      "type": "WEB",
      "url": "https://lists.apache.org/thread.html/r3da74965aba2b5f5744b7289ad447306eeb2940c872801819faa9314@%3Cusers.solr.apache.org%3E"
    },
    {
      "type": "WEB",
      "url": "https://lists.apache.org/thread.html/r6ccec7fc54d82591b23c143f1f6a6e38f6e03e75db70870e4cb14a1a@%3Ccommits.ofbiz.apache.org%3E"
    },
    {
      "type": "WEB",
      "url": "https://lists.apache.org/thread.html/r720a4a0497fc90bad5feec8aa18b777912ee15c7eeb5f882adbf523e@%3Ccommits.ofbiz.apache.org%3E"
    },
    {
      "type": "WEB",
      "url": "https://lists.apache.org/thread.html/r78a3a4f1138a1608b0c6d4a2ee7647848c1a20b0d5c652cd9b02c25a@%3Ccommits.ofbiz.apache.org%3E"
    },
    {
      "type": "WEB",
      "url": "https://lists.apache.org/thread.html/r8f1152a43c36d878bbeb5a92f261e9efaf3af313b033d7acfccea59d@%3Cnotifications.ofbiz.apache.org%3E"
    },
    {
      "type": "WEB",
      "url": "https://lists.apache.org/thread.html/r95df34bb158375948da82b4dfe9a1b5d528572d586584162f8f5aeef@%3Cusers.solr.apache.org%3E"
    },
    {
      "type": "WEB",
      "url": "https://lists.apache.org/thread.html/rae9ccaecce9859f709ed1458545d90a4c07163070dc98b5e9e59057f@%3Cnotifications.ofbiz.apache.org%3E"
    },
    {
      "type": "WEB",
      "url": "https://lists.apache.org/thread.html/rd232d77c57a8ce172359ab098df9512d8b37373ab87c444be911b430@%3Cnotifications.ofbiz.apache.org%3E"
    },
    {
      "type": "WEB",
      "url": "https://lists.apache.org/thread.html/re9d64bb8e5dfefddcbf255adb4559e13a0df5b818da1b9b51329723f@%3Cnotifications.ofbiz.apache.org%3E"
    },
    {
      "type": "WEB",
      "url": "https://security.netapp.com/advisory/ntap-20210611-0009/"
    }
  ],
  "affected": [
    {
      "package": {
        "name": "org.apache.solr:solr-parent",
        "ecosystem": "Maven",
        "purl": "pkg:maven/org.apache.solr/solr-parent"
      },
      "ranges": [
        {
          "type": "ECOSYSTEM",
          "events": [
            {
              "introduced": "0"
            },
            {
              "fixed": "8.8.2"
            }
          ]
        }
      ],
      "versions": [
        "1.3.0",
        "1.4.0",
        "1.4.1",
        "3.1.0",
        "3.2.0",
        "3.3.0",
        "3.4.0",
        "3.5.0",
        "3.6.0",
        "3.6.1",
        "3.6.2",
        "4.0.0",
        "4.0.0-ALPHA",
        "4.0.0-BETA",
        "4.1.0",
        "4.10.0",
        "4.10.1",
        "4.10.2",
        "4.10.3",
        "4.10.4",
        "4.2.0",
        "4.2.1",
        "4.3.0",
        "4.3.1",
        "4.4.0",
        "4.5.0",
        "4.5.1",
        "4.6.0",
        "4.6.1",
        "4.7.0",
        "4.7.1",
        "4.7.2",
        "4.8.0",
        "4.8.1",
        "4.9.0",
        "4.9.1",
        "5.0.0",
        "5.1.0",
        "5.2.0",
        "5.2.1",
        "5.3.0",
        "5.3.1",
        "5.3.2",
        "5.4.0",
        "5.4.1",
        "5.5.0",
        "5.5.1",
        "5.5.2",
        "5.5.3",
        "5.5.4",
        "5.5.5",
        "6.0.0",
        "6.0.1",
        "6.1.0",
        "6.2.0",
        "6.2.1",
        "6.3.0",
        "6.4.0",
        "6.4.1",
        "6.4.2",
        "6.5.0",
        "6.5.1",
        "6.6.0",
        "6.6.1",
        "6.6.2",
        "6.6.3",
        "6.6.4",
        "6.6.5",
        "6.6.6",
        "7.0.0",
        "7.0.1",
        "7.1.0",
        "7.2.0",
        "7.2.1",
        "7.3.0",
        "7.3.1",
        "7.4.0",
        "7.5.0",
        "7.6.0",
        "7.7.0",
        "7.7.1",
        "7.7.2",
        "7.7.3",
        "8.0.0",
        "8.1.0",
        "8.1.1",
        "8.2.0",
        "8.3.0",
        "8.3.1",
        "8.4.0",
        "8.4.1",
        "8.5.0",
        "8.5.1",
        "8.5.2",
        "8.6.0",
        "8.6.1",
        "8.6.2",
        "8.6.3",
        "8.7.0",
        "8.8.0",
        "8.8.1"
      ],
      "database_specific": {
        "source": "https://github.com/github/advisory-database/blob/main/advisories/github-reviewed/2021/05/GHSA-5phw-3jrp-3vj8/GHSA-5phw-3jrp-3vj8.json"
      }
    }
  ],
  "schema_version": "1.2.0",
  "severity": [
    {
      "type": "CVSS_V3",
      "score": "CVSS:3.1/AV:N/AC:H/PR:L/UI:N/S:C/C:H/I:L/A:N"
    }
  ]
}