{
  "id": "GHSA-9953-fmrw-v4vm",
  "summary": "Cross-site Scripting in Apache JSPWiki",
  "details": "A carefully crafted user preferences for submission could trigger an XSS vulnerability on Apache JSPWiki, related to the user preferences screen, which could allow the attacker to execute javascript in the victim's browser and get some sensitive information about the victim. Apache JSPWiki users should upgrade to 2.11.2 or later.",
  "aliases": [
    "CVE-2022-24948"
  ],
  "modified": "2022-03-02T05:21:25.239193Z",
  "published": "2022-02-26T00:00:44Z",
  "database_specific": {
    "cwe_ids": [
      "CWE-79"
    ],
    "github_reviewed": true,
    "severity": "MODERATE"
  },
  "references": [
    {
      "type": "ADVISORY",
      "url": "https://nvd.nist.gov/vuln/detail/CVE-2022-24948"
    },
    {
      "type": "WEB",
      "url": "https://lists.apache.org/thread/86p0yzopc4mw2h5bkwpt927b2c8tfq3b"
    },
    {
      "type": "WEB",
      "url": "http://www.openwall.com/lists/oss-security/2022/02/25/2"
    }
  ],
  "affected": [
    {
      "package": {
        "name": "org.apache.jspwiki:jspwiki-main",
        "ecosystem": "Maven",
        "purl": "pkg:maven/org.apache.jspwiki/jspwiki-main"
      },
      "ranges": [
        {
          "type": "ECOSYSTEM",
          "events": [
            {
              "introduced": "0"
            },
            {
              "fixed": "2.11.2"
            }
          ]
        }
      ],
      "versions": [
        "2.11.0",
        "2.11.0.M1",
        "2.11.0.M2",
        "2.11.0.M3",
        "2.11.0.M4",
        "2.11.0.M5",
        "2.11.0.M6",
        "2.11.0.M7",
        "2.11.0.M8",
        "2.11.1"
      ],
      "database_specific": {
        "source": "https://github.com/github/advisory-database/blob/main/advisories/github-reviewed/2022/02/GHSA-9953-fmrw-v4vm/GHSA-9953-fmrw-v4vm.json"
      }
    }
  ],
  "schema_version": "1.2.0"
}