{
  "id": "GHSA-93g4-3phc-g4xw",
  "summary": "SQL injection in Apache DolphinScheduler ",
  "details": "In Apache DolphinScheduler before 1.3.6 versions, authorized users can use SQL injection in the data source center. (Only applicable to MySQL data source with internal login account password)",
  "aliases": [
    "CVE-2021-27644"
  ],
  "modified": "2022-03-02T05:21:26.406528Z",
  "published": "2021-11-03T17:30:18Z",
  "database_specific": {
    "severity": "HIGH",
    "cwe_ids": [
      "CWE-89"
    ],
    "github_reviewed": true
  },
  "references": [
    {
      "type": "ADVISORY",
      "url": "https://nvd.nist.gov/vuln/detail/CVE-2021-27644"
    },
    {
      "type": "WEB",
      "url": "https://lists.apache.org/thread.html/r35d6acf021486a390a7ea09e6650c2fe19e72522bd484791d606a6e6%40%3Cdev.dolphinscheduler.apache.org%3E"
    },
    {
      "type": "WEB",
      "url": "https://lists.apache.org/thread.html/r35d6acf021486a390a7ea09e6650c2fe19e72522bd484791d606a6e6@%3Cdev.dolphinscheduler.apache.org%3E"
    },
    {
      "type": "WEB",
      "url": "http://www.openwall.com/lists/oss-security/2021/11/01/3"
    }
  ],
  "affected": [
    {
      "package": {
        "name": "org.apache.dolphinscheduler:dolphinscheduler-server",
        "ecosystem": "Maven",
        "purl": "pkg:maven/org.apache.dolphinscheduler/dolphinscheduler-server"
      },
      "ranges": [
        {
          "type": "ECOSYSTEM",
          "events": [
            {
              "introduced": "0"
            },
            {
              "fixed": "1.3.6"
            }
          ]
        }
      ],
      "versions": [
        "1.2.0",
        "1.2.1",
        "1.3.0",
        "1.3.1",
        "1.3.2",
        "1.3.3",
        "1.3.4",
        "1.3.5"
      ],
      "database_specific": {
        "source": "https://github.com/github/advisory-database/blob/main/advisories/github-reviewed/2021/11/GHSA-93g4-3phc-g4xw/GHSA-93g4-3phc-g4xw.json"
      }
    }
  ],
  "schema_version": "1.2.0",
  "severity": [
    {
      "type": "CVSS_V3",
      "score": "CVSS:3.1/AV:N/AC:L/PR:L/UI:N/S:U/C:H/I:H/A:H"
    }
  ]
}