{
  "id": "GHSA-5fvx-2jj3-6mff",
  "summary": "Insufficiently Protected Credentials in Elasticsearch",
  "details": "Elasticsearch versions 7.7.0 to 7.10.1 contain an information disclosure flaw in the async search API. Users who execute an async search will improperly store the HTTP headers. An Elasticsearch user with the ability to read the .tasks index could obtain sensitive request headers of other users in the cluster. This issue is fixed in Elasticsearch 7.10.2",
  "aliases": [
    "CVE-2021-22132"
  ],
  "modified": "2022-03-02T05:21:14.001576Z",
  "published": "2021-03-18T19:27:27Z",
  "database_specific": {
    "cwe_ids": [
      "CWE-522"
    ],
    "severity": "MODERATE",
    "github_reviewed": true
  },
  "references": [
    {
      "type": "ADVISORY",
      "url": "https://nvd.nist.gov/vuln/detail/CVE-2021-22132"
    },
    {
      "type": "WEB",
      "url": "https://discuss.elastic.co/t/elasticsearch-7-10-2-security-update/261164"
    },
    {
      "type": "WEB",
      "url": "https://security.netapp.com/advisory/ntap-20210219-0004/"
    }
  ],
  "affected": [
    {
      "package": {
        "name": "org.elasticsearch:elasticsearch",
        "ecosystem": "Maven",
        "purl": "pkg:maven/org.elasticsearch/elasticsearch"
      },
      "ranges": [
        {
          "type": "ECOSYSTEM",
          "events": [
            {
              "introduced": "7.7.0"
            },
            {
              "fixed": "7.10.2"
            }
          ]
        }
      ],
      "versions": [
        "7.10.0",
        "7.10.1",
        "7.7.0",
        "7.7.1",
        "7.8.0",
        "7.8.1",
        "7.9.0",
        "7.9.1",
        "7.9.2",
        "7.9.3"
      ],
      "database_specific": {
        "source": "https://github.com/github/advisory-database/blob/main/advisories/github-reviewed/2021/03/GHSA-5fvx-2jj3-6mff/GHSA-5fvx-2jj3-6mff.json"
      }
    }
  ],
  "schema_version": "1.2.0",
  "severity": [
    {
      "type": "CVSS_V3",
      "score": "CVSS:3.1/AV:N/AC:H/PR:L/UI:R/S:U/C:H/I:N/A:N"
    }
  ]
}