{
  "id": "GHSA-8vmx-qmch-mpqg",
  "summary": "High severity vulnerability that affects org.apache.tomcat.embed:tomcat-embed-core",
  "details": "When running on Windows with enableCmdLineArguments enabled, the CGI Servlet in Apache Tomcat 9.0.0.M1 to 9.0.17, 8.5.0 to 8.5.39 and 7.0.0 to 7.0.93 is vulnerable to Remote Code Execution due to a bug in the way the JRE passes command line arguments to Windows. The CGI Servlet is disabled by default. The CGI option enableCmdLineArguments is disable by default in Tomcat 9.0.x (and will be disabled by default in all versions in response to this vulnerability). For a detailed explanation of the JRE behaviour, see Markus Wulftange's blog (https://codewhitesec.blogspot.com/2016/02/java-and-command-line-injections-in-windows.html) and this archived MSDN blog (https://web.archive.org/web/20161228144344/https://blogs.msdn.microsoft.com/twistylittlepassagesallalike/2011/04/23/everyone-quotes-command-line-arguments-the-wrong-way/).",
  "aliases": [
    "CVE-2019-0232"
  ],
  "modified": "2022-03-02T05:21:32.912660Z",
  "published": "2019-04-18T14:27:35Z",
  "database_specific": {
    "cwe_ids": [
      "CWE-78"
    ],
    "severity": "HIGH",
    "github_reviewed": true
  },
  "references": [
    {
      "type": "ADVISORY",
      "url": "https://nvd.nist.gov/vuln/detail/CVE-2019-0232"
    },
    {
      "type": "WEB",
      "url": "https://access.redhat.com/errata/RHSA-2019:1712"
    },
    {
      "type": "WEB",
      "url": "https://blog.trendmicro.com/trendlabs-security-intelligence/uncovering-cve-2019-0232-a-remote-code-execution-vulnerability-in-apache-tomcat/"
    },
    {
      "type": "WEB",
      "url": "https://codewhitesec.blogspot.com/2016/02/java-and-command-line-injections-in-windows.html"
    },
    {
      "type": "ADVISORY",
      "url": "https://github.com/advisories/GHSA-8vmx-qmch-mpqg"
    },
    {
      "type": "WEB",
      "url": "https://lists.apache.org/thread.html/1dd0a59c1295cc08ce4c9e7edae5ad2268acc9ba55adcefa0532e5ba@%3Cdev.tomcat.apache.org%3E"
    },
    {
      "type": "WEB",
      "url": "https://lists.apache.org/thread.html/3d19773b4cf0377db62d1e9328bf9160bf1819f04f988315086931d7@%3Cdev.tomcat.apache.org%3E"
    },
    {
      "type": "WEB",
      "url": "https://lists.apache.org/thread.html/52ffb9fbf661245386a83a661183d13f1de2e5779fa23837a08e02ac@%3Ccommits.ofbiz.apache.org%3E"
    },
    {
      "type": "WEB",
      "url": "https://lists.apache.org/thread.html/5f297a4b9080b5f65a05bc139596d0e437d6a539b25e31d29d028767@%3Cannounce.tomcat.apache.org%3E"
    },
    {
      "type": "WEB",
      "url": "https://lists.apache.org/thread.html/673b6148d92cd7bc99ea2dcf85ad75d57da44fc322d51f37fb529a2a@%3Ccommits.ofbiz.apache.org%3E"
    },
    {
      "type": "WEB",
      "url": "https://lists.apache.org/thread.html/6af47120905aa7d8fe12f42e8ff2284fb338ba141d3b77b8c7cb61b3@%3Cdev.tomcat.apache.org%3E"
    },
    {
      "type": "WEB",
      "url": "https://lists.apache.org/thread.html/96849486813a95dfd542e1618b7923ca945508aaf4a4341f674d83e3@%3Cnotifications.ofbiz.apache.org%3E"
    },
    {
      "type": "WEB",
      "url": "https://lists.apache.org/thread.html/a6c87a09a71162fd563ab1c4e70a08a103e0b7c199fc391f1c9c4c35@%3Ccommits.ofbiz.apache.org%3E"
    },
    {
      "type": "WEB",
      "url": "https://lists.apache.org/thread.html/dd4b325cdb261183dbf5ce913c102920a8f09c26dae666a98309165b@%3Cnotifications.ofbiz.apache.org%3E"
    },
    {
      "type": "WEB",
      "url": "https://lists.apache.org/thread.html/f4d48b32ef2b6aa49c8830241a9475da5b46e451f964b291c7a0a715@%3Cdev.tomcat.apache.org%3E"
    },
    {
      "type": "WEB",
      "url": "https://lists.apache.org/thread.html/r3bbb800a816d0a51eccc5a228c58736960a9fffafa581a225834d97d@%3Cdev.tomcat.apache.org%3E"
    },
    {
      "type": "WEB",
      "url": "https://lists.apache.org/thread.html/r48c1444845fe15a823e1374674bfc297d5008a5453788099ea14caf0@%3Cdev.tomcat.apache.org%3E"
    },
    {
      "type": "WEB",
      "url": "https://lists.apache.org/thread.html/r6ccee4e849bc77df0840c7f853f6bd09d426f6741247da2b7429d5d9@%3Cdev.tomcat.apache.org%3E"
    },
    {
      "type": "WEB",
      "url": "https://lists.apache.org/thread.html/r6d03e45b81eab03580cf7f8bb51cb3e9a1b10a2cc0c6a2d3cc92ed0c@%3Cannounce.apache.org%3E"
    },
    {
      "type": "WEB",
      "url": "https://lists.apache.org/thread.html/r9136ff5b13e4f1941360b5a309efee2c114a14855578c3a2cbe5d19c@%3Cdev.tomcat.apache.org%3E"
    },
    {
      "type": "WEB",
      "url": "https://lists.apache.org/thread.html/raba0fabaf4d56d4325ab2aca8814f0b30a237ab83d8106b115ee279a@%3Cdev.tomcat.apache.org%3E"
    },
    {
      "type": "WEB",
      "url": "https://security.netapp.com/advisory/ntap-20190419-0001/"
    },
    {
      "type": "WEB",
      "url": "https://web.archive.org/web/20161228144344/https://blogs.msdn.microsoft.com/twistylittlepassagesallalike/2011/04/23/everyone-quotes-command-line-arguments-the-wrong-way/"
    },
    {
      "type": "WEB",
      "url": "https://www.broadcom.com/support/fibre-channel-networking/security-advisories/brocade-security-advisory-2019-784"
    },
    {
      "type": "WEB",
      "url": "https://www.oracle.com/security-alerts/cpuApr2021.html"
    },
    {
      "type": "WEB",
      "url": "https://www.oracle.com/security-alerts/cpuapr2020.html"
    },
    {
      "type": "WEB",
      "url": "https://www.oracle.com/security-alerts/cpujan2020.html"
    },
    {
      "type": "WEB",
      "url": "https://www.oracle.com/technetwork/security-advisory/cpujul2019-5072835.html"
    },
    {
      "type": "WEB",
      "url": "https://www.oracle.com/technetwork/security-advisory/cpuoct2019-5072832.html"
    },
    {
      "type": "WEB",
      "url": "https://www.synology.com/security/advisory/Synology_SA_19_17"
    },
    {
      "type": "WEB",
      "url": "https://wwws.nightwatchcybersecurity.com/2019/04/30/remote-code-execution-rce-in-cgi-servlet-apache-tomcat-on-windows-cve-2019-0232/"
    },
    {
      "type": "WEB",
      "url": "http://packetstormsecurity.com/files/153506/Apache-Tomcat-CGIServlet-enableCmdLineArguments-Remote-Code-Execution.html"
    },
    {
      "type": "WEB",
      "url": "http://seclists.org/fulldisclosure/2019/May/4"
    },
    {
      "type": "WEB",
      "url": "http://www.securityfocus.com/bid/107906"
    }
  ],
  "affected": [
    {
      "package": {
        "name": "org.apache.tomcat.embed:tomcat-embed-core",
        "ecosystem": "Maven",
        "purl": "pkg:maven/org.apache.tomcat.embed/tomcat-embed-core"
      },
      "ranges": [
        {
          "type": "ECOSYSTEM",
          "events": [
            {
              "introduced": "9.0.0"
            },
            {
              "fixed": "9.0.17"
            }
          ]
        }
      ],
      "versions": [
        "9.0.1",
        "9.0.10",
        "9.0.11",
        "9.0.12",
        "9.0.13",
        "9.0.14",
        "9.0.16",
        "9.0.2",
        "9.0.4",
        "9.0.5",
        "9.0.6",
        "9.0.7",
        "9.0.8"
      ],
      "database_specific": {
        "source": "https://github.com/github/advisory-database/blob/main/advisories/github-reviewed/2019/04/GHSA-8vmx-qmch-mpqg/GHSA-8vmx-qmch-mpqg.json"
      }
    },
    {
      "package": {
        "name": "org.apache.tomcat.embed:tomcat-embed-core",
        "ecosystem": "Maven",
        "purl": "pkg:maven/org.apache.tomcat.embed/tomcat-embed-core"
      },
      "ranges": [
        {
          "type": "ECOSYSTEM",
          "events": [
            {
              "introduced": "8.0.0"
            },
            {
              "fixed": "8.5.40"
            }
          ]
        }
      ],
      "versions": [
        "8.0.1",
        "8.0.11",
        "8.0.12",
        "8.0.14",
        "8.0.15",
        "8.0.17",
        "8.0.18",
        "8.0.20",
        "8.0.21",
        "8.0.22",
        "8.0.23",
        "8.0.24",
        "8.0.26",
        "8.0.27",
        "8.0.28",
        "8.0.29",
        "8.0.3",
        "8.0.30",
        "8.0.32",
        "8.0.33",
        "8.0.35",
        "8.0.36",
        "8.0.37",
        "8.0.38",
        "8.0.39",
        "8.0.41",
        "8.0.42",
        "8.0.43",
        "8.0.44",
        "8.0.45",
        "8.0.46",
        "8.0.47",
        "8.0.48",
        "8.0.49",
        "8.0.5",
        "8.0.50",
        "8.0.51",
        "8.0.52",
        "8.0.53",
        "8.0.8",
        "8.0.9",
        "8.5.0",
        "8.5.11",
        "8.5.12",
        "8.5.13",
        "8.5.14",
        "8.5.15",
        "8.5.16",
        "8.5.19",
        "8.5.2",
        "8.5.20",
        "8.5.21",
        "8.5.23",
        "8.5.24",
        "8.5.27",
        "8.5.28",
        "8.5.29",
        "8.5.3",
        "8.5.30",
        "8.5.31",
        "8.5.32",
        "8.5.33",
        "8.5.34",
        "8.5.35",
        "8.5.37",
        "8.5.38",
        "8.5.39",
        "8.5.4",
        "8.5.5",
        "8.5.6",
        "8.5.8",
        "8.5.9"
      ],
      "database_specific": {
        "source": "https://github.com/github/advisory-database/blob/main/advisories/github-reviewed/2019/04/GHSA-8vmx-qmch-mpqg/GHSA-8vmx-qmch-mpqg.json"
      }
    },
    {
      "package": {
        "name": "org.apache.tomcat.embed:tomcat-embed-core",
        "ecosystem": "Maven",
        "purl": "pkg:maven/org.apache.tomcat.embed/tomcat-embed-core"
      },
      "ranges": [
        {
          "type": "ECOSYSTEM",
          "events": [
            {
              "introduced": "7.0.0"
            },
            {
              "fixed": "7.0.94"
            }
          ]
        }
      ],
      "versions": [
        "7.0.0",
        "7.0.11",
        "7.0.12",
        "7.0.14",
        "7.0.16",
        "7.0.19",
        "7.0.2",
        "7.0.20",
        "7.0.21",
        "7.0.22",
        "7.0.23",
        "7.0.25",
        "7.0.26",
        "7.0.27",
        "7.0.28",
        "7.0.29",
        "7.0.30",
        "7.0.32",
        "7.0.33",
        "7.0.34",
        "7.0.35",
        "7.0.37",
        "7.0.39",
        "7.0.4",
        "7.0.40",
        "7.0.41",
        "7.0.42",
        "7.0.47",
        "7.0.5",
        "7.0.50",
        "7.0.52",
        "7.0.53",
        "7.0.54",
        "7.0.55",
        "7.0.56",
        "7.0.57",
        "7.0.59",
        "7.0.6",
        "7.0.61",
        "7.0.62",
        "7.0.63",
        "7.0.64",
        "7.0.65",
        "7.0.67",
        "7.0.68",
        "7.0.69",
        "7.0.70",
        "7.0.72",
        "7.0.73",
        "7.0.75",
        "7.0.76",
        "7.0.77",
        "7.0.78",
        "7.0.79",
        "7.0.8",
        "7.0.81",
        "7.0.82",
        "7.0.84",
        "7.0.85",
        "7.0.86",
        "7.0.88",
        "7.0.90",
        "7.0.91",
        "7.0.92",
        "7.0.93"
      ],
      "database_specific": {
        "source": "https://github.com/github/advisory-database/blob/main/advisories/github-reviewed/2019/04/GHSA-8vmx-qmch-mpqg/GHSA-8vmx-qmch-mpqg.json"
      }
    }
  ],
  "schema_version": "1.2.0",
  "severity": [
    {
      "type": "CVSS_V3",
      "score": "CVSS:3.0/AV:N/AC:H/PR:N/UI:N/S:U/C:H/I:H/A:H"
    }
  ]
}