{
  "id": "GHSA-82mf-mmh7-hxp5",
  "summary": "Directory traversal in development mode handler in Vaadin 14 and 15-17",
  "details": "Improper URL validation in development mode handler in `com.vaadin:flow-server` versions 2.0.0 through 2.4.1 (Vaadin 14.0.0 through 14.4.2), and 3.0 prior to 5.0 (Vaadin 15 prior to 18) allows attacker to request arbitrary files stored outside of intended frontend resources folder.\n\n- https://vaadin.com/security/cve-2020-36321",
  "modified": "2022-03-02T05:21:53.446201Z",
  "published": "2021-04-19T14:48:15Z",
  "database_specific": {
    "cwe_ids": [
      "CWE-20"
    ],
    "severity": "MODERATE",
    "github_reviewed": true
  },
  "references": [
    {
      "type": "WEB",
      "url": "https://github.com/vaadin/platform/security/advisories/GHSA-82mf-mmh7-hxp5"
    },
    {
      "type": "WEB",
      "url": "https://vaadin.com/security/cve-2020-36321"
    },
    {
      "type": "PACKAGE",
      "url": "https://github.com/vaadin/platform"
    }
  ],
  "affected": [
    {
      "package": {
        "name": "com.vaadin:vaadin-bom",
        "ecosystem": "Maven",
        "purl": "pkg:maven/com.vaadin/vaadin-bom"
      },
      "ranges": [
        {
          "type": "ECOSYSTEM",
          "events": [
            {
              "introduced": "14.0.0"
            },
            {
              "fixed": "14.4.3"
            }
          ]
        }
      ],
      "versions": [
        "14.0.0",
        "14.0.1",
        "14.0.10",
        "14.0.11",
        "14.0.12",
        "14.0.13",
        "14.0.14",
        "14.0.15",
        "14.0.2",
        "14.0.3",
        "14.0.4",
        "14.0.5",
        "14.0.6",
        "14.0.7",
        "14.0.8",
        "14.0.9",
        "14.1.0",
        "14.1.1",
        "14.1.16",
        "14.1.17",
        "14.1.18",
        "14.1.19",
        "14.1.2",
        "14.1.20",
        "14.1.21",
        "14.1.22",
        "14.1.23",
        "14.1.24",
        "14.1.25",
        "14.1.26",
        "14.1.27",
        "14.1.28",
        "14.1.3",
        "14.1.4",
        "14.1.5",
        "14.2.0",
        "14.2.1",
        "14.2.2",
        "14.2.3",
        "14.3.0",
        "14.3.1",
        "14.3.2",
        "14.3.3",
        "14.3.4",
        "14.3.5",
        "14.3.6",
        "14.3.7",
        "14.3.8",
        "14.3.9",
        "14.4.0",
        "14.4.1",
        "14.4.2"
      ],
      "database_specific": {
        "source": "https://github.com/github/advisory-database/blob/main/advisories/github-reviewed/2021/04/GHSA-82mf-mmh7-hxp5/GHSA-82mf-mmh7-hxp5.json"
      }
    },
    {
      "package": {
        "name": "com.vaadin:vaadin-bom",
        "ecosystem": "Maven",
        "purl": "pkg:maven/com.vaadin/vaadin-bom"
      },
      "ranges": [
        {
          "type": "ECOSYSTEM",
          "events": [
            {
              "introduced": "15.0.0"
            },
            {
              "fixed": "18.0.0"
            }
          ]
        }
      ],
      "versions": [
        "15.0.0",
        "15.0.1",
        "15.0.2",
        "15.0.3",
        "15.0.4",
        "15.0.5",
        "15.0.6",
        "16.0.0",
        "16.0.1",
        "16.0.2",
        "16.0.3",
        "16.0.4",
        "16.0.5",
        "17.0.0",
        "17.0.1",
        "17.0.10",
        "17.0.11",
        "17.0.2",
        "17.0.3",
        "17.0.4",
        "17.0.6",
        "17.0.7",
        "17.0.8",
        "17.0.9"
      ],
      "database_specific": {
        "source": "https://github.com/github/advisory-database/blob/main/advisories/github-reviewed/2021/04/GHSA-82mf-mmh7-hxp5/GHSA-82mf-mmh7-hxp5.json"
      }
    }
  ],
  "schema_version": "1.2.0",
  "severity": [
    {
      "type": "CVSS_V3",
      "score": "CVSS:3.1/AV:N/AC:H/PR:N/UI:N/S:U/C:H/I:N/A:N"
    }
  ]
}