{
  "id": "GHSA-9fcp-vcq9-9h2h",
  "summary": "Moderate severity vulnerability that affects org.craftercms:crafter-studio",
  "details": "A Server-Side Template Injection issue was discovered in Crafter CMS 3.0.18. Attackers with developer privileges may execute OS commands by Creating/Editing a template file (.ftl filetype) that triggers a call to freemarker.template.utility.Execute in the FreeMarker library during rendering of a web page.",
  "aliases": [
    "CVE-2018-19907"
  ],
  "modified": "2022-03-02T05:21:43.265544Z",
  "published": "2018-12-19T19:24:18Z",
  "database_specific": {
    "cwe_ids": [
      "CWE-78"
    ],
    "severity": "HIGH",
    "github_reviewed": true
  },
  "references": [
    {
      "type": "ADVISORY",
      "url": "https://nvd.nist.gov/vuln/detail/CVE-2018-19907"
    },
    {
      "type": "WEB",
      "url": "https://github.com/craftercms/craftercms/issues/2677"
    },
    {
      "type": "ADVISORY",
      "url": "https://github.com/advisories/GHSA-9fcp-vcq9-9h2h"
    },
    {
      "type": "WEB",
      "url": "https://medium.com/@buxuqua/rce-vulnerability-in-crafter-cms-server-side-template-injection-19d8708ce242"
    },
    {
      "type": "PACKAGE",
      "url": "https://github.com/craftercms/craftercms"
    }
  ],
  "affected": [
    {
      "package": {
        "name": "org.craftercms:crafter-studio",
        "ecosystem": "Maven",
        "purl": "pkg:maven/org.craftercms/crafter-studio"
      },
      "ranges": [
        {
          "type": "ECOSYSTEM",
          "events": [
            {
              "introduced": "0"
            }
          ]
        }
      ],
      "versions": [
        "3.0.0",
        "3.0.1",
        "3.0.10",
        "3.0.11",
        "3.0.12",
        "3.0.13",
        "3.0.14",
        "3.0.15",
        "3.0.16",
        "3.0.17",
        "3.0.18",
        "3.0.19",
        "3.0.2",
        "3.0.20",
        "3.0.21",
        "3.0.22",
        "3.0.23",
        "3.0.24",
        "3.0.25",
        "3.0.26",
        "3.0.27",
        "3.0.3",
        "3.0.4",
        "3.0.5",
        "3.0.6",
        "3.0.7",
        "3.0.8",
        "3.0.9",
        "3.1.0",
        "3.1.1",
        "3.1.10",
        "3.1.10E",
        "3.1.11",
        "3.1.11E",
        "3.1.12",
        "3.1.12E",
        "3.1.13",
        "3.1.13E",
        "3.1.14",
        "3.1.14E",
        "3.1.15",
        "3.1.15E",
        "3.1.16",
        "3.1.16E",
        "3.1.17",
        "3.1.17.4",
        "3.1.17.4E",
        "3.1.17.5",
        "3.1.17.5E",
        "3.1.17.6",
        "3.1.17.6E",
        "3.1.17.7",
        "3.1.17.7E",
        "3.1.17E",
        "3.1.18",
        "3.1.18E",
        "3.1.19",
        "3.1.19E",
        "3.1.2",
        "3.1.20",
        "3.1.20E",
        "3.1.21",
        "3.1.21E",
        "3.1.22",
        "3.1.22E",
        "3.1.3",
        "3.1.4",
        "3.1.4E",
        "3.1.4t",
        "3.1.5",
        "3.1.5E",
        "3.1.6",
        "3.1.6E",
        "3.1.7",
        "3.1.7E",
        "3.1.8",
        "3.1.8E",
        "3.1.9",
        "3.1.9E",
        "4.0.0-rc1",
        "4.0.0-rc1E"
      ],
      "database_specific": {
        "source": "https://github.com/github/advisory-database/blob/main/advisories/github-reviewed/2018/12/GHSA-9fcp-vcq9-9h2h/GHSA-9fcp-vcq9-9h2h.json",
        "last_known_affected_version_range": "<= 3.0.18"
      }
    }
  ],
  "schema_version": "1.2.0",
  "severity": [
    {
      "type": "CVSS_V3",
      "score": "CVSS:3.0/AV:N/AC:L/PR:L/UI:N/S:U/C:H/I:H/A:H"
    }
  ]
}