{
  "id": "GHSA-5xqr-grq4-qwgx",
  "summary": "Moderate severity vulnerability that affects com.github.junrar:junrar",
  "details": "Archive.java in Junrar before 1.0.1, as used in Apache Tika and other products, is affected by a denial of service vulnerability due to an infinite loop when handling corrupt RAR files.",
  "aliases": [
    "CVE-2018-12418"
  ],
  "modified": "2022-03-02T05:21:04.630320Z",
  "published": "2018-10-17T00:04:05Z",
  "database_specific": {
    "cwe_ids": [
      "CWE-835"
    ],
    "github_reviewed": true,
    "severity": "MODERATE"
  },
  "references": [
    {
      "type": "ADVISORY",
      "url": "https://nvd.nist.gov/vuln/detail/CVE-2018-12418"
    },
    {
      "type": "WEB",
      "url": "https://github.com/junrar/junrar/pull/8"
    },
    {
      "type": "WEB",
      "url": "https://github.com/junrar/junrar/commit/ad8d0ba8e155630da8a1215cee3f253e0af45817"
    },
    {
      "type": "ADVISORY",
      "url": "https://github.com/advisories/GHSA-5xqr-grq4-qwgx"
    },
    {
      "type": "PACKAGE",
      "url": "https://github.com/junrar/junrar"
    }
  ],
  "affected": [
    {
      "package": {
        "name": "com.github.junrar:junrar",
        "ecosystem": "Maven",
        "purl": "pkg:maven/com.github.junrar/junrar"
      },
      "ranges": [
        {
          "type": "ECOSYSTEM",
          "events": [
            {
              "introduced": "0"
            },
            {
              "fixed": "1.0.1"
            }
          ]
        }
      ],
      "versions": [
        "0.7",
        "1.0.0"
      ],
      "database_specific": {
        "source": "https://github.com/github/advisory-database/blob/main/advisories/github-reviewed/2018/10/GHSA-5xqr-grq4-qwgx/GHSA-5xqr-grq4-qwgx.json"
      }
    }
  ],
  "schema_version": "1.2.0",
  "severity": [
    {
      "type": "CVSS_V3",
      "score": "CVSS:3.0/AV:L/AC:L/PR:N/UI:R/S:U/C:N/I:N/A:H"
    }
  ]
}