{
  "id": "GHSA-c38m-7h53-g9v4",
  "summary": "Path traversal in Apache James",
  "details": "Apache James ManagedSieve implementation alongside with the file storage for sieve scripts is vulnerable to path traversal, allowing reading and writing any file. This vulnerability had been patched in Apache James 3.6.1 and higher. We recommend the upgrade. Distributed and Cassandra based products are also not impacted.",
  "aliases": [
    "CVE-2021-40525"
  ],
  "modified": "2022-03-02T05:21:51.070836Z",
  "published": "2022-01-21T23:36:47Z",
  "database_specific": {
    "severity": "CRITICAL",
    "cwe_ids": [
      "CWE-22"
    ],
    "github_reviewed": true
  },
  "references": [
    {
      "type": "ADVISORY",
      "url": "https://nvd.nist.gov/vuln/detail/CVE-2021-40525"
    },
    {
      "type": "WEB",
      "url": "https://www.openwall.com/lists/oss-security/2022/01/04/4"
    },
    {
      "type": "WEB",
      "url": "http://www.openwall.com/lists/oss-security/2022/01/04/4"
    },
    {
      "type": "WEB",
      "url": "http://www.openwall.com/lists/oss-security/2022/02/07/1"
    }
  ],
  "affected": [
    {
      "package": {
        "name": "org.apache.james:james-server",
        "ecosystem": "Maven",
        "purl": "pkg:maven/org.apache.james/james-server"
      },
      "ranges": [
        {
          "type": "ECOSYSTEM",
          "events": [
            {
              "introduced": "0"
            },
            {
              "fixed": "3.6.1"
            }
          ]
        }
      ],
      "versions": [
        "3.0-M1",
        "3.0-M2",
        "3.0-beta2",
        "3.0-beta3",
        "3.0-beta4",
        "3.0.0",
        "3.0.0-RC1",
        "3.0.0-beta5",
        "3.0.1",
        "3.1.0",
        "3.2.0",
        "3.3.0",
        "3.4.0",
        "3.5.0",
        "3.6.0"
      ],
      "database_specific": {
        "source": "https://github.com/github/advisory-database/blob/main/advisories/github-reviewed/2022/01/GHSA-c38m-7h53-g9v4/GHSA-c38m-7h53-g9v4.json"
      }
    }
  ],
  "schema_version": "1.2.0",
  "severity": [
    {
      "type": "CVSS_V3",
      "score": "CVSS:3.1/AV:N/AC:L/PR:N/UI:N/S:U/C:H/I:H/A:N"
    }
  ]
}