{
  "id": "GHSA-8p83-68cw-943f",
  "summary": "Moderate severity vulnerability that affects org.apache.ignite:ignite-core",
  "details": "Apache Ignite 1.0.0-RC3 to 2.0 uses an update notifier component to update the users about new project releases that include additional functionality, bug fixes and performance improvements. To do that the component communicates to an external PHP server (http://ignite.run) where it needs to send some system properties like Apache Ignite or Java version. Some of the properties might contain user sensitive information.",
  "aliases": [
    "CVE-2017-7686"
  ],
  "modified": "2022-03-02T05:21:48.213383Z",
  "published": "2018-10-16T20:53:20Z",
  "database_specific": {
    "github_reviewed": true,
    "cwe_ids": [
      "CWE-200"
    ],
    "severity": "HIGH"
  },
  "references": [
    {
      "type": "ADVISORY",
      "url": "https://nvd.nist.gov/vuln/detail/CVE-2017-7686"
    },
    {
      "type": "ADVISORY",
      "url": "https://github.com/advisories/GHSA-8p83-68cw-943f"
    },
    {
      "type": "WEB",
      "url": "http://apache-ignite-developers.2346864.n4.nabble.com/CVE-2017-7686-Apache-Ignite-Information-Disclosure-td19168.html"
    },
    {
      "type": "WEB",
      "url": "http://www.securityfocus.com/bid/99292"
    }
  ],
  "affected": [
    {
      "package": {
        "name": "org.apache.ignite:ignite-core",
        "ecosystem": "Maven",
        "purl": "pkg:maven/org.apache.ignite/ignite-core"
      },
      "ranges": [
        {
          "type": "ECOSYSTEM",
          "events": [
            {
              "introduced": "0"
            },
            {
              "fixed": "2.1"
            }
          ]
        }
      ],
      "versions": [
        "1.0.0",
        "1.0.0-RC1",
        "1.0.0-RC3",
        "1.1.0-incubating",
        "1.2.0-incubating",
        "1.3.0-incubating",
        "1.4.0",
        "1.5.0-b1",
        "1.5.0.final",
        "1.6.0",
        "1.7.0",
        "1.8.0",
        "1.9.0",
        "2.0.0"
      ],
      "database_specific": {
        "source": "https://github.com/github/advisory-database/blob/main/advisories/github-reviewed/2018/10/GHSA-8p83-68cw-943f/GHSA-8p83-68cw-943f.json"
      }
    }
  ],
  "schema_version": "1.2.0",
  "severity": [
    {
      "type": "CVSS_V3",
      "score": "CVSS:3.0/AV:N/AC:L/PR:N/UI:N/S:U/C:H/I:N/A:N"
    }
  ]
}