{
  "id": "GHSA-6v52-mj5r-7j2m",
  "summary": "Moderate severity vulnerability that affects org.apache.tomcat.embed:tomcat-embed-core",
  "details": "If an async request was completed by the application at the same time as the container triggered the async timeout, a race condition existed that could result in a user seeing a response intended for a different user. An additional issue was present in the NIO and NIO2 connectors that did not correctly track the closure of the connection when an async request was completed by the application and timed out by the container at the same time. This could also result in a user seeing a response intended for another user. Versions Affected: Apache Tomcat 9.0.0.M9 to 9.0.9 and 8.5.5 to 8.5.31.",
  "aliases": [
    "CVE-2018-8037"
  ],
  "modified": "2022-03-02T05:21:59.330312Z",
  "published": "2018-10-17T16:33:02Z",
  "database_specific": {
    "github_reviewed": true,
    "severity": "MODERATE",
    "cwe_ids": [
      "CWE-362"
    ]
  },
  "references": [
    {
      "type": "ADVISORY",
      "url": "https://nvd.nist.gov/vuln/detail/CVE-2018-8037"
    },
    {
      "type": "WEB",
      "url": "https://access.redhat.com/errata/RHSA-2018:2867"
    },
    {
      "type": "WEB",
      "url": "https://access.redhat.com/errata/RHSA-2018:2868"
    },
    {
      "type": "WEB",
      "url": "https://access.redhat.com/errata/RHSA-2019:1529"
    },
    {
      "type": "ADVISORY",
      "url": "https://github.com/advisories/GHSA-6v52-mj5r-7j2m"
    },
    {
      "type": "WEB",
      "url": "https://lists.apache.org/thread.html/1dd0a59c1295cc08ce4c9e7edae5ad2268acc9ba55adcefa0532e5ba@%3Cdev.tomcat.apache.org%3E"
    },
    {
      "type": "WEB",
      "url": "https://lists.apache.org/thread.html/2ee3af8a43cb019e7898c9330cc8e73306553a27f2e4735dfb522d39@%3Cusers.tomcat.apache.org%3E"
    },
    {
      "type": "WEB",
      "url": "https://lists.apache.org/thread.html/343558d982879bf88ec20dbf707f8c11255f8e219e81d45c4f8d0551@%3Cdev.tomcat.apache.org%3E"
    },
    {
      "type": "WEB",
      "url": "https://lists.apache.org/thread.html/5c0e00fd31efc11e147bf99d0f03c00a734447d3b131ab0818644cdb@%3Cdev.tomcat.apache.org%3E"
    },
    {
      "type": "WEB",
      "url": "https://lists.apache.org/thread.html/5d15316dfb4adf75d96d394745f8037533fa3bcc1ac8f619bf5c044c@%3Cusers.tomcat.apache.org%3E"
    },
    {
      "type": "WEB",
      "url": "https://lists.apache.org/thread.html/6af47120905aa7d8fe12f42e8ff2284fb338ba141d3b77b8c7cb61b3@%3Cdev.tomcat.apache.org%3E"
    },
    {
      "type": "WEB",
      "url": "https://lists.apache.org/thread.html/88855876c33f2f9c532ffb75bfee570ccf0b17ffa77493745af9a17a@%3Cdev.tomcat.apache.org%3E"
    },
    {
      "type": "WEB",
      "url": "https://lists.apache.org/thread.html/b5e3f51d28cd5d9b1809f56594f2cf63dcd6a90429e16ea9f83bbedc@%3Cdev.tomcat.apache.org%3E"
    },
    {
      "type": "WEB",
      "url": "https://lists.apache.org/thread.html/e85e83e9954f169bbb77b44baae5a33d8de878df557bb32b7f793661@%3Cdev.tomcat.apache.org%3E"
    },
    {
      "type": "WEB",
      "url": "https://lists.apache.org/thread.html/eb6efa8d59c45a7a9eff94c4b925467d3b3fec8ba7697f3daa314b04@%3Cdev.tomcat.apache.org%3E"
    },
    {
      "type": "WEB",
      "url": "https://lists.apache.org/thread.html/r3bbb800a816d0a51eccc5a228c58736960a9fffafa581a225834d97d@%3Cdev.tomcat.apache.org%3E"
    },
    {
      "type": "WEB",
      "url": "https://lists.apache.org/thread.html/r48c1444845fe15a823e1374674bfc297d5008a5453788099ea14caf0@%3Cdev.tomcat.apache.org%3E"
    },
    {
      "type": "WEB",
      "url": "https://lists.apache.org/thread.html/r6ccee4e849bc77df0840c7f853f6bd09d426f6741247da2b7429d5d9@%3Cdev.tomcat.apache.org%3E"
    },
    {
      "type": "WEB",
      "url": "https://lists.apache.org/thread.html/raba0fabaf4d56d4325ab2aca8814f0b30a237ab83d8106b115ee279a@%3Cdev.tomcat.apache.org%3E"
    },
    {
      "type": "WEB",
      "url": "https://security.netapp.com/advisory/ntap-20180817-0001/"
    },
    {
      "type": "WEB",
      "url": "https://www.debian.org/security/2018/dsa-4281"
    },
    {
      "type": "WEB",
      "url": "https://www.oracle.com/security-alerts/cpuapr2020.html"
    },
    {
      "type": "WEB",
      "url": "https://www.oracle.com/technetwork/security-advisory/cpuoct2019-5072832.html"
    },
    {
      "type": "WEB",
      "url": "http://mail-archives.us.apache.org/mod_mbox/www-announce/201807.mbox/%3C20180722090623.GA92700%40minotaur.apache.org%3E"
    },
    {
      "type": "WEB",
      "url": "http://mail-archives.us.apache.org/mod_mbox/www-announce/201808.mbox/%3C0c616b4d-4e81-e7f8-b81d-1bb4c575aa33%40apache.org%3E"
    },
    {
      "type": "WEB",
      "url": "http://www.oracle.com/technetwork/security-advisory/cpuoct2018-4428296.html"
    },
    {
      "type": "WEB",
      "url": "http://www.securityfocus.com/bid/104894"
    },
    {
      "type": "WEB",
      "url": "http://www.securitytracker.com/id/1041376"
    }
  ],
  "affected": [
    {
      "package": {
        "name": "org.apache.tomcat.embed:tomcat-embed-core",
        "ecosystem": "Maven",
        "purl": "pkg:maven/org.apache.tomcat.embed/tomcat-embed-core"
      },
      "ranges": [
        {
          "type": "ECOSYSTEM",
          "events": [
            {
              "introduced": "9.0.0"
            },
            {
              "fixed": "9.0.10"
            }
          ]
        }
      ],
      "versions": [
        "9.0.1",
        "9.0.2",
        "9.0.4",
        "9.0.5",
        "9.0.6",
        "9.0.7",
        "9.0.8"
      ],
      "database_specific": {
        "source": "https://github.com/github/advisory-database/blob/main/advisories/github-reviewed/2018/10/GHSA-6v52-mj5r-7j2m/GHSA-6v52-mj5r-7j2m.json"
      }
    },
    {
      "package": {
        "name": "org.apache.tomcat.embed:tomcat-embed-core",
        "ecosystem": "Maven",
        "purl": "pkg:maven/org.apache.tomcat.embed/tomcat-embed-core"
      },
      "ranges": [
        {
          "type": "ECOSYSTEM",
          "events": [
            {
              "introduced": "8.5.5"
            },
            {
              "fixed": "8.5.32"
            }
          ]
        }
      ],
      "versions": [
        "8.5.11",
        "8.5.12",
        "8.5.13",
        "8.5.14",
        "8.5.15",
        "8.5.16",
        "8.5.19",
        "8.5.20",
        "8.5.21",
        "8.5.23",
        "8.5.24",
        "8.5.27",
        "8.5.28",
        "8.5.29",
        "8.5.30",
        "8.5.31",
        "8.5.5",
        "8.5.6",
        "8.5.8",
        "8.5.9"
      ],
      "database_specific": {
        "source": "https://github.com/github/advisory-database/blob/main/advisories/github-reviewed/2018/10/GHSA-6v52-mj5r-7j2m/GHSA-6v52-mj5r-7j2m.json"
      }
    }
  ],
  "schema_version": "1.2.0",
  "severity": [
    {
      "type": "CVSS_V3",
      "score": "CVSS:3.0/AV:N/AC:H/PR:N/UI:N/S:U/C:H/I:N/A:N"
    }
  ]
}