{
  "id": "GHSA-793h-6f7r-6qvm",
  "summary": "Authenticated users can read data from other sources than intended",
  "details": "In the Druid ingestion system, the InputSource is used for reading data from a certain data source. However, the HTTP InputSource allows authenticated users to read data from other sources than intended, such as the local file system, with the privileges of the Druid server process. This is not an elevation of privilege when users access Druid directly, since Druid also provides the Local InputSource, which allows the same level of access. But it is problematic when users interact with Druid indirectly through an application that allows users to specify the HTTP InputSource, but not the Local InputSource. In this case, users could bypass the application-level restriction by passing a file URL to the HTTP InputSource.",
  "aliases": [
    "CVE-2021-26920"
  ],
  "modified": "2022-03-02T05:21:50.978266Z",
  "published": "2021-08-13T15:21:50Z",
  "database_specific": {
    "cwe_ids": [
      "CWE-863"
    ],
    "github_reviewed": true,
    "severity": "MODERATE"
  },
  "references": [
    {
      "type": "ADVISORY",
      "url": "https://nvd.nist.gov/vuln/detail/CVE-2021-26920"
    },
    {
      "type": "WEB",
      "url": "https://lists.apache.org/thread.html/r29e45561343cc5cf7d3290ee0b0e94e565faab19c20d022df9b5e29c%40%3Cdev.druid.apache.org%3E"
    },
    {
      "type": "WEB",
      "url": "https://lists.apache.org/thread.html/r304dfe56a5dfe1b2d9166b24d2c74ad1c6730338b20aef77a00ed2be@%3Cannounce.apache.org%3E"
    },
    {
      "type": "WEB",
      "url": "https://lists.apache.org/thread.html/r61aab724cf97d80da7f02d50e9af6de5c7c40dd92dab7518746fbaa2@%3Cannounce.apache.org%3E"
    },
    {
      "type": "WEB",
      "url": "https://lists.apache.org/thread.html/rc9400a70d0ec5cdb8a3486fc5ddb0b5282961c0b63e764abfbcb9f5d@%3Cdev.druid.apache.org%3E"
    },
    {
      "type": "WEB",
      "url": "http://www.openwall.com/lists/oss-security/2021/07/02/1"
    },
    {
      "type": "WEB",
      "url": "http://www.openwall.com/lists/oss-security/2021/09/24/1"
    }
  ],
  "affected": [
    {
      "package": {
        "name": "org.apache.druid:druid",
        "ecosystem": "Maven",
        "purl": "pkg:maven/org.apache.druid/druid"
      },
      "ranges": [
        {
          "type": "ECOSYSTEM",
          "events": [
            {
              "introduced": "0"
            },
            {
              "fixed": "0.21.0"
            }
          ]
        }
      ],
      "versions": [
        "0.13.0-incubating",
        "0.14.0-incubating",
        "0.14.1-incubating",
        "0.14.2-incubating",
        "0.15.0-incubating",
        "0.15.1-incubating",
        "0.16.0-incubating",
        "0.16.1-incubating",
        "0.17.0",
        "0.17.1",
        "0.18.0",
        "0.18.1",
        "0.19.0",
        "0.20.0",
        "0.20.1",
        "0.20.2"
      ],
      "database_specific": {
        "source": "https://github.com/github/advisory-database/blob/main/advisories/github-reviewed/2021/08/GHSA-793h-6f7r-6qvm/GHSA-793h-6f7r-6qvm.json"
      }
    }
  ],
  "schema_version": "1.2.0",
  "severity": [
    {
      "type": "CVSS_V3",
      "score": "CVSS:3.1/AV:N/AC:L/PR:L/UI:N/S:U/C:H/I:N/A:N"
    }
  ]
}