{
  "id": "GHSA-8mr5-h28g-36qx",
  "summary": "Moderate severity vulnerability that affects org.apache.struts:struts2-core",
  "details": "When using a Spring AOP functionality to secure Struts actions it is possible to perform a DoS attack. Solution is to upgrade to Apache Struts version 2.5.12 or 2.3.33.",
  "aliases": [
    "CVE-2017-9787"
  ],
  "modified": "2022-03-02T05:21:01.556091Z",
  "published": "2018-10-16T19:37:07Z",
  "database_specific": {
    "github_reviewed": true,
    "severity": "HIGH",
    "cwe_ids": []
  },
  "references": [
    {
      "type": "ADVISORY",
      "url": "https://nvd.nist.gov/vuln/detail/CVE-2017-9787"
    },
    {
      "type": "ADVISORY",
      "url": "https://github.com/advisories/GHSA-8mr5-h28g-36qx"
    },
    {
      "type": "WEB",
      "url": "https://lists.apache.org/thread.html/3795c4dd46d9ec75f4a6eb9eca11c11edd3e796c6c1fd7b17b5dc50d@%3Cannouncements.struts.apache.org%3E"
    },
    {
      "type": "WEB",
      "url": "https://lists.apache.org/thread.html/de3d325f0433cd3b42258b6a302c0d7a72b69eedc1480ed561d3b065@%3Cannouncements.struts.apache.org%3E"
    },
    {
      "type": "WEB",
      "url": "https://security.netapp.com/advisory/ntap-20180706-0002/"
    },
    {
      "type": "WEB",
      "url": "http://struts.apache.org/docs/s2-049.html"
    },
    {
      "type": "WEB",
      "url": "http://www.oracle.com/technetwork/security-advisory/alert-cve-2017-9805-3889403.html"
    },
    {
      "type": "WEB",
      "url": "http://www.securityfocus.com/bid/99562"
    },
    {
      "type": "WEB",
      "url": "http://www.securitytracker.com/id/1039115"
    }
  ],
  "affected": [
    {
      "package": {
        "name": "org.apache.struts:struts2-core",
        "ecosystem": "Maven",
        "purl": "pkg:maven/org.apache.struts/struts2-core"
      },
      "ranges": [
        {
          "type": "ECOSYSTEM",
          "events": [
            {
              "introduced": "0"
            },
            {
              "fixed": "2.3.33"
            }
          ]
        }
      ],
      "versions": [
        "2.0.11",
        "2.0.11.1",
        "2.0.11.2",
        "2.0.12",
        "2.0.14",
        "2.0.5",
        "2.0.6",
        "2.0.8",
        "2.0.9",
        "2.1.2",
        "2.1.6",
        "2.1.8",
        "2.1.8.1",
        "2.2.1",
        "2.2.1.1",
        "2.2.3",
        "2.2.3.1",
        "2.3.1",
        "2.3.1.1",
        "2.3.1.2",
        "2.3.12",
        "2.3.14",
        "2.3.14.1",
        "2.3.14.2",
        "2.3.14.3",
        "2.3.15",
        "2.3.15.1",
        "2.3.15.2",
        "2.3.15.3",
        "2.3.16",
        "2.3.16.1",
        "2.3.16.2",
        "2.3.16.3",
        "2.3.20",
        "2.3.20.1",
        "2.3.20.3",
        "2.3.24",
        "2.3.24.1",
        "2.3.24.3",
        "2.3.28",
        "2.3.28.1",
        "2.3.29",
        "2.3.3",
        "2.3.30",
        "2.3.31",
        "2.3.32",
        "2.3.4",
        "2.3.4.1",
        "2.3.7",
        "2.3.8"
      ],
      "database_specific": {
        "source": "https://github.com/github/advisory-database/blob/main/advisories/github-reviewed/2018/10/GHSA-8mr5-h28g-36qx/GHSA-8mr5-h28g-36qx.json"
      }
    },
    {
      "package": {
        "name": "org.apache.struts:struts2-core",
        "ecosystem": "Maven",
        "purl": "pkg:maven/org.apache.struts/struts2-core"
      },
      "ranges": [
        {
          "type": "ECOSYSTEM",
          "events": [
            {
              "introduced": "2.5.0"
            },
            {
              "fixed": "2.5.12"
            }
          ]
        }
      ],
      "versions": [
        "2.5",
        "2.5.1",
        "2.5.10",
        "2.5.10.1",
        "2.5.2",
        "2.5.5",
        "2.5.8"
      ],
      "database_specific": {
        "source": "https://github.com/github/advisory-database/blob/main/advisories/github-reviewed/2018/10/GHSA-8mr5-h28g-36qx/GHSA-8mr5-h28g-36qx.json"
      }
    }
  ],
  "schema_version": "1.2.0",
  "severity": [
    {
      "type": "CVSS_V3",
      "score": "CVSS:3.0/AV:N/AC:L/PR:N/UI:N/S:U/C:N/I:N/A:H"
    }
  ]
}