{
  "id": "GHSA-6g88-99wj-8mgg",
  "summary": "Command injection in Apache Flink",
  "details": "A vulnerability in Apache Flink where, when running a process with an enabled JMXReporter, with a port configured via metrics.reporter.reporter_name>.port, an attacker with local access to the machine and JMX port can execute a man-in-the-middle attack using a specially crafted request to rebind the JMXRMI registry to one under the attacker's control. This compromises any connection established to the process via JMX, allowing extraction of credentials and any other transferred data.",
  "aliases": [
    "CVE-2020-1960"
  ],
  "modified": "2022-03-02T05:21:19.558935Z",
  "published": "2021-05-21T19:20:35Z",
  "database_specific": {
    "github_reviewed": true,
    "severity": "MODERATE",
    "cwe_ids": [
      "CWE-74"
    ]
  },
  "references": [
    {
      "type": "ADVISORY",
      "url": "https://nvd.nist.gov/vuln/detail/CVE-2020-1960"
    },
    {
      "type": "WEB",
      "url": "https://lists.apache.org/thread.html/r23e559dee1e69741557b5fe431846de1f1a5981356d0ddb9482df88a%40%3Cdev.flink.apache.org%3E"
    },
    {
      "type": "WEB",
      "url": "https://lists.apache.org/thread.html/r26fcdd4fe288323006253437ebc4dd6fdfadfb5e93465a0e4f68420d@%3Cuser-zh.flink.apache.org%3E"
    },
    {
      "type": "WEB",
      "url": "https://lists.apache.org/thread.html/r28f17e564950d663e68cc6fe75756012dda62ac623766bb9bc5e7034@%3Cissues.flink.apache.org%3E"
    },
    {
      "type": "WEB",
      "url": "https://lists.apache.org/thread.html/r663cf0d5c386bba2f562d45ad484d786151a84f0b95e45e2b0fb8e50@%3Cissues.flink.apache.org%3E"
    }
  ],
  "affected": [
    {
      "package": {
        "name": "org.apache.flink:flink-core",
        "ecosystem": "Maven",
        "purl": "pkg:maven/org.apache.flink/flink-core"
      },
      "ranges": [
        {
          "type": "ECOSYSTEM",
          "events": [
            {
              "introduced": "0"
            },
            {
              "fixed": "1.9.3"
            }
          ]
        }
      ],
      "versions": [
        "0.10.0",
        "0.10.0-hadoop1",
        "0.10.1",
        "0.10.1-hadoop1",
        "0.10.2",
        "0.10.2-hadoop1",
        "0.6-hadoop2-incubating",
        "0.6-incubating",
        "0.6.1-hadoop2-incubating",
        "0.6.1-incubating",
        "0.7.0-hadoop2-incubating",
        "0.7.0-incubating",
        "0.8.0",
        "0.8.0-hadoop1",
        "0.8.1",
        "0.8.1-hadoop1",
        "0.9.0",
        "0.9.0-hadoop1",
        "0.9.0-milestone-1",
        "0.9.0-milestone-1-hadoop1",
        "0.9.1",
        "0.9.1-hadoop1",
        "1.0.0",
        "1.0.0-hadoop1",
        "1.0.1",
        "1.0.1-hadoop1",
        "1.0.2",
        "1.0.2-hadoop1",
        "1.0.3",
        "1.0.3-hadoop1",
        "1.1.0",
        "1.1.1",
        "1.1.1-hadoop1",
        "1.1.2",
        "1.1.2-hadoop1",
        "1.1.3",
        "1.1.3-hadoop1",
        "1.1.4",
        "1.1.4-hadoop1",
        "1.1.5",
        "1.1.5-hadoop1",
        "1.2.0",
        "1.2.1",
        "1.3.0",
        "1.3.1",
        "1.3.2",
        "1.3.3",
        "1.4.0",
        "1.4.1",
        "1.4.2",
        "1.5.0",
        "1.5.1",
        "1.5.2",
        "1.5.3",
        "1.5.4",
        "1.5.5",
        "1.5.6",
        "1.6.0",
        "1.6.1",
        "1.6.2",
        "1.6.3",
        "1.6.4",
        "1.7.0",
        "1.7.1",
        "1.7.2",
        "1.8.0",
        "1.8.1",
        "1.8.2",
        "1.8.3",
        "1.9.0",
        "1.9.1",
        "1.9.2"
      ],
      "database_specific": {
        "last_known_affected_version_range": "< 1.9.2",
        "source": "https://github.com/github/advisory-database/blob/main/advisories/github-reviewed/2021/05/GHSA-6g88-99wj-8mgg/GHSA-6g88-99wj-8mgg.json"
      }
    },
    {
      "package": {
        "name": "org.apache.flink:flink-core",
        "ecosystem": "Maven",
        "purl": "pkg:maven/org.apache.flink/flink-core"
      },
      "ranges": [
        {
          "type": "ECOSYSTEM",
          "events": [
            {
              "introduced": "1.10.0"
            },
            {
              "fixed": "1.10.1"
            }
          ]
        }
      ],
      "versions": [
        "1.10.0"
      ],
      "database_specific": {
        "source": "https://github.com/github/advisory-database/blob/main/advisories/github-reviewed/2021/05/GHSA-6g88-99wj-8mgg/GHSA-6g88-99wj-8mgg.json"
      }
    }
  ],
  "schema_version": "1.2.0",
  "severity": [
    {
      "type": "CVSS_V3",
      "score": "CVSS:3.1/AV:L/AC:H/PR:L/UI:N/S:U/C:H/I:N/A:N"
    }
  ]
}