{
  "id": "GHSA-269m-695x-j34p",
  "summary": "Moderate severity vulnerability that affects org.apache.qpid:qpid-broker",
  "details": "In Apache Qpid Broker-J 0.18 through 0.32, if the broker is configured with different authentication providers on different ports one of which is an HTTP port, then the broker can be tricked by a remote unauthenticated attacker connecting to the HTTP port into using an authentication provider that was configured on a different port. The attacker still needs valid credentials with the authentication provider on the spoofed port. This becomes an issue when the spoofed port has weaker authentication protection (e.g., anonymous access, default accounts) and is normally protected by firewall rules or similar which can be circumvented by this vulnerability. AMQP ports are not affected. Versions 6.0.0 and newer are not affected.",
  "aliases": [
    "CVE-2017-15702"
  ],
  "modified": "2022-03-02T05:21:32.993975Z",
  "published": "2018-10-19T16:41:04Z",
  "database_specific": {
    "cwe_ids": [],
    "severity": "CRITICAL",
    "github_reviewed": true
  },
  "references": [
    {
      "type": "ADVISORY",
      "url": "https://nvd.nist.gov/vuln/detail/CVE-2017-15702"
    },
    {
      "type": "ADVISORY",
      "url": "https://github.com/advisories/GHSA-269m-695x-j34p"
    },
    {
      "type": "WEB",
      "url": "https://issues.apache.org/jira/browse/QPID-8039"
    },
    {
      "type": "WEB",
      "url": "https://lists.apache.org/thread.html/59d241e30db23b8b0af26bb273f789aa1f08515d3dc1a3868d3ba090@%3Cdev.qpid.apache.org%3E"
    },
    {
      "type": "WEB",
      "url": "https://qpid.apache.org/cves/CVE-2017-15702.html"
    },
    {
      "type": "WEB",
      "url": "http://www.securityfocus.com/bid/102040"
    }
  ],
  "affected": [
    {
      "package": {
        "name": "org.apache.qpid:qpid-broker",
        "ecosystem": "Maven",
        "purl": "pkg:maven/org.apache.qpid/qpid-broker"
      },
      "ranges": [
        {
          "type": "ECOSYSTEM",
          "events": [
            {
              "introduced": "0.18"
            },
            {
              "fixed": "6.0.0"
            }
          ]
        }
      ],
      "versions": [
        "0.18",
        "0.20",
        "0.22",
        "0.24",
        "0.26",
        "0.28",
        "0.30",
        "0.32"
      ],
      "database_specific": {
        "last_known_affected_version_range": "<= 0.32",
        "source": "https://github.com/github/advisory-database/blob/main/advisories/github-reviewed/2018/10/GHSA-269m-695x-j34p/GHSA-269m-695x-j34p.json"
      }
    }
  ],
  "schema_version": "1.2.0",
  "severity": [
    {
      "type": "CVSS_V3",
      "score": "CVSS:3.0/AV:N/AC:L/PR:N/UI:N/S:U/C:H/I:H/A:H"
    }
  ]
}