{
  "id": "GHSA-5557-j87h-cvf4",
  "summary": "Missing Authorization in jenkins xray-connector",
  "details": "Jenkins Xray - Test Management for Jira Plugin 2.4.0 and earlier does not perform a permission check in an HTTP endpoint, allowing with Overall/Read permission to enumerate credentials IDs of credentials stored in Jenkins.",
  "aliases": [
    "CVE-2021-21653"
  ],
  "modified": "2021-05-19T18:54:36Z",
  "published": "2021-06-16T17:29:26Z",
  "database_specific": {
    "github_reviewed": true,
    "cwe_ids": [
      "CWE-862"
    ],
    "severity": "MODERATE"
  },
  "references": [
    {
      "type": "ADVISORY",
      "url": "https://nvd.nist.gov/vuln/detail/CVE-2021-21653"
    },
    {
      "type": "WEB",
      "url": "https://www.jenkins.io/security/advisory/2021-05-11/#SECURITY-2251%20(2)"
    }
  ],
  "affected": [
    {
      "package": {
        "name": "org.jenkins-ci.plugins:xray-connector",
        "ecosystem": "Maven",
        "purl": "pkg:maven/org.jenkins-ci.plugins/xray-connector"
      },
      "ranges": [
        {
          "type": "ECOSYSTEM",
          "events": [
            {
              "introduced": "0"
            },
            {
              "fixed": "2.4.1"
            }
          ]
        }
      ],
      "database_specific": {
        "source": "https://github.com/github/advisory-database/blob/main/advisories/github-reviewed/2021/06/GHSA-5557-j87h-cvf4/GHSA-5557-j87h-cvf4.json"
      },
      "versions": []
    }
  ],
  "schema_version": "1.2.0",
  "severity": [
    {
      "type": "CVSS_V3",
      "score": "CVSS:3.1/AV:N/AC:L/PR:L/UI:N/S:U/C:L/I:N/A:N"
    }
  ]
}