{
  "id": "GHSA-4vhj-98r6-424h",
  "summary": "Moderate severity vulnerability that affects org.bouncycastle:bcprov-jdk14 and org.bouncycastle:bcprov-jdk15",
  "details": "In Bouncy Castle JCE Provider version 1.55 and earlier the DSA does not fully validate ASN.1 encoding of signature on verification. It is possible to inject extra elements in the sequence making up the signature and still have it validate, which in some cases may allow the introduction of 'invisible' data into a signed structure.",
  "aliases": [
    "CVE-2016-1000338"
  ],
  "modified": "2022-03-02T05:21:45.427208Z",
  "published": "2018-10-17T16:23:26Z",
  "database_specific": {
    "severity": "HIGH",
    "cwe_ids": [
      "CWE-347"
    ],
    "github_reviewed": true
  },
  "references": [
    {
      "type": "ADVISORY",
      "url": "https://nvd.nist.gov/vuln/detail/CVE-2016-1000338"
    },
    {
      "type": "WEB",
      "url": "https://github.com/bcgit/bc-java/commit/b0c3ce99d43d73a096268831d0d120ffc89eac7f#diff-3679f5a9d2b939d0d3ee1601a7774fb0"
    },
    {
      "type": "WEB",
      "url": "https://access.redhat.com/errata/RHSA-2018:2669"
    },
    {
      "type": "WEB",
      "url": "https://access.redhat.com/errata/RHSA-2018:2927"
    },
    {
      "type": "ADVISORY",
      "url": "https://github.com/advisories/GHSA-4vhj-98r6-424h"
    },
    {
      "type": "WEB",
      "url": "https://lists.apache.org/thread.html/708d94141126eac03011144a971a6411fcac16d9c248d1d535a39451@%3Csolr-user.lucene.apache.org%3E"
    },
    {
      "type": "WEB",
      "url": "https://lists.debian.org/debian-lts-announce/2018/07/msg00009.html"
    },
    {
      "type": "WEB",
      "url": "https://usn.ubuntu.com/3727-1/"
    },
    {
      "type": "WEB",
      "url": "https://www.oracle.com/security-alerts/cpuoct2020.html"
    },
    {
      "type": "PACKAGE",
      "url": "https://github.com/bcgit/bc-java"
    }
  ],
  "affected": [
    {
      "package": {
        "name": "org.bouncycastle:bcprov-jdk14",
        "ecosystem": "Maven",
        "purl": "pkg:maven/org.bouncycastle/bcprov-jdk14"
      },
      "ranges": [
        {
          "type": "ECOSYSTEM",
          "events": [
            {
              "introduced": "0"
            },
            {
              "fixed": "1.56"
            }
          ]
        }
      ],
      "versions": [
        "1.38",
        "1.43",
        "1.44",
        "1.45",
        "1.46",
        "1.47",
        "1.48",
        "1.49",
        "1.50",
        "1.51",
        "1.53",
        "1.54",
        "1.55"
      ],
      "database_specific": {
        "source": "https://github.com/github/advisory-database/blob/main/advisories/github-reviewed/2018/10/GHSA-4vhj-98r6-424h/GHSA-4vhj-98r6-424h.json"
      }
    },
    {
      "package": {
        "name": "org.bouncycastle:bcprov-jdk15",
        "ecosystem": "Maven",
        "purl": "pkg:maven/org.bouncycastle/bcprov-jdk15"
      },
      "ranges": [
        {
          "type": "ECOSYSTEM",
          "events": [
            {
              "introduced": "0"
            },
            {
              "fixed": "1.5.6"
            }
          ]
        }
      ],
      "database_specific": {
        "source": "https://github.com/github/advisory-database/blob/main/advisories/github-reviewed/2018/10/GHSA-4vhj-98r6-424h/GHSA-4vhj-98r6-424h.json"
      },
      "versions": []
    }
  ],
  "schema_version": "1.2.0",
  "severity": [
    {
      "type": "CVSS_V3",
      "score": "CVSS:3.0/AV:N/AC:L/PR:N/UI:N/S:U/C:N/I:H/A:N"
    }
  ]
}