{
  "id": "GHSA-867q-77cc-98mv",
  "summary": "Creation of Temporary File in Directory with Insecure Permissions in the OpenAPI Generator Maven plugin",
  "details": "### Impact\n\nUsing `File.createTempFile` in JDK will result in creating and using insecure temporary files that can leave application and system data vulnerable to attacks. This vulnerability only impacts unix-like systems where the local system temporary directory is shared between all users. This vulnerability does not impact Windows or modern versions of MacOS.\n\nOpenAPI Generator Maven plug-in creates insecure temporary files during the code generation process. It creates insecure temporary files to store the OpenAPI specification files provided by the users and these temporary files can be read by any users in the system.\n\nThe impact of this vulnerability is information disclosure of the contents of the specification file to other local users.\n\n### Patches\nThe issue has been patched with `Files.createTempFile` and released in the v5.1.0 stable version.\n\n### For more information\nIf you have any questions or comments about this advisory:\n* Open an issue in [OpenAPI Generator Github repo](https://github.com/openAPITools/openapi-generator/)\n* Email us at [security@openapitools.org](mailto:security@openapitools.org)",
  "aliases": [
    "CVE-2021-21429"
  ],
  "modified": "2022-03-02T05:19:01.765108Z",
  "published": "2021-04-29T21:51:37Z",
  "database_specific": {
    "cwe_ids": [
      "CWE-377",
      "CWE-378",
      "CWE-379",
      "CWE-552"
    ],
    "severity": "MODERATE",
    "github_reviewed": true
  },
  "references": [
    {
      "type": "WEB",
      "url": "https://github.com/OpenAPITools/openapi-generator/security/advisories/GHSA-867q-77cc-98mv"
    },
    {
      "type": "ADVISORY",
      "url": "https://nvd.nist.gov/vuln/detail/CVE-2021-21429"
    },
    {
      "type": "WEB",
      "url": "https://github.com/OpenAPITools/openapi-generator/pull/8795"
    },
    {
      "type": "WEB",
      "url": "https://github.com/OpenAPITools/openapi-generator/blob/06ad7a51eff04393203cfa715e54e1fb59d984fe/modules/openapi-generator-maven-plugin/src/main/java/org/openapitools/codegen/plugin/CodeGenMojo.java#L782-L799"
    }
  ],
  "affected": [
    {
      "package": {
        "name": "org.openapitools:openapi-generator-maven-plugin",
        "ecosystem": "Maven",
        "purl": "pkg:maven/org.openapitools/openapi-generator-maven-plugin"
      },
      "ranges": [
        {
          "type": "ECOSYSTEM",
          "events": [
            {
              "introduced": "0"
            },
            {
              "fixed": "5.1.0"
            }
          ]
        }
      ],
      "versions": [
        "3.0.0",
        "3.0.1",
        "3.0.2",
        "3.0.3",
        "3.1.0",
        "3.1.1",
        "3.1.2",
        "3.2.0",
        "3.2.1",
        "3.2.2",
        "3.2.3",
        "3.3.0",
        "3.3.1",
        "3.3.2",
        "3.3.3",
        "3.3.4",
        "4.0.0",
        "4.0.0-beta",
        "4.0.0-beta2",
        "4.0.0-beta3",
        "4.0.1",
        "4.0.2",
        "4.0.3",
        "4.1.0",
        "4.1.1",
        "4.1.2",
        "4.1.3",
        "4.2.0",
        "4.2.1",
        "4.2.2",
        "4.2.3",
        "4.3.0",
        "4.3.1",
        "5.0.0",
        "5.0.0-beta",
        "5.0.0-beta2",
        "5.0.0-beta3",
        "5.0.1"
      ],
      "database_specific": {
        "source": "https://github.com/github/advisory-database/blob/main/advisories/github-reviewed/2021/04/GHSA-867q-77cc-98mv/GHSA-867q-77cc-98mv.json"
      }
    }
  ],
  "schema_version": "1.2.0",
  "severity": [
    {
      "type": "CVSS_V3",
      "score": "CVSS:3.1/AV:L/AC:L/PR:N/UI:N/S:U/C:L/I:N/A:N"
    }
  ]
}