{
  "id": "GHSA-c2h6-7gm8-cv4w",
  "summary": "XSS in MITREid Connect",
  "details": "The OpenID Connect reference implementation for MITREid Connect through 1.3.3 allows XSS due to userInfoJson being included in the page unsanitized. This is related to header.tag. The issue can be exploited to execute arbitrary JavaScript.",
  "aliases": [
    "CVE-2020-5497"
  ],
  "modified": "2022-03-02T05:21:51.331489Z",
  "published": "2020-04-01T16:35:44Z",
  "database_specific": {
    "github_reviewed": true,
    "cwe_ids": [
      "CWE-79"
    ],
    "severity": "MODERATE"
  },
  "references": [
    {
      "type": "ADVISORY",
      "url": "https://nvd.nist.gov/vuln/detail/CVE-2020-5497"
    },
    {
      "type": "WEB",
      "url": "https://github.com/mitreid-connect/OpenID-Connect-Java-Spring-Server/issues/1521"
    },
    {
      "type": "WEB",
      "url": "https://github.com/mitreid-connect/OpenID-Connect-Java-Spring-Server/pull/1526"
    },
    {
      "type": "WEB",
      "url": "https://github.com/mitreid-connect/OpenID-Connect-Java-Spring-Server/pull/1527"
    },
    {
      "type": "WEB",
      "url": "https://www.securitymetrics.com/blog/MITREid-Connect-cross-site-scripting-CVE-2020-5497"
    },
    {
      "type": "WEB",
      "url": "http://packetstormsecurity.com/files/156574/MITREid-1.3.3-Cross-Site-Scripting.html"
    },
    {
      "type": "WEB",
      "url": "http://seclists.org/fulldisclosure/2020/Feb/25"
    }
  ],
  "affected": [
    {
      "package": {
        "name": "org.mitre:openid-connect-server",
        "ecosystem": "Maven",
        "purl": "pkg:maven/org.mitre/openid-connect-server"
      },
      "ranges": [
        {
          "type": "ECOSYSTEM",
          "events": [
            {
              "introduced": "0"
            }
          ]
        }
      ],
      "versions": [
        "0.9.0",
        "0.9.1",
        "0.9.2",
        "0.9.3",
        "1.0.0",
        "1.0.1",
        "1.0.10",
        "1.0.11",
        "1.0.12",
        "1.0.13",
        "1.0.14",
        "1.0.15",
        "1.0.16",
        "1.0.17",
        "1.0.18",
        "1.0.19",
        "1.0.2",
        "1.0.20",
        "1.0.21",
        "1.0.22",
        "1.0.3",
        "1.0.4",
        "1.0.5",
        "1.0.6",
        "1.0.7",
        "1.0.8",
        "1.0.9",
        "1.1.0",
        "1.1.1",
        "1.1.10",
        "1.1.11",
        "1.1.12",
        "1.1.13",
        "1.1.14",
        "1.1.15",
        "1.1.16",
        "1.1.17",
        "1.1.18",
        "1.1.19",
        "1.1.2",
        "1.1.3",
        "1.1.4",
        "1.1.5",
        "1.1.6",
        "1.1.7",
        "1.1.8",
        "1.1.9",
        "1.2.0",
        "1.2.0-RC1",
        "1.2.0-RC2",
        "1.2.1",
        "1.2.2",
        "1.2.3",
        "1.2.4",
        "1.2.5",
        "1.2.6",
        "1.3.0",
        "1.3.0-RC1",
        "1.3.0-RC2",
        "1.3.1",
        "1.3.2",
        "1.3.3",
        "1.3.4"
      ],
      "database_specific": {
        "last_known_affected_version_range": "<= 1.3.3",
        "source": "https://github.com/github/advisory-database/blob/main/advisories/github-reviewed/2020/04/GHSA-c2h6-7gm8-cv4w/GHSA-c2h6-7gm8-cv4w.json"
      }
    }
  ],
  "schema_version": "1.2.0",
  "severity": [
    {
      "type": "CVSS_V3",
      "score": "CVSS:3.1/AV:N/AC:L/PR:N/UI:R/S:C/C:L/I:L/A:N"
    }
  ]
}