{
  "id": "GHSA-7qmg-qg53-mrp8",
  "summary": "Cross-site scripting in Apache JSPWiki",
  "details": "On Apache JSPWiki, up to version 2.11.0.M4, a carefully crafted plugin link invocation could trigger an XSS vulnerability on Apache JSPWiki, related to InfoContent.jsp, which could allow the attacker to execute javascript in the victim's browser and get some sensitive information about the victim.",
  "aliases": [
    "CVE-2019-12404"
  ],
  "modified": "2022-03-02T05:21:27.423668Z",
  "published": "2019-10-11T18:41:59Z",
  "database_specific": {
    "severity": "MODERATE",
    "cwe_ids": [
      "CWE-79"
    ],
    "github_reviewed": true
  },
  "references": [
    {
      "type": "ADVISORY",
      "url": "https://nvd.nist.gov/vuln/detail/CVE-2019-12404"
    },
    {
      "type": "WEB",
      "url": "https://jspwiki-wiki.apache.org/Wiki.jsp?page=CVE-2019-12404"
    }
  ],
  "affected": [
    {
      "package": {
        "name": "org.apache.jspwiki:jspwiki-war",
        "ecosystem": "Maven",
        "purl": "pkg:maven/org.apache.jspwiki/jspwiki-war"
      },
      "ranges": [
        {
          "type": "ECOSYSTEM",
          "events": [
            {
              "introduced": "2.9.0"
            },
            {
              "fixed": "2.11.0.M5"
            }
          ]
        }
      ],
      "versions": [
        "2.10.0",
        "2.10.1",
        "2.10.2",
        "2.10.3",
        "2.10.4",
        "2.10.5",
        "2.11.0.M1",
        "2.11.0.M2",
        "2.11.0.M3",
        "2.11.0.M4"
      ],
      "database_specific": {
        "source": "https://github.com/github/advisory-database/blob/main/advisories/github-reviewed/2019/10/GHSA-7qmg-qg53-mrp8/GHSA-7qmg-qg53-mrp8.json",
        "last_known_affected_version_range": "<= 2.11.0.M4"
      }
    }
  ],
  "schema_version": "1.2.0",
  "severity": [
    {
      "type": "CVSS_V3",
      "score": "CVSS:3.1/AV:N/AC:L/PR:N/UI:R/S:C/C:L/I:L/A:N"
    }
  ]
}