{
  "id": "GHSA-4c32-xmgj-2g98",
  "summary": "High severity vulnerability that affects org.apache.pdfbox:pdfbox",
  "details": "Apache PDFBox before 1.8.12 and 2.x before 2.0.1 does not properly initialize the XML parsers, which allows context-dependent attackers to conduct XML External Entity (XXE) attacks via a crafted PDF.",
  "aliases": [
    "CVE-2016-2175"
  ],
  "modified": "2022-03-02T05:21:06.452556Z",
  "published": "2018-10-17T18:22:15Z",
  "database_specific": {
    "github_reviewed": true,
    "cwe_ids": [
      "CWE-611"
    ],
    "severity": "HIGH"
  },
  "references": [
    {
      "type": "ADVISORY",
      "url": "https://nvd.nist.gov/vuln/detail/CVE-2016-2175"
    },
    {
      "type": "ADVISORY",
      "url": "https://github.com/advisories/GHSA-4c32-xmgj-2g98"
    },
    {
      "type": "WEB",
      "url": "https://lists.apache.org/thread.html/ad5fbc86c1d1821ae1b963e8561ab6d6a5f66b2848e84f5a31477f54@%3Ccommits.tika.apache.org%3E"
    },
    {
      "type": "WEB",
      "url": "http://mail-archives.us.apache.org/mod_mbox/www-announce/201605.mbox/%3C83a03bcf-f86b-4688-37b5-615c080291d8@apache.org%3E"
    },
    {
      "type": "WEB",
      "url": "http://packetstormsecurity.com/files/137214/Apache-PDFBox-1.8.11-2.0.0-XML-Injection.html"
    },
    {
      "type": "WEB",
      "url": "http://rhn.redhat.com/errata/RHSA-2017-0179.html"
    },
    {
      "type": "WEB",
      "url": "http://rhn.redhat.com/errata/RHSA-2017-0248.html"
    },
    {
      "type": "WEB",
      "url": "http://rhn.redhat.com/errata/RHSA-2017-0249.html"
    },
    {
      "type": "WEB",
      "url": "http://rhn.redhat.com/errata/RHSA-2017-0272.html"
    },
    {
      "type": "WEB",
      "url": "http://svn.apache.org/viewvc?view=revision&revision=1739564"
    },
    {
      "type": "WEB",
      "url": "http://svn.apache.org/viewvc?view=revision&revision=1739565"
    },
    {
      "type": "WEB",
      "url": "http://www.debian.org/security/2016/dsa-3606"
    },
    {
      "type": "WEB",
      "url": "http://www.securityfocus.com/archive/1/538503/100/0/threaded"
    },
    {
      "type": "WEB",
      "url": "http://www.securityfocus.com/bid/90902"
    }
  ],
  "affected": [
    {
      "package": {
        "name": "org.apache.pdfbox:pdfbox",
        "ecosystem": "Maven",
        "purl": "pkg:maven/org.apache.pdfbox/pdfbox"
      },
      "ranges": [
        {
          "type": "ECOSYSTEM",
          "events": [
            {
              "introduced": "0"
            },
            {
              "fixed": "1.8.12"
            }
          ]
        }
      ],
      "versions": [
        "0.8.0-incubating",
        "0.8.0-incubator",
        "1.0.0",
        "1.1.0",
        "1.2.0",
        "1.2.1",
        "1.3.1",
        "1.4.0",
        "1.5.0",
        "1.6.0",
        "1.7.0",
        "1.7.1",
        "1.8.0",
        "1.8.1",
        "1.8.10",
        "1.8.11",
        "1.8.2",
        "1.8.3",
        "1.8.4",
        "1.8.5",
        "1.8.6",
        "1.8.7",
        "1.8.8",
        "1.8.9"
      ],
      "database_specific": {
        "source": "https://github.com/github/advisory-database/blob/main/advisories/github-reviewed/2018/10/GHSA-4c32-xmgj-2g98/GHSA-4c32-xmgj-2g98.json"
      }
    },
    {
      "package": {
        "name": "org.apache.pdfbox:pdfbox",
        "ecosystem": "Maven",
        "purl": "pkg:maven/org.apache.pdfbox/pdfbox"
      },
      "ranges": [
        {
          "type": "ECOSYSTEM",
          "events": [
            {
              "introduced": "2.0.0"
            },
            {
              "fixed": "2.0.1"
            }
          ]
        }
      ],
      "versions": [
        "2.0.0"
      ],
      "database_specific": {
        "source": "https://github.com/github/advisory-database/blob/main/advisories/github-reviewed/2018/10/GHSA-4c32-xmgj-2g98/GHSA-4c32-xmgj-2g98.json"
      }
    }
  ],
  "schema_version": "1.2.0",
  "severity": [
    {
      "type": "CVSS_V3",
      "score": "CVSS:3.0/AV:L/AC:L/PR:L/UI:N/S:U/C:H/I:H/A:H"
    }
  ]
}