{
  "id": "GHSA-cfh5-3ghh-wfjx",
  "summary": "Moderate severity vulnerability that affects org.apache.httpcomponents:httpclient",
  "details": "org.apache.http.conn.ssl.AbstractVerifier in Apache HttpComponents HttpClient before 4.3.5 and HttpAsyncClient before 4.0.2 does not properly verify that the server hostname matches a domain name in the subject's Common Name (CN) or subjectAltName field of the X.509 certificate, which allows man-in-the-middle attackers to spoof SSL servers via a \"CN=\" string in a field in the distinguished name (DN) of a certificate, as demonstrated by the \"foo,CN=www.apache.org\" string in the O field.",
  "aliases": [
    "CVE-2014-3577"
  ],
  "modified": "2022-03-02T05:21:59.659655Z",
  "published": "2018-10-17T00:05:06Z",
  "database_specific": {
    "github_reviewed": true,
    "severity": "MODERATE",
    "cwe_ids": [
      "CWE-347"
    ]
  },
  "references": [
    {
      "type": "ADVISORY",
      "url": "https://nvd.nist.gov/vuln/detail/CVE-2014-3577"
    },
    {
      "type": "WEB",
      "url": "https://access.redhat.com/solutions/1165533"
    },
    {
      "type": "WEB",
      "url": "https://exchange.xforce.ibmcloud.com/vulnerabilities/95327"
    },
    {
      "type": "ADVISORY",
      "url": "https://github.com/advisories/GHSA-cfh5-3ghh-wfjx"
    },
    {
      "type": "WEB",
      "url": "https://h20566.www2.hpe.com/portal/site/hpsc/public/kb/docDisplay?docId=emr_na-c05103564"
    },
    {
      "type": "WEB",
      "url": "https://h20566.www2.hpe.com/portal/site/hpsc/public/kb/docDisplay?docId=emr_na-c05363782"
    },
    {
      "type": "WEB",
      "url": "https://lists.apache.org/thread.html/519eb0fd45642dcecd9ff74cb3e71c20a4753f7d82e2f07864b5108f@%3Cdev.drill.apache.org%3E"
    },
    {
      "type": "WEB",
      "url": "https://lists.apache.org/thread.html/b0656d359c7d40ec9f39c8cc61bca66802ef9a2a12ee199f5b0c1442@%3Cdev.drill.apache.org%3E"
    },
    {
      "type": "WEB",
      "url": "https://lists.apache.org/thread.html/f9bc3e55f4e28d1dcd1a69aae6d53e609a758e34d2869b4d798e13cc@%3Cissues.drill.apache.org%3E"
    },
    {
      "type": "WEB",
      "url": "https://lists.apache.org/thread.html/r36e44ffc1a9b365327df62cdfaabe85b9a5637de102cea07d79b2dbf@%3Ccommits.cxf.apache.org%3E"
    },
    {
      "type": "WEB",
      "url": "https://lists.apache.org/thread.html/rc774278135816e7afc943dc9fc78eb0764f2c84a2b96470a0187315c@%3Ccommits.cxf.apache.org%3E"
    },
    {
      "type": "WEB",
      "url": "https://lists.apache.org/thread.html/rd49aabd984ed540c8ff7916d4d79405f3fa311d2fdbcf9ed307839a6@%3Ccommits.cxf.apache.org%3E"
    },
    {
      "type": "WEB",
      "url": "https://lists.apache.org/thread.html/rec7160382badd3ef4ad017a22f64a266c7188b9ba71394f0d321e2d4@%3Ccommits.cxf.apache.org%3E"
    },
    {
      "type": "WEB",
      "url": "https://lists.apache.org/thread.html/rfb87e0bf3995e7d560afeed750fac9329ff5f1ad49da365129b7f89e@%3Ccommits.cxf.apache.org%3E"
    },
    {
      "type": "WEB",
      "url": "https://lists.apache.org/thread.html/rff42cfa5e7d75b7c1af0e37589140a8f1999e578a75738740b244bd4@%3Ccommits.cxf.apache.org%3E"
    },
    {
      "type": "WEB",
      "url": "http://lists.opensuse.org/opensuse-security-announce/2020-11/msg00032.html"
    },
    {
      "type": "WEB",
      "url": "http://lists.opensuse.org/opensuse-security-announce/2020-11/msg00033.html"
    },
    {
      "type": "WEB",
      "url": "http://packetstormsecurity.com/files/127913/Apache-HttpComponents-Man-In-The-Middle.html"
    },
    {
      "type": "WEB",
      "url": "http://rhn.redhat.com/errata/RHSA-2014-1146.html"
    },
    {
      "type": "WEB",
      "url": "http://rhn.redhat.com/errata/RHSA-2014-1166.html"
    },
    {
      "type": "WEB",
      "url": "http://rhn.redhat.com/errata/RHSA-2014-1833.html"
    },
    {
      "type": "WEB",
      "url": "http://rhn.redhat.com/errata/RHSA-2014-1834.html"
    },
    {
      "type": "WEB",
      "url": "http://rhn.redhat.com/errata/RHSA-2014-1835.html"
    },
    {
      "type": "WEB",
      "url": "http://rhn.redhat.com/errata/RHSA-2014-1836.html"
    },
    {
      "type": "WEB",
      "url": "http://rhn.redhat.com/errata/RHSA-2014-1891.html"
    },
    {
      "type": "WEB",
      "url": "http://rhn.redhat.com/errata/RHSA-2014-1892.html"
    },
    {
      "type": "WEB",
      "url": "http://rhn.redhat.com/errata/RHSA-2015-0125.html"
    },
    {
      "type": "WEB",
      "url": "http://rhn.redhat.com/errata/RHSA-2015-0158.html"
    },
    {
      "type": "WEB",
      "url": "http://rhn.redhat.com/errata/RHSA-2015-0675.html"
    },
    {
      "type": "WEB",
      "url": "http://rhn.redhat.com/errata/RHSA-2015-0720.html"
    },
    {
      "type": "WEB",
      "url": "http://rhn.redhat.com/errata/RHSA-2015-0765.html"
    },
    {
      "type": "WEB",
      "url": "http://rhn.redhat.com/errata/RHSA-2015-0850.html"
    },
    {
      "type": "WEB",
      "url": "http://rhn.redhat.com/errata/RHSA-2015-0851.html"
    },
    {
      "type": "WEB",
      "url": "http://rhn.redhat.com/errata/RHSA-2015-1176.html"
    },
    {
      "type": "WEB",
      "url": "http://rhn.redhat.com/errata/RHSA-2015-1177.html"
    },
    {
      "type": "WEB",
      "url": "http://rhn.redhat.com/errata/RHSA-2015-1888.html"
    },
    {
      "type": "WEB",
      "url": "http://rhn.redhat.com/errata/RHSA-2016-1773.html"
    },
    {
      "type": "WEB",
      "url": "http://rhn.redhat.com/errata/RHSA-2016-1931.html"
    },
    {
      "type": "WEB",
      "url": "http://seclists.org/fulldisclosure/2014/Aug/48"
    },
    {
      "type": "WEB",
      "url": "http://secunia.com/advisories/60466"
    },
    {
      "type": "WEB",
      "url": "http://secunia.com/advisories/60589"
    },
    {
      "type": "WEB",
      "url": "http://secunia.com/advisories/60713"
    },
    {
      "type": "WEB",
      "url": "http://www.openwall.com/lists/oss-security/2021/10/06/1"
    },
    {
      "type": "WEB",
      "url": "http://www.oracle.com/technetwork/security-advisory/cpujul2018-4258247.html"
    },
    {
      "type": "WEB",
      "url": "http://www.osvdb.org/110143"
    },
    {
      "type": "WEB",
      "url": "http://www.securityfocus.com/bid/69258"
    },
    {
      "type": "WEB",
      "url": "http://www.securitytracker.com/id/1030812"
    },
    {
      "type": "WEB",
      "url": "http://www.ubuntu.com/usn/USN-2769-1"
    }
  ],
  "affected": [
    {
      "package": {
        "name": "org.apache.httpcomponents:httpclient",
        "ecosystem": "Maven",
        "purl": "pkg:maven/org.apache.httpcomponents/httpclient"
      },
      "ranges": [
        {
          "type": "ECOSYSTEM",
          "events": [
            {
              "introduced": "0"
            },
            {
              "fixed": "4.3.5"
            }
          ]
        }
      ],
      "versions": [
        "4.0",
        "4.0-alpha1",
        "4.0-alpha2",
        "4.0-alpha3",
        "4.0-alpha4",
        "4.0-beta1",
        "4.0-beta2",
        "4.0.1",
        "4.0.2",
        "4.0.3",
        "4.1",
        "4.1-alpha1",
        "4.1-alpha2",
        "4.1-beta1",
        "4.1.1",
        "4.1.2",
        "4.1.3",
        "4.2",
        "4.2-alpha1",
        "4.2-beta1",
        "4.2.1",
        "4.2.2",
        "4.2.3",
        "4.2.4",
        "4.2.5",
        "4.2.6",
        "4.3",
        "4.3-alpha1",
        "4.3-beta1",
        "4.3-beta2",
        "4.3.1",
        "4.3.2",
        "4.3.3",
        "4.3.4"
      ],
      "database_specific": {
        "source": "https://github.com/github/advisory-database/blob/main/advisories/github-reviewed/2018/10/GHSA-cfh5-3ghh-wfjx/GHSA-cfh5-3ghh-wfjx.json"
      }
    }
  ],
  "schema_version": "1.2.0"
}