{
  "id": "GHSA-568q-9fw5-28wf",
  "summary": "Moderate severity vulnerability that affects org.postgresql:pgjdbc-aggregate",
  "details": "A weakness was found in postgresql-jdbc before version 42.2.5. It was possible to provide an SSL Factory and not check the host name if a host name verifier was not provided to the driver. This could lead to a condition where a man-in-the-middle attacker could masquerade as a trusted server by providing a certificate for the wrong host, as long as it was signed by a trusted CA.",
  "aliases": [
    "CVE-2018-10936"
  ],
  "modified": "2022-03-02T05:21:57.509209Z",
  "published": "2018-10-19T16:53:33Z",
  "database_specific": {
    "severity": "MODERATE",
    "cwe_ids": [
      "CWE-297"
    ],
    "github_reviewed": true
  },
  "references": [
    {
      "type": "ADVISORY",
      "url": "https://nvd.nist.gov/vuln/detail/CVE-2018-10936"
    },
    {
      "type": "WEB",
      "url": "https://bugzilla.redhat.com/show_bug.cgi?id=CVE-2018-10936"
    },
    {
      "type": "ADVISORY",
      "url": "https://github.com/advisories/GHSA-568q-9fw5-28wf"
    },
    {
      "type": "WEB",
      "url": "https://lists.apache.org/thread.html/9317fd092b257a0815434b116a8af8daea6e920b6673f4fd5583d5fe@%3Ccommits.druid.apache.org%3E"
    },
    {
      "type": "WEB",
      "url": "https://www.postgresql.org/about/news/1883/"
    },
    {
      "type": "WEB",
      "url": "http://www.securityfocus.com/bid/105220"
    }
  ],
  "affected": [
    {
      "package": {
        "name": "org.postgresql:pgjdbc-aggregate",
        "ecosystem": "Maven",
        "purl": "pkg:maven/org.postgresql/pgjdbc-aggregate"
      },
      "ranges": [
        {
          "type": "ECOSYSTEM",
          "events": [
            {
              "introduced": "0"
            },
            {
              "fixed": "42.2.5"
            }
          ]
        }
      ],
      "versions": [
        "42.0.0",
        "42.1.0",
        "42.1.1",
        "42.1.2",
        "42.1.3",
        "42.1.4",
        "42.2.0",
        "42.2.1",
        "42.2.2",
        "42.2.3",
        "42.2.4",
        "9.4.1207",
        "9.4.1208",
        "9.4.1209",
        "9.4.1210",
        "9.4.1211",
        "9.4.1212"
      ],
      "database_specific": {
        "source": "https://github.com/github/advisory-database/blob/main/advisories/github-reviewed/2018/10/GHSA-568q-9fw5-28wf/GHSA-568q-9fw5-28wf.json"
      }
    }
  ],
  "schema_version": "1.2.0"
}