{
  "id": "GHSA-6566-9526-52v6",
  "summary": "Exposure of Sensitive Information to an Unauthorized Actor in Concord",
  "details": "An issue was discovered in Walmart Labs Concord before 1.44.0. CORS Access-Control-Allow-Origin headers have a potentially unsafe dependency on Origin headers, and are not configurable. This allows remote attackers to discover host information, nodes, API metadata, and references to usernames via api/v1/apikey.",
  "aliases": [
    "CVE-2020-10591"
  ],
  "modified": "2022-02-10T20:48:47Z",
  "published": "2022-02-10T20:48:47Z",
  "database_specific": {
    "severity": "HIGH",
    "github_reviewed": true,
    "cwe_ids": [
      "CWE-200"
    ]
  },
  "references": [
    {
      "type": "ADVISORY",
      "url": "https://nvd.nist.gov/vuln/detail/CVE-2020-10591"
    },
    {
      "type": "WEB",
      "url": "https://github.com/walmartlabs/concord/issues/22"
    },
    {
      "type": "WEB",
      "url": "https://github.com/walmartlabs/concord/compare/1.43.0...1.44.0"
    }
  ],
  "affected": [
    {
      "package": {
        "name": "com.walmartlabs.concord.docker:concord-common",
        "ecosystem": "Maven",
        "purl": "pkg:maven/com.walmartlabs.concord.docker/concord-common"
      },
      "ranges": [
        {
          "type": "ECOSYSTEM",
          "events": [
            {
              "introduced": "0"
            },
            {
              "fixed": "1.44.0"
            }
          ]
        }
      ],
      "database_specific": {
        "source": "https://github.com/github/advisory-database/blob/main/advisories/github-reviewed/2022/02/GHSA-6566-9526-52v6/GHSA-6566-9526-52v6.json"
      },
      "versions": []
    }
  ],
  "schema_version": "1.2.0",
  "severity": [
    {
      "type": "CVSS_V3",
      "score": "CVSS:3.1/AV:N/AC:L/PR:N/UI:N/S:U/C:H/I:N/A:N"
    }
  ]
}