{
  "id": "GHSA-89r3-rcpj-h7w6",
  "summary": "Path traversal attack on Windows platforms",
  "details": "Tapestry processes assets `/assets/ctx` using classes chain `StaticFilesFilter -> AssetDispatcher -> ContextResource`, which doesn't filter the character `\\`, so attacker can perform a path traversal attack to read any files on Windows platform.",
  "aliases": [
    "CVE-2019-0207"
  ],
  "modified": "2022-03-02T05:21:57.678907Z",
  "published": "2019-11-18T17:19:03Z",
  "database_specific": {
    "cwe_ids": [
      "CWE-22"
    ],
    "github_reviewed": true,
    "severity": "HIGH"
  },
  "references": [
    {
      "type": "ADVISORY",
      "url": "https://nvd.nist.gov/vuln/detail/CVE-2019-0207"
    },
    {
      "type": "WEB",
      "url": "https://lists.apache.org/thread.html/765be3606d865de513f6df9288842c3cf58b09a987c617a535f2b99d@%3Cusers.tapestry.apache.org%3E"
    },
    {
      "type": "WEB",
      "url": "https://lists.apache.org/thread.html/bac8d6f9e1b4059b319d9cba6f33219a99b81623476ec896138f851c@%3Cusers.tapestry.apache.org%3E"
    },
    {
      "type": "WEB",
      "url": "https://lists.apache.org/thread.html/r7d9c54beb1dc97dcccc58d9b5d31f0f7166f9a25ad1beba5f8091e0c@%3Ccommits.tapestry.apache.org%3E"
    },
    {
      "type": "WEB",
      "url": "https://lists.apache.org/thread.html/r87523dd07886223aa086edc25fe9b8ddb9c1090f7db25b068dc30843@%3Ccommits.tapestry.apache.org%3E"
    }
  ],
  "affected": [
    {
      "package": {
        "name": "org.apache.tapestry:tapestry-core",
        "ecosystem": "Maven",
        "purl": "pkg:maven/org.apache.tapestry/tapestry-core"
      },
      "ranges": [
        {
          "type": "ECOSYSTEM",
          "events": [
            {
              "introduced": "5.4.0"
            },
            {
              "fixed": "5.4.5"
            }
          ]
        }
      ],
      "versions": [
        "5.4.0",
        "5.4.1",
        "5.4.2",
        "5.4.3",
        "5.4.4"
      ],
      "database_specific": {
        "source": "https://github.com/github/advisory-database/blob/main/advisories/github-reviewed/2019/11/GHSA-89r3-rcpj-h7w6/GHSA-89r3-rcpj-h7w6.json"
      }
    }
  ],
  "schema_version": "1.2.0",
  "severity": [
    {
      "type": "CVSS_V3",
      "score": "CVSS:3.1/AV:N/AC:L/PR:N/UI:N/S:U/C:H/I:N/A:N"
    }
  ]
}