{
  "id": "GHSA-763g-fqq7-48wg",
  "summary": "XML external entity (XXE) processing ('external-parameter-entities' feature was not fully disabled))",
  "details": "Due to an incomplete fix for [CVE-2019-9658](https://cve.mitre.org/cgi-bin/cvename.cgi?name=CVE-2019-9658), checkstyle was still vulnerable to XML External Entity (XXE) Processing.\n\n### Impact\n\n#### User: Build Maintainers\n\nThis vulnerability probably doesn't impact Maven/Gradle users as, in most cases, these builds are processing files that are trusted, or pre-vetted by a pull request reviewer before being run on internal CI infrastructure.\n\n#### User: Static Analysis as a Service\n\nIf you operate a site/service that parses \"untrusted\" Checkstyle XML configuration files, you are vulnerable to this and should patch.\n\nNote from the discoverer of the original CVE-2019-9658:\n\n> While looking at a few companies that run Checkstyle/PMD/ect... as a service I notice that it's a common pattern to run the static code analysis tool inside of a Docker container with the following flags:\n> ```\n> --net=none \\\n> --privileged=false \\\n> --cap-drop=ALL\n> ```\n> Running the analysis in Docker has the advantage that there should be no sensitive local file information that XXE can exfiltrate from the container. Additionally, these flags prevent vulnerabilities in static analysis tools like Checkstyle from being used to exfiltrate data via XXE or to perform SSRF.\n> \\- [Jonathan Leitschuh](https://twitter.com/jlleitschuh)\n\n### Patches\n_Has the problem been patched? What versions should users upgrade to?_\n\nPatched, will be released with version 8.29 at 26 Jan 2020.\n\n### Workarounds\n_Is there a way for users to fix or remediate the vulnerability without upgrading?_\n\nNo workaround are available\n\n### References\n\n - [CWE-611: Improper Restriction of XML External Entity Reference](https://cwe.mitre.org/data/definitions/611.html)\n - GitHub Issue https://github.com/checkstyle/checkstyle/issues/7468\n\n### For more information\n\nIf you have any questions or comments about this advisory:\n* Open an issue in https://github.com/checkstyle/checkstyle/issues\n",
  "aliases": [
    "CVE-2019-10782"
  ],
  "modified": "2022-03-02T05:22:03.645592Z",
  "published": "2020-01-31T18:00:07Z",
  "database_specific": {
    "github_reviewed": true,
    "severity": "MODERATE",
    "cwe_ids": [
      "CWE-611"
    ]
  },
  "references": [
    {
      "type": "WEB",
      "url": "https://github.com/checkstyle/checkstyle/security/advisories/GHSA-763g-fqq7-48wg"
    },
    {
      "type": "ADVISORY",
      "url": "https://nvd.nist.gov/vuln/detail/CVE-2019-10782"
    },
    {
      "type": "WEB",
      "url": "https://github.com/checkstyle/checkstyle/issues/7468"
    },
    {
      "type": "WEB",
      "url": "https://github.com/checkstyle/checkstyle/commit/c46a16d177e6797895b195c288ae9a9a096254b8"
    },
    {
      "type": "WEB",
      "url": "https://lists.apache.org/thread.html/r8aaf4ee16bbaf6204731d4770d96ebb34b258cd79b491f9cdd7f2540@%3Ccommits.nifi.apache.org%3E"
    },
    {
      "type": "WEB",
      "url": "https://lists.debian.org/debian-lts-announce/2020/02/msg00008.html"
    },
    {
      "type": "WEB",
      "url": "https://snyk.io/vuln/SNYK-JAVA-COMPUPPYCRAWLTOOLS-543266"
    }
  ],
  "affected": [
    {
      "package": {
        "name": "com.puppycrawl.tools:checkstyle",
        "ecosystem": "Maven",
        "purl": "pkg:maven/com.puppycrawl.tools/checkstyle"
      },
      "ranges": [
        {
          "type": "ECOSYSTEM",
          "events": [
            {
              "introduced": "0"
            },
            {
              "fixed": "8.29"
            }
          ]
        }
      ],
      "versions": [
        "5.2",
        "5.3",
        "5.4",
        "5.5",
        "5.6",
        "5.7",
        "5.8",
        "5.9",
        "6.0",
        "6.1",
        "6.1.1",
        "6.10",
        "6.10.1",
        "6.11",
        "6.11.1",
        "6.11.2",
        "6.12",
        "6.12.1",
        "6.13",
        "6.14",
        "6.14.1",
        "6.15",
        "6.16",
        "6.16.1",
        "6.17",
        "6.18",
        "6.19",
        "6.2",
        "6.3",
        "6.4",
        "6.4.1",
        "6.5",
        "6.6",
        "6.7",
        "6.8",
        "6.8.1",
        "6.8.2",
        "6.9",
        "7.0",
        "7.1",
        "7.1.1",
        "7.1.2",
        "7.2",
        "7.3",
        "7.4",
        "7.5",
        "7.5.1",
        "7.6",
        "7.6.1",
        "7.7",
        "7.8",
        "7.8.1",
        "7.8.2",
        "8.0",
        "8.1",
        "8.10",
        "8.10.1",
        "8.11",
        "8.12",
        "8.13",
        "8.14",
        "8.15",
        "8.16",
        "8.17",
        "8.18",
        "8.19",
        "8.2",
        "8.20",
        "8.21",
        "8.22",
        "8.23",
        "8.24",
        "8.25",
        "8.26",
        "8.27",
        "8.28",
        "8.3",
        "8.4",
        "8.5",
        "8.6",
        "8.7",
        "8.8",
        "8.9"
      ],
      "database_specific": {
        "source": "https://github.com/github/advisory-database/blob/main/advisories/github-reviewed/2020/01/GHSA-763g-fqq7-48wg/GHSA-763g-fqq7-48wg.json"
      }
    }
  ],
  "schema_version": "1.2.0",
  "severity": [
    {
      "type": "CVSS_V3",
      "score": "CVSS:3.1/AV:N/AC:L/PR:N/UI:N/S:U/C:L/I:N/A:N"
    }
  ]
}