{
  "id": "GHSA-9r24-gp44-h3pm",
  "summary": "High severity vulnerability that affects org.apache.tika:tika-core",
  "details": "From Apache Tika versions 1.7 to 1.17, clients could send carefully crafted headers to tika-server that could be used to inject commands into the command line of the server running tika-server. This vulnerability only affects those running tika-server on a server that is open to untrusted clients. The mitigation is to upgrade to Tika 1.18.",
  "aliases": [
    "CVE-2018-1335"
  ],
  "modified": "2022-03-02T05:21:53.347494Z",
  "published": "2018-10-17T15:43:43Z",
  "database_specific": {
    "cwe_ids": [],
    "severity": "HIGH",
    "github_reviewed": true
  },
  "references": [
    {
      "type": "ADVISORY",
      "url": "https://nvd.nist.gov/vuln/detail/CVE-2018-1335"
    },
    {
      "type": "WEB",
      "url": "https://access.redhat.com/errata/RHSA-2019:3140"
    },
    {
      "type": "ADVISORY",
      "url": "https://github.com/advisories/GHSA-9r24-gp44-h3pm"
    },
    {
      "type": "WEB",
      "url": "https://lists.apache.org/thread.html/b3ed4432380af767effd4c6f27665cc7b2686acccbefeb9f55851dca@%3Cdev.tika.apache.org%3E"
    },
    {
      "type": "WEB",
      "url": "https://www.exploit-db.com/exploits/46540/"
    },
    {
      "type": "WEB",
      "url": "http://packetstormsecurity.com/files/153864/Apache-Tika-1.17-Header-Command-Injection.html"
    },
    {
      "type": "WEB",
      "url": "http://www.securityfocus.com/bid/104001"
    }
  ],
  "affected": [
    {
      "package": {
        "name": "org.apache.tika:tika-core",
        "ecosystem": "Maven",
        "purl": "pkg:maven/org.apache.tika/tika-core"
      },
      "ranges": [
        {
          "type": "ECOSYSTEM",
          "events": [
            {
              "introduced": "1.7"
            },
            {
              "fixed": "1.18"
            }
          ]
        }
      ],
      "versions": [
        "1.10",
        "1.11",
        "1.12",
        "1.13",
        "1.14",
        "1.15",
        "1.16",
        "1.17",
        "1.7",
        "1.8",
        "1.9"
      ],
      "database_specific": {
        "source": "https://github.com/github/advisory-database/blob/main/advisories/github-reviewed/2018/10/GHSA-9r24-gp44-h3pm/GHSA-9r24-gp44-h3pm.json"
      }
    }
  ],
  "schema_version": "1.2.0",
  "severity": [
    {
      "type": "CVSS_V3",
      "score": "CVSS:3.0/AV:N/AC:H/PR:N/UI:N/S:U/C:H/I:H/A:H"
    }
  ]
}