{
  "id": "GHSA-9c8w-jrw3-q2c3",
  "summary": "Cross-site Scripting in OWASP AntiSamy",
  "details": "OWASP AntiSamy before 1.6.4 allows XSS via HTML attributes when using the HTML output serializer (XHTML is not affected). This was demonstrated by a javascript: URL with &#00058 as the replacement for the : character.",
  "aliases": [
    "CVE-2021-35043"
  ],
  "modified": "2022-03-02T05:21:31.527150Z",
  "published": "2021-08-02T16:58:43Z",
  "database_specific": {
    "severity": "MODERATE",
    "cwe_ids": [
      "CWE-79"
    ],
    "github_reviewed": true
  },
  "references": [
    {
      "type": "ADVISORY",
      "url": "https://nvd.nist.gov/vuln/detail/CVE-2021-35043"
    },
    {
      "type": "WEB",
      "url": "https://github.com/nahsra/antisamy/pull/87"
    },
    {
      "type": "WEB",
      "url": "https://github.com/nahsra/antisamy/releases/tag/v1.6.4"
    },
    {
      "type": "WEB",
      "url": "https://www.oracle.com/security-alerts/cpujan2022.html"
    },
    {
      "type": "WEB",
      "url": "https://www.oracle.com/security-alerts/cpuoct2021.html"
    },
    {
      "type": "PACKAGE",
      "url": "https://github.com/nahsra/antisamy"
    }
  ],
  "affected": [
    {
      "package": {
        "name": "org.owasp.antisamy:antisamy",
        "ecosystem": "Maven",
        "purl": "pkg:maven/org.owasp.antisamy/antisamy"
      },
      "ranges": [
        {
          "type": "ECOSYSTEM",
          "events": [
            {
              "introduced": "0"
            },
            {
              "fixed": "1.6.4"
            }
          ]
        }
      ],
      "versions": [
        "1.4.2",
        "1.4.3",
        "1.4.4",
        "1.4.5",
        "1.5",
        "1.5.1",
        "1.5.10",
        "1.5.11",
        "1.5.12",
        "1.5.13",
        "1.5.2",
        "1.5.3",
        "1.5.5",
        "1.5.6",
        "1.5.7",
        "1.5.8",
        "1.5.9",
        "1.6.0",
        "1.6.1",
        "1.6.2",
        "1.6.3"
      ],
      "database_specific": {
        "source": "https://github.com/github/advisory-database/blob/main/advisories/github-reviewed/2021/08/GHSA-9c8w-jrw3-q2c3/GHSA-9c8w-jrw3-q2c3.json"
      }
    }
  ],
  "schema_version": "1.2.0",
  "severity": [
    {
      "type": "CVSS_V3",
      "score": "CVSS:3.1/AV:N/AC:L/PR:N/UI:R/S:C/C:L/I:L/A:N"
    }
  ]
}