{
  "id": "GHSA-9f3j-pm6f-9fm5",
  "summary": "Race condition in Apache Tomcat",
  "details": "The fix for bug CVE-2020-9484 introduced a time of check, time of use vulnerability into Apache Tomcat 10.1.0-M1 to 10.1.0-M8, 10.0.0-M5 to 10.0.14, 9.0.35 to 9.0.56 and 8.5.55 to 8.5.73 that allowed a local attacker to perform actions with the privileges of the user that the Tomcat process is using. This issue is only exploitable when Tomcat is configured to persist sessions using the FileStore.",
  "aliases": [
    "CVE-2022-23181"
  ],
  "modified": "2022-03-02T05:21:45.009176Z",
  "published": "2022-02-01T00:45:44Z",
  "database_specific": {
    "github_reviewed": true,
    "severity": "HIGH",
    "cwe_ids": [
      "CWE-367"
    ]
  },
  "references": [
    {
      "type": "ADVISORY",
      "url": "https://nvd.nist.gov/vuln/detail/CVE-2022-23181"
    },
    {
      "type": "WEB",
      "url": "https://lists.apache.org/thread/l8x62p3k19yfcb208jo4zrb83k5mfwg9"
    },
    {
      "type": "WEB",
      "url": "https://security.netapp.com/advisory/ntap-20220217-0010/"
    },
    {
      "type": "PACKAGE",
      "url": "https://github.com/apache/tomcat"
    }
  ],
  "affected": [
    {
      "package": {
        "name": "org.apache.tomcat:tomcat",
        "ecosystem": "Maven",
        "purl": "pkg:maven/org.apache.tomcat/tomcat"
      },
      "ranges": [
        {
          "type": "ECOSYSTEM",
          "events": [
            {
              "introduced": "10.0.0"
            },
            {
              "fixed": "10.0.16"
            }
          ]
        }
      ],
      "versions": [
        "10.0.0",
        "10.0.10",
        "10.0.11",
        "10.0.12",
        "10.0.13",
        "10.0.14",
        "10.0.2",
        "10.0.4",
        "10.0.5",
        "10.0.6",
        "10.0.7",
        "10.0.8"
      ],
      "database_specific": {
        "source": "https://github.com/github/advisory-database/blob/main/advisories/github-reviewed/2022/02/GHSA-9f3j-pm6f-9fm5/GHSA-9f3j-pm6f-9fm5.json"
      }
    },
    {
      "package": {
        "name": "org.apache.tomcat:tomcat",
        "ecosystem": "Maven",
        "purl": "pkg:maven/org.apache.tomcat/tomcat"
      },
      "ranges": [
        {
          "type": "ECOSYSTEM",
          "events": [
            {
              "introduced": "9.0.0"
            },
            {
              "fixed": "9.0.58"
            }
          ]
        }
      ],
      "versions": [
        "9.0.1",
        "9.0.10",
        "9.0.11",
        "9.0.12",
        "9.0.13",
        "9.0.14",
        "9.0.16",
        "9.0.17",
        "9.0.19",
        "9.0.2",
        "9.0.20",
        "9.0.21",
        "9.0.22",
        "9.0.24",
        "9.0.26",
        "9.0.27",
        "9.0.29",
        "9.0.30",
        "9.0.31",
        "9.0.33",
        "9.0.34",
        "9.0.35",
        "9.0.36",
        "9.0.37",
        "9.0.38",
        "9.0.39",
        "9.0.4",
        "9.0.40",
        "9.0.41",
        "9.0.43",
        "9.0.44",
        "9.0.45",
        "9.0.46",
        "9.0.48",
        "9.0.5",
        "9.0.50",
        "9.0.52",
        "9.0.53",
        "9.0.54",
        "9.0.55",
        "9.0.56",
        "9.0.6",
        "9.0.7",
        "9.0.8"
      ],
      "database_specific": {
        "source": "https://github.com/github/advisory-database/blob/main/advisories/github-reviewed/2022/02/GHSA-9f3j-pm6f-9fm5/GHSA-9f3j-pm6f-9fm5.json"
      }
    },
    {
      "package": {
        "name": "org.apache.tomcat:tomcat",
        "ecosystem": "Maven",
        "purl": "pkg:maven/org.apache.tomcat/tomcat"
      },
      "ranges": [
        {
          "type": "ECOSYSTEM",
          "events": [
            {
              "introduced": "0"
            },
            {
              "fixed": "8.5.75"
            }
          ]
        }
      ],
      "versions": [
        "7.0.100",
        "7.0.103",
        "7.0.104",
        "7.0.105",
        "7.0.106",
        "7.0.107",
        "7.0.108",
        "7.0.109",
        "7.0.35",
        "7.0.37",
        "7.0.39",
        "7.0.40",
        "7.0.41",
        "7.0.42",
        "7.0.47",
        "7.0.50",
        "7.0.52",
        "7.0.53",
        "7.0.54",
        "7.0.55",
        "7.0.56",
        "7.0.57",
        "7.0.59",
        "7.0.61",
        "7.0.62",
        "7.0.63",
        "7.0.64",
        "7.0.65",
        "7.0.67",
        "7.0.68",
        "7.0.69",
        "7.0.70",
        "7.0.72",
        "7.0.73",
        "7.0.75",
        "7.0.76",
        "7.0.77",
        "7.0.78",
        "7.0.79",
        "7.0.81",
        "7.0.82",
        "7.0.84",
        "7.0.85",
        "7.0.86",
        "7.0.88",
        "7.0.90",
        "7.0.91",
        "7.0.92",
        "7.0.93",
        "7.0.94",
        "7.0.96",
        "7.0.99",
        "8.0.0-RC1",
        "8.0.0-RC10",
        "8.0.0-RC3",
        "8.0.0-RC5",
        "8.0.1",
        "8.0.11",
        "8.0.12",
        "8.0.14",
        "8.0.15",
        "8.0.17",
        "8.0.18",
        "8.0.20",
        "8.0.21",
        "8.0.22",
        "8.0.23",
        "8.0.24",
        "8.0.26",
        "8.0.27",
        "8.0.28",
        "8.0.29",
        "8.0.3",
        "8.0.30",
        "8.0.32",
        "8.0.33",
        "8.0.35",
        "8.0.36",
        "8.0.37",
        "8.0.38",
        "8.0.39",
        "8.0.41",
        "8.0.42",
        "8.0.43",
        "8.0.44",
        "8.0.45",
        "8.0.46",
        "8.0.47",
        "8.0.48",
        "8.0.49",
        "8.0.5",
        "8.0.50",
        "8.0.51",
        "8.0.52",
        "8.0.53",
        "8.0.8",
        "8.0.9",
        "8.5.0",
        "8.5.11",
        "8.5.12",
        "8.5.13",
        "8.5.14",
        "8.5.15",
        "8.5.16",
        "8.5.19",
        "8.5.2",
        "8.5.20",
        "8.5.21",
        "8.5.23",
        "8.5.24",
        "8.5.27",
        "8.5.28",
        "8.5.29",
        "8.5.3",
        "8.5.30",
        "8.5.31",
        "8.5.32",
        "8.5.33",
        "8.5.34",
        "8.5.35",
        "8.5.37",
        "8.5.38",
        "8.5.39",
        "8.5.4",
        "8.5.40",
        "8.5.41",
        "8.5.42",
        "8.5.43",
        "8.5.45",
        "8.5.46",
        "8.5.47",
        "8.5.49",
        "8.5.5",
        "8.5.50",
        "8.5.51",
        "8.5.53",
        "8.5.54",
        "8.5.55",
        "8.5.56",
        "8.5.57",
        "8.5.58",
        "8.5.59",
        "8.5.6",
        "8.5.60",
        "8.5.61",
        "8.5.63",
        "8.5.64",
        "8.5.65",
        "8.5.66",
        "8.5.68",
        "8.5.69",
        "8.5.70",
        "8.5.71",
        "8.5.72",
        "8.5.73",
        "8.5.8",
        "8.5.9"
      ],
      "database_specific": {
        "source": "https://github.com/github/advisory-database/blob/main/advisories/github-reviewed/2022/02/GHSA-9f3j-pm6f-9fm5/GHSA-9f3j-pm6f-9fm5.json"
      }
    }
  ],
  "schema_version": "1.2.0",
  "severity": [
    {
      "type": "CVSS_V3",
      "score": "CVSS:3.1/AV:L/AC:H/PR:L/UI:N/S:U/C:H/I:H/A:H"
    }
  ]
}