{
  "id": "GHSA-5q99-f34m-67gc",
  "summary": "Moderate severity vulnerability that affects org.apache.tomcat.embed:tomcat-embed-core",
  "details": "When the default servlet in Apache Tomcat versions 9.0.0.M1 to 9.0.11, 8.5.0 to 8.5.33 and 7.0.23 to 7.0.90 returned a redirect to a directory (e.g. redirecting to '/foo/' when the user requested '/foo') a specially crafted URL could be used to cause the redirect to be generated to any URI of the attackers choice.",
  "aliases": [
    "CVE-2018-11784"
  ],
  "modified": "2022-03-02T05:21:24.157524Z",
  "published": "2018-10-17T16:31:02Z",
  "database_specific": {
    "cwe_ids": [
      "CWE-601"
    ],
    "severity": "MODERATE",
    "github_reviewed": true
  },
  "references": [
    {
      "type": "ADVISORY",
      "url": "https://nvd.nist.gov/vuln/detail/CVE-2018-11784"
    },
    {
      "type": "WEB",
      "url": "https://access.redhat.com/errata/RHSA-2019:0130"
    },
    {
      "type": "WEB",
      "url": "https://access.redhat.com/errata/RHSA-2019:0131"
    },
    {
      "type": "WEB",
      "url": "https://access.redhat.com/errata/RHSA-2019:0485"
    },
    {
      "type": "WEB",
      "url": "https://access.redhat.com/errata/RHSA-2019:1529"
    },
    {
      "type": "ADVISORY",
      "url": "https://github.com/advisories/GHSA-5q99-f34m-67gc"
    },
    {
      "type": "WEB",
      "url": "https://kc.mcafee.com/corporate/index?page=content&id=SB10284"
    },
    {
      "type": "WEB",
      "url": "https://lists.apache.org/thread.html/1dd0a59c1295cc08ce4c9e7edae5ad2268acc9ba55adcefa0532e5ba@%3Cdev.tomcat.apache.org%3E"
    },
    {
      "type": "WEB",
      "url": "https://lists.apache.org/thread.html/23134c9b5a23892a205dc140cdd8c9c0add233600f76b313dda6bd75@%3Cannounce.tomcat.apache.org%3E"
    },
    {
      "type": "WEB",
      "url": "https://lists.apache.org/thread.html/343558d982879bf88ec20dbf707f8c11255f8e219e81d45c4f8d0551@%3Cdev.tomcat.apache.org%3E"
    },
    {
      "type": "WEB",
      "url": "https://lists.apache.org/thread.html/388a323769f1dff84c9ec905455aa73fbcb20338e3c7eb131457f708@%3Cdev.tomcat.apache.org%3E"
    },
    {
      "type": "WEB",
      "url": "https://lists.apache.org/thread.html/3d19773b4cf0377db62d1e9328bf9160bf1819f04f988315086931d7@%3Cdev.tomcat.apache.org%3E"
    },
    {
      "type": "WEB",
      "url": "https://lists.apache.org/thread.html/5c0e00fd31efc11e147bf99d0f03c00a734447d3b131ab0818644cdb@%3Cdev.tomcat.apache.org%3E"
    },
    {
      "type": "WEB",
      "url": "https://lists.apache.org/thread.html/6af47120905aa7d8fe12f42e8ff2284fb338ba141d3b77b8c7cb61b3@%3Cdev.tomcat.apache.org%3E"
    },
    {
      "type": "WEB",
      "url": "https://lists.apache.org/thread.html/845312a10aabbe2c499fca94003881d2c79fc993d85f34c1f5c77424@%3Cdev.tomcat.apache.org%3E"
    },
    {
      "type": "WEB",
      "url": "https://lists.apache.org/thread.html/88855876c33f2f9c532ffb75bfee570ccf0b17ffa77493745af9a17a@%3Cdev.tomcat.apache.org%3E"
    },
    {
      "type": "WEB",
      "url": "https://lists.apache.org/thread.html/b5e3f51d28cd5d9b1809f56594f2cf63dcd6a90429e16ea9f83bbedc@%3Cdev.tomcat.apache.org%3E"
    },
    {
      "type": "WEB",
      "url": "https://lists.apache.org/thread.html/e85e83e9954f169bbb77b44baae5a33d8de878df557bb32b7f793661@%3Cdev.tomcat.apache.org%3E"
    },
    {
      "type": "WEB",
      "url": "https://lists.apache.org/thread.html/eb6efa8d59c45a7a9eff94c4b925467d3b3fec8ba7697f3daa314b04@%3Cdev.tomcat.apache.org%3E"
    },
    {
      "type": "WEB",
      "url": "https://lists.apache.org/thread.html/r3bbb800a816d0a51eccc5a228c58736960a9fffafa581a225834d97d@%3Cdev.tomcat.apache.org%3E"
    },
    {
      "type": "WEB",
      "url": "https://lists.apache.org/thread.html/r48c1444845fe15a823e1374674bfc297d5008a5453788099ea14caf0@%3Cdev.tomcat.apache.org%3E"
    },
    {
      "type": "WEB",
      "url": "https://lists.apache.org/thread.html/r6ccee4e849bc77df0840c7f853f6bd09d426f6741247da2b7429d5d9@%3Cdev.tomcat.apache.org%3E"
    },
    {
      "type": "WEB",
      "url": "https://lists.apache.org/thread.html/r9136ff5b13e4f1941360b5a309efee2c114a14855578c3a2cbe5d19c@%3Cdev.tomcat.apache.org%3E"
    },
    {
      "type": "WEB",
      "url": "https://lists.apache.org/thread.html/raba0fabaf4d56d4325ab2aca8814f0b30a237ab83d8106b115ee279a@%3Cdev.tomcat.apache.org%3E"
    },
    {
      "type": "WEB",
      "url": "https://lists.debian.org/debian-lts-announce/2018/10/msg00005.html"
    },
    {
      "type": "WEB",
      "url": "https://lists.debian.org/debian-lts-announce/2018/10/msg00006.html"
    },
    {
      "type": "WEB",
      "url": "https://lists.fedoraproject.org/archives/list/package-announce@lists.fedoraproject.org/message/BZ4PX4B3QTKRM35VJAVIEOPZAF76RPBP/"
    },
    {
      "type": "WEB",
      "url": "https://seclists.org/bugtraq/2019/Dec/43"
    },
    {
      "type": "WEB",
      "url": "https://security.netapp.com/advisory/ntap-20181014-0002/"
    },
    {
      "type": "WEB",
      "url": "https://usn.ubuntu.com/3787-1/"
    },
    {
      "type": "WEB",
      "url": "https://www.debian.org/security/2019/dsa-4596"
    },
    {
      "type": "WEB",
      "url": "https://www.oracle.com/security-alerts/cpuapr2020.html"
    },
    {
      "type": "WEB",
      "url": "https://www.oracle.com/security-alerts/cpujan2020.html"
    },
    {
      "type": "WEB",
      "url": "https://www.oracle.com/technetwork/security-advisory/cpuapr2019-5072813.html"
    },
    {
      "type": "WEB",
      "url": "https://www.oracle.com/technetwork/security-advisory/cpujan2019-5072801.html"
    },
    {
      "type": "WEB",
      "url": "https://www.oracle.com/technetwork/security-advisory/cpujul2019-5072835.html"
    },
    {
      "type": "WEB",
      "url": "https://www.oracle.com/technetwork/security-advisory/cpuoct2019-5072832.html"
    },
    {
      "type": "WEB",
      "url": "http://lists.opensuse.org/opensuse-security-announce/2019-06/msg00030.html"
    },
    {
      "type": "WEB",
      "url": "http://lists.opensuse.org/opensuse-security-announce/2019-07/msg00056.html"
    },
    {
      "type": "WEB",
      "url": "http://packetstormsecurity.com/files/163456/Apache-Tomcat-9.0.0M1-Open-Redirect.html"
    },
    {
      "type": "WEB",
      "url": "http://www.securityfocus.com/bid/105524"
    }
  ],
  "affected": [
    {
      "package": {
        "name": "org.apache.tomcat.embed:tomcat-embed-core",
        "ecosystem": "Maven",
        "purl": "pkg:maven/org.apache.tomcat.embed/tomcat-embed-core"
      },
      "ranges": [
        {
          "type": "ECOSYSTEM",
          "events": [
            {
              "introduced": "8.5.0"
            },
            {
              "fixed": "8.5.34"
            }
          ]
        }
      ],
      "versions": [
        "8.5.0",
        "8.5.11",
        "8.5.12",
        "8.5.13",
        "8.5.14",
        "8.5.15",
        "8.5.16",
        "8.5.19",
        "8.5.2",
        "8.5.20",
        "8.5.21",
        "8.5.23",
        "8.5.24",
        "8.5.27",
        "8.5.28",
        "8.5.29",
        "8.5.3",
        "8.5.30",
        "8.5.31",
        "8.5.32",
        "8.5.33",
        "8.5.4",
        "8.5.5",
        "8.5.6",
        "8.5.8",
        "8.5.9"
      ],
      "database_specific": {
        "source": "https://github.com/github/advisory-database/blob/main/advisories/github-reviewed/2018/10/GHSA-5q99-f34m-67gc/GHSA-5q99-f34m-67gc.json"
      }
    },
    {
      "package": {
        "name": "org.apache.tomcat.embed:tomcat-embed-core",
        "ecosystem": "Maven",
        "purl": "pkg:maven/org.apache.tomcat.embed/tomcat-embed-core"
      },
      "ranges": [
        {
          "type": "ECOSYSTEM",
          "events": [
            {
              "introduced": "7.0.23"
            },
            {
              "fixed": "7.0.91"
            }
          ]
        }
      ],
      "versions": [
        "7.0.23",
        "7.0.25",
        "7.0.26",
        "7.0.27",
        "7.0.28",
        "7.0.29",
        "7.0.30",
        "7.0.32",
        "7.0.33",
        "7.0.34",
        "7.0.35",
        "7.0.37",
        "7.0.39",
        "7.0.40",
        "7.0.41",
        "7.0.42",
        "7.0.47",
        "7.0.50",
        "7.0.52",
        "7.0.53",
        "7.0.54",
        "7.0.55",
        "7.0.56",
        "7.0.57",
        "7.0.59",
        "7.0.61",
        "7.0.62",
        "7.0.63",
        "7.0.64",
        "7.0.65",
        "7.0.67",
        "7.0.68",
        "7.0.69",
        "7.0.70",
        "7.0.72",
        "7.0.73",
        "7.0.75",
        "7.0.76",
        "7.0.77",
        "7.0.78",
        "7.0.79",
        "7.0.81",
        "7.0.82",
        "7.0.84",
        "7.0.85",
        "7.0.86",
        "7.0.88",
        "7.0.90"
      ],
      "database_specific": {
        "source": "https://github.com/github/advisory-database/blob/main/advisories/github-reviewed/2018/10/GHSA-5q99-f34m-67gc/GHSA-5q99-f34m-67gc.json"
      }
    },
    {
      "package": {
        "name": "org.apache.tomcat.embed:tomcat-embed-core",
        "ecosystem": "Maven",
        "purl": "pkg:maven/org.apache.tomcat.embed/tomcat-embed-core"
      },
      "ranges": [
        {
          "type": "ECOSYSTEM",
          "events": [
            {
              "introduced": "9.0.0"
            },
            {
              "fixed": "9.0.12"
            }
          ]
        }
      ],
      "versions": [
        "9.0.1",
        "9.0.10",
        "9.0.11",
        "9.0.2",
        "9.0.4",
        "9.0.5",
        "9.0.6",
        "9.0.7",
        "9.0.8"
      ],
      "database_specific": {
        "source": "https://github.com/github/advisory-database/blob/main/advisories/github-reviewed/2018/10/GHSA-5q99-f34m-67gc/GHSA-5q99-f34m-67gc.json"
      }
    }
  ],
  "schema_version": "1.2.0",
  "severity": [
    {
      "type": "CVSS_V3",
      "score": "CVSS:3.0/AV:N/AC:L/PR:N/UI:R/S:U/C:N/I:L/A:N"
    }
  ]
}