{
  "id": "GHSA-9279-7hph-r3xw",
  "summary": "Buffer Overflow in Apache Mina SSHD",
  "details": "A vulnerability in sshd-core of Apache Mina SSHD allows an attacker to overflow the server causing an OutOfMemory error. This issue affects the SFTP and port forwarding features of Apache Mina SSHD version 2.0.0 and later versions. It was addressed in Apache Mina SSHD 2.7.0",
  "aliases": [
    "CVE-2021-30129"
  ],
  "modified": "2022-03-02T05:21:15.419585Z",
  "published": "2021-08-02T16:54:09Z",
  "database_specific": {
    "github_reviewed": true,
    "cwe_ids": [
      "CWE-772"
    ],
    "severity": "HIGH"
  },
  "references": [
    {
      "type": "ADVISORY",
      "url": "https://nvd.nist.gov/vuln/detail/CVE-2021-30129"
    },
    {
      "type": "WEB",
      "url": "https://issues.apache.org/jira/browse/SSHD-1125"
    },
    {
      "type": "WEB",
      "url": "https://lists.apache.org/thread.html/r6d4f78e192a0c8eabd671a018da464024642980ecd24096bde6db36f%40%3Cusers.mina.apache.org%3E"
    },
    {
      "type": "WEB",
      "url": "https://lists.apache.org/thread.html/r6d4f78e192a0c8eabd671a018da464024642980ecd24096bde6db36f@%3Cusers.mina.apache.org%3E"
    },
    {
      "type": "WEB",
      "url": "https://lists.apache.org/thread.html/red01829efa2a8c893c4baff4f23c9312bd938543a9b8658e172b853b@%3Cannounce.apache.org%3E"
    },
    {
      "type": "WEB",
      "url": "http://www.openwall.com/lists/oss-security/2021/07/12/1"
    }
  ],
  "affected": [
    {
      "package": {
        "name": "org.apache.sshd:sshd-mina",
        "ecosystem": "Maven",
        "purl": "pkg:maven/org.apache.sshd/sshd-mina"
      },
      "ranges": [
        {
          "type": "ECOSYSTEM",
          "events": [
            {
              "introduced": "2.0.0"
            },
            {
              "fixed": "2.7.0"
            }
          ]
        }
      ],
      "versions": [
        "2.0.0",
        "2.1.0",
        "2.2.0",
        "2.3.0",
        "2.4.0",
        "2.5.0",
        "2.5.1",
        "2.6.0"
      ],
      "database_specific": {
        "source": "https://github.com/github/advisory-database/blob/main/advisories/github-reviewed/2021/08/GHSA-9279-7hph-r3xw/GHSA-9279-7hph-r3xw.json"
      }
    },
    {
      "package": {
        "name": "org.apache.sshd:sshd-core",
        "ecosystem": "Maven",
        "purl": "pkg:maven/org.apache.sshd/sshd-core"
      },
      "ranges": [
        {
          "type": "ECOSYSTEM",
          "events": [
            {
              "introduced": "2.0.0"
            },
            {
              "fixed": "2.7.0"
            }
          ]
        }
      ],
      "versions": [
        "2.0.0",
        "2.1.0",
        "2.2.0",
        "2.3.0",
        "2.4.0",
        "2.5.0",
        "2.5.1",
        "2.6.0"
      ],
      "database_specific": {
        "source": "https://github.com/github/advisory-database/blob/main/advisories/github-reviewed/2021/08/GHSA-9279-7hph-r3xw/GHSA-9279-7hph-r3xw.json"
      }
    }
  ],
  "schema_version": "1.2.0",
  "severity": [
    {
      "type": "CVSS_V3",
      "score": "CVSS:3.1/AV:N/AC:L/PR:N/UI:N/S:U/C:N/I:N/A:H"
    }
  ]
}