{
  "id": "GHSA-3264-3fm9-fg44",
  "summary": "Infinite Loop in Apache Tika",
  "details": "A carefully crafted or corrupt PSD file can cause an infinite loop in Apache Tika's PSDParser in versions 1.0-1.23.",
  "aliases": [
    "CVE-2020-1951"
  ],
  "modified": "2022-03-02T05:21:33.589602Z",
  "published": "2021-05-07T15:54:00Z",
  "database_specific": {
    "cwe_ids": [
      "CWE-835"
    ],
    "github_reviewed": true,
    "severity": "MODERATE"
  },
  "references": [
    {
      "type": "ADVISORY",
      "url": "https://nvd.nist.gov/vuln/detail/CVE-2020-1951"
    },
    {
      "type": "WEB",
      "url": "https://lists.apache.org/thread.html/rd8c1b42bd0e31870d804890b3f00b13d837c528f7ebaf77031323172%40%3Cdev.tika.apache.org%3E"
    },
    {
      "type": "WEB",
      "url": "https://lists.debian.org/debian-lts-announce/2020/03/msg00035.html"
    },
    {
      "type": "WEB",
      "url": "https://usn.ubuntu.com/4564-1/"
    },
    {
      "type": "WEB",
      "url": "https://www.oracle.com/security-alerts/cpujul2020.html"
    },
    {
      "type": "WEB",
      "url": "https://www.oracle.com/security-alerts/cpuoct2020.html"
    }
  ],
  "affected": [
    {
      "package": {
        "name": "org.apache.tika:tika",
        "ecosystem": "Maven",
        "purl": "pkg:maven/org.apache.tika/tika"
      },
      "ranges": [
        {
          "type": "ECOSYSTEM",
          "events": [
            {
              "introduced": "1.0"
            },
            {
              "fixed": "1.24"
            }
          ]
        }
      ],
      "versions": [
        "1.10",
        "1.11",
        "1.12",
        "1.13",
        "1.14",
        "1.15",
        "1.16",
        "1.17",
        "1.18",
        "1.19",
        "1.19.1",
        "1.20",
        "1.21",
        "1.22",
        "1.23",
        "1.6",
        "1.7",
        "1.8",
        "1.9"
      ],
      "database_specific": {
        "last_known_affected_version_range": "<= 1.23",
        "source": "https://github.com/github/advisory-database/blob/main/advisories/github-reviewed/2021/05/GHSA-3264-3fm9-fg44/GHSA-3264-3fm9-fg44.json"
      }
    }
  ],
  "schema_version": "1.2.0",
  "severity": [
    {
      "type": "CVSS_V3",
      "score": "CVSS:3.1/AV:L/AC:L/PR:N/UI:R/S:U/C:N/I:N/A:H"
    }
  ]
}