{
  "id": "GHSA-9448-c9wq-jg9v",
  "summary": "Moderate severity vulnerability that affects org.apache.karaf:apache-karaf",
  "details": "In Apache Karaf prior to 4.2.0 release, if the sshd service in Karaf is left on so an administrator can manage the running instance, any user with rights to the Karaf console can pivot and read/write any file on the file system to which the Karaf process user has access. This can be locked down a bit by using chroot to change the root directory to protect files outside of the Karaf install directory; it can be further locked down by defining a security manager policy that limits file system access to those directories beneath the Karaf home that are necessary for the system to run. However, this still allows anyone with ssh access to the Karaf process to read and write a large number of files as the Karaf process user.",
  "aliases": [
    "CVE-2018-11786"
  ],
  "modified": "2022-03-02T05:21:50.864411Z",
  "published": "2018-12-21T17:49:33Z",
  "database_specific": {
    "severity": "HIGH",
    "github_reviewed": true,
    "cwe_ids": [
      "CWE-269"
    ]
  },
  "references": [
    {
      "type": "ADVISORY",
      "url": "https://nvd.nist.gov/vuln/detail/CVE-2018-11786"
    },
    {
      "type": "ADVISORY",
      "url": "https://github.com/advisories/GHSA-9448-c9wq-jg9v"
    },
    {
      "type": "WEB",
      "url": "https://issues.apache.org/jira/browse/KARAF-5427"
    },
    {
      "type": "WEB",
      "url": "https://lists.apache.org/thread.html/5b7ac762c6bbe77ac5d9389f093fc6dbf196c36d788e3d7629e6c1d9@%3Cdev.karaf.apache.org%3E"
    },
    {
      "type": "WEB",
      "url": "http://karaf.apache.org/security/cve-2018-11786.txt"
    }
  ],
  "affected": [
    {
      "package": {
        "name": "org.apache.karaf:apache-karaf",
        "ecosystem": "Maven",
        "purl": "pkg:maven/org.apache.karaf/apache-karaf"
      },
      "ranges": [
        {
          "type": "ECOSYSTEM",
          "events": [
            {
              "introduced": "0"
            },
            {
              "fixed": "4.2.0"
            }
          ]
        }
      ],
      "versions": [
        "2.0.0",
        "2.1.0",
        "2.1.1",
        "2.1.2",
        "2.1.3",
        "2.1.4",
        "2.1.5",
        "2.1.6",
        "2.2.0",
        "2.2.1",
        "2.2.10",
        "2.2.11",
        "2.2.2",
        "2.2.3",
        "2.2.4",
        "2.2.5",
        "2.2.6",
        "2.2.7",
        "2.2.8",
        "2.2.9",
        "2.3.0",
        "2.3.1",
        "2.3.10",
        "2.3.11",
        "2.3.12",
        "2.3.2",
        "2.3.3",
        "2.3.4",
        "2.3.5",
        "2.3.6",
        "2.3.7",
        "2.3.8",
        "2.3.9",
        "2.4.0",
        "2.4.1",
        "2.4.2",
        "2.4.3",
        "2.4.4",
        "3.0.0",
        "3.0.0.RC1",
        "3.0.1",
        "3.0.10",
        "3.0.2",
        "3.0.3",
        "3.0.4",
        "3.0.5",
        "3.0.6",
        "3.0.7",
        "3.0.8",
        "3.0.9",
        "4.0.0",
        "4.0.0.M1",
        "4.0.0.M2",
        "4.0.0.M3",
        "4.0.1",
        "4.0.10",
        "4.0.2",
        "4.0.3",
        "4.0.4",
        "4.0.5",
        "4.0.6",
        "4.0.7",
        "4.0.8",
        "4.0.9",
        "4.1.0",
        "4.1.1",
        "4.1.2",
        "4.1.3",
        "4.1.4",
        "4.1.5",
        "4.1.6",
        "4.1.7",
        "4.2.0.M1",
        "4.2.0.M2"
      ],
      "database_specific": {
        "source": "https://github.com/github/advisory-database/blob/main/advisories/github-reviewed/2018/12/GHSA-9448-c9wq-jg9v/GHSA-9448-c9wq-jg9v.json"
      }
    }
  ],
  "schema_version": "1.2.0",
  "severity": [
    {
      "type": "CVSS_V3",
      "score": "CVSS:3.0/AV:N/AC:L/PR:L/UI:N/S:U/C:H/I:H/A:H"
    }
  ]
}