{
  "id": "GHSA-2289-pqfq-6wx7",
  "summary": "Unrestricted upload of file with dangerous type in Apache Solr",
  "details": "The 8.1.1 and 8.2.0 releases of Apache Solr contain an insecure setting for the ENABLE_REMOTE_JMX_OPTS configuration option in the default solr.in.sh configuration file shipping with Solr. If you use the default solr.in.sh file from the affected releases, then JMX monitoring will be enabled and exposed on RMI_PORT (default=18983), without any authentication. If this port is opened for inbound traffic in your firewall, then anyone with network access to your Solr nodes will be able to access JMX, which may in turn allow them to upload malicious code for execution on the Solr server.",
  "aliases": [
    "CVE-2019-12409"
  ],
  "modified": "2022-03-02T05:21:30.208068Z",
  "published": "2020-01-28T22:26:54Z",
  "database_specific": {
    "severity": "CRITICAL",
    "github_reviewed": true,
    "cwe_ids": [
      "CWE-434"
    ]
  },
  "references": [
    {
      "type": "ADVISORY",
      "url": "https://nvd.nist.gov/vuln/detail/CVE-2019-12409"
    },
    {
      "type": "WEB",
      "url": "https://github.com/github/advisory-review/pull/12462"
    },
    {
      "type": "WEB",
      "url": "https://github.com/DrunkenShells/Disclosures/tree/master/CVE-2019-12409-RCE%20Vulnerability%20Due%20to%20Bad%20Defalut%20Config-Apache%20Solr"
    },
    {
      "type": "WEB",
      "url": "https://issues.apache.org/jira/browse/SOLR-13647"
    },
    {
      "type": "WEB",
      "url": "https://lists.apache.org/thread.html/47e112035b4aa67ece3b75dbcd1b9c9212895b9dfe2a71f6f7c174e2@%3Cannounce.apache.org%3E"
    },
    {
      "type": "WEB",
      "url": "https://lists.apache.org/thread.html/6640c7e370fce2b74e466a605a46244ccc40666ad9e3064a4e04a85d@%3Csolr-user.lucene.apache.org%3E"
    },
    {
      "type": "WEB",
      "url": "https://lists.apache.org/thread.html/925cdb49ceae78baddb45da7beb9b4d2b1ddc4a8e318c65e91fb4e87@%3Cissues.lucene.apache.org%3E"
    },
    {
      "type": "WEB",
      "url": "https://lists.apache.org/thread.html/a044eae4f6f5b0160ece5bf9cc4c0dad90ce7dd9bb210a9dc50b54be@%3Cgeneral.lucene.apache.org%3E"
    },
    {
      "type": "WEB",
      "url": "https://lists.apache.org/thread.html/ce7c0b456b15f6c7518adefa54ec948fed6de8e951a2584500c1e541@%3Cissues.lucene.apache.org%3E"
    },
    {
      "type": "WEB",
      "url": "https://support.f5.com/csp/article/K23720587?utm_source=f5support&amp;utm_medium=RSS"
    }
  ],
  "affected": [
    {
      "package": {
        "name": "org.apache.solr:solr-core",
        "ecosystem": "Maven",
        "purl": "pkg:maven/org.apache.solr/solr-core"
      },
      "ranges": [
        {
          "type": "ECOSYSTEM",
          "events": [
            {
              "introduced": "8.1.1"
            },
            {
              "fixed": "8.3.0"
            }
          ]
        }
      ],
      "versions": [
        "8.1.1",
        "8.2.0"
      ],
      "database_specific": {
        "last_known_affected_version_range": "<= 8.2.0",
        "source": "https://github.com/github/advisory-database/blob/main/advisories/github-reviewed/2020/01/GHSA-2289-pqfq-6wx7/GHSA-2289-pqfq-6wx7.json"
      }
    }
  ],
  "schema_version": "1.2.0",
  "severity": [
    {
      "type": "CVSS_V3",
      "score": "CVSS:3.1/AV:N/AC:L/PR:N/UI:N/S:U/C:H/I:H/A:H"
    }
  ]
}