{
  "id": "GHSA-32xf-jwmv-9hf3",
  "summary": "Directory traversal attack in Spring Cloud Config",
  "details": "Spring Cloud Config, versions 2.2.x prior to 2.2.3, versions 2.1.x prior to 2.1.9, and older unsupported versions allow applications to serve arbitrary configuration files through the spring-cloud-config-server module. A malicious user, or attacker, can send a request using a specially crafted URL that can lead to a directory traversal attack.",
  "aliases": [
    "CVE-2020-5410"
  ],
  "modified": "2022-03-02T05:21:53.521131Z",
  "published": "2020-06-05T16:13:20Z",
  "database_specific": {
    "cwe_ids": [
      "CWE-23"
    ],
    "github_reviewed": true,
    "severity": "MODERATE"
  },
  "references": [
    {
      "type": "ADVISORY",
      "url": "https://nvd.nist.gov/vuln/detail/CVE-2020-5410"
    },
    {
      "type": "WEB",
      "url": "https://tanzu.vmware.com/security/cve-2020-5410"
    }
  ],
  "affected": [
    {
      "package": {
        "name": "org.springframework.cloud:spring-cloud-config-server",
        "ecosystem": "Maven",
        "purl": "pkg:maven/org.springframework.cloud/spring-cloud-config-server"
      },
      "ranges": [
        {
          "type": "ECOSYSTEM",
          "events": [
            {
              "introduced": "2.1.0"
            },
            {
              "fixed": "2.1.9"
            }
          ]
        }
      ],
      "versions": [
        "2.1.0.RELEASE",
        "2.1.1.RELEASE",
        "2.1.2.RELEASE",
        "2.1.3.RELEASE",
        "2.1.4.RELEASE",
        "2.1.5.RELEASE",
        "2.1.6.RELEASE",
        "2.1.7.RELEASE",
        "2.1.8.RELEASE"
      ],
      "database_specific": {
        "source": "https://github.com/github/advisory-database/blob/main/advisories/github-reviewed/2020/06/GHSA-32xf-jwmv-9hf3/GHSA-32xf-jwmv-9hf3.json"
      }
    },
    {
      "package": {
        "name": "org.springframework.cloud:spring-cloud-config-server",
        "ecosystem": "Maven",
        "purl": "pkg:maven/org.springframework.cloud/spring-cloud-config-server"
      },
      "ranges": [
        {
          "type": "ECOSYSTEM",
          "events": [
            {
              "introduced": "2.2.0"
            },
            {
              "fixed": "2.2.3"
            }
          ]
        }
      ],
      "versions": [
        "2.2.0.RELEASE",
        "2.2.1.RELEASE",
        "2.2.2.RELEASE"
      ],
      "database_specific": {
        "source": "https://github.com/github/advisory-database/blob/main/advisories/github-reviewed/2020/06/GHSA-32xf-jwmv-9hf3/GHSA-32xf-jwmv-9hf3.json"
      }
    }
  ],
  "schema_version": "1.2.0"
}