{
  "id": "GHSA-8grg-q944-cch5",
  "summary": "SQL Injection in Hibernate ORM",
  "details": "A flaw was found in Hibernate ORM in versions before 5.3.18, 5.4.18 and 5.5.0.Beta1. A SQL injection in the implementation of the JPA Criteria API can permit unsanitized literals when a literal is used in the SELECT or GROUP BY parts of the query. This flaw could allow an attacker to access unauthorized information or possibly conduct further attacks.",
  "aliases": [
    "CVE-2019-14900"
  ],
  "modified": "2022-02-11T21:12:41Z",
  "published": "2022-02-10T23:05:04Z",
  "database_specific": {
    "cwe_ids": [
      "CWE-89"
    ],
    "github_reviewed": true,
    "severity": "MODERATE"
  },
  "references": [
    {
      "type": "ADVISORY",
      "url": "https://nvd.nist.gov/vuln/detail/CVE-2019-14900"
    },
    {
      "type": "WEB",
      "url": "https://bugzilla.redhat.com/show_bug.cgi?id=1666499"
    },
    {
      "type": "WEB",
      "url": "https://lists.apache.org/thread.html/r833c1276e41334fa675848a08daf0c61f39009f9f9a400d9f7006d44@%3Cdev.turbine.apache.org%3E"
    },
    {
      "type": "WEB",
      "url": "https://security.netapp.com/advisory/ntap-20220210-0020/"
    }
  ],
  "affected": [
    {
      "package": {
        "name": "org.infinispan:infinispan-hibernate-cache-v53",
        "ecosystem": "Maven",
        "purl": "pkg:maven/org.infinispan/infinispan-hibernate-cache-v53"
      },
      "ranges": [
        {
          "type": "ECOSYSTEM",
          "events": [
            {
              "introduced": "0"
            },
            {
              "fixed": "5.3.18"
            }
          ]
        }
      ],
      "database_specific": {
        "source": "https://github.com/github/advisory-database/blob/main/advisories/github-reviewed/2022/02/GHSA-8grg-q944-cch5/GHSA-8grg-q944-cch5.json"
      },
      "versions": []
    },
    {
      "package": {
        "name": "org.infinispan:infinispan-hibernate-cache-v53",
        "ecosystem": "Maven",
        "purl": "pkg:maven/org.infinispan/infinispan-hibernate-cache-v53"
      },
      "ranges": [
        {
          "type": "ECOSYSTEM",
          "events": [
            {
              "introduced": "5.4.0"
            },
            {
              "fixed": "5.4.18"
            }
          ]
        }
      ],
      "database_specific": {
        "source": "https://github.com/github/advisory-database/blob/main/advisories/github-reviewed/2022/02/GHSA-8grg-q944-cch5/GHSA-8grg-q944-cch5.json"
      },
      "versions": []
    },
    {
      "package": {
        "name": "org.infinispan:infinispan-hibernate-cache-v53",
        "ecosystem": "Maven",
        "purl": "pkg:maven/org.infinispan/infinispan-hibernate-cache-v53"
      },
      "ranges": [
        {
          "type": "ECOSYSTEM",
          "events": [
            {
              "introduced": "5.5.0.Alpha1"
            },
            {
              "fixed": "5.5.0"
            }
          ]
        }
      ],
      "database_specific": {
        "source": "https://github.com/github/advisory-database/blob/main/advisories/github-reviewed/2022/02/GHSA-8grg-q944-cch5/GHSA-8grg-q944-cch5.json",
        "last_known_affected_version_range": "<= 5.5.0.Beta1"
      },
      "versions": []
    }
  ],
  "schema_version": "1.2.0",
  "severity": [
    {
      "type": "CVSS_V3",
      "score": "CVSS:3.1/AV:N/AC:L/PR:L/UI:N/S:U/C:H/I:N/A:N"
    }
  ]
}