{
  "id": "GHSA-26p8-xrj2-mv53",
  "summary": "Apache NiFi process group information disclosure",
  "details": "When updating a Process Group via the API in NiFi versions 1.3.0 to 1.9.2, the response to the request includes all of its contents (at the top most level, not recursively). The response included details about processors and controller services which the user may not have had read access to.",
  "aliases": [
    "CVE-2019-10083"
  ],
  "modified": "2022-03-02T05:19:25.748369Z",
  "published": "2019-12-02T18:18:37Z",
  "database_specific": {
    "cwe_ids": [
      "CWE-200"
    ],
    "github_reviewed": true,
    "severity": "MODERATE"
  },
  "references": [
    {
      "type": "ADVISORY",
      "url": "https://nvd.nist.gov/vuln/detail/CVE-2019-10083"
    },
    {
      "type": "WEB",
      "url": "https://lists.apache.org/thread.html/rca37935d661f4689cb4119f1b3b224413b22be161b678e6e6ce0c69b@%3Ccommits.nifi.apache.org%3E"
    },
    {
      "type": "WEB",
      "url": "https://nifi.apache.org/security.html#CVE-2019-10083"
    }
  ],
  "affected": [
    {
      "package": {
        "name": "org.apache.nifi:nifi-web-api",
        "ecosystem": "Maven",
        "purl": "pkg:maven/org.apache.nifi/nifi-web-api"
      },
      "ranges": [
        {
          "type": "ECOSYSTEM",
          "events": [
            {
              "introduced": "1.3.0"
            },
            {
              "fixed": "1.10.0"
            }
          ]
        }
      ],
      "versions": [
        "1.3.0",
        "1.4.0",
        "1.5.0",
        "1.6.0",
        "1.7.0",
        "1.7.1",
        "1.8.0",
        "1.9.0",
        "1.9.1",
        "1.9.2"
      ],
      "database_specific": {
        "source": "https://github.com/github/advisory-database/blob/main/advisories/github-reviewed/2019/12/GHSA-26p8-xrj2-mv53/GHSA-26p8-xrj2-mv53.json"
      }
    },
    {
      "package": {
        "name": "org.apache.nifi:nifi",
        "ecosystem": "Maven",
        "purl": "pkg:maven/org.apache.nifi/nifi"
      },
      "ranges": [
        {
          "type": "ECOSYSTEM",
          "events": [
            {
              "introduced": "1.3.0"
            },
            {
              "fixed": "1.10.0"
            }
          ]
        }
      ],
      "versions": [
        "1.3.0",
        "1.4.0",
        "1.5.0",
        "1.6.0",
        "1.7.0",
        "1.7.1",
        "1.8.0",
        "1.9.0",
        "1.9.1",
        "1.9.2"
      ],
      "database_specific": {
        "source": "https://github.com/github/advisory-database/blob/main/advisories/github-reviewed/2019/12/GHSA-26p8-xrj2-mv53/GHSA-26p8-xrj2-mv53.json"
      }
    }
  ],
  "schema_version": "1.2.0",
  "severity": [
    {
      "type": "CVSS_V3",
      "score": "CVSS:3.1/AV:N/AC:L/PR:N/UI:N/S:U/C:L/I:N/A:N"
    }
  ]
}