{
  "id": "GHSA-6fvx-r7hx-3vh6",
  "summary": "Moderate severity vulnerability that affects net.bull.javamelody:javamelody-core",
  "details": "JavaMelody before 1.74.0 has XXE via parseSoapMethodName in bull/javamelody/PayloadNameRequestWrapper.java.",
  "aliases": [
    "CVE-2018-15531"
  ],
  "modified": "2022-03-02T05:21:19.302541Z",
  "published": "2018-10-17T18:28:00Z",
  "database_specific": {
    "github_reviewed": true,
    "severity": "CRITICAL",
    "cwe_ids": [
      "CWE-611"
    ]
  },
  "references": [
    {
      "type": "ADVISORY",
      "url": "https://nvd.nist.gov/vuln/detail/CVE-2018-15531"
    },
    {
      "type": "WEB",
      "url": "https://github.com/javamelody/javamelody/commit/ef111822562d0b9365bd3e671a75b65bd0613353"
    },
    {
      "type": "ADVISORY",
      "url": "https://github.com/advisories/GHSA-6fvx-r7hx-3vh6"
    },
    {
      "type": "WEB",
      "url": "https://github.com/javamelody/javamelody/wiki/ReleaseNotes"
    },
    {
      "type": "WEB",
      "url": "https://jenkins.io/security/advisory/2018-09-25/"
    },
    {
      "type": "WEB",
      "url": "http://www.openwall.com/lists/oss-security/2018/09/25/3"
    },
    {
      "type": "PACKAGE",
      "url": "https://github.com/javamelody/javamelody"
    }
  ],
  "affected": [
    {
      "package": {
        "name": "net.bull.javamelody:javamelody-core",
        "ecosystem": "Maven",
        "purl": "pkg:maven/net.bull.javamelody/javamelody-core"
      },
      "ranges": [
        {
          "type": "ECOSYSTEM",
          "events": [
            {
              "introduced": "0"
            },
            {
              "fixed": "1.74.0"
            }
          ]
        }
      ],
      "versions": [
        "1.10.0",
        "1.11.0",
        "1.11.1",
        "1.12.0",
        "1.13.0",
        "1.14.0",
        "1.15.0",
        "1.16.0",
        "1.16.1",
        "1.17.0",
        "1.18.0",
        "1.19.0",
        "1.20.0",
        "1.21.0",
        "1.22.0",
        "1.23.0",
        "1.31.0",
        "1.32.0",
        "1.32.1",
        "1.33.0",
        "1.34.0",
        "1.35.0",
        "1.36.0",
        "1.37.0",
        "1.38.0",
        "1.39.0",
        "1.40.0",
        "1.41.0",
        "1.42.0",
        "1.43.0",
        "1.44.0",
        "1.45.0",
        "1.46.0",
        "1.47.0",
        "1.48.0",
        "1.49.0",
        "1.50.0",
        "1.51.0",
        "1.52.0",
        "1.53.0",
        "1.54.0",
        "1.55.0",
        "1.56.0",
        "1.57.0",
        "1.58.0",
        "1.59.0",
        "1.60.0",
        "1.61.0",
        "1.62.0",
        "1.63.0",
        "1.64.0",
        "1.65.0",
        "1.66.0",
        "1.67.0",
        "1.68.0",
        "1.68.1",
        "1.69.0",
        "1.70.0",
        "1.71.0",
        "1.72.0",
        "1.73.0",
        "1.73.1",
        "1.8.1",
        "1.8.2",
        "1.9.0"
      ],
      "database_specific": {
        "source": "https://github.com/github/advisory-database/blob/main/advisories/github-reviewed/2018/10/GHSA-6fvx-r7hx-3vh6/GHSA-6fvx-r7hx-3vh6.json"
      }
    }
  ],
  "schema_version": "1.2.0",
  "severity": [
    {
      "type": "CVSS_V3",
      "score": "CVSS:3.0/AV:N/AC:L/PR:N/UI:N/S:U/C:H/I:H/A:H"
    }
  ]
}