{
  "id": "GHSA-23x4-m842-fmwf",
  "summary": "Creation of Temporary File in Directory with Insecure Permissions in the OpenAPI-Generator online generator",
  "details": "### Impact\n\nOn Unix like systems, the system's temporary directory is shared between all users on that system. A collocated user can observe the process of creating a temporary sub directory in the shared temporary directory and race to complete the creation of the temporary subdirectory.\n\nThis vulnerability is local privilege escalation because the contents of the outputFolder can be appended to by an attacker. As such, code written to this directory, when executed can be attacker controlled.\n\nopenapi-generator-online creates insecure temporary folders with `File.createTempFile` during the code generation process. The insecure temporary folders store the auto-generated files which can be read and appended to by any users on the system.\n\n### Vulnerable Code\n\nhttps://github.com/OpenAPITools/openapi-generator/blob/c6530519975341d7784a252132b2f0854f488901/modules/openapi-generator-online/src/main/java/org/openapitools/codegen/online/service/Generator.java#L184-L187\n\nThis vulnerability exists due to a race condition between the deletion of the randomly generated temporary file and the creation of the temporary directory.\n\n```java\nFile outputFolder = File.createTempFile(\"codegen-\", \"-tmp\"); // Attacker knows the full path of the file that will be generated\n// delete the file that was created\noutputFolder.delete(); // Attacker sees file is deleted and begins a race to create their own directory before the code generator\n// and make a directory of the same name\n// SECURITY VULNERABILITY: Race Condition! - Attacker beats the code generator and now owns this directory\noutputFolder.mkdir();\n```\n\n### Patches\nThe issue has been patched by changing the underlying logic to use `Files.createTempFile` and has been released in the v5.1.0 stable version.\n\nThis vulnerability has the same root cause as CVE-2021-21363 from the `swagger-api/swagger-codegen` project as this project and that one both share the same original source tree.\nSee: https://github.com/swagger-api/swagger-codegen/security/advisories/GHSA-pc22-3g76-gm6j\n\n### For more information\nIf you have any questions or comments about this advisory:\n* Open an issue in [OpenAPI Generator Github repo](https://github.com/openAPITools/openapi-generator/)\n* Email us at [security@openapitools.org](mailto:security@openapitools.org)",
  "aliases": [
    "CVE-2021-21428"
  ],
  "modified": "2022-03-02T05:21:57.962246Z",
  "published": "2021-05-11T00:04:40Z",
  "database_specific": {
    "github_reviewed": true,
    "cwe_ids": [
      "CWE-269",
      "CWE-377",
      "CWE-378",
      "CWE-379"
    ],
    "severity": "HIGH"
  },
  "references": [
    {
      "type": "WEB",
      "url": "https://github.com/OpenAPITools/openapi-generator/security/advisories/GHSA-23x4-m842-fmwf"
    },
    {
      "type": "WEB",
      "url": "https://github.com/swagger-api/swagger-codegen/security/advisories/GHSA-pc22-3g76-gm6j"
    },
    {
      "type": "ADVISORY",
      "url": "https://nvd.nist.gov/vuln/detail/CVE-2021-21428"
    },
    {
      "type": "WEB",
      "url": "https://github.com/OpenAPITools/openapi-generator/pull/8788"
    },
    {
      "type": "WEB",
      "url": "https://github.com/OpenAPITools/openapi-generator/blob/c6530519975341d7784a252132b2f0854f488901/modules/openapi-generator-online/src/main/java/org/openapitools/codegen/online/service/Generator.java#L184-L187"
    }
  ],
  "affected": [
    {
      "package": {
        "name": "org.openapitools:openapi-generator-online",
        "ecosystem": "Maven",
        "purl": "pkg:maven/org.openapitools/openapi-generator-online"
      },
      "ranges": [
        {
          "type": "ECOSYSTEM",
          "events": [
            {
              "introduced": "0"
            },
            {
              "fixed": "5.1.0"
            }
          ]
        }
      ],
      "versions": [
        "3.0.0",
        "3.0.1",
        "3.0.2",
        "3.0.3",
        "3.1.0",
        "3.1.1",
        "3.1.2",
        "3.2.0",
        "3.2.1",
        "3.2.2",
        "3.2.3",
        "3.3.0",
        "3.3.1",
        "3.3.2",
        "3.3.3",
        "3.3.4",
        "4.0.0",
        "4.0.0-beta",
        "4.0.0-beta2",
        "4.0.0-beta3",
        "4.0.1",
        "4.0.2",
        "4.0.3",
        "4.1.0",
        "4.1.1",
        "4.1.2",
        "4.1.3",
        "4.2.0",
        "4.2.1",
        "4.2.2",
        "4.2.3",
        "4.3.0",
        "4.3.1",
        "5.0.0",
        "5.0.0-beta",
        "5.0.0-beta2",
        "5.0.0-beta3",
        "5.0.1"
      ],
      "database_specific": {
        "source": "https://github.com/github/advisory-database/blob/main/advisories/github-reviewed/2021/05/GHSA-23x4-m842-fmwf/GHSA-23x4-m842-fmwf.json"
      }
    }
  ],
  "schema_version": "1.2.0",
  "severity": [
    {
      "type": "CVSS_V3",
      "score": "CVSS:3.1/AV:L/AC:L/PR:N/UI:N/S:C/C:H/I:H/A:H"
    }
  ]
}