{
  "id": "GHSA-cfqj-9g2g-w7q6",
  "summary": "Cross-site Scripting in Apache JSPWiki",
  "details": "A carefully crafted plugin link invocation could trigger an XSS vulnerability on Apache JSPWiki, related to the Denounce plugin, which could allow the attacker to execute javascript in the victim's browser and get some sensitive information about the victim. Apache JSPWiki users should upgrade to 2.11.0 or later.",
  "aliases": [
    "CVE-2021-40369"
  ],
  "modified": "2022-03-02T05:21:10.805396Z",
  "published": "2021-12-02T17:49:14Z",
  "database_specific": {
    "severity": "MODERATE",
    "cwe_ids": [
      "CWE-79"
    ],
    "github_reviewed": true
  },
  "references": [
    {
      "type": "ADVISORY",
      "url": "https://nvd.nist.gov/vuln/detail/CVE-2021-40369"
    },
    {
      "type": "WEB",
      "url": "https://jspwiki-wiki.apache.org/Wiki.jsp?page=CVE-2021-40369"
    },
    {
      "type": "WEB",
      "url": "https://lists.apache.org/thread/r2j00nrnpjgcmoxvlv3pgfoq9kzrcsfh"
    },
    {
      "type": "PACKAGE",
      "url": "https://github.com/apache/jspwiki"
    }
  ],
  "affected": [
    {
      "package": {
        "name": "org.apache.jspwiki:jspwiki-main",
        "ecosystem": "Maven",
        "purl": "pkg:maven/org.apache.jspwiki/jspwiki-main"
      },
      "ranges": [
        {
          "type": "ECOSYSTEM",
          "events": [
            {
              "introduced": "0"
            },
            {
              "fixed": "2.11.0"
            }
          ]
        }
      ],
      "versions": [
        "2.11.0.M1",
        "2.11.0.M2",
        "2.11.0.M3",
        "2.11.0.M4",
        "2.11.0.M5",
        "2.11.0.M6",
        "2.11.0.M7",
        "2.11.0.M8"
      ],
      "database_specific": {
        "source": "https://github.com/github/advisory-database/blob/main/advisories/github-reviewed/2021/12/GHSA-cfqj-9g2g-w7q6/GHSA-cfqj-9g2g-w7q6.json"
      }
    }
  ],
  "schema_version": "1.2.0",
  "severity": [
    {
      "type": "CVSS_V3",
      "score": "CVSS:3.1/AV:N/AC:L/PR:N/UI:R/S:C/C:L/I:L/A:N"
    }
  ]
}