{
  "id": "GHSA-9qcf-c26r-x5rf",
  "summary": "XML external entity injection in Terracotta Quartz Scheduler",
  "details": "initDocumentParser in xml/XMLSchedulingDataProcessor.java in Terracotta Quartz Scheduler through 2.3.0 allows XXE attacks via a job description.",
  "aliases": [
    "CVE-2019-13990"
  ],
  "modified": "2022-03-02T05:21:56.118639Z",
  "published": "2020-07-01T17:55:03Z",
  "database_specific": {
    "cwe_ids": [
      "CWE-611"
    ],
    "github_reviewed": true,
    "severity": "CRITICAL"
  },
  "references": [
    {
      "type": "ADVISORY",
      "url": "https://nvd.nist.gov/vuln/detail/CVE-2019-13990"
    },
    {
      "type": "WEB",
      "url": "https://github.com/quartz-scheduler/quartz/issues/467"
    },
    {
      "type": "WEB",
      "url": "https://github.com/quartz-scheduler/quartz/pull/501"
    },
    {
      "type": "WEB",
      "url": "https://github.com/quartz-scheduler/quartz/commit/13c1d45aa1db15d0fa0e4997139c99ba219be551"
    },
    {
      "type": "WEB",
      "url": "https://lists.apache.org/thread.html/172d405e556e2f1204be126bb3eb28c5115af91bcc1651b4e870bb82@%3Cdev.tomee.apache.org%3E"
    },
    {
      "type": "WEB",
      "url": "https://lists.apache.org/thread.html/1870324fea41ea68cff2fd1bf6ee2747432dc1d9d22a22cc681e0ec3@%3Cdev.tomee.apache.org%3E"
    },
    {
      "type": "WEB",
      "url": "https://lists.apache.org/thread.html/6b6e3480b19856365fb5eef03aa0915a4679de4b019a1e975502d949@%3Cdev.tomee.apache.org%3E"
    },
    {
      "type": "WEB",
      "url": "https://lists.apache.org/thread.html/e493e718a50f21201e05e82d42a8796b4046e83f0d286b90e58e0629@%3Cdev.tomee.apache.org%3E"
    },
    {
      "type": "WEB",
      "url": "https://lists.apache.org/thread.html/f74b170d3d58d7a24db1afd3908bb0ab58a3900e16e73275674cdfaf@%3Ccommits.tomee.apache.org%3E"
    },
    {
      "type": "WEB",
      "url": "https://lists.apache.org/thread.html/r21df13c8bd2c2eae4b9661aae814c4a2a814d1f7875c765b8b115c9a@%3Ccommits.tomee.apache.org%3E"
    },
    {
      "type": "WEB",
      "url": "https://lists.apache.org/thread.html/r3a6884e8d819f32cde8c07b98934de3e80467859880f784950bf44cf@%3Ccommits.tomee.apache.org%3E"
    },
    {
      "type": "WEB",
      "url": "https://lists.apache.org/thread.html/re9b56ac1934d7bf16afc83eac1c39c98c1b20b4b15891dce923bf8aa@%3Ccommits.tomee.apache.org%3E"
    },
    {
      "type": "WEB",
      "url": "https://snyk.io/vuln/SNYK-JAVA-ORGQUARTZSCHEDULER-461170"
    },
    {
      "type": "WEB",
      "url": "https://www.oracle.com//security-alerts/cpujul2021.html"
    },
    {
      "type": "WEB",
      "url": "https://www.oracle.com/security-alerts/cpuapr2020.html"
    },
    {
      "type": "WEB",
      "url": "https://www.oracle.com/security-alerts/cpujan2021.html"
    },
    {
      "type": "WEB",
      "url": "https://www.oracle.com/security-alerts/cpujul2020.html"
    },
    {
      "type": "WEB",
      "url": "https://www.oracle.com/security-alerts/cpuoct2020.html"
    },
    {
      "type": "WEB",
      "url": "https://www.oracle.com/security-alerts/cpuoct2021.html"
    },
    {
      "type": "PACKAGE",
      "url": "https://github.com/quartz-scheduler/quartz"
    }
  ],
  "affected": [
    {
      "package": {
        "name": "org.quartz-scheduler:quartz",
        "ecosystem": "Maven",
        "purl": "pkg:maven/org.quartz-scheduler/quartz"
      },
      "ranges": [
        {
          "type": "ECOSYSTEM",
          "events": [
            {
              "introduced": "0"
            },
            {
              "fixed": "2.3.2"
            }
          ]
        }
      ],
      "versions": [
        "1.7.2",
        "1.7.3",
        "1.8.0",
        "1.8.1",
        "1.8.2",
        "1.8.3",
        "1.8.4",
        "1.8.5",
        "1.8.6",
        "2.0.0",
        "2.0.1",
        "2.0.2",
        "2.1.0",
        "2.1.1",
        "2.1.2",
        "2.1.3",
        "2.1.4",
        "2.1.5",
        "2.1.6",
        "2.1.7",
        "2.2.0",
        "2.2.1",
        "2.2.2",
        "2.2.3",
        "2.3.0",
        "2.3.1"
      ],
      "database_specific": {
        "source": "https://github.com/github/advisory-database/blob/main/advisories/github-reviewed/2020/07/GHSA-9qcf-c26r-x5rf/GHSA-9qcf-c26r-x5rf.json"
      }
    }
  ],
  "schema_version": "1.2.0",
  "severity": [
    {
      "type": "CVSS_V3",
      "score": "CVSS:3.1/AV:N/AC:L/PR:N/UI:N/S:U/C:H/I:H/A:H"
    }
  ]
}