{
  "id": "GHSA-8cw6-5qvp-q3wj",
  "summary": "Low severity vulnerability that affects org.apache.spark:spark-core_2.10 and org.apache.spark:spark-core_2.11",
  "details": "In Apache Spark 2.1.0 to 2.1.2, 2.2.0 to 2.2.1, and 2.3.0, it's possible  for a malicious user to construct a URL pointing to a Spark cluster's UI's  job and stage info pages, and if a user can be tricked into accessing  the URL, can be used to cause script to execute and expose information  from the user's view of the Spark UI. While some browsers like recent  versions of Chrome and Safari are able to block this type of attack,  current versions of Firefox (and possibly others) do not.",
  "aliases": [
    "CVE-2018-8024"
  ],
  "modified": "2022-03-02T05:21:42.430447Z",
  "published": "2019-03-14T15:40:57Z",
  "database_specific": {
    "github_reviewed": true,
    "cwe_ids": [
      "CWE-200"
    ],
    "severity": "MODERATE"
  },
  "references": [
    {
      "type": "ADVISORY",
      "url": "https://nvd.nist.gov/vuln/detail/CVE-2018-8024"
    },
    {
      "type": "ADVISORY",
      "url": "https://github.com/advisories/GHSA-8cw6-5qvp-q3wj"
    },
    {
      "type": "WEB",
      "url": "https://lists.apache.org/thread.html/5f241d2cda21cbcb3b63e46e474cf5f50cce66927f08399f4fab0aba@%3Cdev.spark.apache.org%3E"
    },
    {
      "type": "WEB",
      "url": "https://spark.apache.org/security.html#CVE-2018-8024"
    }
  ],
  "affected": [
    {
      "package": {
        "name": "org.apache.spark:spark-core_2.10",
        "ecosystem": "Maven",
        "purl": "pkg:maven/org.apache.spark/spark-core_2.10"
      },
      "ranges": [
        {
          "type": "ECOSYSTEM",
          "events": [
            {
              "introduced": "2.1.0"
            },
            {
              "fixed": "2.1.3"
            }
          ]
        }
      ],
      "versions": [
        "2.1.0",
        "2.1.1",
        "2.1.2"
      ],
      "database_specific": {
        "source": "https://github.com/github/advisory-database/blob/main/advisories/github-reviewed/2019/03/GHSA-8cw6-5qvp-q3wj/GHSA-8cw6-5qvp-q3wj.json"
      }
    },
    {
      "package": {
        "name": "org.apache.spark:spark-core_2.10",
        "ecosystem": "Maven",
        "purl": "pkg:maven/org.apache.spark/spark-core_2.10"
      },
      "ranges": [
        {
          "type": "ECOSYSTEM",
          "events": [
            {
              "introduced": "2.2.0"
            },
            {
              "fixed": "2.2.2"
            }
          ]
        }
      ],
      "versions": [
        "2.2.0",
        "2.2.1"
      ],
      "database_specific": {
        "source": "https://github.com/github/advisory-database/blob/main/advisories/github-reviewed/2019/03/GHSA-8cw6-5qvp-q3wj/GHSA-8cw6-5qvp-q3wj.json"
      }
    },
    {
      "package": {
        "name": "org.apache.spark:spark-core_2.11",
        "ecosystem": "Maven",
        "purl": "pkg:maven/org.apache.spark/spark-core_2.11"
      },
      "ranges": [
        {
          "type": "ECOSYSTEM",
          "events": [
            {
              "introduced": "2.1.0"
            },
            {
              "fixed": "2.1.3"
            }
          ]
        }
      ],
      "versions": [
        "2.1.0",
        "2.1.1",
        "2.1.2"
      ],
      "database_specific": {
        "source": "https://github.com/github/advisory-database/blob/main/advisories/github-reviewed/2019/03/GHSA-8cw6-5qvp-q3wj/GHSA-8cw6-5qvp-q3wj.json"
      }
    },
    {
      "package": {
        "name": "org.apache.spark:spark-core_2.11",
        "ecosystem": "Maven",
        "purl": "pkg:maven/org.apache.spark/spark-core_2.11"
      },
      "ranges": [
        {
          "type": "ECOSYSTEM",
          "events": [
            {
              "introduced": "2.2.0"
            },
            {
              "fixed": "2.2.2"
            }
          ]
        }
      ],
      "versions": [
        "2.2.0",
        "2.2.1"
      ],
      "database_specific": {
        "source": "https://github.com/github/advisory-database/blob/main/advisories/github-reviewed/2019/03/GHSA-8cw6-5qvp-q3wj/GHSA-8cw6-5qvp-q3wj.json"
      }
    },
    {
      "package": {
        "name": "org.apache.spark:spark-core_2.11",
        "ecosystem": "Maven",
        "purl": "pkg:maven/org.apache.spark/spark-core_2.11"
      },
      "ranges": [
        {
          "type": "ECOSYSTEM",
          "events": [
            {
              "introduced": "2.3.0"
            },
            {
              "fixed": "2.3.1"
            }
          ]
        }
      ],
      "versions": [
        "2.3.0"
      ],
      "database_specific": {
        "source": "https://github.com/github/advisory-database/blob/main/advisories/github-reviewed/2019/03/GHSA-8cw6-5qvp-q3wj/GHSA-8cw6-5qvp-q3wj.json"
      }
    }
  ],
  "schema_version": "1.2.0",
  "severity": [
    {
      "type": "CVSS_V3",
      "score": "CVSS:3.0/AV:N/AC:L/PR:L/UI:R/S:C/C:L/I:L/A:N"
    }
  ]
}