{
  "id": "GHSA-5h9j-q6j2-253f",
  "summary": "Unescaped exception messages in error responses in Jetty",
  "details": "In Eclipse Jetty versions 9.4.21.v20190926, 9.4.22.v20191022, and 9.4.23.v20191118, the generation of default unhandled Error response content (in text/html and text/json Content-Type) does not escape Exception messages in stacktraces included in error output.",
  "aliases": [
    "CVE-2019-17632"
  ],
  "modified": "2022-03-02T05:21:40.831166Z",
  "published": "2019-12-02T18:13:28Z",
  "database_specific": {
    "github_reviewed": true,
    "cwe_ids": [
      "CWE-79"
    ],
    "severity": "MODERATE"
  },
  "references": [
    {
      "type": "ADVISORY",
      "url": "https://nvd.nist.gov/vuln/detail/CVE-2019-17632"
    },
    {
      "type": "WEB",
      "url": "https://bugs.eclipse.org/bugs/show_bug.cgi?id=553443"
    },
    {
      "type": "WEB",
      "url": "https://lists.fedoraproject.org/archives/list/package-announce@lists.fedoraproject.org/message/SAITZ27GKPD2CCNHGT2VBT4VWIBUJJNS/"
    },
    {
      "type": "WEB",
      "url": "https://www.oracle.com/security-alerts/cpuApr2021.html"
    },
    {
      "type": "WEB",
      "url": "https://www.oracle.com/security-alerts/cpuoct2020.html"
    }
  ],
  "affected": [
    {
      "package": {
        "name": "org.eclipse.jetty:jetty-server",
        "ecosystem": "Maven",
        "purl": "pkg:maven/org.eclipse.jetty/jetty-server"
      },
      "ranges": [
        {
          "type": "ECOSYSTEM",
          "events": [
            {
              "introduced": "9.4.21.v20190926"
            },
            {
              "fixed": "9.4.24.v20191120"
            }
          ]
        }
      ],
      "versions": [
        "9.4.21.v20190926",
        "9.4.22.v20191022",
        "9.4.23.v20191118"
      ],
      "database_specific": {
        "source": "https://github.com/github/advisory-database/blob/main/advisories/github-reviewed/2019/12/GHSA-5h9j-q6j2-253f/GHSA-5h9j-q6j2-253f.json"
      }
    },
    {
      "package": {
        "name": "org.eclipse.jetty:jetty-server",
        "ecosystem": "Maven",
        "purl": "pkg:maven/org.eclipse.jetty/jetty-server"
      },
      "ranges": [
        {
          "type": "ECOSYSTEM",
          "events": [
            {
              "introduced": "9.4.22.v20191022"
            },
            {
              "fixed": "9.4.24.v20191120"
            }
          ]
        }
      ],
      "versions": [
        "9.4.22.v20191022",
        "9.4.23.v20191118"
      ],
      "database_specific": {
        "source": "https://github.com/github/advisory-database/blob/main/advisories/github-reviewed/2019/12/GHSA-5h9j-q6j2-253f/GHSA-5h9j-q6j2-253f.json"
      }
    },
    {
      "package": {
        "name": "org.eclipse.jetty:jetty-server",
        "ecosystem": "Maven",
        "purl": "pkg:maven/org.eclipse.jetty/jetty-server"
      },
      "ranges": [
        {
          "type": "ECOSYSTEM",
          "events": [
            {
              "introduced": "9.4.23.v20191118"
            },
            {
              "fixed": "9.4.24.v20191120"
            }
          ]
        }
      ],
      "versions": [
        "9.4.23.v20191118"
      ],
      "database_specific": {
        "source": "https://github.com/github/advisory-database/blob/main/advisories/github-reviewed/2019/12/GHSA-5h9j-q6j2-253f/GHSA-5h9j-q6j2-253f.json"
      }
    }
  ],
  "schema_version": "1.2.0",
  "severity": [
    {
      "type": "CVSS_V3",
      "score": "CVSS:3.1/AV:N/AC:L/PR:N/UI:R/S:C/C:L/I:L/A:N"
    }
  ]
}