{
  "id": "GHSA-c6p9-24rc-jr5h",
  "summary": "Remote Code Execution and download tracking in Mintegral SDK",
  "details": "\"This affects all versions of package com.mintegral.msdk:alphab. The Android SDK distributed by the company contains malicious functionality in this module that tracks: 1. Downloads from Google urls either within Google apps or via browser including file downloads, e-mail attachments and Google Docs links. 2. All apk downloads, either organic or not. Mintegral listens to download events in Android's download manager and detects if the downloaded file's url contains: a. google.com or comes from a Google app (the com.android.vending package) b. Ends with .apk for apk downloads In both cases, the module sends the captured data back to Mintegral's servers. Note that the malicious functionality keeps running even if the app is currently not in focus (running in the background).\"",
  "aliases": [
    "CVE-2020-7744"
  ],
  "modified": "2021-04-21T19:02:43Z",
  "published": "2021-04-22T16:15:15Z",
  "database_specific": {
    "github_reviewed": true,
    "severity": "MODERATE",
    "cwe_ids": [
      "CWE-319"
    ]
  },
  "references": [
    {
      "type": "ADVISORY",
      "url": "https://nvd.nist.gov/vuln/detail/CVE-2020-7744"
    },
    {
      "type": "WEB",
      "url": "https://snyk.io/blog/remote-code-execution-rce-sourmint/"
    },
    {
      "type": "WEB",
      "url": "https://snyk.io/research/sour-mint-malicious-sdk/"
    },
    {
      "type": "WEB",
      "url": "https://snyk.io/vuln/SNYK-JAVA-COMMINTEGRALMSDK-1018714"
    }
  ],
  "affected": [
    {
      "package": {
        "name": "com.mintegral.msdk:alphab",
        "ecosystem": "Maven",
        "purl": "pkg:maven/com.mintegral.msdk/alphab"
      },
      "ranges": [
        {
          "type": "ECOSYSTEM",
          "events": [
            {
              "introduced": "0"
            }
          ]
        }
      ],
      "database_specific": {
        "source": "https://github.com/github/advisory-database/blob/main/advisories/github-reviewed/2021/04/GHSA-c6p9-24rc-jr5h/GHSA-c6p9-24rc-jr5h.json",
        "last_known_affected_version_range": "<= 14.6.01"
      },
      "versions": []
    }
  ],
  "schema_version": "1.2.0",
  "severity": [
    {
      "type": "CVSS_V3",
      "score": "CVSS:3.1/AV:N/AC:L/PR:N/UI:R/S:C/C:L/I:N/A:N"
    }
  ]
}