{
  "id": "GHSA-c8xf-m4ff-jcxj",
  "summary": "Moderate severity vulnerability that affects org.bouncycastle:bcprov-jdk14 and org.bouncycastle:bcprov-jdk15",
  "details": "In the Bouncy Castle JCE Provider version 1.55 and earlier the primary engine class used for AES was AESFastEngine. Due to the highly table driven approach used in the algorithm it turns out that if the data channel on the CPU can be monitored the lookup table accesses are sufficient to leak information on the AES key being used. There was also a leak in AESEngine although it was substantially less. AESEngine has been modified to remove any signs of leakage (testing carried out on Intel X86-64) and is now the primary AES class for the BC JCE provider from 1.56. Use of AESFastEngine is now only recommended where otherwise deemed appropriate.",
  "aliases": [
    "CVE-2016-1000339"
  ],
  "modified": "2022-03-02T05:20:57.126770Z",
  "published": "2018-10-17T16:23:38Z",
  "database_specific": {
    "github_reviewed": true,
    "cwe_ids": [],
    "severity": "MODERATE"
  },
  "references": [
    {
      "type": "ADVISORY",
      "url": "https://nvd.nist.gov/vuln/detail/CVE-2016-1000339"
    },
    {
      "type": "WEB",
      "url": "https://github.com/bcgit/bc-java/commit/413b42f4d770456508585c830cfcde95f9b0e93b#diff-54656f860db94b867ba7542430cd2ef0"
    },
    {
      "type": "WEB",
      "url": "https://github.com/bcgit/bc-java/commit/8a73f08931450c17c749af067b6a8185abdfd2c0#diff-494fb066bed02aeb76b6c005632943f2"
    },
    {
      "type": "WEB",
      "url": "https://access.redhat.com/errata/RHSA-2018:2669"
    },
    {
      "type": "WEB",
      "url": "https://access.redhat.com/errata/RHSA-2018:2927"
    },
    {
      "type": "ADVISORY",
      "url": "https://github.com/advisories/GHSA-c8xf-m4ff-jcxj"
    },
    {
      "type": "WEB",
      "url": "https://lists.debian.org/debian-lts-announce/2018/07/msg00009.html"
    },
    {
      "type": "WEB",
      "url": "https://security.netapp.com/advisory/ntap-20181127-0004/"
    },
    {
      "type": "WEB",
      "url": "https://usn.ubuntu.com/3727-1/"
    },
    {
      "type": "WEB",
      "url": "https://www.oracle.com/security-alerts/cpuoct2020.html"
    }
  ],
  "affected": [
    {
      "package": {
        "name": "org.bouncycastle:bcprov-jdk14",
        "ecosystem": "Maven",
        "purl": "pkg:maven/org.bouncycastle/bcprov-jdk14"
      },
      "ranges": [
        {
          "type": "ECOSYSTEM",
          "events": [
            {
              "introduced": "0"
            },
            {
              "fixed": "1.56"
            }
          ]
        }
      ],
      "versions": [
        "1.38",
        "1.43",
        "1.44",
        "1.45",
        "1.46",
        "1.47",
        "1.48",
        "1.49",
        "1.50",
        "1.51",
        "1.53",
        "1.54",
        "1.55"
      ],
      "database_specific": {
        "source": "https://github.com/github/advisory-database/blob/main/advisories/github-reviewed/2018/10/GHSA-c8xf-m4ff-jcxj/GHSA-c8xf-m4ff-jcxj.json"
      }
    },
    {
      "package": {
        "name": "org.bouncycastle:bcprov-jdk15",
        "ecosystem": "Maven",
        "purl": "pkg:maven/org.bouncycastle/bcprov-jdk15"
      },
      "ranges": [
        {
          "type": "ECOSYSTEM",
          "events": [
            {
              "introduced": "0"
            },
            {
              "fixed": "1.56"
            }
          ]
        }
      ],
      "versions": [
        "1.32",
        "1.38",
        "1.40",
        "1.43",
        "1.44",
        "1.45",
        "1.46"
      ],
      "database_specific": {
        "source": "https://github.com/github/advisory-database/blob/main/advisories/github-reviewed/2018/10/GHSA-c8xf-m4ff-jcxj/GHSA-c8xf-m4ff-jcxj.json"
      }
    }
  ],
  "schema_version": "1.2.0",
  "severity": [
    {
      "type": "CVSS_V3",
      "score": "CVSS:3.0/AV:N/AC:L/PR:N/UI:N/S:U/C:L/I:N/A:N"
    }
  ]
}