{
  "id": "GHSA-c8cw-2c5j-xff3",
  "summary": "Incorrect Authorization in Apache Ozone",
  "details": "In Apache Ozone versions prior to 1.2.0, Authenticated users knowing the ID of an existing block can craft specific request allowing access those blocks, bypassing other security checks like ACL.",
  "aliases": [
    "CVE-2021-39234"
  ],
  "modified": "2021-11-22T19:05:51Z",
  "published": "2021-11-23T17:56:30Z",
  "database_specific": {
    "cwe_ids": [
      "CWE-863"
    ],
    "severity": "MODERATE",
    "github_reviewed": true
  },
  "references": [
    {
      "type": "ADVISORY",
      "url": "https://nvd.nist.gov/vuln/detail/CVE-2021-39234"
    },
    {
      "type": "WEB",
      "url": "https://mail-archives.apache.org/mod_mbox/ozone-dev/202111.mbox/%3C97d65498-7f8c-366f-1bea-5a74b6378f0d%40apache.org%3E"
    },
    {
      "type": "WEB",
      "url": "http://www.openwall.com/lists/oss-security/2021/11/19/5"
    }
  ],
  "affected": [
    {
      "package": {
        "name": "org.apache.ozone:ozone-main",
        "ecosystem": "Maven",
        "purl": "pkg:maven/org.apache.ozone/ozone-main"
      },
      "ranges": [
        {
          "type": "ECOSYSTEM",
          "events": [
            {
              "introduced": "0"
            },
            {
              "fixed": "1.2.0"
            }
          ]
        }
      ],
      "database_specific": {
        "source": "https://github.com/github/advisory-database/blob/main/advisories/github-reviewed/2021/11/GHSA-c8cw-2c5j-xff3/GHSA-c8cw-2c5j-xff3.json"
      },
      "versions": []
    }
  ],
  "schema_version": "1.2.0",
  "severity": [
    {
      "type": "CVSS_V3",
      "score": "CVSS:3.1/AV:N/AC:H/PR:L/UI:N/S:U/C:H/I:H/A:N"
    }
  ]
}