{
  "id": "GHSA-6x48-j4x4-cqw3",
  "summary": "Moderate severity vulnerability that affects org.apache.hadoop:hadoop-main",
  "details": "Apache Hadoop 3.1.0, 3.0.0-alpha to 3.0.2, 2.9.0 to 2.9.1, 2.8.0 to 2.8.4, 2.0.0-alpha to 2.7.6, 0.23.0 to 0.23.11 is exploitable via the zip slip vulnerability in places that accept a zip file.",
  "aliases": [
    "CVE-2018-8009"
  ],
  "modified": "2022-03-02T05:21:04.905210Z",
  "published": "2018-12-21T17:50:29Z",
  "database_specific": {
    "severity": "HIGH",
    "github_reviewed": true,
    "cwe_ids": [
      "CWE-22"
    ]
  },
  "references": [
    {
      "type": "ADVISORY",
      "url": "https://nvd.nist.gov/vuln/detail/CVE-2018-8009"
    },
    {
      "type": "WEB",
      "url": "https://access.redhat.com/errata/RHSA-2019:3892"
    },
    {
      "type": "ADVISORY",
      "url": "https://github.com/advisories/GHSA-6x48-j4x4-cqw3"
    },
    {
      "type": "WEB",
      "url": "https://hadoop.apache.org/cve_list.html#cve-2018-8009-http-cve-mitre-org-cgi-bin-cvename-cgi-name-cve-2018-8009-zip-slip-impact-on-apache-hadoop"
    },
    {
      "type": "WEB",
      "url": "https://lists.apache.org/thread.html/708d94141126eac03011144a971a6411fcac16d9c248d1d535a39451@%3Csolr-user.lucene.apache.org%3E"
    },
    {
      "type": "WEB",
      "url": "https://lists.apache.org/thread.html/a1c227745ce30acbcf388c5b0cc8423e8bf495d619cd0fa973f7f38d@%3Cuser.hadoop.apache.org%3E"
    },
    {
      "type": "WEB",
      "url": "https://lists.apache.org/thread.html/r4dddf1705dbedfa94392913b2dad1cd2d1d89040facd389eea0b3510@%3Ccommits.druid.apache.org%3E"
    },
    {
      "type": "WEB",
      "url": "https://lists.apache.org/thread.html/rb21df54a4e39732ce653d2aa5672e36a792b59eb6717f2a06bb8d02a@%3Ccommits.druid.apache.org%3E"
    },
    {
      "type": "WEB",
      "url": "https://snyk.io/research/zip-slip-vulnerability"
    },
    {
      "type": "WEB",
      "url": "http://www.securityfocus.com/bid/105927"
    }
  ],
  "affected": [
    {
      "package": {
        "name": "org.apache.hadoop:hadoop-main",
        "ecosystem": "Maven",
        "purl": "pkg:maven/org.apache.hadoop/hadoop-main"
      },
      "ranges": [
        {
          "type": "ECOSYSTEM",
          "events": [
            {
              "introduced": "3.1.0"
            },
            {
              "fixed": "3.1.1"
            }
          ]
        }
      ],
      "versions": [
        "3.1.0"
      ],
      "database_specific": {
        "source": "https://github.com/github/advisory-database/blob/main/advisories/github-reviewed/2018/12/GHSA-6x48-j4x4-cqw3/GHSA-6x48-j4x4-cqw3.json"
      }
    },
    {
      "package": {
        "name": "org.apache.hadoop:hadoop-main",
        "ecosystem": "Maven",
        "purl": "pkg:maven/org.apache.hadoop/hadoop-main"
      },
      "ranges": [
        {
          "type": "ECOSYSTEM",
          "events": [
            {
              "introduced": "3.0.0"
            },
            {
              "fixed": "3.0.3"
            }
          ]
        }
      ],
      "versions": [
        "3.0.0",
        "3.0.1",
        "3.0.2"
      ],
      "database_specific": {
        "source": "https://github.com/github/advisory-database/blob/main/advisories/github-reviewed/2018/12/GHSA-6x48-j4x4-cqw3/GHSA-6x48-j4x4-cqw3.json"
      }
    },
    {
      "package": {
        "name": "org.apache.hadoop:hadoop-main",
        "ecosystem": "Maven",
        "purl": "pkg:maven/org.apache.hadoop/hadoop-main"
      },
      "ranges": [
        {
          "type": "ECOSYSTEM",
          "events": [
            {
              "introduced": "2.9.0"
            },
            {
              "fixed": "2.9.2"
            }
          ]
        }
      ],
      "versions": [
        "2.9.0",
        "2.9.1"
      ],
      "database_specific": {
        "source": "https://github.com/github/advisory-database/blob/main/advisories/github-reviewed/2018/12/GHSA-6x48-j4x4-cqw3/GHSA-6x48-j4x4-cqw3.json"
      }
    },
    {
      "package": {
        "name": "org.apache.hadoop:hadoop-main",
        "ecosystem": "Maven",
        "purl": "pkg:maven/org.apache.hadoop/hadoop-main"
      },
      "ranges": [
        {
          "type": "ECOSYSTEM",
          "events": [
            {
              "introduced": "2.8.0"
            },
            {
              "fixed": "2.8.5"
            }
          ]
        }
      ],
      "versions": [
        "2.8.0",
        "2.8.1",
        "2.8.2",
        "2.8.3",
        "2.8.4"
      ],
      "database_specific": {
        "source": "https://github.com/github/advisory-database/blob/main/advisories/github-reviewed/2018/12/GHSA-6x48-j4x4-cqw3/GHSA-6x48-j4x4-cqw3.json"
      }
    },
    {
      "package": {
        "name": "org.apache.hadoop:hadoop-main",
        "ecosystem": "Maven",
        "purl": "pkg:maven/org.apache.hadoop/hadoop-main"
      },
      "ranges": [
        {
          "type": "ECOSYSTEM",
          "events": [
            {
              "introduced": "0"
            },
            {
              "fixed": "2.7.7"
            }
          ]
        }
      ],
      "versions": [
        "0.23.1",
        "0.23.10",
        "0.23.11",
        "0.23.3",
        "0.23.4",
        "0.23.5",
        "0.23.6",
        "0.23.7",
        "0.23.8",
        "0.23.9",
        "2.0.0-alpha",
        "2.0.1-alpha",
        "2.0.2-alpha",
        "2.0.3-alpha",
        "2.0.4-alpha",
        "2.0.5-alpha",
        "2.0.6-alpha",
        "2.1.0-beta",
        "2.1.1-beta",
        "2.2.0",
        "2.3.0",
        "2.4.0",
        "2.4.1",
        "2.5.0",
        "2.5.1",
        "2.5.2",
        "2.6.0",
        "2.6.1",
        "2.6.2",
        "2.6.3",
        "2.6.4",
        "2.6.5",
        "2.7.0",
        "2.7.1",
        "2.7.2",
        "2.7.3",
        "2.7.4",
        "2.7.5",
        "2.7.6"
      ],
      "database_specific": {
        "source": "https://github.com/github/advisory-database/blob/main/advisories/github-reviewed/2018/12/GHSA-6x48-j4x4-cqw3/GHSA-6x48-j4x4-cqw3.json"
      }
    }
  ],
  "schema_version": "1.2.0",
  "severity": [
    {
      "type": "CVSS_V3",
      "score": "CVSS:3.0/AV:N/AC:L/PR:L/UI:N/S:U/C:H/I:H/A:H"
    }
  ]
}