{
  "id": "GHSA-4pv3-63jw-4jw2",
  "summary": "Missing Release of Memory after Effective Lifetime in Apache Tika",
  "details": "A carefully crafted or corrupt file may trigger a System.exit in Tika's OneNote Parser. Crafted or corrupted files can also cause out of memory errors and/or infinite loops in Tika's ICNSParser, MP3Parser, MP4Parser, SAS7BDATParser, OneNoteParser and ImageParser. Apache Tika users should upgrade to 1.24.1 or later. The vulnerabilities in the MP4Parser were partially fixed by upgrading the com.googlecode:isoparser:1.1.22 dependency to org.tallison:isoparser:1.9.41.2. For unrelated security reasons, we upgraded org.apache.cxf to 3.3.6 as part of the 1.24.1 release.",
  "aliases": [
    "CVE-2020-9489"
  ],
  "modified": "2022-03-02T05:20:59.869412Z",
  "published": "2021-05-07T15:53:40Z",
  "database_specific": {
    "cwe_ids": [
      "CWE-401"
    ],
    "github_reviewed": true,
    "severity": "MODERATE"
  },
  "references": [
    {
      "type": "ADVISORY",
      "url": "https://nvd.nist.gov/vuln/detail/CVE-2020-9489"
    },
    {
      "type": "WEB",
      "url": "https://lists.apache.org/thread.html/r4cbc3f6981cd0a1a482531df9d44e4c42a7f63342a7ba78b7bff8a1b@%3Cnotifications.james.apache.org%3E"
    },
    {
      "type": "WEB",
      "url": "https://lists.apache.org/thread.html/r4d943777e36ca3aa6305a45da5acccc54ad894f2d5a07186cfa2442c%40%3Cdev.tika.apache.org%3E"
    },
    {
      "type": "WEB",
      "url": "https://www.oracle.com/security-alerts/cpuApr2021.html"
    },
    {
      "type": "WEB",
      "url": "https://www.oracle.com/security-alerts/cpuoct2020.html"
    }
  ],
  "affected": [
    {
      "package": {
        "name": "org.apache.tika:tika",
        "ecosystem": "Maven",
        "purl": "pkg:maven/org.apache.tika/tika"
      },
      "ranges": [
        {
          "type": "ECOSYSTEM",
          "events": [
            {
              "introduced": "0"
            },
            {
              "fixed": "1.24.1"
            }
          ]
        }
      ],
      "versions": [
        "0.2",
        "0.3",
        "1.10",
        "1.11",
        "1.12",
        "1.13",
        "1.14",
        "1.15",
        "1.16",
        "1.17",
        "1.18",
        "1.19",
        "1.19.1",
        "1.20",
        "1.21",
        "1.22",
        "1.23",
        "1.24",
        "1.6",
        "1.7",
        "1.8",
        "1.9"
      ],
      "database_specific": {
        "last_known_affected_version_range": "<= 1.24",
        "source": "https://github.com/github/advisory-database/blob/main/advisories/github-reviewed/2021/05/GHSA-4pv3-63jw-4jw2/GHSA-4pv3-63jw-4jw2.json"
      }
    }
  ],
  "schema_version": "1.2.0",
  "severity": [
    {
      "type": "CVSS_V3",
      "score": "CVSS:3.1/AV:L/AC:L/PR:N/UI:R/S:U/C:N/I:N/A:H"
    }
  ]
}