{
  "id": "GHSA-2pmw-cvc7-frvh",
  "summary": "SQL injection in MCMS",
  "details": "A problem was found in ming-soft MCMS v5.1. There is a sql injection vulnerability in /ms/cms/content/list.do",
  "aliases": [
    "CVE-2021-44868"
  ],
  "modified": "2022-03-02T05:21:40.452736Z",
  "published": "2022-02-18T00:00:34Z",
  "database_specific": {
    "cwe_ids": [
      "CWE-89"
    ],
    "github_reviewed": true,
    "severity": "CRITICAL"
  },
  "references": [
    {
      "type": "ADVISORY",
      "url": "https://nvd.nist.gov/vuln/detail/CVE-2021-44868"
    },
    {
      "type": "WEB",
      "url": "https://github.com/ming-soft/MCMS/issues/58"
    }
  ],
  "affected": [
    {
      "package": {
        "name": "net.mingsoft:ms-mcms",
        "ecosystem": "Maven",
        "purl": "pkg:maven/net.mingsoft/ms-mcms"
      },
      "ranges": [
        {
          "type": "ECOSYSTEM",
          "events": [
            {
              "introduced": "0"
            }
          ]
        }
      ],
      "versions": [
        "4.6.3-SNAPSHOTS",
        "4.6.5",
        "4.7.1",
        "4.7.2",
        "5.0.0",
        "5.0.1",
        "5.1",
        "5.2",
        "5.2.0",
        "5.2.0.RELEASE",
        "5.2.1",
        "5.2.2",
        "5.2.3",
        "5.2.4",
        "5.2.5",
        "5.2.6",
        "5.2.7"
      ],
      "database_specific": {
        "last_known_affected_version_range": "<= 5.1",
        "source": "https://github.com/github/advisory-database/blob/main/advisories/github-reviewed/2022/02/GHSA-2pmw-cvc7-frvh/GHSA-2pmw-cvc7-frvh.json"
      }
    }
  ],
  "schema_version": "1.2.0",
  "severity": [
    {
      "type": "CVSS_V3",
      "score": "CVSS:3.1/AV:N/AC:L/PR:N/UI:N/S:U/C:H/I:H/A:H"
    }
  ]
}