{
  "id": "GHSA-6cw8-7j6c-hccp",
  "summary": "Moderate severity vulnerability that affects io.vertx:vertx-core",
  "details": "In Eclipse Vert.x version 3.0 to 3.5.1, the HttpServer response headers and HttpClient request headers do not filter carriage return and line feed characters from the header value. This allow unfiltered values to inject a new header in the client request or server response.",
  "aliases": [
    "CVE-2018-12537"
  ],
  "modified": "2022-03-02T05:21:04.679470Z",
  "published": "2018-10-19T17:43:36Z",
  "database_specific": {
    "cwe_ids": [
      "CWE-93"
    ],
    "github_reviewed": true,
    "severity": "MODERATE"
  },
  "references": [
    {
      "type": "ADVISORY",
      "url": "https://nvd.nist.gov/vuln/detail/CVE-2018-12537"
    },
    {
      "type": "WEB",
      "url": "https://github.com/eclipse/vert.x/issues/2470"
    },
    {
      "type": "WEB",
      "url": "https://github.com/eclipse/vert.x/commit/1bb6445226c39a95e7d07ce3caaf56828e8aab72"
    },
    {
      "type": "WEB",
      "url": "https://access.redhat.com/errata/RHSA-2018:2371"
    },
    {
      "type": "WEB",
      "url": "https://access.redhat.com/errata/RHSA-2018:3768"
    },
    {
      "type": "WEB",
      "url": "https://bugs.eclipse.org/bugs/show_bug.cgi?id=536038"
    },
    {
      "type": "WEB",
      "url": "https://bugzilla.redhat.com/show_bug.cgi?id=1591072"
    },
    {
      "type": "ADVISORY",
      "url": "https://github.com/advisories/GHSA-6cw8-7j6c-hccp"
    },
    {
      "type": "WEB",
      "url": "https://www.compass-security.com/fileadmin/Datein/Research/Advisories/CSNC-2018-021_vertx.txt"
    }
  ],
  "affected": [
    {
      "package": {
        "name": "io.vertx:vertx-core",
        "ecosystem": "Maven",
        "purl": "pkg:maven/io.vertx/vertx-core"
      },
      "ranges": [
        {
          "type": "ECOSYSTEM",
          "events": [
            {
              "introduced": "3.0.0"
            },
            {
              "fixed": "3.5.2"
            }
          ]
        }
      ],
      "versions": [
        "3.0.0",
        "3.0.0-dev_preview1",
        "3.1.0",
        "3.2.0",
        "3.2.1",
        "3.3.0",
        "3.3.0.CR1",
        "3.3.0.CR2",
        "3.3.1",
        "3.3.2",
        "3.3.3",
        "3.4.0",
        "3.4.0.Beta1",
        "3.4.1",
        "3.4.2",
        "3.5.0",
        "3.5.0.Beta1",
        "3.5.1",
        "3.5.2.CR1",
        "3.5.2.CR2",
        "3.5.2.CR3"
      ],
      "database_specific": {
        "source": "https://github.com/github/advisory-database/blob/main/advisories/github-reviewed/2018/10/GHSA-6cw8-7j6c-hccp/GHSA-6cw8-7j6c-hccp.json"
      }
    }
  ],
  "schema_version": "1.2.0"
}