{
  "id": "GHSA-35fr-h7jr-hh86",
  "summary": "Improper Neutralization of CRLF Sequences in HTTP Headers ('HTTP Response Splitting') in Armeria",
  "details": "Versions of Armeria 0.85.0 through and including 0.96.0 are vulnerable to HTTP response splitting, which allows remote attackers to inject arbitrary HTTP headers via CRLF sequences when unsanitized data is used to populate the headers of an HTTP response.\n\n### Impact\n\n1. Cross-User Defacement\n2. Cache Poisoning\n3. Cross-Site Scripting (XSS)\n4. Page Hijacking\n\n\n### Root Cause\n\nThe root cause is due to the usage of Netty without the HTTP header validation.\n\nhttps://github.com/line/armeria/blob/f0d870fde1088114070be31b67f7df0a21e835c6/core/src/main/java/com/linecorp/armeria/common/DefaultHttpHeaders.java#L23\n\n### Patches\n\nThis vulnerability has been patched in 0.97.0.\n\n### References\n\n[CWE-113: Improper Neutralization of CRLF Sequences in HTTP Headers ('HTTP Response Splitting')](https://cwe.mitre.org/data/definitions/113.html)\nhttps://github.com/ratpack/ratpack/security/advisories/GHSA-mvqp-q37c-wf9j\n\n### For more information\nIf you have any questions or comments about this advisory:\n* Open an issue in [GitHub](https://github.com/line/armeria/issues)",
  "modified": "2022-03-02T05:21:54.491040Z",
  "published": "2019-12-06T18:55:47Z",
  "database_specific": {
    "github_reviewed": true,
    "severity": "MODERATE",
    "cwe_ids": [
      "CWE-113",
      "CWE-74"
    ]
  },
  "references": [
    {
      "type": "WEB",
      "url": "https://github.com/line/armeria/security/advisories/GHSA-35fr-h7jr-hh86"
    }
  ],
  "affected": [
    {
      "package": {
        "name": "com.linecorp.armeria:armeria",
        "ecosystem": "Maven",
        "purl": "pkg:maven/com.linecorp.armeria/armeria"
      },
      "ranges": [
        {
          "type": "ECOSYSTEM",
          "events": [
            {
              "introduced": "0.85.0"
            },
            {
              "fixed": "0.97.0"
            }
          ]
        }
      ],
      "versions": [
        "0.85.0",
        "0.86.0",
        "0.87.0",
        "0.88.0",
        "0.89.0",
        "0.89.1",
        "0.90.0",
        "0.90.1",
        "0.90.2",
        "0.90.3",
        "0.91.0",
        "0.92.0",
        "0.93.0",
        "0.94.0",
        "0.95.0",
        "0.96.0"
      ],
      "database_specific": {
        "source": "https://github.com/github/advisory-database/blob/main/advisories/github-reviewed/2019/12/GHSA-35fr-h7jr-hh86/GHSA-35fr-h7jr-hh86.json"
      }
    }
  ],
  "schema_version": "1.2.0",
  "severity": [
    {
      "type": "CVSS_V3",
      "score": "CVSS:3.1/AV:N/AC:L/PR:N/UI:N/S:U/C:L/I:L/A:N"
    }
  ]
}