{
  "id": "GHSA-7px3-6f6g-hxcj",
  "summary": "Moderate severity vulnerability that affects org.apache.solr:solr-core",
  "details": "This vulnerability in Apache Solr 6.0.0 to 6.6.4 and 7.0.0 to 7.3.1 relates to an XML external entity expansion (XXE) in Solr config files (currency.xml, enumsConfig.xml referred from schema.xml, TIKA parsecontext config file). In addition, Xinclude functionality provided in these config files is also affected in a similar way. The vulnerability can be used as XXE using file/ftp/http protocols in order to read arbitrary local files from the Solr server or the internal network. The manipulated files can be uploaded as configsets using Solr's API, allowing to exploit that vulnerability.",
  "aliases": [
    "CVE-2018-8026"
  ],
  "modified": "2022-03-02T05:21:29.181606Z",
  "published": "2018-10-17T19:55:34Z",
  "database_specific": {
    "cwe_ids": [
      "CWE-611"
    ],
    "github_reviewed": true,
    "severity": "MODERATE"
  },
  "references": [
    {
      "type": "ADVISORY",
      "url": "https://nvd.nist.gov/vuln/detail/CVE-2018-8026"
    },
    {
      "type": "ADVISORY",
      "url": "https://github.com/advisories/GHSA-7px3-6f6g-hxcj"
    },
    {
      "type": "WEB",
      "url": "https://issues.apache.org/jira/browse/SOLR-12450"
    },
    {
      "type": "WEB",
      "url": "https://mail-archives.apache.org/mod_mbox/lucene-solr-user/201807.mbox/%3C0cdc01d413b7%24f97ba580%24ec72f080%24%40apache.org%3E"
    },
    {
      "type": "WEB",
      "url": "https://security.netapp.com/advisory/ntap-20190307-0002/"
    },
    {
      "type": "WEB",
      "url": "http://www.securityfocus.com/bid/104690"
    }
  ],
  "affected": [
    {
      "package": {
        "name": "org.apache.solr:solr-core",
        "ecosystem": "Maven",
        "purl": "pkg:maven/org.apache.solr/solr-core"
      },
      "ranges": [
        {
          "type": "ECOSYSTEM",
          "events": [
            {
              "introduced": "7.0.0"
            },
            {
              "fixed": "7.4.0"
            }
          ]
        }
      ],
      "versions": [
        "7.0.0",
        "7.0.1",
        "7.1.0",
        "7.2.0",
        "7.2.1",
        "7.3.0",
        "7.3.1"
      ],
      "database_specific": {
        "source": "https://github.com/github/advisory-database/blob/main/advisories/github-reviewed/2018/10/GHSA-7px3-6f6g-hxcj/GHSA-7px3-6f6g-hxcj.json"
      }
    },
    {
      "package": {
        "name": "org.apache.solr:solr-core",
        "ecosystem": "Maven",
        "purl": "pkg:maven/org.apache.solr/solr-core"
      },
      "ranges": [
        {
          "type": "ECOSYSTEM",
          "events": [
            {
              "introduced": "6.0.0"
            },
            {
              "fixed": "6.6.5"
            }
          ]
        }
      ],
      "versions": [
        "6.0.0",
        "6.0.1",
        "6.1.0",
        "6.2.0",
        "6.2.1",
        "6.3.0",
        "6.4.0",
        "6.4.1",
        "6.4.2",
        "6.5.0",
        "6.5.1",
        "6.6.0",
        "6.6.1",
        "6.6.2",
        "6.6.3",
        "6.6.4"
      ],
      "database_specific": {
        "source": "https://github.com/github/advisory-database/blob/main/advisories/github-reviewed/2018/10/GHSA-7px3-6f6g-hxcj/GHSA-7px3-6f6g-hxcj.json"
      }
    }
  ],
  "schema_version": "1.2.0",
  "severity": [
    {
      "type": "CVSS_V3",
      "score": "CVSS:3.0/AV:L/AC:L/PR:L/UI:N/S:U/C:H/I:N/A:N"
    }
  ]
}