{
  "id": "GHSA-4rjf-mxfm-98h5",
  "summary": "Moderate severity vulnerability that affects org.apache.ranger:ranger",
  "details": "SQL injection vulnerability in the policy admin tool in Apache Ranger before 0.5.3 allows remote authenticated administrators to execute arbitrary SQL commands via the eventTime parameter to service/plugins/policies/eventTime.",
  "aliases": [
    "CVE-2016-2174"
  ],
  "modified": "2021-09-01T18:34:15Z",
  "published": "2018-10-17T17:21:29Z",
  "database_specific": {
    "severity": "HIGH",
    "cwe_ids": [
      "CWE-89"
    ],
    "github_reviewed": true
  },
  "references": [
    {
      "type": "ADVISORY",
      "url": "https://nvd.nist.gov/vuln/detail/CVE-2016-2174"
    },
    {
      "type": "WEB",
      "url": "https://cwiki.apache.org/confluence/display/RANGER/Vulnerabilities+found+in+Ranger"
    },
    {
      "type": "ADVISORY",
      "url": "https://github.com/advisories/GHSA-4rjf-mxfm-98h5"
    },
    {
      "type": "WEB",
      "url": "http://www.openwall.com/lists/oss-security/2016/06/01/3"
    }
  ],
  "affected": [
    {
      "package": {
        "name": "org.apache.ranger:ranger",
        "ecosystem": "Maven",
        "purl": "pkg:maven/org.apache.ranger/ranger"
      },
      "ranges": [
        {
          "type": "ECOSYSTEM",
          "events": [
            {
              "introduced": "0"
            },
            {
              "fixed": "0.5.3"
            }
          ]
        }
      ],
      "database_specific": {
        "source": "https://github.com/github/advisory-database/blob/main/advisories/github-reviewed/2018/10/GHSA-4rjf-mxfm-98h5/GHSA-4rjf-mxfm-98h5.json"
      },
      "versions": []
    }
  ],
  "schema_version": "1.2.0",
  "severity": [
    {
      "type": "CVSS_V3",
      "score": "CVSS:3.0/AV:N/AC:L/PR:H/UI:N/S:U/C:H/I:H/A:H"
    }
  ]
}