{
  "id": "GHSA-ccjp-w723-2jf2",
  "summary": "Moderate severity vulnerability that affects org.apache.tika:tika-core",
  "details": "Apache Tika server (aka tika-server) in Apache Tika 1.9 might allow remote attackers to read arbitrary files via the HTTP fileUrl header.",
  "aliases": [
    "CVE-2015-3271"
  ],
  "modified": "2022-03-02T05:21:21.847921Z",
  "published": "2018-10-17T15:44:10Z",
  "database_specific": {
    "cwe_ids": [
      "CWE-200"
    ],
    "github_reviewed": true,
    "severity": "MODERATE"
  },
  "references": [
    {
      "type": "ADVISORY",
      "url": "https://nvd.nist.gov/vuln/detail/CVE-2015-3271"
    },
    {
      "type": "ADVISORY",
      "url": "https://github.com/advisories/GHSA-ccjp-w723-2jf2"
    },
    {
      "type": "WEB",
      "url": "https://lists.apache.org/thread.html/d2b3e7afb0251fac95fdee9817423cbc91e3d99a848c25a51d91c1e8@1439485507@%3Cdev.tika.apache.org%3E"
    },
    {
      "type": "WEB",
      "url": "http://www.openwall.com/lists/oss-security/2015/08/13/5"
    },
    {
      "type": "WEB",
      "url": "http://www.securityfocus.com/bid/95020"
    }
  ],
  "affected": [
    {
      "package": {
        "name": "org.apache.tika:tika-core",
        "ecosystem": "Maven",
        "purl": "pkg:maven/org.apache.tika/tika-core"
      },
      "ranges": [
        {
          "type": "ECOSYSTEM",
          "events": [
            {
              "introduced": "0"
            },
            {
              "fixed": "1.10"
            }
          ]
        }
      ],
      "versions": [
        "0.10",
        "0.4",
        "0.5",
        "0.6",
        "0.7",
        "0.8",
        "0.9",
        "1.0",
        "1.1",
        "1.2",
        "1.3",
        "1.4",
        "1.5",
        "1.6",
        "1.7",
        "1.8",
        "1.9"
      ],
      "database_specific": {
        "source": "https://github.com/github/advisory-database/blob/main/advisories/github-reviewed/2018/10/GHSA-ccjp-w723-2jf2/GHSA-ccjp-w723-2jf2.json"
      }
    }
  ],
  "schema_version": "1.2.0",
  "severity": [
    {
      "type": "CVSS_V3",
      "score": "CVSS:3.0/AV:N/AC:L/PR:N/UI:N/S:U/C:L/I:N/A:N"
    }
  ]
}