{
  "id": "GHSA-2382-qx5h-rvqh",
  "summary": "SQL Injection in odata4j",
  "details": "odata4j 0.7.0 allows ExecuteCountQueryCommand.java SQL injection. NOTE, this product is apparently discontinued.",
  "aliases": [
    "CVE-2016-11023"
  ],
  "modified": "2022-03-02T05:21:51.161184Z",
  "published": "2021-05-07T15:52:56Z",
  "database_specific": {
    "severity": "HIGH",
    "cwe_ids": [
      "CWE-89"
    ],
    "github_reviewed": true
  },
  "references": [
    {
      "type": "ADVISORY",
      "url": "https://nvd.nist.gov/vuln/detail/CVE-2016-11023"
    },
    {
      "type": "WEB",
      "url": "https://groups.google.com/d/msg/odata4j-discuss/_lBwwXP30g0/Av6zkZMdBwAJ"
    }
  ],
  "affected": [
    {
      "package": {
        "name": "org.odata4j:odata4j-core",
        "ecosystem": "Maven",
        "purl": "pkg:maven/org.odata4j/odata4j-core"
      },
      "ranges": [
        {
          "type": "ECOSYSTEM",
          "events": [
            {
              "introduced": "0"
            }
          ]
        }
      ],
      "versions": [
        "0.6.0",
        "0.7.0"
      ],
      "database_specific": {
        "source": "https://github.com/github/advisory-database/blob/main/advisories/github-reviewed/2021/05/GHSA-2382-qx5h-rvqh/GHSA-2382-qx5h-rvqh.json",
        "last_known_affected_version_range": "<= 0.7.0"
      }
    }
  ],
  "schema_version": "1.2.0",
  "severity": [
    {
      "type": "CVSS_V3",
      "score": "CVSS:3.1/AV:N/AC:L/PR:N/UI:N/S:U/C:H/I:H/A:H"
    }
  ]
}