{
  "id": "GHSA-73wx-rpj3-mx46",
  "summary": "Path traversal in MCMS",
  "details": "MCMS v5.2.4 was discovered to contain an arbitrary file deletion vulnerability via the component /template/unzip.do.",
  "aliases": [
    "CVE-2021-46037"
  ],
  "modified": "2022-03-02T05:21:54.900975Z",
  "published": "2022-02-19T00:01:25Z",
  "database_specific": {
    "github_reviewed": true,
    "severity": "HIGH",
    "cwe_ids": [
      "CWE-22"
    ]
  },
  "references": [
    {
      "type": "ADVISORY",
      "url": "https://nvd.nist.gov/vuln/detail/CVE-2021-46037"
    },
    {
      "type": "WEB",
      "url": "https://lycshub.github.io/2021/12/28/MCMS-vulnerabilities/"
    }
  ],
  "affected": [
    {
      "package": {
        "name": "net.mingsoft:ms-mcms",
        "ecosystem": "Maven",
        "purl": "pkg:maven/net.mingsoft/ms-mcms"
      },
      "ranges": [
        {
          "type": "ECOSYSTEM",
          "events": [
            {
              "introduced": "0"
            }
          ]
        }
      ],
      "versions": [
        "4.6.3-SNAPSHOTS",
        "4.6.5",
        "4.7.1",
        "4.7.2",
        "5.0.0",
        "5.0.1",
        "5.1",
        "5.2",
        "5.2.0",
        "5.2.0.RELEASE",
        "5.2.1",
        "5.2.2",
        "5.2.3",
        "5.2.4",
        "5.2.5",
        "5.2.6",
        "5.2.7"
      ],
      "database_specific": {
        "last_known_affected_version_range": "<= 5.2.4",
        "source": "https://github.com/github/advisory-database/blob/main/advisories/github-reviewed/2022/02/GHSA-73wx-rpj3-mx46/GHSA-73wx-rpj3-mx46.json"
      }
    }
  ],
  "schema_version": "1.2.0",
  "severity": [
    {
      "type": "CVSS_V3",
      "score": "CVSS:3.1/AV:N/AC:L/PR:L/UI:N/S:U/C:N/I:H/A:H"
    }
  ]
}