{
  "id": "GHSA-3gg7-9q2x-79fc",
  "summary": "Improper Restriction of Rendered UI Layers or Frames in Keycloak",
  "details": "A vulnerability was found in all versions of Keycloak where, the pages on the Admin Console area of the application are completely missing general HTTP security headers in HTTP-responses. This does not directly lead to a security issue, yet it might aid attackers in their efforts to exploit other problems. The flaws unnecessarily make the servers more prone to Clickjacking, channel downgrade attacks and other similar client-based attack vectors.",
  "aliases": [
    "CVE-2020-1728"
  ],
  "modified": "2022-03-02T05:20:49.619093Z",
  "published": "2020-04-15T21:09:40Z",
  "database_specific": {
    "cwe_ids": [
      "CWE-1021"
    ],
    "github_reviewed": true,
    "severity": "MODERATE"
  },
  "references": [
    {
      "type": "ADVISORY",
      "url": "https://nvd.nist.gov/vuln/detail/CVE-2020-1728"
    },
    {
      "type": "WEB",
      "url": "https://bugzilla.redhat.com/show_bug.cgi?id=CVE-2020-1728"
    },
    {
      "type": "WEB",
      "url": "https://issues.redhat.com/browse/KEYCLOAK-12264"
    }
  ],
  "affected": [
    {
      "package": {
        "name": "org.keycloak:keycloak-core",
        "ecosystem": "Maven",
        "purl": "pkg:maven/org.keycloak/keycloak-core"
      },
      "ranges": [
        {
          "type": "ECOSYSTEM",
          "events": [
            {
              "introduced": "0"
            }
          ]
        }
      ],
      "versions": [
        "1.0-alpha-1",
        "1.0-alpha-1-12062013",
        "1.0-alpha-2",
        "1.0-alpha-3",
        "1.0-alpha-4",
        "1.0-beta-1",
        "1.0-beta-1-20150521",
        "1.0-beta-1-20150523",
        "1.0-beta-1-snapshot-05092014",
        "1.0-beta-2",
        "1.0-beta-3",
        "1.0-beta-4",
        "1.0-final",
        "1.0-rc-1",
        "1.0-rc-2",
        "1.0.1.Final",
        "1.0.2.Final",
        "1.0.3.Final",
        "1.0.4.Final",
        "1.0.5.Final",
        "1.1.0.Beta1",
        "1.1.0.Beta2",
        "1.1.0.Final",
        "1.1.1.Final",
        "1.2.0.Beta1",
        "1.2.0.CR1",
        "1.2.0.Final",
        "1.3.0.Final",
        "1.3.1.Final",
        "1.4.0.Final",
        "1.5.0-Final",
        "1.5.0.Final",
        "1.5.1.Final",
        "1.6.0.Final",
        "1.6.1.Final",
        "1.7.0.CR1",
        "1.7.0.Final",
        "1.8.0.Alpha1",
        "1.8.0.CR1",
        "1.8.0.CR2",
        "1.8.0.CR3",
        "1.8.0.Final",
        "1.8.1.Final",
        "1.9.0.CR1",
        "1.9.0.Final",
        "1.9.1.Final",
        "1.9.2.Final",
        "1.9.3.Final",
        "1.9.4.Final",
        "1.9.5.Final",
        "1.9.7.Final",
        "1.9.8.Final",
        "10.0.0",
        "10.0.1",
        "10.0.2",
        "11.0.0",
        "11.0.1",
        "11.0.2",
        "11.0.3",
        "12.0.0",
        "12.0.1",
        "12.0.2",
        "12.0.3",
        "12.0.4",
        "13.0.0",
        "13.0.1",
        "14.0.0",
        "15.0.0",
        "15.0.1",
        "15.0.2",
        "15.1.0",
        "15.1.1",
        "16.0.0",
        "16.1.0",
        "16.1.1",
        "17.0.0",
        "2.0.0.CR1",
        "2.0.0.Final",
        "2.1.0-SNAPSHOT-16-08-06-2320",
        "2.1.0.CR1",
        "2.1.0.Final",
        "2.2.0.CR1",
        "2.2.0.Final",
        "2.2.1.Final",
        "2.3.0.CR1",
        "2.3.0.Final",
        "2.4.0.CR1",
        "2.4.0.Final",
        "2.5.0.CR1",
        "2.5.0.Final",
        "2.5.1.Final",
        "2.5.4.Final",
        "2.5.5.Final",
        "3.0.0.CR1",
        "3.0.0.Final",
        "3.1.0.CR1",
        "3.1.0.Final",
        "3.2.0.CR1",
        "3.2.0.Final",
        "3.2.1.Final",
        "3.3.0.CR1",
        "3.3.0.CR2",
        "3.3.0.Final",
        "3.4.0.CR1",
        "3.4.0.Final",
        "3.4.1.CR1",
        "3.4.1.Final",
        "3.4.2.Final",
        "3.4.3.Final",
        "4.0.0.Beta1",
        "4.0.0.Beta2",
        "4.0.0.Beta3",
        "4.0.0.Final",
        "4.1.0.Final",
        "4.2.0.Final",
        "4.2.1.Final",
        "4.3.0.Final",
        "4.4.0.Final",
        "4.5.0.Final",
        "4.6.0.Final",
        "4.7.0.Final",
        "4.8.0.Final",
        "4.8.1.Final",
        "4.8.2.Final",
        "4.8.3.Final",
        "5.0.0",
        "6.0.0",
        "6.0.1",
        "7.0.0",
        "7.0.1",
        "8.0.0",
        "8.0.1",
        "8.0.2",
        "9.0.0",
        "9.0.2",
        "9.0.3"
      ],
      "database_specific": {
        "last_known_affected_version_range": "<= 9.0.3",
        "source": "https://github.com/github/advisory-database/blob/main/advisories/github-reviewed/2020/04/GHSA-3gg7-9q2x-79fc/GHSA-3gg7-9q2x-79fc.json"
      }
    }
  ],
  "schema_version": "1.2.0"
}