{
  "id": "GHSA-26v6-w6fw-rh94",
  "summary": "Moderate severity vulnerability that affects org.apache.camel:camel-jetty and org.apache.camel:camel-servlet",
  "details": "Apache Camel 2.6.x through 2.14.x, 2.15.x before 2.15.5, and 2.16.x before 2.16.1, when using (1) camel-jetty or (2) camel-servlet as a consumer in Camel routes, allow remote attackers to execute arbitrary commands via a crafted serialized Java object in an HTTP request.",
  "aliases": [
    "CVE-2015-5348"
  ],
  "modified": "2022-03-02T05:21:40.798212Z",
  "published": "2018-10-16T23:12:20Z",
  "database_specific": {
    "github_reviewed": true,
    "severity": "HIGH",
    "cwe_ids": []
  },
  "references": [
    {
      "type": "ADVISORY",
      "url": "https://nvd.nist.gov/vuln/detail/CVE-2015-5348"
    },
    {
      "type": "ADVISORY",
      "url": "https://github.com/advisories/GHSA-26v6-w6fw-rh94"
    },
    {
      "type": "WEB",
      "url": "https://issues.apache.org/jira/browse/CAMEL-9309"
    },
    {
      "type": "WEB",
      "url": "https://lists.apache.org/thread.html/2318d7f7d87724d8716cd650c21b31cb06e4d34f6d0f5ee42f28fdaf@%3Ccommits.camel.apache.org%3E"
    },
    {
      "type": "WEB",
      "url": "https://lists.apache.org/thread.html/b4014ea7c5830ca1fc28edd5cafedfe93ad4af2d9e69c961c5def31d@%3Ccommits.camel.apache.org%3E"
    },
    {
      "type": "WEB",
      "url": "http://camel.apache.org/security-advisories.data/CVE-2015-5348.txt.asc"
    },
    {
      "type": "WEB",
      "url": "http://packetstormsecurity.com/files/134946/Apache-Camel-Java-Object-Deserialization.html"
    },
    {
      "type": "WEB",
      "url": "http://rhn.redhat.com/errata/RHSA-2016-2035.html"
    },
    {
      "type": "WEB",
      "url": "http://www.securityfocus.com/archive/1/537147/100/0/threaded"
    },
    {
      "type": "WEB",
      "url": "http://www.securityfocus.com/bid/80696"
    }
  ],
  "affected": [
    {
      "package": {
        "name": "org.apache.camel:camel-jetty",
        "ecosystem": "Maven",
        "purl": "pkg:maven/org.apache.camel/camel-jetty"
      },
      "ranges": [
        {
          "type": "ECOSYSTEM",
          "events": [
            {
              "introduced": "0"
            },
            {
              "fixed": "2.15.5"
            }
          ]
        }
      ],
      "versions": [
        "1.2.0",
        "1.3.0",
        "1.4.0",
        "1.5.0",
        "1.6.0",
        "1.6.1",
        "1.6.2",
        "1.6.3",
        "1.6.4",
        "2.0-M1",
        "2.0-M2",
        "2.0-M3",
        "2.0.0",
        "2.1.0",
        "2.10.0",
        "2.10.1",
        "2.10.2",
        "2.10.3",
        "2.10.4",
        "2.10.5",
        "2.10.6",
        "2.10.7",
        "2.11.0",
        "2.11.1",
        "2.11.2",
        "2.11.3",
        "2.11.4",
        "2.12.0",
        "2.12.1",
        "2.12.2",
        "2.12.3",
        "2.12.4",
        "2.12.5",
        "2.13.0",
        "2.13.1",
        "2.13.2",
        "2.13.3",
        "2.13.4",
        "2.14.0",
        "2.14.1",
        "2.14.2",
        "2.14.3",
        "2.14.4",
        "2.15.0",
        "2.15.1",
        "2.15.2",
        "2.15.3",
        "2.15.4",
        "2.2.0",
        "2.3.0",
        "2.4.0",
        "2.5.0",
        "2.6.0",
        "2.7.0",
        "2.7.1",
        "2.7.2",
        "2.7.3",
        "2.7.4",
        "2.7.5",
        "2.8.0",
        "2.8.1",
        "2.8.2",
        "2.8.3",
        "2.8.4",
        "2.8.5",
        "2.8.6",
        "2.9.0",
        "2.9.0-RC1",
        "2.9.1",
        "2.9.2",
        "2.9.3",
        "2.9.4",
        "2.9.5",
        "2.9.6",
        "2.9.7",
        "2.9.8"
      ],
      "database_specific": {
        "source": "https://github.com/github/advisory-database/blob/main/advisories/github-reviewed/2018/10/GHSA-26v6-w6fw-rh94/GHSA-26v6-w6fw-rh94.json"
      }
    },
    {
      "package": {
        "name": "org.apache.camel:camel-jetty",
        "ecosystem": "Maven",
        "purl": "pkg:maven/org.apache.camel/camel-jetty"
      },
      "ranges": [
        {
          "type": "ECOSYSTEM",
          "events": [
            {
              "introduced": "2.16.0"
            },
            {
              "fixed": "2.16.1"
            }
          ]
        }
      ],
      "versions": [
        "2.16.0"
      ],
      "database_specific": {
        "source": "https://github.com/github/advisory-database/blob/main/advisories/github-reviewed/2018/10/GHSA-26v6-w6fw-rh94/GHSA-26v6-w6fw-rh94.json"
      }
    },
    {
      "package": {
        "name": "org.apache.camel:camel-servlet",
        "ecosystem": "Maven",
        "purl": "pkg:maven/org.apache.camel/camel-servlet"
      },
      "ranges": [
        {
          "type": "ECOSYSTEM",
          "events": [
            {
              "introduced": "0"
            },
            {
              "fixed": "2.15.5"
            }
          ]
        }
      ],
      "versions": [
        "2.0-M3",
        "2.0.0",
        "2.1.0",
        "2.10.0",
        "2.10.1",
        "2.10.2",
        "2.10.3",
        "2.10.4",
        "2.10.5",
        "2.10.6",
        "2.10.7",
        "2.11.0",
        "2.11.1",
        "2.11.2",
        "2.11.3",
        "2.11.4",
        "2.12.0",
        "2.12.1",
        "2.12.2",
        "2.12.3",
        "2.12.4",
        "2.12.5",
        "2.13.0",
        "2.13.1",
        "2.13.2",
        "2.13.3",
        "2.13.4",
        "2.14.0",
        "2.14.1",
        "2.14.2",
        "2.14.3",
        "2.14.4",
        "2.15.0",
        "2.15.1",
        "2.15.2",
        "2.15.3",
        "2.15.4",
        "2.2.0",
        "2.3.0",
        "2.4.0",
        "2.5.0",
        "2.6.0",
        "2.7.0",
        "2.7.1",
        "2.7.2",
        "2.7.3",
        "2.7.4",
        "2.7.5",
        "2.8.0",
        "2.8.1",
        "2.8.2",
        "2.8.3",
        "2.8.4",
        "2.8.5",
        "2.8.6",
        "2.9.0",
        "2.9.0-RC1",
        "2.9.1",
        "2.9.2",
        "2.9.3",
        "2.9.4",
        "2.9.5",
        "2.9.6",
        "2.9.7",
        "2.9.8"
      ],
      "database_specific": {
        "source": "https://github.com/github/advisory-database/blob/main/advisories/github-reviewed/2018/10/GHSA-26v6-w6fw-rh94/GHSA-26v6-w6fw-rh94.json"
      }
    },
    {
      "package": {
        "name": "org.apache.camel:camel-servlet",
        "ecosystem": "Maven",
        "purl": "pkg:maven/org.apache.camel/camel-servlet"
      },
      "ranges": [
        {
          "type": "ECOSYSTEM",
          "events": [
            {
              "introduced": "2.16.0"
            },
            {
              "fixed": "2.16.1"
            }
          ]
        }
      ],
      "versions": [
        "2.16.0"
      ],
      "database_specific": {
        "source": "https://github.com/github/advisory-database/blob/main/advisories/github-reviewed/2018/10/GHSA-26v6-w6fw-rh94/GHSA-26v6-w6fw-rh94.json"
      }
    }
  ],
  "schema_version": "1.2.0",
  "severity": [
    {
      "type": "CVSS_V3",
      "score": "CVSS:3.0/AV:N/AC:H/PR:N/UI:N/S:U/C:H/I:H/A:H"
    }
  ]
}