{
  "id": "GHSA-4qq9-rrq6-48ff",
  "summary": "Moderate severity vulnerability that affects org.apache.nifi:nifi",
  "details": "The message-page.jsp error page used the value of the HTTP request header X-ProxyContextPath without sanitization, resulting in a reflected XSS attack. Mitigation: The fix to correctly parse and sanitize the request attribute value was applied on the Apache NiFi 1.8.0 release. Users running a prior 1.x release should upgrade to the appropriate release.",
  "aliases": [
    "CVE-2018-17193"
  ],
  "modified": "2022-03-02T05:21:02.167656Z",
  "published": "2018-12-20T22:02:39Z",
  "database_specific": {
    "github_reviewed": true,
    "severity": "MODERATE",
    "cwe_ids": [
      "CWE-79"
    ]
  },
  "references": [
    {
      "type": "ADVISORY",
      "url": "https://nvd.nist.gov/vuln/detail/CVE-2018-17193"
    },
    {
      "type": "ADVISORY",
      "url": "https://github.com/advisories/GHSA-4qq9-rrq6-48ff"
    },
    {
      "type": "WEB",
      "url": "https://nifi.apache.org/security.html#CVE-2018-17193"
    }
  ],
  "affected": [
    {
      "package": {
        "name": "org.apache.nifi:nifi",
        "ecosystem": "Maven",
        "purl": "pkg:maven/org.apache.nifi/nifi"
      },
      "ranges": [
        {
          "type": "ECOSYSTEM",
          "events": [
            {
              "introduced": "1.0.0"
            },
            {
              "fixed": "1.8.0"
            }
          ]
        }
      ],
      "versions": [
        "1.0.0",
        "1.0.1",
        "1.1.0",
        "1.1.1",
        "1.1.2",
        "1.2.0",
        "1.3.0",
        "1.4.0",
        "1.5.0",
        "1.6.0",
        "1.7.0",
        "1.7.1"
      ],
      "database_specific": {
        "source": "https://github.com/github/advisory-database/blob/main/advisories/github-reviewed/2018/12/GHSA-4qq9-rrq6-48ff/GHSA-4qq9-rrq6-48ff.json",
        "last_known_affected_version_range": "<= 1.7.1"
      }
    }
  ],
  "schema_version": "1.2.0",
  "severity": [
    {
      "type": "CVSS_V3",
      "score": "CVSS:3.0/AV:N/AC:L/PR:N/UI:R/S:C/C:L/I:L/A:N"
    }
  ]
}