{
  "id": "GHSA-99px-7724-484v",
  "summary": "Remote Code Execution in Any23",
  "details": "A Remote Code Execution (RCE) vulnerability was discovered in the Any23 YAMLExtractor.java file and is known to affect Any23 versions < 2.5. RCE vulnerabilities allow a malicious actor to execute any code of their choice on a remote machine over LAN, WAN, or internet. RCE belongs to the broader class of arbitrary code execution (ACE) vulnerabilities.",
  "aliases": [
    "CVE-2021-40146"
  ],
  "modified": "2022-03-02T05:21:10.309571Z",
  "published": "2021-09-13T20:06:38Z",
  "database_specific": {
    "github_reviewed": true,
    "severity": "CRITICAL",
    "cwe_ids": []
  },
  "references": [
    {
      "type": "ADVISORY",
      "url": "https://nvd.nist.gov/vuln/detail/CVE-2021-40146"
    },
    {
      "type": "WEB",
      "url": "https://lists.apache.org/thread.html/r7c521ed85c7ae1bad4fdf95b459f2aaa8a67eae338636b7b7ec35d86%40%3Cannounce.apache.org%3E"
    },
    {
      "type": "WEB",
      "url": "http://www.openwall.com/lists/oss-security/2021/09/11/2"
    },
    {
      "type": "PACKAGE",
      "url": "https://github.com/apache/any23"
    }
  ],
  "affected": [
    {
      "package": {
        "name": "org.apache.any23:apache-any23",
        "ecosystem": "Maven",
        "purl": "pkg:maven/org.apache.any23/apache-any23"
      },
      "ranges": [
        {
          "type": "ECOSYSTEM",
          "events": [
            {
              "introduced": "0"
            },
            {
              "fixed": "2.5"
            }
          ]
        }
      ],
      "versions": [
        "0.7.0-incubating",
        "0.8.0",
        "0.9.0",
        "1.0",
        "1.1",
        "2.0",
        "2.1",
        "2.2",
        "2.3",
        "2.4"
      ],
      "database_specific": {
        "source": "https://github.com/github/advisory-database/blob/main/advisories/github-reviewed/2021/09/GHSA-99px-7724-484v/GHSA-99px-7724-484v.json"
      }
    }
  ],
  "schema_version": "1.2.0",
  "severity": [
    {
      "type": "CVSS_V3",
      "score": "CVSS:3.1/AV:N/AC:L/PR:N/UI:N/S:U/C:H/I:H/A:H"
    }
  ]
}