{
  "id": "GHSA-6vwp-35w3-xph8",
  "summary": "Insecure Deserialization in Apache XML-RPC",
  "details": "An untrusted deserialization was found in the org.apache.xmlrpc.parser.XmlRpcResponseParser:addResult method of Apache XML-RPC (aka ws-xmlrpc) library. A malicious XML-RPC server could target a XML-RPC client causing it to execute arbitrary code.\n\nApache XML-RPC is no longer maintained and this issue will not be fixed.",
  "aliases": [
    "CVE-2019-17570"
  ],
  "modified": "2022-03-02T05:21:53.497197Z",
  "published": "2020-06-10T20:02:39Z",
  "database_specific": {
    "cwe_ids": [
      "CWE-502"
    ],
    "severity": "CRITICAL",
    "github_reviewed": true
  },
  "references": [
    {
      "type": "ADVISORY",
      "url": "https://nvd.nist.gov/vuln/detail/CVE-2019-17570"
    },
    {
      "type": "WEB",
      "url": "https://access.redhat.com/errata/RHSA-2020:0310"
    },
    {
      "type": "WEB",
      "url": "https://bugzilla.redhat.com/show_bug.cgi?id=CVE-2019-17570;"
    },
    {
      "type": "WEB",
      "url": "https://lists.apache.org/thread.html/846551673bbb7ec8d691008215384bcef03a3fb004d2da845cfe88ee%401390230951%40%3Cdev.ws.apache.org%3E"
    },
    {
      "type": "WEB",
      "url": "https://lists.debian.org/debian-lts-announce/2020/01/msg00033.html"
    },
    {
      "type": "WEB",
      "url": "https://lists.fedoraproject.org/archives/list/package-announce@lists.fedoraproject.org/message/I3QCRLJYQRGVTIYF4BXYRFSF3ONP3TBF/"
    },
    {
      "type": "WEB",
      "url": "https://seclists.org/bugtraq/2020/Feb/8"
    },
    {
      "type": "WEB",
      "url": "https://usn.ubuntu.com/4496-1/"
    },
    {
      "type": "WEB",
      "url": "https://www.debian.org/security/2020/dsa-4619"
    },
    {
      "type": "WEB",
      "url": "http://www.openwall.com/lists/oss-security/2020/01/24/2"
    }
  ],
  "affected": [
    {
      "package": {
        "name": "org.apache.xmlrpc:xmlrpc",
        "ecosystem": "Maven",
        "purl": "pkg:maven/org.apache.xmlrpc/xmlrpc"
      },
      "ranges": [
        {
          "type": "ECOSYSTEM",
          "events": [
            {
              "introduced": "0"
            }
          ]
        }
      ],
      "versions": [
        "3.0",
        "3.0b1",
        "3.0rc1",
        "3.1",
        "3.1.1",
        "3.1.2",
        "3.1.3"
      ],
      "database_specific": {
        "source": "https://github.com/github/advisory-database/blob/main/advisories/github-reviewed/2020/06/GHSA-6vwp-35w3-xph8/GHSA-6vwp-35w3-xph8.json",
        "last_known_affected_version_range": "<= 3.1.3"
      }
    }
  ],
  "schema_version": "1.2.0",
  "severity": [
    {
      "type": "CVSS_V3",
      "score": "CVSS:3.1/AV:N/AC:L/PR:N/UI:N/S:U/C:H/I:H/A:H"
    }
  ]
}