{
  "id": "GHSA-5mf7-26mw-3rqr",
  "summary": "Moderate severity vulnerability that affects org.apache.tika:tika-core",
  "details": "A carefully crafted (or fuzzed) file can trigger an infinite loop in Apache Tika's BPGParser in versions of Apache Tika before 1.18.",
  "aliases": [
    "CVE-2018-1338"
  ],
  "modified": "2022-03-02T05:21:56.369659Z",
  "published": "2018-10-17T15:50:45Z",
  "database_specific": {
    "cwe_ids": [
      "CWE-835"
    ],
    "severity": "MODERATE",
    "github_reviewed": true
  },
  "references": [
    {
      "type": "ADVISORY",
      "url": "https://nvd.nist.gov/vuln/detail/CVE-2018-1338"
    },
    {
      "type": "WEB",
      "url": "https://access.redhat.com/errata/RHSA-2018:2669"
    },
    {
      "type": "ADVISORY",
      "url": "https://github.com/advisories/GHSA-5mf7-26mw-3rqr"
    },
    {
      "type": "WEB",
      "url": "https://lists.apache.org/thread.html/4d20c5748fb9f836653bc78a1bad991ba8485d82a1e821f70b641932@%3Cdev.tika.apache.org%3E"
    }
  ],
  "affected": [
    {
      "package": {
        "name": "org.apache.tika:tika-core",
        "ecosystem": "Maven",
        "purl": "pkg:maven/org.apache.tika/tika-core"
      },
      "ranges": [
        {
          "type": "ECOSYSTEM",
          "events": [
            {
              "introduced": "0"
            },
            {
              "fixed": "1.18"
            }
          ]
        }
      ],
      "versions": [
        "0.10",
        "0.4",
        "0.5",
        "0.6",
        "0.7",
        "0.8",
        "0.9",
        "1.0",
        "1.1",
        "1.10",
        "1.11",
        "1.12",
        "1.13",
        "1.14",
        "1.15",
        "1.16",
        "1.17",
        "1.2",
        "1.3",
        "1.4",
        "1.5",
        "1.6",
        "1.7",
        "1.8",
        "1.9"
      ],
      "database_specific": {
        "source": "https://github.com/github/advisory-database/blob/main/advisories/github-reviewed/2018/10/GHSA-5mf7-26mw-3rqr/GHSA-5mf7-26mw-3rqr.json"
      }
    }
  ],
  "schema_version": "1.2.0",
  "severity": [
    {
      "type": "CVSS_V3",
      "score": "CVSS:3.0/AV:L/AC:L/PR:N/UI:R/S:U/C:N/I:N/A:H"
    }
  ]
}