{
  "id": "GHSA-7pm4-g2qj-j85x",
  "summary": "CSRF attack via CORS preflight requests with Spring MVC or Spring WebFlux",
  "details": "Spring Framework, versions 5.2.x prior to 5.2.3 are vulnerable to CSRF attacks through CORS preflight requests that target Spring MVC (spring-webmvc module) or Spring WebFlux (spring-webflux module) endpoints. Only non-authenticated endpoints are vulnerable because preflight requests should not include credentials and therefore requests should fail authentication. However a notable exception to this are Chrome based browsers when using client certificates for authentication since Chrome sends TLS client certificates in CORS preflight requests in violation of spec requirements. No HTTP body can be sent or received as a result of this attack.",
  "aliases": [
    "CVE-2020-5397"
  ],
  "modified": "2022-03-02T05:21:58.026530Z",
  "published": "2020-01-21T20:59:33Z",
  "database_specific": {
    "github_reviewed": true,
    "severity": "MODERATE",
    "cwe_ids": [
      "CWE-352"
    ]
  },
  "references": [
    {
      "type": "ADVISORY",
      "url": "https://nvd.nist.gov/vuln/detail/CVE-2020-5397"
    },
    {
      "type": "WEB",
      "url": "https://pivotal.io/security/cve-2020-5397"
    },
    {
      "type": "WEB",
      "url": "https://www.oracle.com//security-alerts/cpujul2021.html"
    },
    {
      "type": "WEB",
      "url": "https://www.oracle.com/security-alerts/cpuapr2020.html"
    },
    {
      "type": "WEB",
      "url": "https://www.oracle.com/security-alerts/cpujul2020.html"
    },
    {
      "type": "WEB",
      "url": "https://www.oracle.com/security-alerts/cpuoct2020.html"
    },
    {
      "type": "WEB",
      "url": "https://www.oracle.com/security-alerts/cpuoct2021.html"
    }
  ],
  "affected": [
    {
      "package": {
        "name": "org.springframework:spring-webmvc",
        "ecosystem": "Maven",
        "purl": "pkg:maven/org.springframework/spring-webmvc"
      },
      "ranges": [
        {
          "type": "ECOSYSTEM",
          "events": [
            {
              "introduced": "5.2.0"
            },
            {
              "fixed": "5.2.3"
            }
          ]
        }
      ],
      "versions": [
        "5.2.0.RELEASE",
        "5.2.1.RELEASE",
        "5.2.2.RELEASE"
      ],
      "database_specific": {
        "source": "https://github.com/github/advisory-database/blob/main/advisories/github-reviewed/2020/01/GHSA-7pm4-g2qj-j85x/GHSA-7pm4-g2qj-j85x.json"
      }
    },
    {
      "package": {
        "name": "org.springframework:spring-webflux",
        "ecosystem": "Maven",
        "purl": "pkg:maven/org.springframework/spring-webflux"
      },
      "ranges": [
        {
          "type": "ECOSYSTEM",
          "events": [
            {
              "introduced": "5.2.0"
            },
            {
              "fixed": "5.2.3"
            }
          ]
        }
      ],
      "versions": [
        "5.2.0.RELEASE",
        "5.2.1.RELEASE",
        "5.2.2.RELEASE"
      ],
      "database_specific": {
        "source": "https://github.com/github/advisory-database/blob/main/advisories/github-reviewed/2020/01/GHSA-7pm4-g2qj-j85x/GHSA-7pm4-g2qj-j85x.json"
      }
    }
  ],
  "schema_version": "1.2.0",
  "severity": [
    {
      "type": "CVSS_V3",
      "score": "CVSS:3.0/AV:N/AC:L/PR:N/UI:N/S:U/C:N/I:L/A:N"
    }
  ]
}