{
  "id": "GHSA-48rw-j489-928m",
  "summary": "Signature wrapping vulnerability in Spring Security",
  "details": "Spring Security versions 5.2.x prior to 5.2.4 and 5.3.x prior to 5.3.2 contain a signature wrapping vulnerability during SAML response validation. When using the spring-security-saml2-service-provider component, a malicious user can carefully modify an otherwise valid SAML response and append an arbitrary assertion that Spring Security will accept as valid.",
  "aliases": [
    "CVE-2020-5407"
  ],
  "modified": "2022-03-02T05:22:00.879026Z",
  "published": "2020-06-05T16:13:29Z",
  "database_specific": {
    "cwe_ids": [
      "CWE-347"
    ],
    "github_reviewed": true,
    "severity": "HIGH"
  },
  "references": [
    {
      "type": "ADVISORY",
      "url": "https://nvd.nist.gov/vuln/detail/CVE-2020-5407"
    },
    {
      "type": "WEB",
      "url": "https://lists.apache.org/thread.html/r73af928cf64bebf78b7fa4bc56a5253273ec7829f5f5827f64c72fc7@%3Cissues.servicemix.apache.org%3E"
    },
    {
      "type": "WEB",
      "url": "https://lists.apache.org/thread.html/ra19a4e7236877fe12bfb52db07b27ad72d9e7a9f5e27bba7e928e18a@%3Cdev.geode.apache.org%3E"
    },
    {
      "type": "WEB",
      "url": "https://lists.apache.org/thread.html/rd99601fbca514f214f88f9e53fd5be3cfbff05b350c994b4ec2e184c@%3Cdev.geode.apache.org%3E"
    },
    {
      "type": "WEB",
      "url": "https://tanzu.vmware.com/security/cve-2020-5407"
    },
    {
      "type": "WEB",
      "url": "https://www.oracle.com/security-alerts/cpuApr2021.html"
    },
    {
      "type": "WEB",
      "url": "https://www.oracle.com/security-alerts/cpujan2021.html"
    },
    {
      "type": "WEB",
      "url": "https://www.oracle.com/security-alerts/cpuoct2020.html"
    }
  ],
  "affected": [
    {
      "package": {
        "name": "org.springframework.security:spring-security-core",
        "ecosystem": "Maven",
        "purl": "pkg:maven/org.springframework.security/spring-security-core"
      },
      "ranges": [
        {
          "type": "ECOSYSTEM",
          "events": [
            {
              "introduced": "5.2.0"
            },
            {
              "fixed": "5.2.4"
            }
          ]
        }
      ],
      "versions": [
        "5.2.0.RELEASE",
        "5.2.1.RELEASE",
        "5.2.2.RELEASE",
        "5.2.3.RELEASE"
      ],
      "database_specific": {
        "source": "https://github.com/github/advisory-database/blob/main/advisories/github-reviewed/2020/06/GHSA-48rw-j489-928m/GHSA-48rw-j489-928m.json"
      }
    },
    {
      "package": {
        "name": "org.springframework.security:spring-security-core",
        "ecosystem": "Maven",
        "purl": "pkg:maven/org.springframework.security/spring-security-core"
      },
      "ranges": [
        {
          "type": "ECOSYSTEM",
          "events": [
            {
              "introduced": "5.3.0"
            },
            {
              "fixed": "5.3.2"
            }
          ]
        }
      ],
      "versions": [
        "5.3.0.RELEASE",
        "5.3.1.RELEASE"
      ],
      "database_specific": {
        "source": "https://github.com/github/advisory-database/blob/main/advisories/github-reviewed/2020/06/GHSA-48rw-j489-928m/GHSA-48rw-j489-928m.json"
      }
    }
  ],
  "schema_version": "1.2.0",
  "severity": [
    {
      "type": "CVSS_V3",
      "score": "CVSS:3.1/AV:N/AC:L/PR:L/UI:N/S:U/C:H/I:H/A:H"
    }
  ]
}