{
  "id": "GHSA-89gc-6cw6-4vch",
  "summary": "Moderate severity vulnerability that affects com.sparkjava:spark-core",
  "details": "Directory traversal vulnerability in Spark 2.5 allows remote attackers to read arbitrary files via a .. (dot dot) in the URI.",
  "aliases": [
    "CVE-2016-9177"
  ],
  "modified": "2022-03-02T05:21:35.719126Z",
  "published": "2018-10-04T19:53:35Z",
  "database_specific": {
    "github_reviewed": true,
    "severity": "HIGH",
    "cwe_ids": [
      "CWE-22"
    ]
  },
  "references": [
    {
      "type": "ADVISORY",
      "url": "https://nvd.nist.gov/vuln/detail/CVE-2016-9177"
    },
    {
      "type": "WEB",
      "url": "https://github.com/perwendel/spark/issues/700"
    },
    {
      "type": "WEB",
      "url": "https://access.redhat.com/errata/RHSA-2017:0868"
    },
    {
      "type": "ADVISORY",
      "url": "https://github.com/advisories/GHSA-89gc-6cw6-4vch"
    },
    {
      "type": "WEB",
      "url": "http://seclists.org/fulldisclosure/2016/Nov/13"
    },
    {
      "type": "WEB",
      "url": "http://www.securityfocus.com/bid/94218"
    },
    {
      "type": "PACKAGE",
      "url": "https://github.com/perwendel/spark"
    }
  ],
  "affected": [
    {
      "package": {
        "name": "com.sparkjava:spark-core",
        "ecosystem": "Maven",
        "purl": "pkg:maven/com.sparkjava/spark-core"
      },
      "ranges": [
        {
          "type": "ECOSYSTEM",
          "events": [
            {
              "introduced": "0"
            },
            {
              "fixed": "2.5.2"
            }
          ]
        }
      ],
      "versions": [
        "1.0",
        "1.1",
        "1.1.1",
        "2.0.0",
        "2.1",
        "2.2",
        "2.3",
        "2.4",
        "2.5",
        "2.5.1"
      ],
      "database_specific": {
        "source": "https://github.com/github/advisory-database/blob/main/advisories/github-reviewed/2018/10/GHSA-89gc-6cw6-4vch/GHSA-89gc-6cw6-4vch.json"
      }
    }
  ],
  "schema_version": "1.2.0",
  "severity": [
    {
      "type": "CVSS_V3",
      "score": "CVSS:3.0/AV:N/AC:L/PR:N/UI:N/S:U/C:H/I:N/A:N"
    }
  ]
}