{
  "id": "GHSA-6jq2-789q-fff2",
  "summary": "High severity vulnerability that affects org.apache.tika:tika-core",
  "details": "In Apache Tika 0.1 to 1.18, the XML parsers were not configured to limit entity expansion. They were therefore vulnerable to an entity expansion vulnerability which can lead to a denial of service attack.",
  "aliases": [
    "CVE-2018-11761"
  ],
  "modified": "2022-03-02T05:21:48.424038Z",
  "published": "2018-10-17T15:49:36Z",
  "database_specific": {
    "github_reviewed": true,
    "cwe_ids": [
      "CWE-611"
    ],
    "severity": "HIGH"
  },
  "references": [
    {
      "type": "ADVISORY",
      "url": "https://nvd.nist.gov/vuln/detail/CVE-2018-11761"
    },
    {
      "type": "ADVISORY",
      "url": "https://github.com/advisories/GHSA-6jq2-789q-fff2"
    },
    {
      "type": "WEB",
      "url": "https://lists.apache.org/thread.html/5553e10bba5604117967466618f219c0cae710075819c70cfb3fb421@%3Cdev.tika.apache.org%3E"
    },
    {
      "type": "WEB",
      "url": "https://lists.apache.org/thread.html/708d94141126eac03011144a971a6411fcac16d9c248d1d535a39451@%3Csolr-user.lucene.apache.org%3E"
    },
    {
      "type": "WEB",
      "url": "https://www.oracle.com/technetwork/security-advisory/cpuapr2019-5072813.html"
    },
    {
      "type": "WEB",
      "url": "http://www.securityfocus.com/bid/105514"
    }
  ],
  "affected": [
    {
      "package": {
        "name": "org.apache.tika:tika-core",
        "ecosystem": "Maven",
        "purl": "pkg:maven/org.apache.tika/tika-core"
      },
      "ranges": [
        {
          "type": "ECOSYSTEM",
          "events": [
            {
              "introduced": "0.1"
            },
            {
              "fixed": "1.19.1"
            }
          ]
        }
      ],
      "versions": [
        "0.10",
        "0.4",
        "0.5",
        "0.6",
        "0.7",
        "0.8",
        "0.9",
        "1.0",
        "1.1",
        "1.10",
        "1.11",
        "1.12",
        "1.13",
        "1.14",
        "1.15",
        "1.16",
        "1.17",
        "1.18",
        "1.19",
        "1.2",
        "1.3",
        "1.4",
        "1.5",
        "1.6",
        "1.7",
        "1.8",
        "1.9"
      ],
      "database_specific": {
        "source": "https://github.com/github/advisory-database/blob/main/advisories/github-reviewed/2018/10/GHSA-6jq2-789q-fff2/GHSA-6jq2-789q-fff2.json"
      }
    }
  ],
  "schema_version": "1.2.0",
  "severity": [
    {
      "type": "CVSS_V3",
      "score": "CVSS:3.0/AV:N/AC:L/PR:N/UI:N/S:U/C:N/I:N/A:H"
    }
  ]
}