{
  "id": "GHSA-8rf5-92jh-3vc9",
  "summary": "Uncaught Exception leading to Denial of Service in json-sanitizer",
  "details": "OWASP json-sanitizer before 1.2.2 can output invalid JSON or throw an undeclared exception for crafted input. This may lead to denial of service if the application is not prepared to handle these situations.",
  "aliases": [
    "CVE-2021-23900"
  ],
  "modified": "2022-03-02T05:21:01.435880Z",
  "published": "2021-05-13T22:31:32Z",
  "database_specific": {
    "severity": "HIGH",
    "github_reviewed": true,
    "cwe_ids": [
      "CWE-248"
    ]
  },
  "references": [
    {
      "type": "ADVISORY",
      "url": "https://nvd.nist.gov/vuln/detail/CVE-2021-23900"
    },
    {
      "type": "WEB",
      "url": "https://github.com/OWASP/json-sanitizer/commit/a37f594f7378a1c76b3283e0dab9e1ab1dc0247e"
    },
    {
      "type": "WEB",
      "url": "https://github.com/OWASP/json-sanitizer/compare/v1.2.1...v1.2.2"
    },
    {
      "type": "WEB",
      "url": "https://groups.google.com/g/json-sanitizer-support/c/dAW1AeNMoA0"
    }
  ],
  "affected": [
    {
      "package": {
        "name": "com.mikesamuel:json-sanitizer",
        "ecosystem": "Maven",
        "purl": "pkg:maven/com.mikesamuel/json-sanitizer"
      },
      "ranges": [
        {
          "type": "ECOSYSTEM",
          "events": [
            {
              "introduced": "0"
            },
            {
              "fixed": "1.2.2"
            }
          ]
        }
      ],
      "versions": [
        "1.0",
        "1.1",
        "1.2.0",
        "1.2.1"
      ],
      "database_specific": {
        "source": "https://github.com/github/advisory-database/blob/main/advisories/github-reviewed/2021/05/GHSA-8rf5-92jh-3vc9/GHSA-8rf5-92jh-3vc9.json"
      }
    }
  ],
  "schema_version": "1.2.0",
  "severity": [
    {
      "type": "CVSS_V3",
      "score": "CVSS:3.1/AV:N/AC:L/PR:N/UI:N/S:U/C:N/I:N/A:H"
    }
  ]
}