{
  "id": "GHSA-c9hw-wf7x-jp9j",
  "summary": "Improper Privilege Management in Tomcat",
  "details": "When using the Apache JServ Protocol (AJP), care must be taken when trusting incoming connections to Apache Tomcat. Tomcat treats AJP connections as having higher trust than, for example, a similar HTTP connection. If such connections are available to an attacker, they can be exploited in ways that may be surprising. In Apache Tomcat 9.0.0.M1 to 9.0.0.30, 8.5.0 to 8.5.50 and 7.0.0 to 7.0.99, Tomcat shipped with an AJP Connector enabled by default that listened on all configured IP addresses. It was expected (and recommended in the security guide) that this Connector would be disabled if not required. This vulnerability report identified a mechanism that allowed: - returning arbitrary files from anywhere in the web application - processing any file in the web application as a JSP Further, if the web application allowed file upload and stored those files within the web application (or the attacker was able to control the content of the web application by some other means) then this, along with the ability to process a file as a JSP, made remote code execution possible. It is important to note that mitigation is only required if an AJP port is accessible to untrusted users. Users wishing to take a defence-in-depth approach and block the vector that permits returning arbitrary files and execution as JSP may upgrade to Apache Tomcat 9.0.31, 8.5.51 or 7.0.100 or later. A number of changes were made to the default AJP Connector configuration in 9.0.31 to harden the default configuration. It is likely that users upgrading to 9.0.31, 8.5.51 or 7.0.100 or later will need to make small changes to their configurations.",
  "aliases": [
    "CVE-2020-1938"
  ],
  "modified": "2022-03-02T05:21:59.607814Z",
  "published": "2020-06-15T18:51:21Z",
  "database_specific": {
    "cwe_ids": [
      "CWE-269"
    ],
    "github_reviewed": true,
    "severity": "CRITICAL"
  },
  "references": [
    {
      "type": "ADVISORY",
      "url": "https://nvd.nist.gov/vuln/detail/CVE-2020-1938"
    },
    {
      "type": "WEB",
      "url": "https://lists.apache.org/thread.html/r089dc67c0358a1556dd279c762c74f32d7a254a54836b7ee2d839d8e@%3Cdev.tomee.apache.org%3E"
    },
    {
      "type": "WEB",
      "url": "https://lists.apache.org/thread.html/r1125f3044a0946d1e7e6f125a6170b58d413ebd4a95157e4608041c7@%3Cannounce.apache.org%3E"
    },
    {
      "type": "WEB",
      "url": "https://lists.apache.org/thread.html/r17aaa3a05b5b7fe9075613dd0c681efa60a4f8c8fbad152c61371b6e@%3Cusers.tomcat.apache.org%3E"
    },
    {
      "type": "WEB",
      "url": "https://lists.apache.org/thread.html/r38a5b7943b9a62ecb853acc22ef08ff586a7b3c66e08f949f0396ab1@%3Cusers.tomcat.apache.org%3E"
    },
    {
      "type": "WEB",
      "url": "https://lists.apache.org/thread.html/r43faacf64570b1d9a4bada407a5af3b2738b0c007b905f1b6b608c65@%3Cusers.tomcat.apache.org%3E"
    },
    {
      "type": "WEB",
      "url": "https://lists.apache.org/thread.html/r47caef01f663106c2bb81d116b8380d62beac9e543dd3f3bc2c2beda@%3Ccommits.tomee.apache.org%3E"
    },
    {
      "type": "WEB",
      "url": "https://lists.apache.org/thread.html/r4afa11e0464408e68f0e9560e90b185749363a66398b1491254f7864@%3Cusers.tomcat.apache.org%3E"
    },
    {
      "type": "WEB",
      "url": "https://lists.apache.org/thread.html/r4f86cb260196e5cfcbbe782822c225ddcc70f54560f14a8f11c6926f@%3Cusers.tomcat.apache.org%3E"
    },
    {
      "type": "WEB",
      "url": "https://lists.apache.org/thread.html/r549b43509e387a42656f0641fa311bf27c127c244fe02007d5b8d6f6@%3Cdev.tomcat.apache.org%3E"
    },
    {
      "type": "WEB",
      "url": "https://lists.apache.org/thread.html/r57f5e4ced436ace518a9e222fabe27fb785f09f5bf974814cc48ca97@%3Ccommits.tomee.apache.org%3E"
    },
    {
      "type": "WEB",
      "url": "https://lists.apache.org/thread.html/r5e2f1201b92ee05a0527cfc076a81ea0c270be299b87895c0ddbe02b@%3Cusers.tomcat.apache.org%3E"
    },
    {
      "type": "WEB",
      "url": "https://lists.apache.org/thread.html/r61f280a76902b594692f0b24a1dbf647bb5a4c197b9395e9a6796e7c@%3Cusers.tomcat.apache.org%3E"
    },
    {
      "type": "WEB",
      "url": "https://lists.apache.org/thread.html/r6a5633cad1b560a1e51f5b425f02918bdf30e090fdf18c5f7c2617eb@%3Ccommits.tomee.apache.org%3E"
    },
    {
      "type": "WEB",
      "url": "https://lists.apache.org/thread.html/r74328b178f9f37fe759dffbc9c1f2793e66d79d7a8a20d3836551794@%3Cnotifications.ofbiz.apache.org%3E"
    },
    {
      "type": "WEB",
      "url": "https://lists.apache.org/thread.html/r75113652e46c4dee687236510649acfb70d2c63e074152049c3f399d@%3Cnotifications.ofbiz.apache.org%3E"
    },
    {
      "type": "WEB",
      "url": "https://lists.apache.org/thread.html/r772335e6851ad33ddb076218fa4ff70de1bf398d5b43e2ddf0130e5d@%3Cdev.tomcat.apache.org%3E"
    },
    {
      "type": "WEB",
      "url": "https://lists.apache.org/thread.html/r7c6f492fbd39af34a68681dbbba0468490ff1a97a1bd79c6a53610ef%40%3Cannounce.tomcat.apache.org%3E"
    },
    {
      "type": "WEB",
      "url": "https://lists.apache.org/thread.html/r856cdd87eda7af40b50278d6de80ee4b42d63adeb433a34a7bdaf9db@%3Cnotifications.ofbiz.apache.org%3E"
    },
    {
      "type": "WEB",
      "url": "https://lists.apache.org/thread.html/r8f7484589454638af527182ae55ef5b628ba00c05c5b11887c922fb1@%3Cnotifications.ofbiz.apache.org%3E"
    },
    {
      "type": "WEB",
      "url": "https://lists.apache.org/thread.html/r90890afea72a9571d666820b2fe5942a0a5f86be406fa31da3dd0922@%3Cannounce.apache.org%3E"
    },
    {
      "type": "WEB",
      "url": "https://lists.apache.org/thread.html/r92d78655c068d0bc991d1edbdfb24f9c5134603e647cade1113d4e0a@%3Cusers.tomee.apache.org%3E"
    },
    {
      "type": "WEB",
      "url": "https://lists.apache.org/thread.html/r9f119d9ce9239114022e13dbfe385b3de7c972f24f05d6dbd35c1a2f@%3Cusers.tomcat.apache.org%3E"
    },
    {
      "type": "WEB",
      "url": "https://lists.apache.org/thread.html/ra7092f7492569b39b04ec0decf52628ba86c51f15efb38f5853e2760@%3Cnotifications.ofbiz.apache.org%3E"
    },
    {
      "type": "WEB",
      "url": "https://lists.apache.org/thread.html/rad36ec6a1ffc9e43266b030c22ceeea569243555d34fb4187ff08522@%3Cnotifications.ofbiz.apache.org%3E"
    },
    {
      "type": "WEB",
      "url": "https://lists.apache.org/thread.html/rb1c0fb105ce2b93b7ec6fc1b77dd208022621a91c12d1f580813cfed@%3Cdev.tomcat.apache.org%3E"
    },
    {
      "type": "WEB",
      "url": "https://lists.apache.org/thread.html/rb2fc890bef23cbc7f343900005fe1edd3b091cf18dada455580258f9@%3Cusers.tomcat.apache.org%3E"
    },
    {
      "type": "WEB",
      "url": "https://lists.apache.org/thread.html/rbdb1d2b651a3728f0ceba9e0853575b6f90296a94a71836a15f7364a@%3Cdev.tomee.apache.org%3E"
    },
    {
      "type": "WEB",
      "url": "https://lists.apache.org/thread.html/rc068e824654c4b8bd4f2490bec869e29edbfcd5dfe02d47cbf7433b2@%3Cdev.tomee.apache.org%3E"
    },
    {
      "type": "WEB",
      "url": "https://lists.apache.org/thread.html/rcd5cd301e9e7e39f939baf2f5d58704750be07a5e2d3393e40ca7194@%3Ccommits.tomee.apache.org%3E"
    },
    {
      "type": "WEB",
      "url": "https://lists.apache.org/thread.html/rce2af55f6e144ffcdc025f997eddceb315dfbc0b230e3d750a7f7425@%3Cnotifications.ofbiz.apache.org%3E"
    },
    {
      "type": "WEB",
      "url": "https://lists.apache.org/thread.html/rd0774c95699d5aeb5e16e9a600fb2ea296e81175e30a62094e27e3e7@%3Ccommits.ofbiz.apache.org%3E"
    },
    {
      "type": "WEB",
      "url": "https://lists.apache.org/thread.html/rd50baccd1bbb96c2327d5a8caa25a49692b3d68d96915bd1cfbb9f8b@%3Cusers.tomcat.apache.org%3E"
    },
    {
      "type": "WEB",
      "url": "https://lists.apache.org/thread.html/re5eecbe5bf967439bafeeaa85987b3a43f0e6efe06b6976ee768cde2@%3Cusers.tomcat.apache.org%3E"
    },
    {
      "type": "WEB",
      "url": "https://lists.apache.org/thread.html/rf1bbc0ea4a9f014cf94df9a12a6477d24a27f52741dbc87f2fd52ff2@%3Cissues.geode.apache.org%3E"
    },
    {
      "type": "WEB",
      "url": "https://lists.apache.org/thread.html/rf26663f42e7f1a1d1cac732469fb5e92c89908a48b61ec546dbb79ca@%3Cbugs.httpd.apache.org%3E"
    },
    {
      "type": "WEB",
      "url": "https://lists.apache.org/thread.html/rf992c5adf376294af31378a70aa8a158388a41d7039668821be28df3@%3Ccommits.tomee.apache.org%3E"
    },
    {
      "type": "WEB",
      "url": "https://lists.debian.org/debian-lts-announce/2020/03/msg00006.html"
    },
    {
      "type": "WEB",
      "url": "https://lists.debian.org/debian-lts-announce/2020/05/msg00026.html"
    },
    {
      "type": "WEB",
      "url": "https://lists.fedoraproject.org/archives/list/package-announce@lists.fedoraproject.org/message/2XFLQB3O5QVP4ZBIPVIXBEZV7F2R7ZMS/"
    },
    {
      "type": "WEB",
      "url": "https://lists.fedoraproject.org/archives/list/package-announce@lists.fedoraproject.org/message/K3IPNHCKFVUKSHDTM45UL4Q765EHHTFG/"
    },
    {
      "type": "WEB",
      "url": "https://lists.fedoraproject.org/archives/list/package-announce@lists.fedoraproject.org/message/L46WJIV6UV3FWA5O5YEY6XLA73RYD53B/"
    },
    {
      "type": "WEB",
      "url": "https://security.gentoo.org/glsa/202003-43"
    },
    {
      "type": "WEB",
      "url": "https://security.netapp.com/advisory/ntap-20200226-0002/"
    },
    {
      "type": "WEB",
      "url": "https://www.debian.org/security/2020/dsa-4673"
    },
    {
      "type": "WEB",
      "url": "https://www.debian.org/security/2020/dsa-4680"
    },
    {
      "type": "WEB",
      "url": "https://www.oracle.com/security-alerts/cpujan2021.html"
    },
    {
      "type": "WEB",
      "url": "https://www.oracle.com/security-alerts/cpujul2020.html"
    },
    {
      "type": "WEB",
      "url": "https://www.oracle.com/security-alerts/cpuoct2020.html"
    },
    {
      "type": "WEB",
      "url": "http://lists.opensuse.org/opensuse-security-announce/2020-03/msg00025.html"
    },
    {
      "type": "WEB",
      "url": "http://lists.opensuse.org/opensuse-security-announce/2020-05/msg00002.html"
    },
    {
      "type": "WEB",
      "url": "http://support.blackberry.com/kb/articleDetail?articleNumber=000062739"
    }
  ],
  "affected": [
    {
      "package": {
        "name": "org.apache.tomcat.embed:tomcat-embed-core",
        "ecosystem": "Maven",
        "purl": "pkg:maven/org.apache.tomcat.embed/tomcat-embed-core"
      },
      "ranges": [
        {
          "type": "ECOSYSTEM",
          "events": [
            {
              "introduced": "9.0.0"
            },
            {
              "fixed": "9.0.31"
            }
          ]
        }
      ],
      "versions": [
        "9.0.1",
        "9.0.10",
        "9.0.11",
        "9.0.12",
        "9.0.13",
        "9.0.14",
        "9.0.16",
        "9.0.17",
        "9.0.19",
        "9.0.2",
        "9.0.20",
        "9.0.21",
        "9.0.22",
        "9.0.24",
        "9.0.26",
        "9.0.27",
        "9.0.29",
        "9.0.30",
        "9.0.4",
        "9.0.5",
        "9.0.6",
        "9.0.7",
        "9.0.8"
      ],
      "database_specific": {
        "source": "https://github.com/github/advisory-database/blob/main/advisories/github-reviewed/2020/06/GHSA-c9hw-wf7x-jp9j/GHSA-c9hw-wf7x-jp9j.json"
      }
    },
    {
      "package": {
        "name": "org.apache.tomcat.embed:tomcat-embed-core",
        "ecosystem": "Maven",
        "purl": "pkg:maven/org.apache.tomcat.embed/tomcat-embed-core"
      },
      "ranges": [
        {
          "type": "ECOSYSTEM",
          "events": [
            {
              "introduced": "8.0.0"
            },
            {
              "fixed": "8.5.51"
            }
          ]
        }
      ],
      "versions": [
        "8.0.1",
        "8.0.11",
        "8.0.12",
        "8.0.14",
        "8.0.15",
        "8.0.17",
        "8.0.18",
        "8.0.20",
        "8.0.21",
        "8.0.22",
        "8.0.23",
        "8.0.24",
        "8.0.26",
        "8.0.27",
        "8.0.28",
        "8.0.29",
        "8.0.3",
        "8.0.30",
        "8.0.32",
        "8.0.33",
        "8.0.35",
        "8.0.36",
        "8.0.37",
        "8.0.38",
        "8.0.39",
        "8.0.41",
        "8.0.42",
        "8.0.43",
        "8.0.44",
        "8.0.45",
        "8.0.46",
        "8.0.47",
        "8.0.48",
        "8.0.49",
        "8.0.5",
        "8.0.50",
        "8.0.51",
        "8.0.52",
        "8.0.53",
        "8.0.8",
        "8.0.9",
        "8.5.0",
        "8.5.11",
        "8.5.12",
        "8.5.13",
        "8.5.14",
        "8.5.15",
        "8.5.16",
        "8.5.19",
        "8.5.2",
        "8.5.20",
        "8.5.21",
        "8.5.23",
        "8.5.24",
        "8.5.27",
        "8.5.28",
        "8.5.29",
        "8.5.3",
        "8.5.30",
        "8.5.31",
        "8.5.32",
        "8.5.33",
        "8.5.34",
        "8.5.35",
        "8.5.37",
        "8.5.38",
        "8.5.39",
        "8.5.4",
        "8.5.40",
        "8.5.41",
        "8.5.42",
        "8.5.43",
        "8.5.45",
        "8.5.46",
        "8.5.47",
        "8.5.49",
        "8.5.5",
        "8.5.50",
        "8.5.6",
        "8.5.8",
        "8.5.9"
      ],
      "database_specific": {
        "source": "https://github.com/github/advisory-database/blob/main/advisories/github-reviewed/2020/06/GHSA-c9hw-wf7x-jp9j/GHSA-c9hw-wf7x-jp9j.json"
      }
    },
    {
      "package": {
        "name": "org.apache.tomcat.embed:tomcat-embed-core",
        "ecosystem": "Maven",
        "purl": "pkg:maven/org.apache.tomcat.embed/tomcat-embed-core"
      },
      "ranges": [
        {
          "type": "ECOSYSTEM",
          "events": [
            {
              "introduced": "7.0.0"
            },
            {
              "fixed": "7.0.100"
            }
          ]
        }
      ],
      "versions": [
        "7.0.0",
        "7.0.11",
        "7.0.12",
        "7.0.14",
        "7.0.16",
        "7.0.19",
        "7.0.2",
        "7.0.20",
        "7.0.21",
        "7.0.22",
        "7.0.23",
        "7.0.25",
        "7.0.26",
        "7.0.27",
        "7.0.28",
        "7.0.29",
        "7.0.30",
        "7.0.32",
        "7.0.33",
        "7.0.34",
        "7.0.35",
        "7.0.37",
        "7.0.39",
        "7.0.4",
        "7.0.40",
        "7.0.41",
        "7.0.42",
        "7.0.47",
        "7.0.5",
        "7.0.50",
        "7.0.52",
        "7.0.53",
        "7.0.54",
        "7.0.55",
        "7.0.56",
        "7.0.57",
        "7.0.59",
        "7.0.6",
        "7.0.61",
        "7.0.62",
        "7.0.63",
        "7.0.64",
        "7.0.65",
        "7.0.67",
        "7.0.68",
        "7.0.69",
        "7.0.70",
        "7.0.72",
        "7.0.73",
        "7.0.75",
        "7.0.76",
        "7.0.77",
        "7.0.78",
        "7.0.79",
        "7.0.8",
        "7.0.81",
        "7.0.82",
        "7.0.84",
        "7.0.85",
        "7.0.86",
        "7.0.88",
        "7.0.90",
        "7.0.91",
        "7.0.92",
        "7.0.93",
        "7.0.94",
        "7.0.96",
        "7.0.99"
      ],
      "database_specific": {
        "source": "https://github.com/github/advisory-database/blob/main/advisories/github-reviewed/2020/06/GHSA-c9hw-wf7x-jp9j/GHSA-c9hw-wf7x-jp9j.json"
      }
    }
  ],
  "schema_version": "1.2.0",
  "severity": [
    {
      "type": "CVSS_V3",
      "score": "CVSS:3.1/AV:N/AC:L/PR:N/UI:N/S:U/C:H/I:H/A:H"
    }
  ]
}