{
  "id": "GHSA-88cc-g835-76rp",
  "summary": "Improper Restriction of XML External Entity Reference",
  "details": "PostgreSQL JDBC Driver (aka PgJDBC) before 42.2.13 allows XXE.",
  "aliases": [
    "CVE-2020-13692"
  ],
  "modified": "2022-03-02T05:21:43.488180Z",
  "published": "2022-02-10T00:30:07Z",
  "database_specific": {
    "severity": "HIGH",
    "cwe_ids": [
      "CWE-611"
    ],
    "github_reviewed": true
  },
  "references": [
    {
      "type": "ADVISORY",
      "url": "https://nvd.nist.gov/vuln/detail/CVE-2020-13692"
    },
    {
      "type": "WEB",
      "url": "https://github.com/pgjdbc/pgjdbc/commit/14b62aca4764d496813f55a43d050b017e01eb65"
    },
    {
      "type": "WEB",
      "url": "https://jdbc.postgresql.org/documentation/changelog.html#version_42.2.13"
    },
    {
      "type": "WEB",
      "url": "https://lists.apache.org/thread.html/r00bcc6b2da972e0d6332a4ebc7807e17305d8b8e7fb2ae63d2a3cbfb@%3Ccommits.camel.apache.org%3E"
    },
    {
      "type": "WEB",
      "url": "https://lists.apache.org/thread.html/r01ae1b3d981cf2e563e9b5b0a6ea54fb3cac8e9a0512ee5269e3420e@%3Ccommits.camel.apache.org%3E"
    },
    {
      "type": "WEB",
      "url": "https://lists.apache.org/thread.html/r0478a1aa9ae0dbd79d8f7b38d0d93fa933ac232e2b430b6f31a103c0@%3Ccommits.camel.apache.org%3E"
    },
    {
      "type": "WEB",
      "url": "https://lists.apache.org/thread.html/r1aae77706aab7d89b4fe19be468fc3c73e9cc84ff79cc2c3bd07c05a@%3Ccommits.camel.apache.org%3E"
    },
    {
      "type": "WEB",
      "url": "https://lists.apache.org/thread.html/r4bdea189c9991aae7a929d28f575ec46e49ed3d68fa5235825f38a4f@%3Cnotifications.netbeans.apache.org%3E"
    },
    {
      "type": "WEB",
      "url": "https://lists.apache.org/thread.html/r631f967db6260d6178740a3314a35d9421facd8212e62320275fa78e@%3Ccommits.camel.apache.org%3E"
    },
    {
      "type": "WEB",
      "url": "https://lists.apache.org/thread.html/r7f6d019839df17646ffd0046a99146cacf40492a6c92078f65fd32e0@%3Ccommits.camel.apache.org%3E"
    },
    {
      "type": "WEB",
      "url": "https://lists.apache.org/thread.html/rb89f92aba44f524d5c270e0c44ca7aec4704691c37fe106cf73ec977@%3Cnotifications.netbeans.apache.org%3E"
    },
    {
      "type": "WEB",
      "url": "https://lists.apache.org/thread.html/rfe363bf3a46d440ad57fd05c0e313025c7218364bbdc5fd8622ea7ae@%3Ccommits.camel.apache.org%3E"
    },
    {
      "type": "WEB",
      "url": "https://lists.fedoraproject.org/archives/list/package-announce@lists.fedoraproject.org/message/DCCAPM6FSNOC272DLSNQ6YHXS3OMHGJC/"
    },
    {
      "type": "WEB",
      "url": "https://security.netapp.com/advisory/ntap-20200619-0005/"
    }
  ],
  "affected": [
    {
      "package": {
        "name": "org.postgresql:postgresql",
        "ecosystem": "Maven",
        "purl": "pkg:maven/org.postgresql/postgresql"
      },
      "ranges": [
        {
          "type": "ECOSYSTEM",
          "events": [
            {
              "introduced": "0"
            },
            {
              "fixed": "42.2.13"
            }
          ]
        }
      ],
      "versions": [
        "42.0.0",
        "42.0.0.jre6",
        "42.0.0.jre7",
        "42.1.0",
        "42.1.0.jre7",
        "42.1.1",
        "42.1.1.jre6",
        "42.1.1.jre7",
        "42.1.2",
        "42.1.2.jre6",
        "42.1.2.jre7",
        "42.1.3",
        "42.1.3.jre6",
        "42.1.3.jre7",
        "42.1.4",
        "42.1.4.jre6",
        "42.1.4.jre7",
        "42.2.0",
        "42.2.0.jre6",
        "42.2.0.jre7",
        "42.2.1",
        "42.2.1.jre6",
        "42.2.1.jre7",
        "42.2.10",
        "42.2.10.jre6",
        "42.2.10.jre7",
        "42.2.11",
        "42.2.11.jre6",
        "42.2.11.jre7",
        "42.2.12",
        "42.2.12.jre6",
        "42.2.12.jre7",
        "42.2.2",
        "42.2.2.jre6",
        "42.2.2.jre7",
        "42.2.3",
        "42.2.3.jre6",
        "42.2.3.jre7",
        "42.2.4",
        "42.2.4.jre6",
        "42.2.4.jre7",
        "42.2.5",
        "42.2.5.jre6",
        "42.2.5.jre7",
        "42.2.6",
        "42.2.6.jre6",
        "42.2.6.jre7",
        "42.2.7",
        "42.2.7.jre6",
        "42.2.7.jre7",
        "42.2.8",
        "42.2.8.jre6",
        "42.2.8.jre7",
        "42.2.9",
        "42.2.9.jre6",
        "42.2.9.jre7",
        "9.2-1002-jdbc4",
        "9.2-1003-jdbc3",
        "9.2-1003-jdbc4",
        "9.2-1004-jdbc3",
        "9.2-1004-jdbc4",
        "9.2-1004-jdbc41",
        "9.3-1100-jdbc3",
        "9.3-1100-jdbc4",
        "9.3-1100-jdbc41",
        "9.3-1101-jdbc3",
        "9.3-1101-jdbc4",
        "9.3-1101-jdbc41",
        "9.3-1102-jdbc3",
        "9.3-1102-jdbc4",
        "9.3-1102-jdbc41",
        "9.3-1103-jdbc3",
        "9.3-1103-jdbc4",
        "9.3-1103-jdbc41",
        "9.3-1104-jdbc4",
        "9.3-1104-jdbc41",
        "9.4-1200-jdbc4",
        "9.4-1200-jdbc41",
        "9.4-1201-jdbc4",
        "9.4-1201-jdbc41",
        "9.4-1202-jdbc4",
        "9.4-1202-jdbc41",
        "9.4-1202-jdbc42",
        "9.4-1203-jdbc4",
        "9.4-1203-jdbc41",
        "9.4-1203-jdbc42",
        "9.4-1204-jdbc4",
        "9.4-1204-jdbc41",
        "9.4-1204-jdbc42",
        "9.4-1205-jdbc4",
        "9.4-1205-jdbc41",
        "9.4-1205-jdbc42",
        "9.4-1206-jdbc4",
        "9.4-1206-jdbc41",
        "9.4-1206-jdbc42",
        "9.4.1207",
        "9.4.1207.jre6",
        "9.4.1207.jre7",
        "9.4.1208",
        "9.4.1208.jre6",
        "9.4.1208.jre7",
        "9.4.1209",
        "9.4.1209.jre6",
        "9.4.1209.jre7",
        "9.4.1210",
        "9.4.1210.jre6",
        "9.4.1210.jre7",
        "9.4.1211",
        "9.4.1211.jre6",
        "9.4.1211.jre7",
        "9.4.1212",
        "9.4.1212.jre6",
        "9.4.1212.jre7"
      ],
      "database_specific": {
        "source": "https://github.com/github/advisory-database/blob/main/advisories/github-reviewed/2022/02/GHSA-88cc-g835-76rp/GHSA-88cc-g835-76rp.json"
      }
    }
  ],
  "schema_version": "1.2.0",
  "severity": [
    {
      "type": "CVSS_V3",
      "score": "CVSS:3.1/AV:N/AC:H/PR:N/UI:N/S:U/C:H/I:L/A:H"
    }
  ]
}