{
  "id": "GHSA-8qfc-cvjp-mgpq",
  "summary": "Moderate severity vulnerability that affects org.apache.ignite:ignite-core",
  "details": "Apache Ignite before 1.9 allows man-in-the-middle attackers to read arbitrary files via XXE in modified update-notifier documents.",
  "aliases": [
    "CVE-2016-6805"
  ],
  "modified": "2022-03-02T05:21:56.163021Z",
  "published": "2018-10-16T20:53:31Z",
  "database_specific": {
    "cwe_ids": [
      "CWE-611"
    ],
    "github_reviewed": true,
    "severity": "MODERATE"
  },
  "references": [
    {
      "type": "ADVISORY",
      "url": "https://nvd.nist.gov/vuln/detail/CVE-2016-6805"
    },
    {
      "type": "ADVISORY",
      "url": "https://github.com/advisories/GHSA-8qfc-cvjp-mgpq"
    },
    {
      "type": "WEB",
      "url": "http://seclists.org/oss-sec/2017/q2/31"
    },
    {
      "type": "WEB",
      "url": "http://www.securityfocus.com/bid/97509"
    }
  ],
  "affected": [
    {
      "package": {
        "name": "org.apache.ignite:ignite-core",
        "ecosystem": "Maven",
        "purl": "pkg:maven/org.apache.ignite/ignite-core"
      },
      "ranges": [
        {
          "type": "ECOSYSTEM",
          "events": [
            {
              "introduced": "0"
            },
            {
              "fixed": "1.9"
            }
          ]
        }
      ],
      "versions": [
        "1.0.0",
        "1.0.0-RC1",
        "1.0.0-RC3",
        "1.1.0-incubating",
        "1.2.0-incubating",
        "1.3.0-incubating",
        "1.4.0",
        "1.5.0-b1",
        "1.5.0.final",
        "1.6.0",
        "1.7.0",
        "1.8.0"
      ],
      "database_specific": {
        "source": "https://github.com/github/advisory-database/blob/main/advisories/github-reviewed/2018/10/GHSA-8qfc-cvjp-mgpq/GHSA-8qfc-cvjp-mgpq.json"
      }
    }
  ],
  "schema_version": "1.2.0",
  "severity": [
    {
      "type": "CVSS_V3",
      "score": "CVSS:3.0/AV:N/AC:H/PR:N/UI:N/S:U/C:H/I:N/A:N"
    }
  ]
}