{
  "id": "GHSA-5hr6-vc97-qxxh",
  "summary": "XML Injection in Crafter CMS Crafter Studio 3.0.1",
  "details": "Crafter CMS Crafter Studio 3.0.1 is affected by: XML External Entity (XXE). An unauthenticated attacker is able to create a site with specially crafted XML that allows the retrieval of OS files out-of-band.",
  "aliases": [
    "CVE-2017-15685"
  ],
  "modified": "2022-03-02T05:21:36.081366Z",
  "published": "2022-02-09T23:08:01Z",
  "database_specific": {
    "github_reviewed": true,
    "severity": "HIGH",
    "cwe_ids": [
      "CWE-91"
    ]
  },
  "references": [
    {
      "type": "ADVISORY",
      "url": "https://nvd.nist.gov/vuln/detail/CVE-2017-15685"
    },
    {
      "type": "WEB",
      "url": "https://docs.craftercms.org/en/3.0/security/advisory.html"
    },
    {
      "type": "WEB",
      "url": "http://crafter.com"
    }
  ],
  "affected": [
    {
      "package": {
        "name": "org.craftercms:crafter-studio",
        "ecosystem": "Maven",
        "purl": "pkg:maven/org.craftercms/crafter-studio"
      },
      "ranges": [
        {
          "type": "ECOSYSTEM",
          "events": [
            {
              "introduced": "0"
            },
            {
              "fixed": "3.0.2"
            }
          ]
        }
      ],
      "versions": [
        "3.0.0",
        "3.0.1"
      ],
      "database_specific": {
        "last_known_affected_version_range": "<= 3.0.1",
        "source": "https://github.com/github/advisory-database/blob/main/advisories/github-reviewed/2022/02/GHSA-5hr6-vc97-qxxh/GHSA-5hr6-vc97-qxxh.json"
      }
    }
  ],
  "schema_version": "1.2.0",
  "severity": [
    {
      "type": "CVSS_V3",
      "score": "CVSS:3.1/AV:N/AC:L/PR:N/UI:N/S:C/C:H/I:N/A:N"
    }
  ]
}