{
  "id": "GHSA-8rhc-48pp-52gr",
  "summary": "High severity vulnerability that affects org.apache.spark:spark-core_2.10 and org.apache.spark:spark-core_2.11",
  "details": "In Apache Spark 1.6.0 until 2.1.1, the launcher API performs unsafe deserialization of data received by its socket. This makes applications launched programmatically using the launcher API potentially vulnerable to arbitrary code execution by an attacker with access to any user account on the local machine. It does not affect apps run by spark-submit or spark-shell. The attacker would be able to execute code as the user that ran the Spark application. Users are encouraged to update to version 2.1.2, 2.2.0 or later.",
  "aliases": [
    "CVE-2017-12612"
  ],
  "modified": "2022-03-02T05:21:22.769328Z",
  "published": "2018-11-09T17:43:25Z",
  "database_specific": {
    "severity": "HIGH",
    "cwe_ids": [
      "CWE-502"
    ],
    "github_reviewed": true
  },
  "references": [
    {
      "type": "ADVISORY",
      "url": "https://nvd.nist.gov/vuln/detail/CVE-2017-12612"
    },
    {
      "type": "ADVISORY",
      "url": "https://github.com/advisories/GHSA-8rhc-48pp-52gr"
    },
    {
      "type": "WEB",
      "url": "https://mail-archives.apache.org/mod_mbox/spark-dev/201709.mbox/%3CCAEccTyy-1yYuhdNgkBUg0sr9NeaZSrBKkBePdTNZbxXZNTAR-g%40mail.gmail.com%3E"
    },
    {
      "type": "WEB",
      "url": "http://www.securityfocus.com/bid/100823"
    }
  ],
  "affected": [
    {
      "package": {
        "name": "org.apache.spark:spark-core_2.11",
        "ecosystem": "Maven",
        "purl": "pkg:maven/org.apache.spark/spark-core_2.11"
      },
      "ranges": [
        {
          "type": "ECOSYSTEM",
          "events": [
            {
              "introduced": "0"
            },
            {
              "fixed": "2.1.2"
            }
          ]
        }
      ],
      "versions": [
        "1.2.0",
        "1.2.1",
        "1.2.2",
        "1.3.0",
        "1.3.1",
        "1.4.0",
        "1.4.1",
        "1.5.0",
        "1.5.1",
        "1.5.2",
        "1.6.0",
        "1.6.1",
        "1.6.2",
        "1.6.3",
        "2.0.0",
        "2.0.0-preview",
        "2.0.1",
        "2.0.2",
        "2.1.0",
        "2.1.1"
      ],
      "database_specific": {
        "source": "https://github.com/github/advisory-database/blob/main/advisories/github-reviewed/2018/11/GHSA-8rhc-48pp-52gr/GHSA-8rhc-48pp-52gr.json"
      }
    },
    {
      "package": {
        "name": "org.apache.spark:spark-core_2.10",
        "ecosystem": "Maven",
        "purl": "pkg:maven/org.apache.spark/spark-core_2.10"
      },
      "ranges": [
        {
          "type": "ECOSYSTEM",
          "events": [
            {
              "introduced": "0"
            },
            {
              "fixed": "2.1.2"
            }
          ]
        }
      ],
      "versions": [
        "0.9.0-incubating",
        "0.9.1",
        "0.9.2",
        "1.0.0",
        "1.0.1",
        "1.0.2",
        "1.1.0",
        "1.1.1",
        "1.2.0",
        "1.2.1",
        "1.2.2",
        "1.3.0",
        "1.3.1",
        "1.4.0",
        "1.4.1",
        "1.5.0",
        "1.5.1",
        "1.5.2",
        "1.6.0",
        "1.6.1",
        "1.6.2",
        "1.6.3",
        "2.0.0",
        "2.0.0-preview",
        "2.0.1",
        "2.0.2",
        "2.1.0",
        "2.1.1"
      ],
      "database_specific": {
        "source": "https://github.com/github/advisory-database/blob/main/advisories/github-reviewed/2018/11/GHSA-8rhc-48pp-52gr/GHSA-8rhc-48pp-52gr.json"
      }
    }
  ],
  "schema_version": "1.2.0",
  "severity": [
    {
      "type": "CVSS_V3",
      "score": "CVSS:3.0/AV:L/AC:L/PR:L/UI:N/S:U/C:H/I:H/A:H"
    }
  ]
}