{
  "id": "GHSA-5qfv-rr79-chx5",
  "summary": "Cross-site Scripting in Ignite Realtime Openfire",
  "details": "Ignite Realtime Openfire before 4.4.1 has reflected XSS via an LDAP setup test.",
  "aliases": [
    "CVE-2019-15488"
  ],
  "modified": "2022-03-02T05:20:39.085102Z",
  "published": "2019-08-27T17:37:33Z",
  "database_specific": {
    "severity": "MODERATE",
    "cwe_ids": [
      "CWE-79"
    ],
    "github_reviewed": true
  },
  "references": [
    {
      "type": "ADVISORY",
      "url": "https://nvd.nist.gov/vuln/detail/CVE-2019-15488"
    },
    {
      "type": "WEB",
      "url": "https://github.com/igniterealtime/Openfire/pull/1441"
    },
    {
      "type": "WEB",
      "url": "https://github.com/igniterealtime/Openfire/compare/cd0a573...5e5d9e5"
    }
  ],
  "affected": [
    {
      "package": {
        "name": "org.igniterealtime.openfire:xmppserver",
        "ecosystem": "Maven",
        "purl": "pkg:maven/org.igniterealtime.openfire/xmppserver"
      },
      "ranges": [
        {
          "type": "ECOSYSTEM",
          "events": [
            {
              "introduced": "0"
            },
            {
              "fixed": "4.4.1"
            }
          ]
        }
      ],
      "versions": [
        "4.2.0"
      ],
      "database_specific": {
        "source": "https://github.com/github/advisory-database/blob/main/advisories/github-reviewed/2019/08/GHSA-5qfv-rr79-chx5/GHSA-5qfv-rr79-chx5.json"
      }
    }
  ],
  "schema_version": "1.2.0",
  "severity": [
    {
      "type": "CVSS_V3",
      "score": "CVSS:3.0/AV:N/AC:L/PR:N/UI:R/S:C/C:L/I:L/A:N"
    }
  ]
}