{
  "id": "GHSA-8h77-3xwr-hqhh",
  "summary": "Cross-site scripting in Jenkins Kiuwan Plugin",
  "details": "Jenkins Kiuwan Plugin 1.6.0 and earlier does not escape query parameters in an error message for a form validation endpoint, resulting in a reflected cross-site scripting (XSS) vulnerability.",
  "aliases": [
    "CVE-2021-21666"
  ],
  "modified": "2021-06-16T20:03:17Z",
  "published": "2021-06-16T17:10:50Z",
  "database_specific": {
    "github_reviewed": true,
    "severity": "MODERATE",
    "cwe_ids": [
      "CWE-79"
    ]
  },
  "references": [
    {
      "type": "ADVISORY",
      "url": "https://nvd.nist.gov/vuln/detail/CVE-2021-21666"
    },
    {
      "type": "WEB",
      "url": "https://www.jenkins.io/security/advisory/2021-06-10/#SECURITY-2367"
    },
    {
      "type": "WEB",
      "url": "http://www.openwall.com/lists/oss-security/2021/06/10/14"
    }
  ],
  "affected": [
    {
      "package": {
        "name": "org.jenkins-ci.plugins:kiuwanJenkinsPlugin",
        "ecosystem": "Maven",
        "purl": "pkg:maven/org.jenkins-ci.plugins/kiuwanJenkinsPlugin"
      },
      "ranges": [
        {
          "type": "ECOSYSTEM",
          "events": [
            {
              "introduced": "0"
            },
            {
              "fixed": "1.6.1"
            }
          ]
        }
      ],
      "database_specific": {
        "source": "https://github.com/github/advisory-database/blob/main/advisories/github-reviewed/2021/06/GHSA-8h77-3xwr-hqhh/GHSA-8h77-3xwr-hqhh.json"
      },
      "versions": []
    }
  ],
  "schema_version": "1.2.0",
  "severity": [
    {
      "type": "CVSS_V3",
      "score": "CVSS:3.1/AV:N/AC:L/PR:N/UI:R/S:C/C:L/I:L/A:N"
    }
  ]
}