{
  "id": "GHSA-77rm-9x9h-xj3g",
  "summary": "NULL Pointer Dereference in Protocol Buffers",
  "details": "Nullptr dereference when a null char is present in a proto symbol. The symbol is parsed incorrectly, leading to an unchecked call into the proto file's name during generation of the resulting error message. Since the symbol is incorrectly parsed, the file is nullptr. We recommend upgrading to version 3.15.0 or greater.",
  "aliases": [
    "CVE-2021-22570"
  ],
  "modified": "2022-03-02T05:21:53.840273Z",
  "published": "2022-01-27T00:01:15Z",
  "database_specific": {
    "github_reviewed": true,
    "severity": "HIGH",
    "cwe_ids": [
      "CWE-476"
    ]
  },
  "references": [
    {
      "type": "ADVISORY",
      "url": "https://nvd.nist.gov/vuln/detail/CVE-2021-22570"
    },
    {
      "type": "WEB",
      "url": "https://github.com/protocolbuffers/protobuf/releases/tag/v3.15.0"
    },
    {
      "type": "WEB",
      "url": "https://lists.fedoraproject.org/archives/list/package-announce@lists.fedoraproject.org/message/3DVUZPALAQ34TQP6KFNLM4IZS6B32XSA/"
    },
    {
      "type": "WEB",
      "url": "https://lists.fedoraproject.org/archives/list/package-announce@lists.fedoraproject.org/message/IFX6KPNOFHYD6L4XES5PCM3QNSKZBOTQ/"
    },
    {
      "type": "PACKAGE",
      "url": "https://github.com/protocolbuffers/protobuf"
    }
  ],
  "affected": [
    {
      "package": {
        "name": "Google.Protobuf",
        "ecosystem": "NuGet",
        "purl": "pkg:nuget/Google.Protobuf"
      },
      "ranges": [
        {
          "type": "ECOSYSTEM",
          "events": [
            {
              "introduced": "0"
            },
            {
              "fixed": "3.15.0"
            }
          ]
        }
      ],
      "versions": [
        "0.0.1-test1",
        "3.0.0",
        "3.0.0-alpha4",
        "3.0.0-beta2",
        "3.0.0-beta3",
        "3.0.0-beta4",
        "3.1.0",
        "3.10.0",
        "3.10.0-rc1",
        "3.10.1",
        "3.11.0-rc1",
        "3.11.0-rc2",
        "3.11.1",
        "3.11.2",
        "3.11.3",
        "3.11.4",
        "3.12.0",
        "3.12.0-rc1",
        "3.12.0-rc2",
        "3.12.1",
        "3.12.2",
        "3.12.3",
        "3.12.4",
        "3.13.0",
        "3.13.0-rc3",
        "3.14.0",
        "3.14.0-rc1",
        "3.14.0-rc2",
        "3.14.0-rc3",
        "3.15.0-rc1",
        "3.15.0-rc2",
        "3.2.0",
        "3.2.0-rc1",
        "3.2.0-rc2",
        "3.3.0",
        "3.4.0",
        "3.4.1",
        "3.5.0",
        "3.5.1",
        "3.6.0",
        "3.6.1",
        "3.7.0",
        "3.8.0",
        "3.9.0",
        "3.9.0-rc1",
        "3.9.1",
        "3.9.2"
      ],
      "database_specific": {
        "source": "https://github.com/github/advisory-database/blob/main/advisories/github-reviewed/2022/01/GHSA-77rm-9x9h-xj3g/GHSA-77rm-9x9h-xj3g.json"
      }
    },
    {
      "package": {
        "name": "google/protobuf",
        "ecosystem": "Packagist",
        "purl": "pkg:composer/google/protobuf"
      },
      "ranges": [
        {
          "type": "ECOSYSTEM",
          "events": [
            {
              "introduced": "0"
            },
            {
              "fixed": "3.15.0"
            }
          ]
        }
      ],
      "database_specific": {
        "source": "https://github.com/github/advisory-database/blob/main/advisories/github-reviewed/2022/01/GHSA-77rm-9x9h-xj3g/GHSA-77rm-9x9h-xj3g.json"
      }
    },
    {
      "package": {
        "name": "com.google.protobuf:protobuf-parent",
        "ecosystem": "Maven",
        "purl": "pkg:maven/com.google.protobuf/protobuf-parent"
      },
      "ranges": [
        {
          "type": "ECOSYSTEM",
          "events": [
            {
              "introduced": "0"
            },
            {
              "fixed": "3.15.0"
            }
          ]
        }
      ],
      "versions": [
        "3.0.0",
        "3.0.0-beta-3",
        "3.0.0-beta-4",
        "3.0.2",
        "3.1.0",
        "3.10.0",
        "3.10.0-rc-1",
        "3.11.0",
        "3.11.0-rc-1",
        "3.11.0-rc-2",
        "3.11.1",
        "3.11.3",
        "3.11.4",
        "3.12.0",
        "3.12.0-rc-1",
        "3.12.0-rc-2",
        "3.12.1",
        "3.12.2",
        "3.12.4",
        "3.13.0",
        "3.13.0-rc-3",
        "3.14.0",
        "3.14.0-rc-1",
        "3.14.0-rc-2",
        "3.14.0-rc-3",
        "3.15.0-rc-1",
        "3.15.0-rc-2",
        "3.2.0",
        "3.2.0-rc.1",
        "3.2.0rc2",
        "3.3.0",
        "3.3.1",
        "3.4.0",
        "3.5.0",
        "3.5.1",
        "3.6.0",
        "3.6.1",
        "3.7.0",
        "3.7.0-rc1",
        "3.7.1",
        "3.8.0",
        "3.8.0-rc-1",
        "3.9.0",
        "3.9.0-rc-1",
        "3.9.1",
        "3.9.2"
      ],
      "database_specific": {
        "source": "https://github.com/github/advisory-database/blob/main/advisories/github-reviewed/2022/01/GHSA-77rm-9x9h-xj3g/GHSA-77rm-9x9h-xj3g.json"
      }
    },
    {
      "package": {
        "name": "github.com/protocolbuffers/protobuf",
        "ecosystem": "Go",
        "purl": "pkg:golang/github.com/protocolbuffers/protobuf"
      },
      "ranges": [
        {
          "type": "SEMVER",
          "events": [
            {
              "introduced": "0"
            },
            {
              "fixed": "3.15.0"
            }
          ]
        }
      ],
      "database_specific": {
        "source": "https://github.com/github/advisory-database/blob/main/advisories/github-reviewed/2022/01/GHSA-77rm-9x9h-xj3g/GHSA-77rm-9x9h-xj3g.json"
      }
    },
    {
      "package": {
        "name": "protobuf",
        "ecosystem": "PyPI",
        "purl": "pkg:pypi/protobuf"
      },
      "ranges": [
        {
          "type": "ECOSYSTEM",
          "events": [
            {
              "introduced": "0"
            },
            {
              "fixed": "3.15.0"
            }
          ]
        }
      ],
      "versions": [
        "2.0.0beta",
        "2.0.3",
        "2.3.0",
        "2.4.1",
        "2.5.0",
        "2.6.0",
        "2.6.1",
        "3.0.0",
        "3.0.0a2",
        "3.0.0a3",
        "3.0.0b1",
        "3.0.0b1.post1",
        "3.0.0b1.post2",
        "3.0.0b2",
        "3.0.0b2.post1",
        "3.0.0b2.post2",
        "3.0.0b3",
        "3.0.0b4",
        "3.1.0",
        "3.1.0.post1",
        "3.10.0",
        "3.10.0rc1",
        "3.11.0",
        "3.11.0rc1",
        "3.11.0rc2",
        "3.11.1",
        "3.11.2",
        "3.11.3",
        "3.12.0",
        "3.12.0rc1",
        "3.12.0rc2",
        "3.12.1",
        "3.12.2",
        "3.12.4",
        "3.13.0",
        "3.13.0rc3",
        "3.14.0",
        "3.14.0rc1",
        "3.14.0rc2",
        "3.14.0rc3",
        "3.15.0rc1",
        "3.15.0rc2",
        "3.2.0",
        "3.2.0rc1",
        "3.2.0rc1.post1",
        "3.2.0rc2",
        "3.3.0",
        "3.4.0",
        "3.5.0.post1",
        "3.5.1",
        "3.5.2",
        "3.5.2.post1",
        "3.6.0",
        "3.6.1",
        "3.7.0",
        "3.7.0rc2",
        "3.7.0rc3",
        "3.7.1",
        "3.8.0",
        "3.8.0rc1",
        "3.9.0",
        "3.9.0rc1",
        "3.9.1",
        "3.9.2"
      ],
      "database_specific": {
        "source": "https://github.com/github/advisory-database/blob/main/advisories/github-reviewed/2022/01/GHSA-77rm-9x9h-xj3g/GHSA-77rm-9x9h-xj3g.json"
      }
    }
  ],
  "schema_version": "1.2.0",
  "severity": [
    {
      "type": "CVSS_V3",
      "score": "CVSS:3.1/AV:N/AC:L/PR:N/UI:N/S:U/C:N/I:N/A:H"
    }
  ]
}