{
  "id": "GHSA-2xpp-75vr-22vq",
  "summary": "Low severity vulnerability that affects org.apache.nifi:nifi",
  "details": "The X-Frame-Options headers were applied inconsistently on some HTTP responses, resulting in duplicate or missing security headers. Some browsers would interpret these results incorrectly, allowing clickjacking attacks. Mitigation: The fix to consistently apply the security headers was applied on the Apache NiFi 1.8.0 release. Users running a prior 1.x release should upgrade to the appropriate release.",
  "aliases": [
    "CVE-2018-17192"
  ],
  "modified": "2022-03-02T05:21:56.295572Z",
  "published": "2018-12-20T22:02:24Z",
  "database_specific": {
    "cwe_ids": [
      "CWE-1021"
    ],
    "severity": "MODERATE",
    "github_reviewed": true
  },
  "references": [
    {
      "type": "ADVISORY",
      "url": "https://nvd.nist.gov/vuln/detail/CVE-2018-17192"
    },
    {
      "type": "ADVISORY",
      "url": "https://github.com/advisories/GHSA-2xpp-75vr-22vq"
    },
    {
      "type": "WEB",
      "url": "https://nifi.apache.org/security.html#CVE-2018-17192"
    }
  ],
  "affected": [
    {
      "package": {
        "name": "org.apache.nifi:nifi",
        "ecosystem": "Maven",
        "purl": "pkg:maven/org.apache.nifi/nifi"
      },
      "ranges": [
        {
          "type": "ECOSYSTEM",
          "events": [
            {
              "introduced": "1.0.0"
            },
            {
              "fixed": "1.8.0"
            }
          ]
        }
      ],
      "versions": [
        "1.0.0",
        "1.0.1",
        "1.1.0",
        "1.1.1",
        "1.1.2",
        "1.2.0",
        "1.3.0",
        "1.4.0",
        "1.5.0",
        "1.6.0",
        "1.7.0",
        "1.7.1"
      ],
      "database_specific": {
        "source": "https://github.com/github/advisory-database/blob/main/advisories/github-reviewed/2018/12/GHSA-2xpp-75vr-22vq/GHSA-2xpp-75vr-22vq.json",
        "last_known_affected_version_range": "<= 1.6.0"
      }
    }
  ],
  "schema_version": "1.2.0",
  "severity": [
    {
      "type": "CVSS_V3",
      "score": "CVSS:3.0/AV:N/AC:L/PR:N/UI:R/S:U/C:N/I:H/A:N"
    }
  ]
}