{
  "id": "GHSA-c7f6-4vx5-4263",
  "summary": "Unrestricted Upload of File with Dangerous Type in Liferay Portal and Liferay DXP",
  "details": "Liferay Portal before 7.3.3, and Liferay DXP 7.1 before fix pack 18 and 7.2 before fix pack 6, does not restrict the size of a multipart/form-data POST action, which allows remote authenticated users to conduct denial-of-service attacks by uploading large files.",
  "aliases": [
    "CVE-2020-15839"
  ],
  "modified": "2022-03-02T05:21:22.595719Z",
  "published": "2022-02-10T20:46:21Z",
  "database_specific": {
    "cwe_ids": [
      "CWE-434"
    ],
    "github_reviewed": true,
    "severity": "MODERATE"
  },
  "references": [
    {
      "type": "ADVISORY",
      "url": "https://nvd.nist.gov/vuln/detail/CVE-2020-15839"
    },
    {
      "type": "WEB",
      "url": "https://issues.liferay.com/browse/LPE-17029"
    },
    {
      "type": "WEB",
      "url": "https://issues.liferay.com/browse/LPE-17055"
    },
    {
      "type": "WEB",
      "url": "https://portal.liferay.dev/learn/security/known-vulnerabilities"
    },
    {
      "type": "WEB",
      "url": "https://portal.liferay.dev/learn/security/known-vulnerabilities/-/asset_publisher/HbL5mxmVrnXW/content/id/119784928"
    }
  ],
  "affected": [
    {
      "package": {
        "name": "com.liferay.portal:release.dxp.bom",
        "ecosystem": "Maven",
        "purl": "pkg:maven/com.liferay.portal/release.dxp.bom"
      },
      "ranges": [
        {
          "type": "ECOSYSTEM",
          "events": [
            {
              "introduced": "0"
            },
            {
              "fixed": "7.1.10.fp18"
            }
          ]
        }
      ],
      "versions": [
        "7.0.10.14",
        "7.0.10.14-1",
        "7.0.10.16",
        "7.0.10.17",
        "7.0.10.7",
        "7.0.10.8",
        "7.0.10.9",
        "7.0.10.fp100",
        "7.0.10.fp101",
        "7.0.10.fp102",
        "7.0.10.fp60",
        "7.0.10.fp61",
        "7.0.10.fp62",
        "7.0.10.fp63",
        "7.0.10.fp64",
        "7.0.10.fp65",
        "7.0.10.fp66",
        "7.0.10.fp67",
        "7.0.10.fp68",
        "7.0.10.fp69",
        "7.0.10.fp70",
        "7.0.10.fp71",
        "7.0.10.fp72",
        "7.0.10.fp73",
        "7.0.10.fp74",
        "7.0.10.fp75",
        "7.0.10.fp76",
        "7.0.10.fp77",
        "7.0.10.fp78",
        "7.0.10.fp79",
        "7.0.10.fp80",
        "7.0.10.fp81",
        "7.0.10.fp82",
        "7.0.10.fp83",
        "7.0.10.fp84",
        "7.0.10.fp85",
        "7.0.10.fp85-1",
        "7.0.10.fp86",
        "7.0.10.fp86-1",
        "7.0.10.fp87",
        "7.0.10.fp87-1",
        "7.0.10.fp88",
        "7.0.10.fp89",
        "7.0.10.fp90",
        "7.0.10.fp91",
        "7.0.10.fp92",
        "7.0.10.fp94",
        "7.0.10.fp94-1",
        "7.0.10.fp95",
        "7.0.10.fp95-1",
        "7.0.10.fp95-2",
        "7.0.10.fp97",
        "7.0.10.fp98",
        "7.1.10",
        "7.1.10.fp1",
        "7.1.10.fp10",
        "7.1.10.fp11",
        "7.1.10.fp12",
        "7.1.10.fp13",
        "7.1.10.fp14",
        "7.1.10.fp15",
        "7.1.10.fp16",
        "7.1.10.fp17",
        "7.1.10.fp2",
        "7.1.10.fp3",
        "7.1.10.fp4",
        "7.1.10.fp5",
        "7.1.10.fp6",
        "7.1.10.fp7",
        "7.1.10.fp8",
        "7.1.10.fp9"
      ],
      "database_specific": {
        "source": "https://github.com/github/advisory-database/blob/main/advisories/github-reviewed/2022/02/GHSA-c7f6-4vx5-4263/GHSA-c7f6-4vx5-4263.json",
        "last_known_affected_version_range": "<= 7.1.10.fp17"
      }
    },
    {
      "package": {
        "name": "com.liferay.portal:release.dxp.bom",
        "ecosystem": "Maven",
        "purl": "pkg:maven/com.liferay.portal/release.dxp.bom"
      },
      "ranges": [
        {
          "type": "ECOSYSTEM",
          "events": [
            {
              "introduced": "7.2.1"
            },
            {
              "fixed": "7.2.10.fp6"
            }
          ]
        }
      ],
      "versions": [
        "7.2.1",
        "7.2.10",
        "7.2.10.fp1",
        "7.2.10.fp1-1",
        "7.2.10.fp2",
        "7.2.10.fp3",
        "7.2.10.fp4",
        "7.2.10.fp5"
      ],
      "database_specific": {
        "last_known_affected_version_range": "<= 7.2.10.fp5",
        "source": "https://github.com/github/advisory-database/blob/main/advisories/github-reviewed/2022/02/GHSA-c7f6-4vx5-4263/GHSA-c7f6-4vx5-4263.json"
      }
    }
  ],
  "schema_version": "1.2.0",
  "severity": [
    {
      "type": "CVSS_V3",
      "score": "CVSS:3.1/AV:N/AC:L/PR:L/UI:N/S:U/C:N/I:N/A:H"
    }
  ]
}