{
  "id": "GHSA-64gv-3pqv-299h",
  "summary": "Exposure of Sensitive Information to an Unauthorized Actor in Apache Wicket",
  "details": "By crafting a special URL it is possible to make Wicket deliver unprocessed HTML templates. This would allow an attacker to see possibly sensitive information inside a HTML template that is usually removed during rendering. Affected are Apache Wicket versions 7.16.0, 8.8.0 and 9.0.0-M5",
  "aliases": [
    "CVE-2020-11976"
  ],
  "modified": "2022-03-02T05:19:34.989013Z",
  "published": "2021-05-07T15:54:15Z",
  "database_specific": {
    "cwe_ids": [
      "CWE-200"
    ],
    "github_reviewed": true,
    "severity": "HIGH"
  },
  "references": [
    {
      "type": "ADVISORY",
      "url": "https://nvd.nist.gov/vuln/detail/CVE-2020-11976"
    },
    {
      "type": "WEB",
      "url": "https://lists.apache.org/thread.html/r05340178680eb6b9d4d40d56b5621dd4ae9715e6f41f12ae2288ec49@%3Cdev.directory.apache.org%3E"
    },
    {
      "type": "WEB",
      "url": "https://lists.apache.org/thread.html/r104eeefeb1e9da51f7ef79cef0f9ff12e21ef8559b77801e86b21e16%40%3Cusers.wicket.apache.org%3E"
    },
    {
      "type": "WEB",
      "url": "https://lists.apache.org/thread.html/r982c626dbce5c995223c4a6ddd7685de3592f8d65ba8372da1f3ce19@%3Cdev.directory.apache.org%3E"
    },
    {
      "type": "WEB",
      "url": "https://lists.apache.org/thread.html/rd0f36b83cc9f28b016ec552f023fb5a59a9ea8db56f2b9dcc6a2f6b7@%3Ccommits.directory.apache.org%3E"
    },
    {
      "type": "WEB",
      "url": "https://lists.apache.org/thread.html/rd26cae6e30b205e09e4b511d3d962d4f677c0c604f737997ce1b2f22@%3Cdev.directory.apache.org%3E"
    },
    {
      "type": "WEB",
      "url": "https://lists.apache.org/thread.html/rdec0a43afdca59c10416889e07267f3d2fdf4ab929a6e22a2659b6ff@%3Cdev.directory.apache.org%3E"
    },
    {
      "type": "WEB",
      "url": "https://lists.apache.org/thread.html/re4af65851bf69605cfb68be215eba36d4cdc1a90b95fbc894799d923@%3Cdev.directory.apache.org%3E"
    },
    {
      "type": "WEB",
      "url": "https://lists.apache.org/thread.html/reb7ea8141c713b5b19eaf34c00f43aaebf5a1c116130f763c42bdad1@%3Cdev.directory.apache.org%3E"
    }
  ],
  "affected": [
    {
      "package": {
        "name": "org.apache.wicket:wicket-core",
        "ecosystem": "Maven",
        "purl": "pkg:maven/org.apache.wicket/wicket-core"
      },
      "ranges": [
        {
          "type": "ECOSYSTEM",
          "events": [
            {
              "introduced": "0"
            },
            {
              "fixed": "7.17.0"
            }
          ]
        }
      ],
      "versions": [
        "1.5-RC1",
        "1.5-RC3",
        "1.5-RC4.2",
        "1.5-RC5.1",
        "1.5-RC7",
        "1.5-rc2",
        "1.5.0",
        "1.5.1",
        "1.5.10",
        "1.5.11",
        "1.5.12",
        "1.5.13",
        "1.5.14",
        "1.5.15",
        "1.5.16",
        "1.5.17",
        "1.5.2",
        "1.5.3",
        "1.5.4",
        "1.5.5",
        "1.5.6",
        "1.5.7",
        "1.5.8",
        "1.5.9",
        "6.0.0",
        "6.0.0-beta1",
        "6.0.0-beta2",
        "6.0.0-beta3",
        "6.1.0",
        "6.1.1",
        "6.10.0",
        "6.11.0",
        "6.12.0",
        "6.13.0",
        "6.14.0",
        "6.15.0",
        "6.16.0",
        "6.17.0",
        "6.18.0",
        "6.19.0",
        "6.2.0",
        "6.20.0",
        "6.21.0",
        "6.22.0",
        "6.23.0",
        "6.24.0",
        "6.25.0",
        "6.26.0",
        "6.27.0",
        "6.27.1",
        "6.28.0",
        "6.29.0",
        "6.3.0",
        "6.30.0",
        "6.4.0",
        "6.5.0",
        "6.6.0",
        "6.7.0",
        "6.8.0",
        "6.9.0",
        "6.9.1",
        "7.0.0",
        "7.0.0-M1",
        "7.0.0-M2",
        "7.0.0-M3",
        "7.0.0-M4",
        "7.0.0-M5",
        "7.0.0-M6",
        "7.1.0",
        "7.10.0",
        "7.11.0",
        "7.12.0",
        "7.13.0",
        "7.14.0",
        "7.15.0",
        "7.16.0",
        "7.2.0",
        "7.3.0",
        "7.4.0",
        "7.5.0",
        "7.6.0",
        "7.7.0",
        "7.8.0",
        "7.9.0"
      ],
      "database_specific": {
        "source": "https://github.com/github/advisory-database/blob/main/advisories/github-reviewed/2021/05/GHSA-64gv-3pqv-299h/GHSA-64gv-3pqv-299h.json"
      }
    },
    {
      "package": {
        "name": "org.apache.wicket:wicket-core",
        "ecosystem": "Maven",
        "purl": "pkg:maven/org.apache.wicket/wicket-core"
      },
      "ranges": [
        {
          "type": "ECOSYSTEM",
          "events": [
            {
              "introduced": "8.0.0"
            },
            {
              "fixed": "8.9.0"
            }
          ]
        }
      ],
      "versions": [
        "8.0.0",
        "8.1.0",
        "8.2.0",
        "8.3.0",
        "8.4.0",
        "8.5.0",
        "8.6.0",
        "8.6.1",
        "8.7.0",
        "8.8.0"
      ],
      "database_specific": {
        "source": "https://github.com/github/advisory-database/blob/main/advisories/github-reviewed/2021/05/GHSA-64gv-3pqv-299h/GHSA-64gv-3pqv-299h.json"
      }
    },
    {
      "package": {
        "name": "org.apache.wicket:wicket-core",
        "ecosystem": "Maven",
        "purl": "pkg:maven/org.apache.wicket/wicket-core"
      },
      "ranges": [
        {
          "type": "ECOSYSTEM",
          "events": [
            {
              "introduced": "9.0.0-M1"
            },
            {
              "fixed": "9.0.0"
            }
          ]
        }
      ],
      "versions": [
        "9.0.0-M1",
        "9.0.0-M2",
        "9.0.0-M3",
        "9.0.0-M4",
        "9.0.0-M5"
      ],
      "database_specific": {
        "source": "https://github.com/github/advisory-database/blob/main/advisories/github-reviewed/2021/05/GHSA-64gv-3pqv-299h/GHSA-64gv-3pqv-299h.json"
      }
    },
    {
      "package": {
        "name": "org.apache.wicket:wicket-core",
        "ecosystem": "Maven",
        "purl": "pkg:maven/org.apache.wicket/wicket-core"
      },
      "ranges": [
        {
          "type": "ECOSYSTEM",
          "events": [
            {
              "introduced": "9.0.0-M2"
            },
            {
              "fixed": "9.0.0"
            }
          ]
        }
      ],
      "versions": [
        "9.0.0-M2",
        "9.0.0-M3",
        "9.0.0-M4",
        "9.0.0-M5"
      ],
      "database_specific": {
        "source": "https://github.com/github/advisory-database/blob/main/advisories/github-reviewed/2021/05/GHSA-64gv-3pqv-299h/GHSA-64gv-3pqv-299h.json"
      }
    },
    {
      "package": {
        "name": "org.apache.wicket:wicket-core",
        "ecosystem": "Maven",
        "purl": "pkg:maven/org.apache.wicket/wicket-core"
      },
      "ranges": [
        {
          "type": "ECOSYSTEM",
          "events": [
            {
              "introduced": "9.0.0-M3"
            },
            {
              "fixed": "9.0.0"
            }
          ]
        }
      ],
      "versions": [
        "9.0.0-M3",
        "9.0.0-M4",
        "9.0.0-M5"
      ],
      "database_specific": {
        "source": "https://github.com/github/advisory-database/blob/main/advisories/github-reviewed/2021/05/GHSA-64gv-3pqv-299h/GHSA-64gv-3pqv-299h.json"
      }
    },
    {
      "package": {
        "name": "org.apache.wicket:wicket-core",
        "ecosystem": "Maven",
        "purl": "pkg:maven/org.apache.wicket/wicket-core"
      },
      "ranges": [
        {
          "type": "ECOSYSTEM",
          "events": [
            {
              "introduced": "9.0.0-M4"
            },
            {
              "fixed": "9.0.0"
            }
          ]
        }
      ],
      "versions": [
        "9.0.0-M4",
        "9.0.0-M5"
      ],
      "database_specific": {
        "source": "https://github.com/github/advisory-database/blob/main/advisories/github-reviewed/2021/05/GHSA-64gv-3pqv-299h/GHSA-64gv-3pqv-299h.json"
      }
    },
    {
      "package": {
        "name": "org.apache.wicket:wicket-core",
        "ecosystem": "Maven",
        "purl": "pkg:maven/org.apache.wicket/wicket-core"
      },
      "ranges": [
        {
          "type": "ECOSYSTEM",
          "events": [
            {
              "introduced": "9.0.0-M5"
            },
            {
              "fixed": "9.0.0"
            }
          ]
        }
      ],
      "versions": [
        "9.0.0-M5"
      ],
      "database_specific": {
        "source": "https://github.com/github/advisory-database/blob/main/advisories/github-reviewed/2021/05/GHSA-64gv-3pqv-299h/GHSA-64gv-3pqv-299h.json"
      }
    }
  ],
  "schema_version": "1.2.0",
  "severity": [
    {
      "type": "CVSS_V3",
      "score": "CVSS:3.1/AV:N/AC:L/PR:N/UI:N/S:U/C:H/I:N/A:N"
    }
  ]
}