{
  "id": "GHSA-7rpj-hg47-cx62",
  "summary": "Improper Restriction of XML External Entity Reference in com.h2database:h2.",
  "details": "The package com.h2database:h2 from 0 and before 2.0.202 are vulnerable to XML External Entity (XXE) Injection via the org.h2.jdbc.JdbcSQLXML class object, when it receives parsed string data from org.h2.jdbc.JdbcResultSet.getSQLXML() method. If it executes the getSource() method when the parameter is DOMSource.class it will trigger the vulnerability.",
  "aliases": [
    "CVE-2021-23463"
  ],
  "modified": "2022-03-02T05:21:18.243102Z",
  "published": "2021-12-16T14:29:57Z",
  "database_specific": {
    "cwe_ids": [
      "CWE-611"
    ],
    "github_reviewed": true,
    "severity": "HIGH"
  },
  "references": [
    {
      "type": "ADVISORY",
      "url": "https://nvd.nist.gov/vuln/detail/CVE-2021-23463"
    },
    {
      "type": "WEB",
      "url": "https://github.com/h2database/h2database/issues/3195"
    },
    {
      "type": "WEB",
      "url": "https://github.com/h2database/h2database/pull/3199"
    },
    {
      "type": "WEB",
      "url": "https://github.com/h2database/h2database/commit/d83285fd2e48fb075780ee95badee6f5a15ea7f8%23diff-008c2e4462609982199cd83e7cf6f1d6b41296b516783f6752c44b9f15dc7bc3"
    },
    {
      "type": "WEB",
      "url": "https://snyk.io/vuln/SNYK-JAVA-COMH2DATABASE-1769238"
    },
    {
      "type": "PACKAGE",
      "url": "https://github.com/h2database/h2database/"
    }
  ],
  "affected": [
    {
      "package": {
        "name": "com.h2database:h2",
        "ecosystem": "Maven",
        "purl": "pkg:maven/com.h2database/h2"
      },
      "ranges": [
        {
          "type": "ECOSYSTEM",
          "events": [
            {
              "introduced": "0"
            },
            {
              "fixed": "2.0.202"
            }
          ]
        }
      ],
      "versions": [
        "1.0.20061217",
        "1.0.20070304",
        "1.0.20070429",
        "1.0.20070617",
        "1.0.57",
        "1.0.58",
        "1.0.59",
        "1.0.60",
        "1.0.61",
        "1.0.62",
        "1.0.63",
        "1.0.64",
        "1.0.65",
        "1.0.66",
        "1.0.67",
        "1.0.68",
        "1.0.69",
        "1.0.70",
        "1.0.71",
        "1.0.72",
        "1.0.73",
        "1.0.74",
        "1.0.75",
        "1.0.76",
        "1.0.77",
        "1.0.78",
        "1.0.79",
        "1.1.100",
        "1.1.101",
        "1.1.102",
        "1.1.103",
        "1.1.104",
        "1.1.105",
        "1.1.106",
        "1.1.107",
        "1.1.108",
        "1.1.109",
        "1.1.110",
        "1.1.111",
        "1.1.112",
        "1.1.113",
        "1.1.114",
        "1.1.115",
        "1.1.116",
        "1.1.117",
        "1.1.118",
        "1.1.119",
        "1.2.120",
        "1.2.121",
        "1.2.122",
        "1.2.123",
        "1.2.124",
        "1.2.125",
        "1.2.126",
        "1.2.127",
        "1.2.128",
        "1.2.129",
        "1.2.130",
        "1.2.131",
        "1.2.132",
        "1.2.133",
        "1.2.134",
        "1.2.135",
        "1.2.136",
        "1.2.137",
        "1.2.138",
        "1.2.139",
        "1.2.140",
        "1.2.141",
        "1.2.142",
        "1.2.143",
        "1.2.144",
        "1.2.145",
        "1.2.147",
        "1.3.146",
        "1.3.148",
        "1.3.149",
        "1.3.150",
        "1.3.151",
        "1.3.152",
        "1.3.153",
        "1.3.154",
        "1.3.155",
        "1.3.156",
        "1.3.157",
        "1.3.158",
        "1.3.159",
        "1.3.160",
        "1.3.161",
        "1.3.162",
        "1.3.163",
        "1.3.164",
        "1.3.165",
        "1.3.166",
        "1.3.167",
        "1.3.168",
        "1.3.169",
        "1.3.170",
        "1.3.171",
        "1.3.172",
        "1.3.173",
        "1.3.174",
        "1.3.175",
        "1.3.176",
        "1.4.177",
        "1.4.178",
        "1.4.179",
        "1.4.180",
        "1.4.181",
        "1.4.182",
        "1.4.183",
        "1.4.184",
        "1.4.185",
        "1.4.186",
        "1.4.187",
        "1.4.188",
        "1.4.189",
        "1.4.190",
        "1.4.191",
        "1.4.192",
        "1.4.193",
        "1.4.194",
        "1.4.195",
        "1.4.196",
        "1.4.197",
        "1.4.198",
        "1.4.199",
        "1.4.200"
      ],
      "database_specific": {
        "source": "https://github.com/github/advisory-database/blob/main/advisories/github-reviewed/2021/12/GHSA-7rpj-hg47-cx62/GHSA-7rpj-hg47-cx62.json"
      }
    }
  ],
  "schema_version": "1.2.0",
  "severity": [
    {
      "type": "CVSS_V3",
      "score": "CVSS:3.1/AV:N/AC:L/PR:L/UI:N/S:U/C:H/I:N/A:H"
    }
  ]
}