{
  "id": "GHSA-6q3p-36f4-cwxv",
  "summary": "Server-Side Request Forgery in UReport",
  "details": "UReport v2.2.9 contains a Server-Side Request Forgery (SSRF) in the designer page which allows attackers to detect intranet device ports.",
  "aliases": [
    "CVE-2020-21122"
  ],
  "modified": "2022-03-02T05:21:45.875704Z",
  "published": "2021-09-20T20:45:21Z",
  "database_specific": {
    "severity": "HIGH",
    "cwe_ids": [
      "CWE-918"
    ],
    "github_reviewed": true
  },
  "references": [
    {
      "type": "ADVISORY",
      "url": "https://nvd.nist.gov/vuln/detail/CVE-2020-21122"
    },
    {
      "type": "WEB",
      "url": "https://github.com/youseries/ureport/issues/483"
    },
    {
      "type": "PACKAGE",
      "url": "https://github.com/youseries/ureport"
    }
  ],
  "affected": [
    {
      "package": {
        "name": "com.bstek.ureport:ureport2-console",
        "ecosystem": "Maven",
        "purl": "pkg:maven/com.bstek.ureport/ureport2-console"
      },
      "ranges": [
        {
          "type": "ECOSYSTEM",
          "events": [
            {
              "introduced": "0"
            }
          ]
        }
      ],
      "versions": [
        "2.0.0",
        "2.0.1",
        "2.0.2",
        "2.0.3",
        "2.0.4",
        "2.0.5",
        "2.0.6",
        "2.0.7",
        "2.0.8",
        "2.0.9",
        "2.1.0",
        "2.1.1",
        "2.1.2",
        "2.1.3",
        "2.1.4",
        "2.1.5",
        "2.2",
        "2.2.1",
        "2.2.2",
        "2.2.3",
        "2.2.4",
        "2.2.5",
        "2.2.6",
        "2.2.7",
        "2.2.8",
        "2.2.9"
      ],
      "database_specific": {
        "source": "https://github.com/github/advisory-database/blob/main/advisories/github-reviewed/2021/09/GHSA-6q3p-36f4-cwxv/GHSA-6q3p-36f4-cwxv.json",
        "last_known_affected_version_range": "<= 2.2.9"
      }
    }
  ],
  "schema_version": "1.2.0"
}