{
  "id": "GHSA-7qfm-6m33-rgg9",
  "summary": "XML External Entity Reference",
  "details": "An issue was discovered in service-api before 4.3.12 and 5.x before 5.1.1 for Report Portal. It allows XXE, with resultant secrets disclosure and SSRF, via JUnit XML launch import.",
  "modified": "2022-03-02T05:21:40.961667Z",
  "published": "2021-08-13T15:21:59Z",
  "database_specific": {
    "github_reviewed": true,
    "cwe_ids": [
      "CWE-611"
    ],
    "severity": "HIGH"
  },
  "references": [
    {
      "type": "ADVISORY",
      "url": "https://nvd.nist.gov/vuln/detail/CVE-2020-12642"
    },
    {
      "type": "WEB",
      "url": "https://github.com/reportportal/reportportal/blob/master/SECURITY_ADVISORIES.md"
    }
  ],
  "affected": [
    {
      "package": {
        "name": "com.epam.reportportal:service-api",
        "ecosystem": "Maven",
        "purl": "pkg:maven/com.epam.reportportal/service-api"
      },
      "ranges": [
        {
          "type": "ECOSYSTEM",
          "events": [
            {
              "introduced": "0"
            },
            {
              "fixed": "4.3.12"
            }
          ]
        }
      ],
      "versions": [
        "2.6.0",
        "2.7.2",
        "3.0.1",
        "3.1.1",
        "3.2.0",
        "3.2.1",
        "3.3.2",
        "4.0.0",
        "4.1.1",
        "4.2.1",
        "4.3.10",
        "4.3.11"
      ],
      "database_specific": {
        "source": "https://github.com/github/advisory-database/blob/main/advisories/github-reviewed/2021/08/GHSA-7qfm-6m33-rgg9/GHSA-7qfm-6m33-rgg9.json"
      }
    },
    {
      "package": {
        "name": "com.epam.reportportal:service-api",
        "ecosystem": "Maven",
        "purl": "pkg:maven/com.epam.reportportal/service-api"
      },
      "ranges": [
        {
          "type": "ECOSYSTEM",
          "events": [
            {
              "introduced": "5.0.0"
            },
            {
              "fixed": "5.1.1"
            }
          ]
        }
      ],
      "versions": [
        "5.0.0",
        "5.1.0"
      ],
      "database_specific": {
        "source": "https://github.com/github/advisory-database/blob/main/advisories/github-reviewed/2021/08/GHSA-7qfm-6m33-rgg9/GHSA-7qfm-6m33-rgg9.json"
      }
    }
  ],
  "schema_version": "1.2.0",
  "severity": [
    {
      "type": "CVSS_V3",
      "score": "CVSS:3.1/AV:N/AC:L/PR:N/UI:N/S:U/C:H/I:N/A:N"
    }
  ]
}